ISO-10303-21;
HEADER;
FILE_DESCRIPTION (( 'STEP AP203' ),
    '1' );
FILE_NAME ('95947A500_Lightweight Aluminum Female Threaded Hex Standoff.STEP',
    '2026-06-25T20:29:05',
    ( 'McMaster Carr Supply' ),
    ( 'McMaster Carr Supply' ),
    'SwSTEP 2.0',
    'SolidWorks 2024',
    '' );
FILE_SCHEMA (( 'CONFIG_CONTROL_DESIGN' ));
ENDSEC;

DATA;
#1 = CARTESIAN_POINT ( 'NONE',  ( -18.95349894150898251, -1.183613885844322589, -0.6833597956087981151 ) ) ;
#2 = CARTESIAN_POINT ( 'NONE',  ( -16.34449788301797923, 0.7500000000000147660, 1.299038105676682875 ) ) ;
#3 = CARTESIAN_POINT ( 'NONE',  ( 16.78816772515767397, -0.5918069429221741728, -1.025039693413219322 ) ) ;
#4 = CARTESIAN_POINT ( 'NONE',  ( -17.80766560817565036, -2.510623159074913942E-16, -1.366719591217596896 ) ) ;
#5 = EDGE_LOOP ( 'NONE', ( #5209, #2981, #3409, #2478, #5819 ) ) ;
#6 = CARTESIAN_POINT ( 'NONE',  ( 16.78816772515768818, -0.5918069429221617384, -1.025039693413197783 ) ) ;
#7 = CARTESIAN_POINT ( 'NONE',  ( 13.76733439182435248, -1.183613885844322366, 1.449508956725610206E-16 ) ) ;
#8 = AXIS2_PLACEMENT_3D ( 'NONE', #4917, #2657, #435 ) ;
#9 = CARTESIAN_POINT ( 'NONE',  ( 19.82471614081536515, -0.9392520419794181397, 1.041970966775847662 ) ) ;
#10 = CYLINDRICAL_SURFACE ( 'NONE', #169, 1.500000000000000000 ) ;
#11 = CARTESIAN_POINT ( 'NONE',  ( -13.69999999999999929, -1.327094808550933536, 0.6574840646729929183 ) ) ;
#12 = CARTESIAN_POINT ( 'NONE',  ( -18.41183227484233242, -0.5918069429221760602, -1.025039693413222430 ) ) ;
#13 = CARTESIAN_POINT ( 'NONE',  ( 19.31383545031503957, 1.500000000000354827, 0.8660254037849325348 ) ) ;
#14 = CARTESIAN_POINT ( 'NONE',  ( 18.39233439182435248, -2.510623159074913942E-16, -1.366719591217596896 ) ) ;
#15 = FACE_OUTER_BOUND ( 'NONE', #5678, .T. ) ;
#16 = VERTEX_POINT ( 'NONE', #3447 ) ;
#17 = CARTESIAN_POINT ( 'NONE',  ( 16.03816772515768463, 0.5918069429221612943, 1.025039693413197783 ) ) ;
#18 = ADVANCED_FACE ( 'NONE', ( #4012 ), #4901, .F. ) ;
#19 = LINE ( 'NONE', #4532, #1873 ) ;
#20 = CARTESIAN_POINT ( 'NONE',  ( -19.17783121635129362, -1.500000000000000000, 1.836970198721029688E-16 ) ) ;
#21 = CARTESIAN_POINT ( 'NONE',  ( -15.89099894150898251, -1.183613885844322589, -0.6833597956087981151 ) ) ;
#22 = CARTESIAN_POINT ( 'NONE',  ( 14.38470886257884196, -0.7656249999999996669, 1.326101399544921788 ) ) ;
#23 = CARTESIAN_POINT ( 'NONE',  ( -13.92783121635188337, 1.500000000000000444, -1.222622003636876629E-11 ) ) ;
#24 = CARTESIAN_POINT ( 'NONE',  ( -16.10695780408782696, -3.248011668595026887E-16, -1.768135199393228829 ) ) ;
#25 = CARTESIAN_POINT ( 'NONE',  ( 17.26733439182435248, -1.183613885844322366, 1.449508956725610206E-16 ) ) ;
#26 = ADVANCED_FACE ( 'NONE', ( #1754 ), #310, .T. ) ;
#27 = CARTESIAN_POINT ( 'NONE',  ( 20.35385125774645587, -0.6542001915662380984, -1.113274408613602384 ) ) ;
#28 = ORIENTED_EDGE ( 'NONE', *, *, #2151, .F. ) ;
#29 = CARTESIAN_POINT ( 'NONE',  ( -16.07849894150898251, -0.5918069429221609612, 1.025039693413198005 ) ) ;
#30 = CARTESIAN_POINT ( 'NONE',  ( -18.82849894150898251, 0.5918069429221604061, -1.025039693413198227 ) ) ;
#31 = CARTESIAN_POINT ( 'NONE',  ( 18.02216878364870567, -1.499999999999999556, 1.836970198721029688E-16 ) ) ;
#32 = DIRECTION ( 'NONE',  ( 0.000000000000000000, -1.000000000000000000, 0.000000000000000000 ) ) ;
#33 = CARTESIAN_POINT ( 'NONE',  ( -18.68266560817564681, 1.183613885844322366, 0.000000000000000000 ) ) ;
#34 = CARTESIAN_POINT ( 'NONE',  ( 20.00000000000000355, 0.000000000000000000, -2.249999999999998224 ) ) ;
#35 = VERTEX_POINT ( 'NONE', #882 ) ;
#36 = AXIS2_PLACEMENT_3D ( 'NONE', #2601, #4409, #345 ) ;
#37 = CARTESIAN_POINT ( 'NONE',  ( 15.57983439182435248, 8.368743863583045653E-17, 1.366719591217596896 ) ) ;
#38 = CARTESIAN_POINT ( 'NONE',  ( 14.93400105849102033, 0.5918069429221604061, -1.025039693413198227 ) ) ;
#39 = DIRECTION ( 'NONE',  ( 1.000000000000000000, 4.814824860968088948E-33, 0.000000000000000000 ) ) ;
#40 = CARTESIAN_POINT ( 'NONE',  ( 16.18883545031534865, 0.7500000000000175415, -1.299038105676690424 ) ) ;
#41 = CARTESIAN_POINT ( 'NONE',  ( 19.90902254733769894, -0.04650862557162486338, 1.487754305535981203 ) ) ;
#42 = CARTESIAN_POINT ( 'NONE',  ( -17.53683227484233242, -1.183613885844350788, 0.6833597956088155456 ) ) ;
#43 = CARTESIAN_POINT ( 'NONE',  ( 19.48050211698168965, -1.500000000000580425, 0.8660254037848024167 ) ) ;
#44 = CARTESIAN_POINT ( 'NONE',  ( 18.72566772515768463, -1.183613885844322366, 0.6833597956087990033 ) ) ;
#45 = CARTESIAN_POINT ( 'NONE',  ( 19.82810889132455756, 1.403108891324555518, 0.000000000000000000 ) ) ;
#46 =( BOUNDED_CURVE ( )  B_SPLINE_CURVE ( 2, ( #5593, #3729, #1541, #3246, #1002, #3342, #2807 ),
 .UNSPECIFIED., .F., .F. ) 
 B_SPLINE_CURVE_WITH_KNOTS ( ( 3, 2, 2, 3 ),
 ( 0.1078925067936570142, 0.1094625168964898088, 0.1110325269993226033, 0.1126025371021553978 ),
 .UNSPECIFIED. ) 
 CURVE ( )  GEOMETRIC_REPRESENTATION_ITEM ( )  RATIONAL_B_SPLINE_CURVE ( ( 1.000000000000026867, 0.8660254037844118402, 1.000000000000000000, 0.8660254037844387076, 1.000000000000000000, 0.8660254037844480335, 0.9999999999999906741 ) ) 
 REPRESENTATION_ITEM ( '' )  );
#47 = CIRCLE ( 'NONE', #5539, 1.500000000000000000 ) ;
#48 = ORIENTED_EDGE ( 'NONE', *, *, #393, .F. ) ;
#49 = CARTESIAN_POINT ( 'NONE',  ( 16.28816772515768818, -0.5918069429221617384, -1.025039693413197783 ) ) ;
#50 = DIRECTION ( 'NONE',  ( 0.000000000000000000, 0.000000000000000000, -1.000000000000000000 ) ) ;
#51 = DIRECTION ( 'NONE',  ( 0.000000000000000000, -1.000000000000000000, 0.000000000000000000 ) ) ;
#52 = EDGE_CURVE ( 'NONE', #5782, #198, #1360, .T. ) ;
#53 = CARTESIAN_POINT ( 'NONE',  ( 15.79579325440320048, 1.531250000000000000, 0.8840675996966143035 ) ) ;
#54 = CARTESIAN_POINT ( 'NONE',  ( -15.64099894150898074, 1.183613885844322589, 0.6833597956087983372 ) ) ;
#55 = CARTESIAN_POINT ( 'NONE',  ( 17.73050211698164702, 1.499999999992884581, -0.8660254037885477540 ) ) ;
#56 = CARTESIAN_POINT ( 'NONE',  ( 14.75970886257884196, 1.531250000000000000, 0.8840675996966143035 ) ) ;
#57 = CARTESIAN_POINT ( 'NONE',  ( 15.44999999999999929, -1.500000000000000000, 1.836970198721029934E-16 ) ) ;
#58 = CARTESIAN_POINT ( 'NONE',  ( -16.89862447075449126, 0.7656250000000002220, 1.326101399544921566 ) ) ;
#59 = CARTESIAN_POINT ( 'NONE',  ( 15.80900105849101855, -1.183613885844322589, -0.6833597956087981151 ) ) ;
#60 = CARTESIAN_POINT ( 'NONE',  ( 19.76733439182435248, -1.183613885844322366, 1.449508956725610206E-16 ) ) ;
#61 = EDGE_LOOP ( 'NONE', ( #3488, #3746, #4738 ) ) ;
#62 =( BOUNDED_CURVE ( )  B_SPLINE_CURVE ( 2, ( #536, #55, #5508, #3738, #3224, #5544, #1805 ),
 .UNSPECIFIED., .F., .T. ) 
 B_SPLINE_CURVE_WITH_KNOTS ( ( 3, 2, 2, 3 ),
 ( 0.04054238328841372474, 0.04211241382035330050, 0.04368244435229286238, 0.04525247488423243813 ),
 .UNSPECIFIED. ) 
 CURVE ( )  GEOMETRIC_REPRESENTATION_ITEM ( )  RATIONAL_B_SPLINE_CURVE ( ( 0.9999999999988992139, 0.8660254037855394937, 1.000000000000000000, 0.8660254037844387076, 1.000000000000000000, 0.8660254037844387076, 1.000000000000000000 ) ) 
 REPRESENTATION_ITEM ( '' )  );
#63 = AXIS2_PLACEMENT_3D ( 'NONE', #814, #928, #3084 ) ;
#64 = CARTESIAN_POINT ( 'NONE',  ( -18.53683227484231821, -1.183613885844322366, 0.6833597956087990033 ) ) ;
#65 = CARTESIAN_POINT ( 'NONE',  ( -13.64549714255940494, -1.238819242840986101, -0.9000296917696030130 ) ) ;
#66 = CARTESIAN_POINT ( 'NONE',  ( -14.30283121635129362, 1.060575238724906299E-16, 1.732050807568876083 ) ) ;
#67 = CARTESIAN_POINT ( 'NONE',  ( -18.58333333333333215, 0.7499999999999990008, -1.299038105676658672 ) ) ;
#68 = CARTESIAN_POINT ( 'NONE',  ( -18.26599894150897896, 0.5918069429221604061, -1.025039693413198227 ) ) ;
#69 = CARTESIAN_POINT ( 'NONE',  ( 17.15833333333333499, 1.499999999999999778, -0.8660254037844394848 ) ) ;
#70 = ORIENTED_EDGE ( 'NONE', *, *, #1798, .F. ) ;
#71 = CARTESIAN_POINT ( 'NONE',  ( 18.49650105849102033, 1.183613885844322589, 0.6833597956087983372 ) ) ;
#72 = AXIS2_PLACEMENT_3D ( 'NONE', #5119, #3265, #191 ) ;
#73 = CARTESIAN_POINT ( 'NONE',  ( 16.72566772515768818, -1.183613885844322144, 0.6833597956087987813 ) ) ;
#74 = CARTESIAN_POINT ( 'NONE',  ( -20.00000000000000355, 0.000000000000000000, 0.000000000000000000 ) ) ;
#75 = CARTESIAN_POINT ( 'NONE',  ( 16.02216878364961872, -1.500000000000000000, -1.890569316705135513E-11 ) ) ;
#76 = CARTESIAN_POINT ( 'NONE',  ( 19.82499999999999574, 1.060575238724906915E-16, 1.732050807568877193 ) ) ;
#77 = EDGE_CURVE ( 'NONE', #1627, #35, #1162, .T. ) ;
#78 = CARTESIAN_POINT ( 'NONE',  ( -14.62016560817566280, 8.368743863583247799E-17, 1.366719591217629981 ) ) ;
#79 = CARTESIAN_POINT ( 'NONE',  ( -20.00000000000000355, 0.000000000000000000, 0.000000000000000000 ) ) ;
#80 = CARTESIAN_POINT ( 'NONE',  ( 20.05900105849101678, 1.183613885844322589, 0.6833597956087983372 ) ) ;
#81 = CARTESIAN_POINT ( 'NONE',  ( -14.51116454968462577, 0.7499999999999987788, -1.299038105676658228 ) ) ;
#82 = CARTESIAN_POINT ( 'NONE',  ( -18.05766560817565036, 8.368743863583045653E-17, 1.366719591217596896 ) ) ;
#83 = VERTEX_POINT ( 'NONE', #3599 ) ;
#84 = CARTESIAN_POINT ( 'NONE',  ( 16.91316772515768818, 1.183613885844322144, -0.6833597956087991143 ) ) ;
#85 = CARTESIAN_POINT ( 'NONE',  ( -20.00000000000000355, 1.500000000000000000, 1.836970198721029934E-16 ) ) ;
#86 = CC_DESIGN_DATE_AND_TIME_ASSIGNMENT ( #696, #2559, ( #1878 ) ) ;
#87 = CARTESIAN_POINT ( 'NONE',  ( 19.60861388584432774, -0.4087657049953949406, 1.110789102027524899 ) ) ;
#88 = CARTESIAN_POINT ( 'NONE',  ( 13.25412658773653085, 1.531250000000000000, 0.000000000000000000 ) ) ;
#89 = CARTESIAN_POINT ( 'NONE',  ( -15.05766560817564503, 8.368743863583045653E-17, 1.366719591217596896 ) ) ;
#90 = CARTESIAN_POINT ( 'NONE',  ( 15.89716878364868435, 1.060575238724932799E-16, 1.732050807568919160 ) ) ;
#91 = CARTESIAN_POINT ( 'NONE',  ( 16.96804219591217588, -1.531250000000000000, 1.875240411194384668E-16 ) ) ;
#92 = CARTESIAN_POINT ( 'NONE',  ( -19.79903810567666156, 9.584552466975145460E-16, -2.598076211353313791 ) ) ;
#93 = CARTESIAN_POINT ( 'NONE',  ( -17.77362447075449481, -1.531249999999999556, 0.8840675996966148587 ) ) ;
#94 = CARTESIAN_POINT ( 'NONE',  ( 16.10066772515768818, 0.5918069429221612943, 1.025039693413197783 ) ) ;
#95 = CARTESIAN_POINT ( 'NONE',  ( 18.68400105849102033, -0.5918069429221609612, 1.025039693413198005 ) ) ;
#96 = ORIENTED_EDGE ( 'NONE', *, *, #5764, .F. ) ;
#97 = CARTESIAN_POINT ( 'NONE',  ( -18.07849894150897896, -0.5918069429221609612, 1.025039693413198005 ) ) ;
#98 = CARTESIAN_POINT ( 'NONE',  ( -13.90420674559680236, 1.531250000000000000, 0.8840675996966143035 ) ) ;
#99 = EDGE_CURVE ( 'NONE', #3789, #1177, #3168, .T. ) ;
#100 = CARTESIAN_POINT ( 'NONE',  ( -14.34449788301795969, 0.7499999999999997780, 1.299038105676657118 ) ) ;
#101 = CARTESIAN_POINT ( 'NONE',  ( 18.82983439182434537, -2.510623159074966697E-16, -1.366719591217625984 ) ) ;
#102 = CARTESIAN_POINT ( 'NONE',  ( -17.72433227484231466, 1.183613885844322144, -0.6833597956087991143 ) ) ;
#103 = CARTESIAN_POINT ( 'NONE',  ( 16.99166666666666359, -1.500000000000000222, -0.8660254037844381525 ) ) ;
#104 = VERTEX_POINT ( 'NONE', #798 ) ;
#105 = CARTESIAN_POINT ( 'NONE',  ( 17.49650105849102033, 1.183613885844322589, 0.6833597956087983372 ) ) ;
#106 = CARTESIAN_POINT ( 'NONE',  ( 17.76733439182435248, -1.183613885844322366, 1.449508956725610206E-16 ) ) ;
#107 = CARTESIAN_POINT ( 'NONE',  ( 19.75198095138324916, -0.4249334298564515500, 1.270795160847644434 ) ) ;
#108 = CARTESIAN_POINT ( 'NONE',  ( 13.70000000000001172, -1.203863844002913686, -0.05139699465414290791 ) ) ;
#109 = CYLINDRICAL_SURFACE ( 'NONE', #4899, 1.500000000000000000 ) ;
#110 = CARTESIAN_POINT ( 'NONE',  ( -14.53683227484233065, -1.183613885844350788, 0.6833597956088155456 ) ) ;
#111 = CARTESIAN_POINT ( 'NONE',  ( 19.91074498996844966, -0.3686825588085536065, -2.385217236779674455 ) ) ;
#112 = CARTESIAN_POINT ( 'NONE',  ( 18.76733439182435603, -1.183613885844322366, 1.449508956725610206E-16 ) ) ;
#113 = CARTESIAN_POINT ( 'NONE',  ( -18.67783121635033083, -1.500000000000000000, -1.993387071016027013E-11 ) ) ;
#114 = AXIS2_PLACEMENT_3D ( 'NONE', #5243, #3880, #2681 ) ;
#115 = CARTESIAN_POINT ( 'NONE',  ( -14.72433227484231644, 1.183613885844321922, -0.6833597956087991143 ) ) ;
#116 = VERTEX_POINT ( 'NONE', #2606 ) ;
#117 = ADVANCED_FACE ( 'NONE', ( #1715 ), #4528, .F. ) ;
#118 = CARTESIAN_POINT ( 'NONE',  ( 15.74650105849102033, -1.183613885844322589, -0.6833597956087981151 ) ) ;
#119 = VECTOR ( 'NONE', #329, 1000.000000000000000 ) ;
#120 = CARTESIAN_POINT ( 'NONE',  ( 15.95483439182433827, 1.183613885844347235, 0.000000000000000000 ) ) ;
#121 = CARTESIAN_POINT ( 'NONE',  ( 15.48050211698204137, -1.499999999999999334, 0.8660254037844391517 ) ) ;
#122 = CARTESIAN_POINT ( 'NONE',  ( 13.37912658773653263, 1.082670556198342378E-16, 1.768135199393228829 ) ) ;
#123 = CARTESIAN_POINT ( 'NONE',  ( -14.97433227484231466, -1.183613885844322366, 0.6833597956087990033 ) ) ;
#124 = CARTESIAN_POINT ( 'NONE',  ( 19.91074498996844966, 0.3686825588085527738, 2.385217236779675343 ) ) ;
#125 = CARTESIAN_POINT ( 'NONE',  ( 17.05137552924550803, -0.7656250000000006661, -1.326101399544921566 ) ) ;
#126 = CARTESIAN_POINT ( 'NONE',  ( -16.13616454968400404, -1.499999999988600230, -0.8660254037910524172 ) ) ;
#127 = CARTESIAN_POINT ( 'NONE',  ( -17.27362447075449126, -1.531249999999999556, 0.8840675996966148587 ) ) ;
#128 = CARTESIAN_POINT ( 'NONE',  ( 17.68400105849102033, -0.5918069429221609612, 1.025039693413198005 ) ) ;
#129 = CARTESIAN_POINT ( 'NONE',  ( 19.01733439182435603, 1.183613885844322366, 0.000000000000000000 ) ) ;
#130 = ORIENTED_EDGE ( 'NONE', *, *, #363, .T. ) ;
#131 = CARTESIAN_POINT ( 'NONE',  ( -17.12016560817564681, 8.368743863583045653E-17, 1.366719591217596896 ) ) ;
#132 = CARTESIAN_POINT ( 'NONE',  ( -13.73754007893013451, -1.531249999999999556, 0.8840675996966148587 ) ) ;
#133 = CARTESIAN_POINT ( 'NONE',  ( 19.81615060727139976, 1.358524994707277278, -0.3456882931044952256 ) ) ;
#134 = DIRECTION ( 'NONE',  ( -1.000000000000000000, -4.814824860968088948E-33, -0.000000000000000000 ) ) ;
#135 = CARTESIAN_POINT ( 'NONE',  ( -17.26599894150897896, 0.5918069429221604061, -1.025039693413198227 ) ) ;
#136 = CARTESIAN_POINT ( 'NONE',  ( 17.19999999999999929, 1.500000000000000000, 0.000000000000000000 ) ) ;
#137 = EDGE_LOOP ( 'NONE', ( #1479, #390, #1620, #5592 ) ) ;
#138 = CARTESIAN_POINT ( 'NONE',  ( 18.24650105849102033, -1.183613885844322589, -0.6833597956087981151 ) ) ;
#139 = ADVANCED_FACE ( 'NONE', ( #3277 ), #4623, .F. ) ;
#140 = CARTESIAN_POINT ( 'NONE',  ( 15.60066772515768641, 0.5918069429221612943, 1.025039693413197783 ) ) ;
#141 = CARTESIAN_POINT ( 'NONE',  ( -19.86022993090466215, -0.1835754756815225486, 2.492088861051974913 ) ) ;
#142 = DIRECTION ( 'NONE',  ( 0.000000000000000000, -1.000000000000000000, 0.000000000000000000 ) ) ;
#143 = CARTESIAN_POINT ( 'NONE',  ( 19.90482304833314231, 0.07125779459060031795, 1.482587446503497386 ) ) ;
#144 = CARTESIAN_POINT ( 'NONE',  ( -14.78683227484233065, 1.183613885844350566, -0.6833597956088156566 ) ) ;
#145 = DIRECTION ( 'NONE',  ( -1.000000000000000000, -4.814824860968088948E-33, -0.000000000000000000 ) ) ;
#146 = CARTESIAN_POINT ( 'NONE',  ( 13.71804219591217588, 1.531250000000000000, 0.000000000000000000 ) ) ;
#147 = CARTESIAN_POINT ( 'NONE',  ( -20.00000000000000355, -1.125000000000000222, 1.948557158514985010 ) ) ;
#148 = CARTESIAN_POINT ( 'NONE',  ( -16.26599894150898251, 0.5918069429221604061, -1.025039693413198227 ) ) ;
#149 = ORIENTED_EDGE ( 'NONE', *, *, #298, .F. ) ;
#150 = CARTESIAN_POINT ( 'NONE',  ( 15.03816772515768463, 0.5918069429221612943, 1.025039693413197783 ) ) ;
#151 = CARTESIAN_POINT ( 'NONE',  ( 16.07983439182433472, 8.368743863583221914E-17, 1.366719591217625984 ) ) ;
#152 = EDGE_CURVE ( 'NONE', #4711, #884, #2581, .T. ) ;
#153 = CARTESIAN_POINT ( 'NONE',  ( 19.44999999999999929, -1.500000000000000000, 1.836970198721029934E-16 ) ) ;
#154 = CARTESIAN_POINT ( 'NONE',  ( 14.87912658773653263, 1.082670556198342378E-16, 1.768135199393228829 ) ) ;
#155 = CARTESIAN_POINT ( 'NONE',  ( -19.49516560817566457, -1.183613885844351010, 1.449508956725645212E-16 ) ) ;
#156 = DIRECTION ( 'NONE',  ( -1.000000000000000000, -4.814824860968088948E-33, -0.000000000000000000 ) ) ;
#157 = CARTESIAN_POINT ( 'NONE',  ( 18.00970886257884018, -1.531250000000000444, -0.8840675996966138595 ) ) ;
#158 = CARTESIAN_POINT ( 'NONE',  ( -17.06529113742116266, 0.7656249999999990008, -1.326101399544922455 ) ) ;
#159 = CARTESIAN_POINT ( 'NONE',  ( 20.22566772515768463, -1.183613885844322366, 0.6833597956087990033 ) ) ;
#160 = ORIENTED_EDGE ( 'NONE', *, *, #2136, .T. ) ;
#161 = CARTESIAN_POINT ( 'NONE',  ( -17.07849894150897896, -0.5918069429221609612, 1.025039693413198005 ) ) ;
#162 = CARTESIAN_POINT ( 'NONE',  ( -16.32849894150898251, 0.5918069429221604061, -1.025039693413198227 ) ) ;
#163 = CARTESIAN_POINT ( 'NONE',  ( 15.90833333333333321, -1.499999999999999778, 0.8660254037844391517 ) ) ;
#164 = CARTESIAN_POINT ( 'NONE',  ( -18.75000000000000355, -1.500000000000000000, 1.836970198721029934E-16 ) ) ;
#165 = CARTESIAN_POINT ( 'NONE',  ( -20.00000000000000355, -1.500000000000000000, 0.000000000000000000 ) ) ;
#166 = VERTEX_POINT ( 'NONE', #968 ) ;
#167 = CARTESIAN_POINT ( 'NONE',  ( 17.28816772515768818, -0.5918069429221617384, -1.025039693413197783 ) ) ;
#168 = CARTESIAN_POINT ( 'NONE',  ( 15.35066772515768641, -0.5918069429221617384, -1.025039693413197783 ) ) ;
#169 = AXIS2_PLACEMENT_3D ( 'NONE', #400, #4913, #4464 ) ;
#170 = CARTESIAN_POINT ( 'NONE',  ( -17.96949788301819595, 1.500000000000567990, -0.8660254037845998010 ) ) ;
#171 = CARTESIAN_POINT ( 'NONE',  ( 19.78333333333333499, 0.7500000000000002220, 1.299038105676657784 ) ) ;
#172 = CARTESIAN_POINT ( 'NONE',  ( -14.24516560817566280, 1.183613885844351010, 0.000000000000000000 ) ) ;
#173 = CARTESIAN_POINT ( 'NONE',  ( 15.15833333333333144, 1.499999999999999778, -0.8660254037844394848 ) ) ;
#174 = ORIENTED_EDGE ( 'NONE', *, *, #5716, .F. ) ;
#175 = VECTOR ( 'NONE', #5552, 1000.000000000000000 ) ;
#176 = FACE_OUTER_BOUND ( 'NONE', #3622, .T. ) ;
#177 = CARTESIAN_POINT ( 'NONE',  ( -17.30766560817564681, -2.510623159074913942E-16, -1.366719591217596896 ) ) ;
#178 = ORIENTED_EDGE ( 'NONE', *, *, #3052, .T. ) ;
#179 = CARTESIAN_POINT ( 'NONE',  ( 19.49650105849102033, 1.183613885844322589, 0.6833597956087983372 ) ) ;
#180 = CARTESIAN_POINT ( 'NONE',  ( 14.82983439182433649, -2.510623159074966697E-16, -1.366719591217625984 ) ) ;
#181 = CARTESIAN_POINT ( 'NONE',  ( 16.96245992106986478, -1.531249999999999556, 0.8840675996966148587 ) ) ;
#182 = CARTESIAN_POINT ( 'NONE',  ( -13.34614874225354342, -0.6542001915660629052, -1.113274408613704525 ) ) ;
#183 = CARTESIAN_POINT ( 'NONE',  ( -19.83298259250518569, -1.329117587423817470, 0.5348261368505767832 ) ) ;
#184 = CARTESIAN_POINT ( 'NONE',  ( 18.25970886257884374, 1.531250000000000000, 0.8840675996966143035 ) ) ;
#185 = CARTESIAN_POINT ( 'NONE',  ( -13.60695780408782696, -3.248011668595026887E-16, -1.768135199393228829 ) ) ;
#186 = CARTESIAN_POINT ( 'NONE',  ( 16.68883545031505733, 0.7500000000002707834, -1.299038105677129407 ) ) ;
#187 = EDGE_CURVE ( 'NONE', #2018, #3386, #2972, .T. ) ;
#188 = ORIENTED_EDGE ( 'NONE', *, *, #2810, .T. ) ;
#189 = CARTESIAN_POINT ( 'NONE',  ( -14.87016560817565036, -2.510623159074913942E-16, -1.366719591217596896 ) ) ;
#190 = CARTESIAN_POINT ( 'NONE',  ( -16.95349894150897896, -1.183613885844322589, -0.6833597956087981151 ) ) ;
#191 = DIRECTION ( 'NONE',  ( 0.000000000000000000, -1.000000000000000000, 0.000000000000000000 ) ) ;
#192 = DIRECTION ( 'NONE',  ( -1.000000000000000000, -4.814824860968088948E-33, -0.000000000000000000 ) ) ;
#193 = CARTESIAN_POINT ( 'NONE',  ( -15.72433227484231644, 1.183613885844322144, -0.6833597956087991143 ) ) ;
#194 = ORIENTED_EDGE ( 'NONE', *, *, #4673, .F. ) ;
#195 = CARTESIAN_POINT ( 'NONE',  ( 18.03816772515768463, 0.5918069429221612943, 1.025039693413197783 ) ) ;
#196 = CARTESIAN_POINT ( 'NONE',  ( 17.55900105849102033, 1.183613885844322366, 0.6833597956087983372 ) ) ;
#197 = APPROVAL ( #2530, 'UNSPECIFIED' ) ;
#198 = VERTEX_POINT ( 'NONE', #5064 ) ;
#199 = DIRECTION ( 'NONE',  ( 4.814824860968088948E-33, -1.000000000000000000, 0.000000000000000000 ) ) ;
#200 = CARTESIAN_POINT ( 'NONE',  ( -19.52920674559680236, 0.7656249999999990008, -1.326101399544922455 ) ) ;
#201 = CARTESIAN_POINT ( 'NONE',  ( -14.12016560817566457, 8.368743863583247799E-17, 1.366719591217629981 ) ) ;
#202 = CARTESIAN_POINT ( 'NONE',  ( 15.03333333333333321, -0.7500000000000006661, -1.299038105676657784 ) ) ;
#203 = ORIENTED_EDGE ( 'NONE', *, *, #3832, .F. ) ;
#204 = CARTESIAN_POINT ( 'NONE',  ( -18.92783121635224575, 1.500000000000000000, -1.977318309084155535E-11 ) ) ;
#205 = CARTESIAN_POINT ( 'NONE',  ( -16.18266560817564681, 1.183613885844322366, 0.000000000000000000 ) ) ;
#206 = ORIENTED_EDGE ( 'NONE', *, *, #2334, .F. ) ;
#207 = CARTESIAN_POINT ( 'NONE',  ( 18.20483439182435248, -1.183613885844322366, 1.449508956725610206E-16 ) ) ;
#208 = DIRECTION ( 'NONE',  ( -1.000000000000000000, 0.000000000000000000, 0.000000000000000000 ) ) ;
#209 = CARTESIAN_POINT ( 'NONE',  ( 15.70483439182433472, -1.183613885844347235, 1.449508956725640775E-16 ) ) ;
#210 = EDGE_CURVE ( 'NONE', #1564, #552, #4656, .T. ) ;
#211 = CONICAL_SURFACE ( 'NONE', #1164, 2.249999999999998668, 1.047197551196600074 ) ;
#212 = CARTESIAN_POINT ( 'NONE',  ( 16.21245992106986478, 1.531249999999999556, -0.8840675996966153027 ) ) ;
#213 = CARTESIAN_POINT ( 'NONE',  ( -13.40921743514778797, -1.183613885844322811, -0.3845649294652378480 ) ) ;
#214 = CARTESIAN_POINT ( 'NONE',  ( 16.07499999999999929, -3.181725716174720991E-16, -1.732050807568877193 ) ) ;
#215 = APPLICATION_PROTOCOL_DEFINITION ( 'international standard', 'config_control_design', 1994, #3827 ) ;
#216 = CARTESIAN_POINT ( 'NONE',  ( -15.23195780408782518, -1.531250000000000000, 1.875240411194384668E-16 ) ) ;
#217 = CARTESIAN_POINT ( 'NONE',  ( 20.00000000000000355, 9.144215405900934919E-16, -2.598076211353313791 ) ) ;
#218 = ORIENTED_EDGE ( 'NONE', *, *, #3164, .T. ) ;
#219 = CARTESIAN_POINT ( 'NONE',  ( -13.62016560817564859, 8.368743863583045653E-17, 1.366719591217596896 ) ) ;
#220 = CARTESIAN_POINT ( 'NONE',  ( -17.70349894150897896, 1.183613885844322589, 0.6833597956087983372 ) ) ;
#221 = CARTESIAN_POINT ( 'NONE',  ( 13.70000000000000462, -0.6054003642330514356, 1.057423362687763158 ) ) ;
#222 = CARTESIAN_POINT ( 'NONE',  ( 20.00000000000000355, 0.000000000000000000, -2.249999999999998668 ) ) ;
#223 = CARTESIAN_POINT ( 'NONE',  ( -15.01599894150898074, -0.5918069429221609612, 1.025039693413198005 ) ) ;
#224 = EDGE_CURVE ( 'NONE', #773, #1756, #4592, .T. ) ;
#225 = EDGE_LOOP ( 'NONE', ( #1432, #2556, #5151, #2976 ) ) ;
#226 = CARTESIAN_POINT ( 'NONE',  ( 14.01733439182435426, 1.183613885844322366, 0.000000000000000000 ) ) ;
#227 = CARTESIAN_POINT ( 'NONE',  ( 18.43400105849102033, 0.5918069429221604061, -1.025039693413198227 ) ) ;
#228 = ORIENTED_EDGE ( 'NONE', *, *, #2348, .T. ) ;
#229 = CARTESIAN_POINT ( 'NONE',  ( -19.92500000000006821, -1.500000000000000000, 0.000000000000000000 ) ) ;
#230 = CARTESIAN_POINT ( 'NONE',  ( -18.19587341226347021, -1.531250000000000000, 1.875240411194384668E-16 ) ) ;
#231 = CARTESIAN_POINT ( 'NONE',  ( -20.00000000000000355, 1.500000000000000000, 1.836970198721029934E-16 ) ) ;
#232 =( BOUNDED_CURVE ( )  B_SPLINE_CURVE ( 2, ( #634, #4255, #1455, #4192, #4637, #1422, #2850 ),
 .UNSPECIFIED., .F., .F. ) 
 B_SPLINE_CURVE_WITH_KNOTS ( ( 3, 2, 2, 3 ),
 ( 0.6856877793119195985, 0.6975925412166814610, 0.7094973031214433234, 0.7214020650262052969 ),
 .UNSPECIFIED. ) 
 CURVE ( )  GEOMETRIC_REPRESENTATION_ITEM ( )  RATIONAL_B_SPLINE_CURVE ( ( 1.000000000000000000, 0.8660254037844387076, 1.000000000000000000, 0.8660254037844387076, 1.000000000000000000, 0.8660254037844387076, 1.000000000000000000 ) ) 
 REPRESENTATION_ITEM ( '' )  );
#233 = ORIENTED_EDGE ( 'NONE', *, *, #2120, .F. ) ;
#234 = CARTESIAN_POINT ( 'NONE',  ( 19.77216878364870567, 1.500000000000000444, 0.000000000000000000 ) ) ;
#235 = CARTESIAN_POINT ( 'NONE',  ( -15.51599894150898074, -0.5918069429221609612, 1.025039693413198005 ) ) ;
#236 = ORIENTED_EDGE ( 'NONE', *, *, #3921, .T. ) ;
#237 = AXIS2_PLACEMENT_3D ( 'NONE', #838, #1249, #2207 ) ;
#238 = CARTESIAN_POINT ( 'NONE',  ( 17.53816772515768463, 0.5918069429221612943, 1.025039693413197783 ) ) ;
#239 = CARTESIAN_POINT ( 'NONE',  ( -18.30283121635133625, 1.060575238724952028E-16, 1.732050807568950912 ) ) ;
#240 = CARTESIAN_POINT ( 'NONE',  ( 15.20483439182433649, -1.183613885844347235, 1.449508956725640775E-16 ) ) ;
#241 = AXIS2_PLACEMENT_3D ( 'NONE', #2518, #5240, #4715 ) ;
#242 =( BOUNDED_CURVE ( )  B_SPLINE_CURVE ( 2, ( #4948, #3541, #883, #1828, #3157, #5408, #4500 ),
 .UNSPECIFIED., .F., .F. ) 
 B_SPLINE_CURVE_WITH_KNOTS ( ( 3, 2, 2, 3 ),
 ( 0.04996278277350788000, 0.05153249384904774050, 0.05310220492458759406, 0.05467191600012746844 ),
 .UNSPECIFIED. ) 
 CURVE ( )  GEOMETRIC_REPRESENTATION_ITEM ( )  RATIONAL_B_SPLINE_CURVE ( ( 0.9999999999998050448, 0.8660254037846336628, 1.000000000000000000, 0.8660254037844387076, 1.000000000000000000, 0.8660254037856943699, 0.9999999999987443378 ) ) 
 REPRESENTATION_ITEM ( '' )  );
#243 = CARTESIAN_POINT ( 'NONE',  ( 17.92079325440319693, -0.7656249999999996669, 1.326101399544921788 ) ) ;
#244 = CARTESIAN_POINT ( 'NONE',  ( -19.37016560817566457, -2.510623159074974586E-16, -1.366719591217629981 ) ) ;
#245 = CARTESIAN_POINT ( 'NONE',  ( 16.15833333333333144, 1.499999999999999778, -0.8660254037844394848 ) ) ;
#246 = PERSON_AND_ORGANIZATION ( #398, #5844 ) ;
#247 = ADVANCED_FACE ( 'NONE', ( #2774 ), #1894, .F. ) ;
#248 = CARTESIAN_POINT ( 'NONE',  ( -14.27362447075449481, -1.531249999999999556, 0.8840675996966148587 ) ) ;
#249 = DIRECTION ( 'NONE',  ( 0.000000000000000000, 0.000000000000000000, -1.000000000000000000 ) ) ;
#250 = CARTESIAN_POINT ( 'NONE',  ( -14.66183227484231466, 0.5918069429221612943, 1.025039693413197783 ) ) ;
#251 = CARTESIAN_POINT ( 'NONE',  ( -17.57849894150897896, -0.5918069429221609612, 1.025039693413198005 ) ) ;
#252 = CARTESIAN_POINT ( 'NONE',  ( 13.70000000000001528, 0.8696722941059299439, 1.096033787493445377 ) ) ;
#253 = CARTESIAN_POINT ( 'NONE',  ( -20.00000000000000355, 1.500000000000000000, 1.836970198721029934E-16 ) ) ;
#254 = CARTESIAN_POINT ( 'NONE',  ( -14.43266560817564859, -1.183613885844322366, 1.449508956725610206E-16 ) ) ;
#255 = VERTEX_POINT ( 'NONE', #593 ) ;
#256 = CARTESIAN_POINT ( 'NONE',  ( 13.51733439182435248, 1.183613885844322366, 0.000000000000000000 ) ) ;
#257 = ORIENTED_EDGE ( 'NONE', *, *, #2334, .T. ) ;
#258 = CARTESIAN_POINT ( 'NONE',  ( -20.00000000000000355, 1.500000000000000000, 1.836970198721029934E-16 ) ) ;
#259 = CARTESIAN_POINT ( 'NONE',  ( -18.61254007893013807, -0.7656250000000006661, -1.326101399544921566 ) ) ;
#260 = CARTESIAN_POINT ( 'NONE',  ( -16.04166666666666430, 1.499999999999999778, -0.8660254037844394848 ) ) ;
#261 = CARTESIAN_POINT ( 'NONE',  ( 18.19999999999999574, 1.500000000000000000, 0.000000000000000000 ) ) ;
#262 = ORIENTED_EDGE ( 'NONE', *, *, #832, .T. ) ;
#263 = CARTESIAN_POINT ( 'NONE',  ( 19.85550211698203782, 0.7500000000000025535, 1.299038105676661781 ) ) ;
#264 = CARTESIAN_POINT ( 'NONE',  ( -13.97433227484231466, -1.183613885844322144, 0.6833597956087987813 ) ) ;
#265 = ORIENTED_EDGE ( 'NONE', *, *, #4606, .F. ) ;
#266 = EDGE_CURVE ( 'NONE', #1526, #2727, #561, .T. ) ;
#267 = CARTESIAN_POINT ( 'NONE',  ( 18.87150105849102033, 0.5918069429221604061, -1.025039693413198227 ) ) ;
#268 = CARTESIAN_POINT ( 'NONE',  ( -19.79903810567666156, -1.620551435518700907E-15, 2.598076211353314680 ) ) ;
#269 =( BOUNDED_CURVE ( )  B_SPLINE_CURVE ( 2, ( #4430, #4905, #1310, #3054, #4014, #3556, #1341 ),
 .UNSPECIFIED., .F., .T. ) 
 B_SPLINE_CURVE_WITH_KNOTS ( ( 3, 2, 2, 3 ),
 ( 0.07822112518414807425, 0.07979114788151440985, 0.08136117057888074544, 0.08293119327624706716 ),
 .UNSPECIFIED. ) 
 CURVE ( )  GEOMETRIC_REPRESENTATION_ITEM ( )  RATIONAL_B_SPLINE_CURVE ( ( 0.9999999999987543298, 0.8660254037856843778, 1.000000000000000000, 0.8660254037844387076, 1.000000000000000000, 0.8660254037844387076, 1.000000000000000000 ) ) 
 REPRESENTATION_ITEM ( '' )  );
#270 = AXIS2_PLACEMENT_3D ( 'NONE', #307, #5641, #1673 ) ;
#271 = CARTESIAN_POINT ( 'NONE',  ( 18.57983439182433827, 8.368743863583221914E-17, 1.366719591217625984 ) ) ;
#272 = ORIENTED_EDGE ( 'NONE', *, *, #4415, .F. ) ;
#273 = CARTESIAN_POINT ( 'NONE',  ( 17.29579325440319693, 1.531250000000000000, 0.8840675996966143035 ) ) ;
#274 = PLANE ( 'NONE',  #4813 ) ;
#275 = SECURITY_CLASSIFICATION_LEVEL ( 'unclassified' ) ;
#276 = CARTESIAN_POINT ( 'NONE',  ( -14.77362447075449303, -1.531249999999999556, 0.8840675996966148587 ) ) ;
#277 = AXIS2_PLACEMENT_3D ( 'NONE', #2247, #935, #3566 ) ;
#278 = CARTESIAN_POINT ( 'NONE',  ( -13.95349894150898074, -1.183613885844322589, -0.6833597956087981151 ) ) ;
#279 = CARTESIAN_POINT ( 'NONE',  ( -17.74516560817565036, 1.183613885844322366, 0.000000000000000000 ) ) ;
#280 = CARTESIAN_POINT ( 'NONE',  ( 13.70000000000000817, 1.308464804349273924, 0.6150657892653357273 ) ) ;
#281 = CARTESIAN_POINT ( 'NONE',  ( -14.30766560817564859, -2.510623159074913942E-16, -1.366719591217596896 ) ) ;
#282 = ORIENTED_EDGE ( 'NONE', *, *, #4534, .F. ) ;
#283 = CARTESIAN_POINT ( 'NONE',  ( 14.64233439182435248, 8.368743863583045653E-17, 1.366719591217596896 ) ) ;
#284 = EDGE_CURVE ( 'NONE', #4846, #2947, #5371, .T. ) ;
#285 = EDGE_LOOP ( 'NONE', ( #5861, #265, #2107, #941 ) ) ;
#286 = CARTESIAN_POINT ( 'NONE',  ( 17.61666666666666359, 0.7499999999999990008, -1.299038105676658672 ) ) ;
#287 = CARTESIAN_POINT ( 'NONE',  ( -17.69587341226347021, -1.531250000000000000, 1.875240411194384668E-16 ) ) ;
#288 = LINE ( 'NONE', #1654, #5746 ) ;
#289 = CARTESIAN_POINT ( 'NONE',  ( 14.77216878364870745, 1.499999999999999556, 0.000000000000000000 ) ) ;
#290 = EDGE_LOOP ( 'NONE', ( #4391, #1879, #2145, #2408 ) ) ;
#291 = CARTESIAN_POINT ( 'NONE',  ( -19.79903810567666156, 2.249999999999998668, 1.299038105676658450 ) ) ;
#292 = CARTESIAN_POINT ( 'NONE',  ( 19.23050211698171097, 1.500000000000849765, -0.8660254037846414343 ) ) ;
#293 = EDGE_LOOP ( 'NONE', ( #3129, #203, #4086, #1090 ) ) ;
#294 = CARTESIAN_POINT ( 'NONE',  ( 17.91316772515768463, 1.183613885844322144, -0.6833597956087991143 ) ) ;
#295 = DIRECTION ( 'NONE',  ( 0.000000000000000000, -1.000000000000000000, 0.000000000000000000 ) ) ;
#296 = CARTESIAN_POINT ( 'NONE',  ( 18.12150105849100612, -0.5918069429221735067, 1.025039693413219544 ) ) ;
#297 = CARTESIAN_POINT ( 'NONE',  ( 16.80137552924550803, 0.7656250000000002220, 1.326101399544921566 ) ) ;
#298 = EDGE_CURVE ( 'NONE', #4577, #4360, #5790, .T. ) ;
#299 = ORIENTED_EDGE ( 'NONE', *, *, #1118, .T. ) ;
#300 =( BOUNDED_CURVE ( )  B_SPLINE_CURVE ( 2, ( #1205, #5237, #2042, #708, #2977, #680, #3874 ),
 .UNSPECIFIED., .F., .T. ) 
 B_SPLINE_CURVE_WITH_KNOTS ( ( 3, 2, 2, 3 ),
 ( 0.03112337341499908996, 0.03269339128325764871, 0.03426340915151619704, 0.03583342701977473843 ),
 .UNSPECIFIED. ) 
 CURVE ( )  GEOMETRIC_REPRESENTATION_ITEM ( )  RATIONAL_B_SPLINE_CURVE ( ( 0.9999999999983945065, 0.8660254037860442011, 1.000000000000000000, 0.8660254037844387076, 1.000000000000000000, 0.8660254037844387076, 1.000000000000000000 ) ) 
 REPRESENTATION_ITEM ( '' )  );
#301 = CARTESIAN_POINT ( 'NONE',  ( 16.67079325440319693, 0.7656249999999990008, -1.326101399544922455 ) ) ;
#302 = CARTESIAN_POINT ( 'NONE',  ( -15.37500000000000178, 1.060575238724906915E-16, 1.732050807568877193 ) ) ;
#303 = CARTESIAN_POINT ( 'NONE',  ( -15.35695780408782518, 1.082670556198342378E-16, 1.768135199393228829 ) ) ;
#304 = FACE_OUTER_BOUND ( 'NONE', #1813, .T. ) ;
#305 = CARTESIAN_POINT ( 'NONE',  ( -20.09933227484231466, 0.5918069429221612943, 1.025039693413197783 ) ) ;
#306 = CARTESIAN_POINT ( 'NONE',  ( -14.57849894150898074, -0.5918069429221609612, 1.025039693413198005 ) ) ;
#307 = CARTESIAN_POINT ( 'NONE',  ( 20.00000000000000355, 1.925929944387235853E-31, 0.000000000000000000 ) ) ;
#308 = CARTESIAN_POINT ( 'NONE',  ( -14.55766560817564859, 8.368743863583045653E-17, 1.366719591217596896 ) ) ;
#309 = ORIENTED_EDGE ( 'NONE', *, *, #5224, .F. ) ;
#310 =( BOUNDED_SURFACE ( )  B_SPLINE_SURFACE ( 1, 2, ( 
 ( #784, #4873, #5363, #4376, #1307, #3111, #2234, #2566, #4400, #418, #2670, #811, #5757, #336, #2156, #2618, #1202, #4426, #5702, #1727, #2591, #362, #5336, #3953, #1279, #1649, #2129, #3000, #4820, #3926, #5729, #1675, #894, #509, #4984, #5392, #4067, #4605, #540, #5048, #5871, #3198, #1810, #3260, #2321, #4575, #5513, #983, #1457, #4128, #576, #1876, #3228, #2357, #4639, #59, #2725, #5842, #4162, #2697, #2262, #3645, #94, #1424, #1909, #5450, #4541, #1366, #3675, #5481, #479, #3166, #3612, #2789, #3710, #5079, #1016, #1337, #2822, #2289, #4038, #4097, #1780, #3583, #3141, #5419, #4960, #4510, #451, #922, #25, #1841, #1395, #5015, #951, #2757, #1941, #4194, #3744, #2389, #128, #5547, #2405, #1827, #2840, #3631, #2276, #3215, #2306, #4114, #4084, #2866, #4624, #1442, #1896, #1510, #4181, #14, #3245, #3694, #5066, #5436, #5499, #5034, #3313, #44, #112, #3762, #5565, #1382, #1959, #3184, #4657, #1860, #5002, #1001, #939, #2805, #969, #5131, #3662, #1928, #1068, #4685, #2742, #4560, #498, #594, #5467, #1411, #2776, #4591, #526, #1476, #562, #2340, #4147, #80, #2375, #3728, #5532, #4212, #3278, #5098, #1038 ),
 ( #146, #3609, #445, #4480, #415, #4094, #2694, #3108, #1778, #2318, #4125, #2752, #3580, #918, #5389, #980, #22, #2286, #3225, #4572, #5045, #1837, #4158, #5447, #949, #56, #2353, #3642, #2259, #3550, #1871, #2231, #5838, #1363, #3672, #5012, #5477, #3163, #4064, #4957, #1392, #3195, #5868, #890, #1334, #507, #1421, #2786, #4602, #4927, #537, #1806, #1751, #5416, #5359, #1304, #862, #3138, #2667, #4035, #4507, #4981, #2722, #4538, #476, #4223, #3915, #606, #4254, #1938, #664, #572, #3706, #1454, #297, #5509, #2555, #3257, #91, #1050, #125, #3739, #1906, #772, #2441, #5141, #5576, #5271, #2000, #5077, #1077, #1521, #2415, #4365, #4667, #2114, #5169, #1013, #1487, #1216, #2819, #5602, #4636, #157, #2386, #4191, #1971, #5715, #3772, #184, #5545, #1664, #3292, #5111, #2849, #3460, #3321, #3016, #2874, #4696, #633, #3800, #1550, #3351, #2579, #1107, #2902, #4728, #4835, #403, #323, #3539, #5799, #1293, #2143, #3999, #5323, #5407, #4414, #2222, #5859, #1797, #3941, #4055, #1691, #4946, #350, #5742, #5297, #3066, #4973, #3569, #1740, #4442, #4889, #823, #5351, #3487, #3096, #4499, #2656, #3514, #4916, #4026, #2170 ) ),
 .UNSPECIFIED., .F., .F., .F. ) 
 B_SPLINE_SURFACE_WITH_KNOTS ( ( 2, 2 ),
 ( 3, 2, 2, 2, 2, 2, 2, 2, 2, 2, 2, 2, 2, 2, 2, 2, 2, 2, 2, 2, 2, 2, 2, 2, 2, 2, 2, 2, 2, 2, 2, 2, 2, 2, 2, 2, 2, 2, 2, 2, 2, 2, 2, 2, 2, 2, 2, 2, 2, 2, 2, 2, 2, 2, 2, 2, 2, 2, 2, 2, 2, 2, 2, 2, 2, 2, 2, 2, 2, 2, 2, 2, 2, 2, 2, 2, 2, 2, 2, 2, 2, 2, 3 ),
 ( 0.000000000000000000, 1.000000000000000000 ),
 ( 0.000000000000000000, 0.01190476190476190410, 0.02380952380952380820, 0.03571428571428571230, 0.04761904761904761640, 0.05952380952380952051, 0.07142857142857142461, 0.08333333333333332871, 0.09523809523809523281, 0.1071428571428571369, 0.1190476190476190410, 0.1309523809523809590, 0.1428571428571428492, 0.1547619047619047672, 0.1666666666666666574, 0.1785714285714285754, 0.1904761904761904656, 0.2023809523809523836, 0.2142857142857142738, 0.2261904761904761918, 0.2380952380952380820, 0.2500000000000000000, 0.2619047619047619180, 0.2738095238095238360, 0.2857142857142856984, 0.2976190476190476164, 0.3095238095238095344, 0.3214285714285714524, 0.3333333333333333148, 0.3452380952380952328, 0.3571428571428571508, 0.3690476190476190688, 0.3809523809523809312, 0.3928571428571428492, 0.4047619047619047672, 0.4166666666666666852, 0.4285714285714285476, 0.4404761904761904656, 0.4523809523809523836, 0.4642857142857143016, 0.4761904761904761640, 0.4880952380952380820, 0.5000000000000000000, 0.5119047619047618625, 0.5238095238095238360, 0.5357142857142856984, 0.5476190476190476719, 0.5595238095238095344, 0.5714285714285713969, 0.5833333333333333703, 0.5952380952380952328, 0.6071428571428570953, 0.6190476190476190688, 0.6309523809523809312, 0.6428571428571429047, 0.6547619047619047672, 0.6666666666666666297, 0.6785714285714286031, 0.6904761904761904656, 0.7023809523809523281, 0.7142857142857143016, 0.7261904761904761640, 0.7380952380952381375, 0.7500000000000000000, 0.7619047619047618625, 0.7738095238095238360, 0.7857142857142856984, 0.7976190476190476719, 0.8095238095238095344, 0.8214285714285713969, 0.8333333333333333703, 0.8452380952380952328, 0.8571428571428570953, 0.8690476190476190688, 0.8809523809523809312, 0.8928571428571429047, 0.9047619047619047672, 0.9166666666666666297, 0.9285714285714286031, 0.9404761904761904656, 0.9523809523809523281, 0.9642857142857143016, 0.9714020650365746690 ),
 .UNSPECIFIED. ) 
 GEOMETRIC_REPRESENTATION_ITEM ( )  RATIONAL_B_SPLINE_SURFACE ( (
 ( 1.000000000000000000, 0.8660254037844387076, 1.000000000000000000, 0.8660254037844387076, 1.000000000000000000, 0.8660254037844387076, 1.000000000000000000, 0.8660254037844387076, 1.000000000000000000, 0.8660254037844387076, 1.000000000000000000, 0.8660254037844387076, 1.000000000000000000, 0.8660254037844387076, 1.000000000000000000, 0.8660254037844387076, 1.000000000000000000, 0.8660254037844387076, 1.000000000000000000, 0.8660254037844387076, 1.000000000000000000, 0.8660254037844387076, 1.000000000000000000, 0.8660254037844387076, 1.000000000000000000, 0.8660254037844387076, 1.000000000000000000, 0.8660254037844387076, 1.000000000000000000, 0.8660254037844387076, 1.000000000000000000, 0.8660254037844387076, 1.000000000000000000, 0.8660254037844387076, 1.000000000000000000, 0.8660254037844387076, 1.000000000000000000, 0.8660254037844387076, 1.000000000000000000, 0.8660254037844387076, 1.000000000000000000, 0.8660254037844387076, 1.000000000000000000, 0.8660254037844387076, 1.000000000000000000, 0.8660254037844387076, 1.000000000000000000, 0.8660254037844387076, 1.000000000000000000, 0.8660254037844387076, 1.000000000000000000, 0.8660254037844387076, 1.000000000000000000, 0.8660254037844387076, 1.000000000000000000, 0.8660254037844387076, 1.000000000000000000, 0.8660254037844387076, 1.000000000000000000, 0.8660254037844387076, 1.000000000000000000, 0.8660254037844387076, 1.000000000000000000, 0.8660254037844387076, 1.000000000000000000, 0.8660254037844387076, 1.000000000000000000, 0.8660254037844387076, 1.000000000000000000, 0.8660254037844387076, 1.000000000000000000, 0.8660254037844387076, 1.000000000000000000, 0.8660254037844387076, 1.000000000000000000, 0.8660254037844387076, 1.000000000000000000, 0.8660254037844387076, 1.000000000000000000, 0.8660254037844387076, 1.000000000000000000, 0.8660254037844387076, 1.000000000000000000, 0.8660254037844387076, 1.000000000000000000, 0.8660254037844387076, 1.000000000000000000, 0.8660254037844387076, 1.000000000000000000, 0.8660254037844387076, 1.000000000000000000, 0.8660254037844387076, 1.000000000000000000, 0.8660254037844387076, 1.000000000000000000, 0.8660254037844387076, 1.000000000000000000, 0.8660254037844387076, 1.000000000000000000, 0.8660254037844387076, 1.000000000000000000, 0.8660254037844387076, 1.000000000000000000, 0.8660254037844387076, 1.000000000000000000, 0.8660254037844387076, 1.000000000000000000, 0.8660254037844387076, 1.000000000000000000, 0.8660254037844387076, 1.000000000000000000, 0.8660254037844387076, 1.000000000000000000, 0.8660254037844387076, 1.000000000000000000, 0.8660254037844387076, 1.000000000000000000, 0.8660254037844387076, 1.000000000000000000, 0.8660254037844387076, 1.000000000000000000, 0.8660254037844387076, 1.000000000000000000, 0.8660254037844387076, 1.000000000000000000, 0.8660254037844387076, 1.000000000000000000, 0.8660254037844387076, 1.000000000000000000, 0.8660254037844387076, 1.000000000000000000, 0.8660254037844387076, 1.000000000000000000, 0.8660254037844387076, 1.000000000000000000, 0.8660254037844387076, 1.000000000000000000, 0.8660254037844387076, 1.000000000000000000, 0.8660254037844387076, 1.000000000000000000, 0.8660254037844387076, 1.000000000000000000, 0.8660254037844387076, 1.000000000000000000, 0.8660254037844387076, 1.000000000000000000, 0.8660254037844387076, 1.000000000000000000, 0.8660254037844387076, 1.000000000000000000, 0.8660254037844387076, 1.000000000000000000, 0.8660254037844387076, 1.000000000000000000, 0.8660254037844387076, 1.000000000000000000, 0.8660254037844387076, 1.000000000000000000, 0.8660254037844387076, 1.000000000000000000, 0.8660254037844387076, 1.000000000000000000, 0.9199135416565145107, 0.9355742024113862243),
 ( 1.000000000000000000, 0.8660254037844387076, 1.000000000000000000, 0.8660254037844387076, 1.000000000000000000, 0.8660254037844387076, 1.000000000000000000, 0.8660254037844387076, 1.000000000000000000, 0.8660254037844387076, 1.000000000000000000, 0.8660254037844387076, 1.000000000000000000, 0.8660254037844387076, 1.000000000000000000, 0.8660254037844387076, 1.000000000000000000, 0.8660254037844387076, 1.000000000000000000, 0.8660254037844387076, 1.000000000000000000, 0.8660254037844387076, 1.000000000000000000, 0.8660254037844387076, 1.000000000000000000, 0.8660254037844387076, 1.000000000000000000, 0.8660254037844387076, 1.000000000000000000, 0.8660254037844387076, 1.000000000000000000, 0.8660254037844387076, 1.000000000000000000, 0.8660254037844387076, 1.000000000000000000, 0.8660254037844387076, 1.000000000000000000, 0.8660254037844387076, 1.000000000000000000, 0.8660254037844387076, 1.000000000000000000, 0.8660254037844387076, 1.000000000000000000, 0.8660254037844387076, 1.000000000000000000, 0.8660254037844387076, 1.000000000000000000, 0.8660254037844387076, 1.000000000000000000, 0.8660254037844387076, 1.000000000000000000, 0.8660254037844387076, 1.000000000000000000, 0.8660254037844387076, 1.000000000000000000, 0.8660254037844387076, 1.000000000000000000, 0.8660254037844387076, 1.000000000000000000, 0.8660254037844387076, 1.000000000000000000, 0.8660254037844387076, 1.000000000000000000, 0.8660254037844387076, 1.000000000000000000, 0.8660254037844387076, 1.000000000000000000, 0.8660254037844387076, 1.000000000000000000, 0.8660254037844387076, 1.000000000000000000, 0.8660254037844387076, 1.000000000000000000, 0.8660254037844387076, 1.000000000000000000, 0.8660254037844387076, 1.000000000000000000, 0.8660254037844387076, 1.000000000000000000, 0.8660254037844387076, 1.000000000000000000, 0.8660254037844387076, 1.000000000000000000, 0.8660254037844387076, 1.000000000000000000, 0.8660254037844387076, 1.000000000000000000, 0.8660254037844387076, 1.000000000000000000, 0.8660254037844387076, 1.000000000000000000, 0.8660254037844387076, 1.000000000000000000, 0.8660254037844387076, 1.000000000000000000, 0.8660254037844387076, 1.000000000000000000, 0.8660254037844387076, 1.000000000000000000, 0.8660254037844387076, 1.000000000000000000, 0.8660254037844387076, 1.000000000000000000, 0.8660254037844387076, 1.000000000000000000, 0.8660254037844387076, 1.000000000000000000, 0.8660254037844387076, 1.000000000000000000, 0.8660254037844387076, 1.000000000000000000, 0.8660254037844387076, 1.000000000000000000, 0.8660254037844387076, 1.000000000000000000, 0.8660254037844387076, 1.000000000000000000, 0.8660254037844387076, 1.000000000000000000, 0.8660254037844387076, 1.000000000000000000, 0.8660254037844387076, 1.000000000000000000, 0.8660254037844387076, 1.000000000000000000, 0.8660254037844387076, 1.000000000000000000, 0.8660254037844387076, 1.000000000000000000, 0.8660254037844387076, 1.000000000000000000, 0.8660254037844387076, 1.000000000000000000, 0.8660254037844387076, 1.000000000000000000, 0.8660254037844387076, 1.000000000000000000, 0.8660254037844387076, 1.000000000000000000, 0.8660254037844387076, 1.000000000000000000, 0.8660254037844387076, 1.000000000000000000, 0.8660254037844387076, 1.000000000000000000, 0.8660254037844387076, 1.000000000000000000, 0.8660254037844387076, 1.000000000000000000, 0.8660254037844387076, 1.000000000000000000, 0.8660254037844387076, 1.000000000000000000, 0.8660254037844387076, 1.000000000000000000, 0.8660254037844387076, 1.000000000000000000, 0.8660254037844387076, 1.000000000000000000, 0.8660254037844387076, 1.000000000000000000, 0.8660254037844387076, 1.000000000000000000, 0.9199135416565145107, 0.9355742024113862243) ) ) 
 REPRESENTATION_ITEM ( '' )  SURFACE ( )  );
#311 = CARTESIAN_POINT ( 'NONE',  ( 20.29135125774645587, -0.6542001915662380984, -1.113274408613602384 ) ) ;
#312 = VERTEX_POINT ( 'NONE', #2339 ) ;
#313 = CARTESIAN_POINT ( 'NONE',  ( -18.86254007893013807, 0.7656250000000002220, 1.326101399544921566 ) ) ;
#314 = CARTESIAN_POINT ( 'NONE',  ( 13.94999999999999929, -1.500000000000000000, 1.836970198721029934E-16 ) ) ;
#315 = DIRECTION ( 'NONE',  ( -1.000000000000000000, 0.000000000000000000, 0.000000000000000000 ) ) ;
#316 = VERTEX_POINT ( 'NONE', #938 ) ;
#317 = ADVANCED_FACE ( 'NONE', ( #5466 ), #5335, .T. ) ;
#318 = CARTESIAN_POINT ( 'NONE',  ( 13.91316772515768641, 1.183613885844322144, -0.6833597956087991143 ) ) ;
#319 = CARTESIAN_POINT ( 'NONE',  ( 17.44999999999999574, -1.500000000000000000, 1.836970198721029934E-16 ) ) ;
#320 = CARTESIAN_POINT ( 'NONE',  ( -17.91666666666667140, 0.7500000000000002220, 1.299038105676657784 ) ) ;
#321 = CARTESIAN_POINT ( 'NONE',  ( 19.47566772515768463, 1.183613885844321922, -0.6833597956087991143 ) ) ;
#322 = CARTESIAN_POINT ( 'NONE',  ( 16.62150105849100612, -0.5918069429221735067, 1.025039693413219544 ) ) ;
#323 = CARTESIAN_POINT ( 'NONE',  ( 19.13470886257884018, 0.7656249999999990008, -1.326101399544922455 ) ) ;
#324 = ORIENTED_EDGE ( 'NONE', *, *, #462, .T. ) ;
#325 = PRODUCT_DEFINITION_SHAPE ( 'NONE', 'NONE',  #4226 ) ;
#326 = CARTESIAN_POINT ( 'NONE',  ( 14.20483439182435426, -1.183613885844322366, 1.449508956725610206E-16 ) ) ;
#327 = FACE_OUTER_BOUND ( 'NONE', #2487, .T. ) ;
#328 = PERSON_AND_ORGANIZATION ( #398, #5844 ) ;
#329 = DIRECTION ( 'NONE',  ( -1.000000000000000000, -4.814824860968088948E-33, -0.000000000000000000 ) ) ;
#330 = B_SPLINE_CURVE_WITH_KNOTS ( 'NONE', 3,
 ( #5203, #2998, #221, #1225, #4318, #4844, #4348, #1617, #5726, #252, #3419, #280, #2589, #334, #1701, #4817 ),
 .UNSPECIFIED., .F., .F.,
 ( 4, 2, 2, 2, 2, 2, 2, 4 ),
 ( 7.578021370272450443E-16, 0.0003870575971728441650, 0.0007741151943449304726, 0.001161172791517016889, 0.001548230388689103088, 0.002322345583033275269, 0.002709403180205361035, 0.003096460777377447234 ),
 .UNSPECIFIED. ) ;
#331 = CARTESIAN_POINT ( 'NONE',  ( -18.39099894150897896, -1.183613885844322589, -0.6833597956087981151 ) ) ;
#332 = CARTESIAN_POINT ( 'NONE',  ( -19.76599894150898251, 0.5918069429221604061, -1.025039693413198227 ) ) ;
#333 = CARTESIAN_POINT ( 'NONE',  ( -15.70349894150898074, 1.183613885844322589, 0.6833597956087983372 ) ) ;
#334 = CARTESIAN_POINT ( 'NONE',  ( 13.69999999999999929, 1.460640237625740356, 0.2570752136692439072 ) ) ;
#335 = CARTESIAN_POINT ( 'NONE',  ( -18.39862447075449481, 0.7656250000000002220, 1.326101399544921566 ) ) ;
#336 = CARTESIAN_POINT ( 'NONE',  ( 14.05900105849102033, 1.183613885844322589, 0.6833597956087983372 ) ) ;
#337 = CARTESIAN_POINT ( 'NONE',  ( 14.30900105849101855, -1.183613885844322589, -0.6833597956087981151 ) ) ;
#338 = ORIENTED_EDGE ( 'NONE', *, *, #4421, .T. ) ;
#339 = CARTESIAN_POINT ( 'NONE',  ( -19.07849894150898251, -0.5918069429221609612, 1.025039693413198005 ) ) ;
#340 = CARTESIAN_POINT ( 'NONE',  ( -16.86254007893013451, 0.7656250000000002220, 1.326101399544921566 ) ) ;
#341 = FACE_OUTER_BOUND ( 'NONE', #1426, .T. ) ;
#342 = CARTESIAN_POINT ( 'NONE',  ( 18.68883545031535220, 0.7500000000000207612, -1.299038105676696420 ) ) ;
#343 = ORIENTED_EDGE ( 'NONE', *, *, #3988, .T. ) ;
#344 = CARTESIAN_POINT ( 'NONE',  ( 13.45483439182435248, 1.183613885844322366, 0.000000000000000000 ) ) ;
#345 = DIRECTION ( 'NONE',  ( 0.000000000000000000, -1.000000000000000000, 0.000000000000000000 ) ) ;
#346 = CARTESIAN_POINT ( 'NONE',  ( 19.87150105849102033, 0.5918069429221604061, -1.025039693413198227 ) ) ;
#347 = DIRECTION ( 'NONE',  ( 0.000000000000000000, -1.000000000000000000, 0.000000000000000000 ) ) ;
#348 = DIRECTION ( 'NONE',  ( -1.000000000000000000, -4.814824860968088948E-33, -0.000000000000000000 ) ) ;
#349 = CARTESIAN_POINT ( 'NONE',  ( -13.80766560817565036, -2.510623159074913942E-16, -1.366719591217596896 ) ) ;
#350 = CARTESIAN_POINT ( 'NONE',  ( 19.80137552924550803, 0.7656250000000002220, 1.326101399544921566 ) ) ;
#351 = EDGE_LOOP ( 'NONE', ( #3208, #454 ) ) ;
#352 = VECTOR ( 'NONE', #5368, 1000.000000000000000 ) ;
#353 = CARTESIAN_POINT ( 'NONE',  ( 19.37912658773652907, 1.082670556198342378E-16, 1.768135199393228829 ) ) ;
#354 = CYLINDRICAL_SURFACE ( 'NONE', #1493, 1.500000000000000000 ) ;
#355 = CARTESIAN_POINT ( 'NONE',  ( -17.50000000000000000, 1.500000000000000000, 0.000000000000000000 ) ) ;
#356 = AXIS2_PLACEMENT_3D ( 'NONE', #2450, #3749, #4167 ) ;
#357 = CARTESIAN_POINT ( 'NONE',  ( -18.18266560817565036, 1.183613885844322366, 0.000000000000000000 ) ) ;
#358 = CARTESIAN_POINT ( 'NONE',  ( -18.72433227484231821, 1.183613885844322144, -0.6833597956087991143 ) ) ;
#359 = CARTESIAN_POINT ( 'NONE',  ( -14.91183227484231466, -0.5918069429221617384, -1.025039693413197783 ) ) ;
#360 = CARTESIAN_POINT ( 'NONE',  ( -17.00000000000000000, 1.500000000000000000, 0.000000000000000000 ) ) ;
#361 = CARTESIAN_POINT ( 'NONE',  ( -13.72433227484231288, 1.183613885844322144, -0.6833597956087991143 ) ) ;
#362 = CARTESIAN_POINT ( 'NONE',  ( 14.39233439182435426, -2.510623159074913942E-16, -1.366719591217596896 ) ) ;
#363 = EDGE_CURVE ( 'NONE', #4416, #5784, #3410, .T. ) ;
#364 = CARTESIAN_POINT ( 'NONE',  ( 18.01733439182435248, 1.183613885844322366, 0.000000000000000000 ) ) ;
#365 = LINE ( 'NONE', #2700, #4987 ) ;
#366 = CARTESIAN_POINT ( 'NONE',  ( -17.02920674559680592, 0.7656249999999990008, -1.326101399544922455 ) ) ;
#367 = CYLINDRICAL_SURFACE ( 'NONE', #1866, 1.500000000000000000 ) ;
#368 = CARTESIAN_POINT ( 'NONE',  ( 15.18883545031537352, 0.7499999999999991118, -1.299038105676658672 ) ) ;
#369 = ORIENTED_EDGE ( 'NONE', *, *, #99, .F. ) ;
#370 = CARTESIAN_POINT ( 'NONE',  ( 16.74650105849102388, -1.183613885844322589, -0.6833597956087981151 ) ) ;
#371 = CARTESIAN_POINT ( 'NONE',  ( -14.30766560817564859, -2.510623159074913942E-16, -1.366719591217596896 ) ) ;
#372 = DIRECTION ( 'NONE',  ( -0.000000000000000000, 1.000000000000000000, 3.338476886082577816E-16 ) ) ;
#373 = CARTESIAN_POINT ( 'NONE',  ( -14.75000000000000355, -1.500000000000000000, 1.836970198721029934E-16 ) ) ;
#374 = CARTESIAN_POINT ( 'NONE',  ( 16.53333333333333499, -0.7500000000000006661, -1.299038105676657784 ) ) ;
#375 = CARTESIAN_POINT ( 'NONE',  ( -17.57849894150899672, -0.5918069429221752831, 1.025039693413222652 ) ) ;
#376 = CARTESIAN_POINT ( 'NONE',  ( 15.24166666666666536, 1.499999999999999778, 0.8660254037844384856 ) ) ;
#378 = EDGE_LOOP ( 'NONE', ( #1533, #792, #5381, #4660 ) ) ;
#377 = B_SPLINE_CURVE_WITH_KNOTS ( 'NONE', 3,
 ( #2167, #3124, #3628, #5433, #2709, #432 ),
 .UNSPECIFIED., .F., .F.,
 ( 4, 2, 4 ),
 ( 0.001314652396222794079, 0.001969405109320632868, 0.002624157822418472091 ),
 .UNSPECIFIED. ) ;
#379 = CARTESIAN_POINT ( 'NONE',  ( 18.92079325440319693, -0.7656249999999996669, 1.326101399544921788 ) ) ;
#380 = DIRECTION ( 'NONE',  ( -1.000000000000000000, -4.814824860968088948E-33, -0.000000000000000000 ) ) ;
#381 = CARTESIAN_POINT ( 'NONE',  ( 13.93883545031534155, -0.7500000000000268674, 1.299038105676705301 ) ) ;
#382 = EDGE_CURVE ( 'NONE', #854, #5737, #3401, .T. ) ;
#383 = CARTESIAN_POINT ( 'NONE',  ( -18.93266560817564681, -1.183613885844322366, 1.449508956725610206E-16 ) ) ;
#384 = CARTESIAN_POINT ( 'NONE',  ( -13.37250740717520614, -0.3508211798580854746, -1.530859302989518334 ) ) ;
#385 = CARTESIAN_POINT ( 'NONE',  ( -15.66183227484231644, 0.5918069429221612943, 1.025039693413197783 ) ) ;
#386 = CARTESIAN_POINT ( 'NONE',  ( 19.02216878364870922, -1.499999999999999556, 1.836970198721029688E-16 ) ) ;
#387 = CARTESIAN_POINT ( 'NONE',  ( -13.68266560817564859, 1.183613885844322366, 0.000000000000000000 ) ) ;
#388 = ORIENTED_EDGE ( 'NONE', *, *, #1491, .T. ) ;
#389 = CARTESIAN_POINT ( 'NONE',  ( 16.18400105849102033, -0.5918069429221609612, 1.025039693413198005 ) ) ;
#390 = ORIENTED_EDGE ( 'NONE', *, *, #560, .F. ) ;
#391 = CARTESIAN_POINT ( 'NONE',  ( -20.00000000000000355, -1.500000000000000000, 0.000000000000000000 ) ) ;
#392 = CARTESIAN_POINT ( 'NONE',  ( -16.82087341226347021, 1.082670556198342378E-16, 1.768135199393228829 ) ) ;
#393 = EDGE_CURVE ( 'NONE', #4117, #825, #774, .T. ) ;
#394 = CARTESIAN_POINT ( 'NONE',  ( 17.85550211698204137, 0.7500000000000005551, 1.299038105676658228 ) ) ;
#395 = CARTESIAN_POINT ( 'NONE',  ( 19.91074498996846032, 1.881317441191405537, -1.511897080250317771 ) ) ;
#396 = ORIENTED_EDGE ( 'NONE', *, *, #2815, .T. ) ;
#397 = CARTESIAN_POINT ( 'NONE',  ( 14.91316772515768463, 1.183613885844322144, -0.6833597956087991143 ) ) ;
#398 = PERSON ( 'UNSPECIFIED', 'UNSPECIFIED', 'UNSPECIFIED', ('UNSPECIFIED'), ('UNSPECIFIED'), ('UNSPECIFIED') ) ;
#399 = FACE_OUTER_BOUND ( 'NONE', #3916, .T. ) ;
#400 = CARTESIAN_POINT ( 'NONE',  ( -20.00000000000000355, 0.000000000000000000, 0.000000000000000000 ) ) ;
#401 = CARTESIAN_POINT ( 'NONE',  ( -13.70000000000000107, -1.173277499480982922, 0.8621762164526296512 ) ) ;
#402 = CARTESIAN_POINT ( 'NONE',  ( -17.66183227484233242, 0.5918069429221756161, 1.025039693413222430 ) ) ;
#403 = CARTESIAN_POINT ( 'NONE',  ( 19.09304219591217588, -3.248011668595026887E-16, -1.768135199393228829 ) ) ;
#404 = CARTESIAN_POINT ( 'NONE',  ( -13.70000000000000639, 1.153170825224604235, -0.2667187256536399098 ) ) ;
#405 = VERTEX_POINT ( 'NONE', #1626 ) ;
#406 = CARTESIAN_POINT ( 'NONE',  ( 18.62912658773652552, -3.248011668595026887E-16, -1.768135199393228829 ) ) ;
#407 = DIRECTION ( 'NONE',  ( -1.000000000000000000, -4.814824860968088948E-33, -0.000000000000000000 ) ) ;
#408 = CARTESIAN_POINT ( 'NONE',  ( 20.00000000000001066, -2.249999999999998668, -0.2199382128684914672 ) ) ;
#409 = CARTESIAN_POINT ( 'NONE',  ( -17.84933227484231466, -0.5918069429221617384, -1.025039693413197783 ) ) ;
#410 = VECTOR ( 'NONE', #1037, 1000.000000000000000 ) ;
#411 = AXIS2_PLACEMENT_3D ( 'NONE', #3011, #714, #3966 ) ;
#412 = CARTESIAN_POINT ( 'NONE',  ( -18.43266560817564681, -1.183613885844322366, 1.449508956725610206E-16 ) ) ;
#413 = CARTESIAN_POINT ( 'NONE',  ( -15.91183227484231644, -0.5918069429221617384, -1.025039693413197783 ) ) ;
#414 = EDGE_CURVE ( 'NONE', #1126, #4357, #3793, .T. ) ;
#415 = CARTESIAN_POINT ( 'NONE',  ( 13.88470886257884196, -0.7656249999999996669, 1.326101399544921788 ) ) ;
#416 = DIRECTION ( 'NONE',  ( 0.000000000000000000, -1.000000000000000000, 0.000000000000000000 ) ) ;
#417 = CARTESIAN_POINT ( 'NONE',  ( -14.14099894150898074, 1.183613885844322589, 0.6833597956087983372 ) ) ;
#418 = CARTESIAN_POINT ( 'NONE',  ( 13.89233439182435248, -2.510623159074913942E-16, -1.366719591217596896 ) ) ;
#419 = CARTESIAN_POINT ( 'NONE',  ( 17.10066772515768818, 0.5918069429221612943, 1.025039693413197783 ) ) ;
#420 = ORIENTED_EDGE ( 'NONE', *, *, #1724, .T. ) ;
#421 = CARTESIAN_POINT ( 'NONE',  ( -19.32849894150898251, 0.5918069429221604061, -1.025039693413198227 ) ) ;
#422 = CARTESIAN_POINT ( 'NONE',  ( -16.69587341226347021, -1.531250000000000000, 1.875240411194384668E-16 ) ) ;
#423 = CARTESIAN_POINT ( 'NONE',  ( 20.00000000000000355, 1.124999999999997780, 1.948557158514986343 ) ) ;
#424 = AXIS2_PLACEMENT_3D ( 'NONE', #5636, #3072, #2176 ) ;
#425 = CARTESIAN_POINT ( 'NONE',  ( 16.37150105849100612, 0.5918069429221729516, -1.025039693413219988 ) ) ;
#426 = CARTESIAN_POINT ( 'NONE',  ( -15.08333333333333570, 0.7499999999999990008, -1.299038105676658672 ) ) ;
#427 = VERTEX_POINT ( 'NONE', #4744 ) ;
#428 = CARTESIAN_POINT ( 'NONE',  ( 15.87150105849102033, 0.5918069429221604061, -1.025039693413198227 ) ) ;
#429 = CARTESIAN_POINT ( 'NONE',  ( 13.70000000000000462, 0.9343721204631629806, -1.173434591488240031 ) ) ;
#430 = CARTESIAN_POINT ( 'NONE',  ( 20.00000000000000355, 1.925929944387235853E-31, 0.000000000000000000 ) ) ;
#431 = CARTESIAN_POINT ( 'NONE',  ( 18.45000000000000284, -1.500000000000000000, 1.836970198721029934E-16 ) ) ;
#432 = CARTESIAN_POINT ( 'NONE',  ( -19.79903810567666156, -2.249999999999998224, -1.299038105676658228 ) ) ;
#433 = CARTESIAN_POINT ( 'NONE',  ( -18.45349894150900028, -1.183613885844351232, -0.6833597956088146574 ) ) ;
#434 = CARTESIAN_POINT ( 'NONE',  ( 15.40833333333333321, -1.499999999999999778, 0.8660254037844391517 ) ) ;
#435 = DIRECTION ( 'NONE',  ( 0.000000000000000000, -1.000000000000000000, 0.000000000000000000 ) ) ;
#436 = ORIENTED_EDGE ( 'NONE', *, *, #5277, .F. ) ;
#437 = EDGE_CURVE ( 'NONE', #3475, #1384, #1741, .T. ) ;
#438 = CARTESIAN_POINT ( 'NONE',  ( 13.95483439182435426, 1.183613885844322366, 0.000000000000000000 ) ) ;
#439 = CARTESIAN_POINT ( 'NONE',  ( -20.00000000000000355, 1.500000000000000000, 1.836970198721029934E-16 ) ) ;
#440 = CARTESIAN_POINT ( 'NONE',  ( 18.94999999999999929, -1.500000000000000000, 1.836970198721029934E-16 ) ) ;
#441 = ADVANCED_FACE ( 'NONE', ( #1154 ), #739, .F. ) ;
#442 = AXIS2_PLACEMENT_3D ( 'NONE', #494, #1470, #142 ) ;
#443 = CARTESIAN_POINT ( 'NONE',  ( -17.51599894150897896, -0.5918069429221609612, 1.025039693413198005 ) ) ;
#444 = CARTESIAN_POINT ( 'NONE',  ( -14.29166666666666963, -1.499999999999999778, 0.8660254037844391517 ) ) ;
#445 = CARTESIAN_POINT ( 'NONE',  ( 13.80137552924550803, 0.7656250000000002220, 1.326101399544921566 ) ) ;
#446 =( BOUNDED_CURVE ( )  B_SPLINE_CURVE ( 2, ( #5603, #4224, #2319, #3673, #1939, #126, #4126 ),
 .UNSPECIFIED., .F., .T. ) 
 B_SPLINE_CURVE_WITH_KNOTS ( ( 3, 2, 2, 3 ),
 ( 0.04195638044537906147, 0.04352608916182951898, 0.04509579787827996261, 0.04666550659473042012 ),
 .UNSPECIFIED. ) 
 CURVE ( )  GEOMETRIC_REPRESENTATION_ITEM ( )  RATIONAL_B_SPLINE_CURVE ( ( 0.9999999999989542809, 0.8660254037854845377, 1.000000000000000000, 0.8660254037844388186, 1.000000000000000000, 0.8660254037862067378, 0.9999999999982320809 ) ) 
 REPRESENTATION_ITEM ( '' )  );
#447 = EDGE_CURVE ( 'NONE', #2843, #1258, #2988, .T. ) ;
#448 = CARTESIAN_POINT ( 'NONE',  ( -17.20833333333333215, -1.500000000000000222, -0.8660254037844381525 ) ) ;
#449 = AXIS2_PLACEMENT_3D ( 'NONE', #3700, #2845, #4723 ) ;
#450 = CARTESIAN_POINT ( 'NONE',  ( -18.64862447075449481, -0.7656250000000006661, -1.326101399544921566 ) ) ;
#451 = CARTESIAN_POINT ( 'NONE',  ( 17.18400105849101678, -0.5918069429221609612, 1.025039693413198005 ) ) ;
#452 = CARTESIAN_POINT ( 'NONE',  ( 17.01733439182435248, 1.183613885844322366, 0.000000000000000000 ) ) ;
#453 = CC_DESIGN_APPROVAL ( #1861, ( #1878 ) ) ;
#454 = ORIENTED_EDGE ( 'NONE', *, *, #2775, .T. ) ;
#455 = CARTESIAN_POINT ( 'NONE',  ( -20.07849894150898251, -0.5918069429221609612, 1.025039693413198005 ) ) ;
#456 = CARTESIAN_POINT ( 'NONE',  ( -15.57087341226346844, -3.248011668595026887E-16, -1.768135199393228829 ) ) ;
#457 = CARTESIAN_POINT ( 'NONE',  ( -16.21949788301733975, -1.500000000011456391, 0.8660254037778576386 ) ) ;
#458 = CARTESIAN_POINT ( 'NONE',  ( 16.28816772515767397, -0.5918069429221741728, -1.025039693413219322 ) ) ;
#459 = CARTESIAN_POINT ( 'NONE',  ( -17.97433227484231466, -1.183613885844322366, 0.6833597956087990033 ) ) ;
#460 = ORIENTED_EDGE ( 'NONE', *, *, #298, .T. ) ;
#461 = CARTESIAN_POINT ( 'NONE',  ( 14.45483439182435426, 1.183613885844322366, 0.000000000000000000 ) ) ;
#462 = EDGE_CURVE ( 'NONE', #1790, #4164, #5591, .T. ) ;
#463 = CARTESIAN_POINT ( 'NONE',  ( 13.70000000000000462, -0.7929205089077125956, 0.8787598632829284329 ) ) ;
#464 = CARTESIAN_POINT ( 'NONE',  ( 16.02216878364961872, -1.500000000000000000, -1.890569316705135513E-11 ) ) ;
#465 = CARTESIAN_POINT ( 'NONE',  ( 20.00000000000000355, 1.925929944387235853E-31, 0.000000000000000000 ) ) ;
#466 = CARTESIAN_POINT ( 'NONE',  ( -16.74516560817566457, 1.183613885844351010, 0.000000000000000000 ) ) ;
#467 = DIRECTION ( 'NONE',  ( 0.000000000000000000, -1.000000000000000000, 0.000000000000000000 ) ) ;
#468 = FACE_OUTER_BOUND ( 'NONE', #2491, .T. ) ;
#469 = VERTEX_POINT ( 'NONE', #4356 ) ;
#470 = CARTESIAN_POINT ( 'NONE',  ( 16.37150105849102033, 0.5918069429221604061, -1.025039693413198227 ) ) ;
#471 = CARTESIAN_POINT ( 'NONE',  ( -14.91666666666666963, 0.7500000000000002220, 1.299038105676657784 ) ) ;
#472 = EDGE_CURVE ( 'NONE', #4100, #3158, #852, .T. ) ;
#473 = CARTESIAN_POINT ( 'NONE',  ( -17.66666666666666785, -0.7500000000000006661, -1.299038105676657784 ) ) ;
#474 = CARTESIAN_POINT ( 'NONE',  ( -15.72433227484231644, 1.183613885844322144, -0.6833597956087991143 ) ) ;
#475 = LINE ( 'NONE', #4093, #5092 ) ;
#476 = CARTESIAN_POINT ( 'NONE',  ( 16.38470886257884374, -0.7656249999999996669, 1.326101399544921788 ) ) ;
#477 = DIRECTION ( 'NONE',  ( -1.000000000000000000, -4.814824860968088948E-33, -0.000000000000000000 ) ) ;
#478 = CARTESIAN_POINT ( 'NONE',  ( -17.14862447075449126, -0.7656250000000006661, -1.326101399544921566 ) ) ;
#479 = CARTESIAN_POINT ( 'NONE',  ( 16.43400105849102033, 0.5918069429221604061, -1.025039693413198227 ) ) ;
#480 = CARTESIAN_POINT ( 'NONE',  ( 16.01733439182435248, 1.183613885844322366, 0.000000000000000000 ) ) ;
#481 = ORIENTED_EDGE ( 'NONE', *, *, #4278, .T. ) ;
#482 =( BOUNDED_CURVE ( )  B_SPLINE_CURVE ( 2, ( #1846, #3650, #3204, #2763, #956, #2294, #5455 ),
 .UNSPECIFIED., .F., .T. ) 
 B_SPLINE_CURVE_WITH_KNOTS ( ( 3, 2, 2, 3 ),
 ( 0.1017696901971684581, 0.1033395774710459403, 0.1049094647449234224, 0.1064793520188009046 ),
 .UNSPECIFIED. ) 
 CURVE ( )  GEOMETRIC_REPRESENTATION_ITEM ( )  RATIONAL_B_SPLINE_CURVE ( ( 1.000000000000001332, 0.8660254037844373753, 1.000000000000000000, 0.8660254037844385966, 1.000000000000000000, 0.8660254037845416253, 0.9999999999998969713 ) ) 
 REPRESENTATION_ITEM ( '' )  );
#483 = CARTESIAN_POINT ( 'NONE',  ( -17.49516560817565036, -1.183613885844322366, 1.449508956725610206E-16 ) ) ;
#484 = CARTESIAN_POINT ( 'NONE',  ( -19.20349894150897896, 1.183613885844322589, 0.6833597956087983372 ) ) ;
#485 = CARTESIAN_POINT ( 'NONE',  ( -14.67783121635129362, -1.500000000000000000, 1.836970198721030181E-16 ) ) ;
#486 = DIRECTION ( 'NONE',  ( -1.000000000000000000, -0.000000000000000000, -0.000000000000000000 ) ) ;
#487 = CARTESIAN_POINT ( 'NONE',  ( -17.84933227484231466, -0.5918069429221617384, -1.025039693413197783 ) ) ;
#488 = DIRECTION ( 'NONE',  ( 0.000000000000000000, -1.000000000000000000, 0.000000000000000000 ) ) ;
#489 = ORIENTED_EDGE ( 'NONE', *, *, #5215, .F. ) ;
#490 = CARTESIAN_POINT ( 'NONE',  ( 16.03816772515768463, 0.5918069429221612943, 1.025039693413197783 ) ) ;
#491 = CARTESIAN_POINT ( 'NONE',  ( 14.26733439182435426, -1.183613885844322366, 1.449508956725610206E-16 ) ) ;
#492 = VECTOR ( 'NONE', #3519, 1000.000000000000000 ) ;
#493 = CARTESIAN_POINT ( 'NONE',  ( -19.79903810567666156, 2.249999999999998668, 1.299038105676658450 ) ) ;
#494 = CARTESIAN_POINT ( 'NONE',  ( -20.00000000000000355, 0.000000000000000000, 0.000000000000000000 ) ) ;
#495 = CARTESIAN_POINT ( 'NONE',  ( 19.88498655532637116, 0.6324707049579636475, 1.335953043721820999 ) ) ;
#496 = CARTESIAN_POINT ( 'NONE',  ( -17.91183227484233242, -0.5918069429221760602, -1.025039693413222430 ) ) ;
#497 = EDGE_CURVE ( 'NONE', #5606, #104, #2431, .T. ) ;
#498 = CARTESIAN_POINT ( 'NONE',  ( 19.60066772515768463, 0.5918069429221612943, 1.025039693413197783 ) ) ;
#499 = CARTESIAN_POINT ( 'NONE',  ( -13.69999999999984652, 0.7498799138660154906, -1.052590653450947489 ) ) ;
#500 = ORIENTED_EDGE ( 'NONE', *, *, #5852, .F. ) ;
#501 = CARTESIAN_POINT ( 'NONE',  ( 14.78816772515768641, -0.5918069429221617384, -1.025039693413197783 ) ) ;
#502 = CARTESIAN_POINT ( 'NONE',  ( -14.95833333333333570, 1.499999999999999778, 0.8660254037844384856 ) ) ;
#503 = CARTESIAN_POINT ( 'NONE',  ( -20.00000000000000355, 0.000000000000000000, 0.000000000000000000 ) ) ;
#504 = CARTESIAN_POINT ( 'NONE',  ( 15.67079325440319870, 0.7656249999999990008, -1.326101399544922455 ) ) ;
#505 = CARTESIAN_POINT ( 'NONE',  ( -16.89099894150897896, -1.183613885844322589, -0.6833597956087981151 ) ) ;
#506 = DIRECTION ( 'NONE',  ( -1.000000000000000000, -4.814824860968088948E-33, -0.000000000000000000 ) ) ;
#507 = CARTESIAN_POINT ( 'NONE',  ( 15.59304219591217588, -3.248011668595026887E-16, -1.768135199393228829 ) ) ;
#508 = CARTESIAN_POINT ( 'NONE',  ( -17.64862447075449126, -0.7656250000000006661, -1.326101399544921566 ) ) ;
#509 = CARTESIAN_POINT ( 'NONE',  ( 14.89233439182435248, -2.510623159074913942E-16, -1.366719591217596896 ) ) ;
#510 = CARTESIAN_POINT ( 'NONE',  ( -20.00000000000000355, -1.125000000000000222, 1.948557158514985010 ) ) ;
#511 = EDGE_LOOP ( 'NONE', ( #2464, #3436, #130 ) ) ;
#512 = CARTESIAN_POINT ( 'NONE',  ( -17.16183227484231466, 0.5918069429221612943, 1.025039693413197783 ) ) ;
#513 = CARTESIAN_POINT ( 'NONE',  ( -13.57321456649914460, -0.4538425738936965326, -1.980487605064819245 ) ) ;
#514 = VECTOR ( 'NONE', #3030, 1000.000000000000000 ) ;
#515 = CARTESIAN_POINT ( 'NONE',  ( 19.32983439182434537, -2.510623159074966697E-16, -1.366719591217625984 ) ) ;
#516 = CARTESIAN_POINT ( 'NONE',  ( -19.59933227484231111, 0.5918069429221612943, 1.025039693413197783 ) ) ;
#517 = CYLINDRICAL_SURFACE ( 'NONE', #4000, 1.500000000000000000 ) ;
#518 = ORIENTED_EDGE ( 'NONE', *, *, #5744, .F. ) ;
#519 = CARTESIAN_POINT ( 'NONE',  ( 19.57983439182434893, 8.368743863583045653E-17, 1.366719591217596896 ) ) ;
#520 = CARTESIAN_POINT ( 'NONE',  ( 14.39233439182435426, -2.510623159074913942E-16, -1.366719591217596896 ) ) ;
#521 = CARTESIAN_POINT ( 'NONE',  ( -19.79903810567666156, -1.620551435518700907E-15, 2.598076211353314680 ) ) ;
#522 = CARTESIAN_POINT ( 'NONE',  ( 20.00000000000000355, 0.7416645267673332986, -2.169875997175798155 ) ) ;
#523 = DIRECTION ( 'NONE',  ( 0.000000000000000000, -1.000000000000000000, 0.000000000000000000 ) ) ;
#524 = CARTESIAN_POINT ( 'NONE',  ( -14.07849894150899495, -0.5918069429221752831, 1.025039693413222652 ) ) ;
#525 = CARTESIAN_POINT ( 'NONE',  ( -15.83333333333333393, -0.7499999999999996669, 1.299038105676658006 ) ) ;
#526 = CARTESIAN_POINT ( 'NONE',  ( 19.85066772515768463, -0.5918069429221617384, -1.025039693413197783 ) ) ;
#527 = DIRECTION ( 'NONE',  ( 0.000000000000000000, -0.8660254037844389297, 0.4999999999999994449 ) ) ;
#528 = CARTESIAN_POINT ( 'NONE',  ( -18.72433227484231821, 1.183613885844321922, -0.6833597956087991143 ) ) ;
#529 = ORIENTED_EDGE ( 'NONE', *, *, #530, .T. ) ;
#530 = EDGE_CURVE ( 'NONE', #198, #3678, #3547, .T. ) ;
#531 = CARTESIAN_POINT ( 'NONE',  ( 16.87150105849101678, 0.5918069429221604061, -1.025039693413198227 ) ) ;
#532 = CARTESIAN_POINT ( 'NONE',  ( -19.66666666666666430, -0.7500000000000006661, -1.299038105676657784 ) ) ;
#533 = CARTESIAN_POINT ( 'NONE',  ( 18.90833333333333499, -1.499999999999999778, 0.8660254037844391517 ) ) ;
#534 = CARTESIAN_POINT ( 'NONE',  ( 15.04579325440319693, -1.531250000000000444, -0.8840675996966138595 ) ) ;
#535 = CARTESIAN_POINT ( 'NONE',  ( -15.09933227484231644, 0.5918069429221612943, 1.025039693413197783 ) ) ;
#536 = CARTESIAN_POINT ( 'NONE',  ( 17.77216878364867725, 1.500000000000000444, -6.155076448521550801E-13 ) ) ;
#537 = CARTESIAN_POINT ( 'NONE',  ( 15.80137552924550803, 0.7656250000000002220, 1.326101399544921566 ) ) ;
#538 = CARTESIAN_POINT ( 'NONE',  ( -16.50000000000000000, 1.500000000000000000, 0.000000000000000000 ) ) ;
#539 = CARTESIAN_POINT ( 'NONE',  ( -18.02362447075449481, 1.531249999999999556, -0.8840675996966153027 ) ) ;
#540 = CARTESIAN_POINT ( 'NONE',  ( 15.10066772515768641, 0.5918069429221612943, 1.025039693413197783 ) ) ;
#541 = AXIS2_PLACEMENT_3D ( 'NONE', #2045, #1625, #1179 ) ;
#542 = CARTESIAN_POINT ( 'NONE',  ( 18.43400105849102033, 0.5918069429221604061, -1.025039693413198227 ) ) ;
#543 = ORIENTED_EDGE ( 'NONE', *, *, #3907, .T. ) ;
#544 = VECTOR ( 'NONE', #5281, 1000.000000000000000 ) ;
#545 = CARTESIAN_POINT ( 'NONE',  ( -17.41183227484231466, -0.5918069429221617384, -1.025039693413197783 ) ) ;
#546 = CARTESIAN_POINT ( 'NONE',  ( -19.32849894150898251, 0.5918069429221604061, -1.025039693413198227 ) ) ;
#547 = CARTESIAN_POINT ( 'NONE',  ( -19.74804443177863433, 0.7577312923349039941, 1.100616193225277151 ) ) ;
#548 = CYLINDRICAL_SURFACE ( 'NONE', #4995, 1.500000000000000000 ) ;
#549 = CARTESIAN_POINT ( 'NONE',  ( -17.64099894150897896, 1.183613885844322589, 0.6833597956087983372 ) ) ;
#550 = CARTESIAN_POINT ( 'NONE',  ( -17.17783121635129717, -1.499999999999999556, 1.836970198721029688E-16 ) ) ;
#551 = EDGE_CURVE ( 'NONE', #5612, #1627, #4314, .T. ) ;
#552 = VERTEX_POINT ( 'NONE', #2486 ) ;
#553 = CARTESIAN_POINT ( 'NONE',  ( 17.45483439182435248, 1.183613885844322366, 0.000000000000000000 ) ) ;
#554 = LOCAL_TIME ( 15, 29, 5.000000000000000000, #3352 ) ;
#555 = CARTESIAN_POINT ( 'NONE',  ( 17.93400105849102033, 0.5918069429221604061, -1.025039693413198227 ) ) ;
#556 = CARTESIAN_POINT ( 'NONE',  ( -15.67783121635129007, -1.499999999999999334, 1.836970198721029194E-16 ) ) ;
#557 = CARTESIAN_POINT ( 'NONE',  ( -20.11254007893013451, -0.7656250000000006661, -1.326101399544921566 ) ) ;
#558 = AXIS2_PLACEMENT_3D ( 'NONE', #4481, #2260, #836 ) ;
#559 = CARTESIAN_POINT ( 'NONE',  ( -15.82849894150899850, 0.5918069429221747280, -1.025039693413223096 ) ) ;
#560 = EDGE_CURVE ( 'NONE', #1564, #3393, #1325, .T. ) ;
#561 = LINE ( 'NONE', #2404, #2313 ) ;
#562 = CARTESIAN_POINT ( 'NONE',  ( 19.93400105849102033, 0.5918069429221604061, -1.025039693413198227 ) ) ;
#563 = CARTESIAN_POINT ( 'NONE',  ( 20.00000000000000355, -1.125000000000000222, 1.948557158514985010 ) ) ;
#564 = CARTESIAN_POINT ( 'NONE',  ( -14.84933227484231466, -0.5918069429221617384, -1.025039693413197783 ) ) ;
#565 = ORIENTED_EDGE ( 'NONE', *, *, #2643, .T. ) ;
#566 = CARTESIAN_POINT ( 'NONE',  ( 17.03816772515768818, 0.5918069429221612943, 1.025039693413197783 ) ) ;
#567 = CARTESIAN_POINT ( 'NONE',  ( 16.85550211698172873, 0.7500000000002738920, 1.299038105677131849 ) ) ;
#568 = CARTESIAN_POINT ( 'NONE',  ( -20.00000000000000355, 0.000000000000000000, 0.000000000000000000 ) ) ;
#569 = CARTESIAN_POINT ( 'NONE',  ( 14.00412658773653263, -1.531250000000000000, 1.875240411194384668E-16 ) ) ;
#570 = CARTESIAN_POINT ( 'NONE',  ( -17.26599894150897896, 0.5918069429221604061, -1.025039693413198227 ) ) ;
#571 = CARTESIAN_POINT ( 'NONE',  ( -16.75000000000000355, -1.500000000000000000, 1.836970198721029934E-16 ) ) ;
#572 = CARTESIAN_POINT ( 'NONE',  ( 16.67637552924550803, 1.531249999999999556, -0.8840675996966153027 ) ) ;
#573 = DIRECTION ( 'NONE',  ( -1.000000000000000000, -4.814824860968088948E-33, -0.000000000000000000 ) ) ;
#574 = EDGE_CURVE ( 'NONE', #3345, #2037, #4178, .T. ) ;
#575 = CARTESIAN_POINT ( 'NONE',  ( -16.27362447075449126, -1.531249999999999556, 0.8840675996966148587 ) ) ;
#576 = CARTESIAN_POINT ( 'NONE',  ( 15.60066772515768641, 0.5918069429221612943, 1.025039693413197783 ) ) ;
#577 = CARTESIAN_POINT ( 'NONE',  ( 19.43400105849102033, 0.5918069429221604061, -1.025039693413198227 ) ) ;
#578 = ORIENTED_EDGE ( 'NONE', *, *, #5677, .F. ) ;
#579 = CARTESIAN_POINT ( 'NONE',  ( -18.45349894150897896, -1.183613885844322589, -0.6833597956087981151 ) ) ;
#580 = CARTESIAN_POINT ( 'NONE',  ( -18.99516560817564681, -1.183613885844322366, 1.449508956725610206E-16 ) ) ;
#581 = DIRECTION ( 'NONE',  ( -1.000000000000000000, -4.814824860968088948E-33, -0.000000000000000000 ) ) ;
#582 = CYLINDRICAL_SURFACE ( 'NONE', #3188, 1.500000000000000000 ) ;
#583 = CARTESIAN_POINT ( 'NONE',  ( -17.47433227484231466, -1.183613885844322366, 0.6833597956087990033 ) ) ;
#584 = FACE_OUTER_BOUND ( 'NONE', #4057, .T. ) ;
#585 = VERTEX_POINT ( 'NONE', #5342 ) ;
#586 = CARTESIAN_POINT ( 'NONE',  ( 18.99650105849102033, 1.183613885844322589, 0.6833597956087983372 ) ) ;
#587 = CARTESIAN_POINT ( 'NONE',  ( 16.22566772515768818, -1.183613885844322144, 0.6833597956087987813 ) ) ;
#588 = EDGE_CURVE ( 'NONE', #1060, #255, #1943, .T. ) ;
#589 = CARTESIAN_POINT ( 'NONE',  ( -19.91016698480942893, 2.249999999999998668, 0.8761487566112078351 ) ) ;
#590 = CARTESIAN_POINT ( 'NONE',  ( 13.70000000000000462, -0.9388651774495860858, -0.9075623503067151709 ) ) ;
#591 = DIRECTION ( 'NONE',  ( -1.000000000000000000, -4.814824860968088948E-33, -0.000000000000000000 ) ) ;
#592 = CARTESIAN_POINT ( 'NONE',  ( -16.16183227484232887, 0.5918069429221756161, 1.025039693413222430 ) ) ;
#593 = CARTESIAN_POINT ( 'NONE',  ( -15.25000000000000178, -1.500000000000000000, 1.836970198721029934E-16 ) ) ;
#594 = CARTESIAN_POINT ( 'NONE',  ( 19.64233439182435248, 8.368743863583045653E-17, 1.366719591217596896 ) ) ;
#595 = CARTESIAN_POINT ( 'NONE',  ( 16.69999999999999929, 1.500000000000000000, 0.000000000000000000 ) ) ;
#596 = CARTESIAN_POINT ( 'NONE',  ( -17.18266560817564681, 1.183613885844322366, 0.000000000000000000 ) ) ;
#597 = EDGE_LOOP ( 'NONE', ( #5773, #2538, #5070 ) ) ;
#598 = EDGE_CURVE ( 'NONE', #3067, #312, #729, .T. ) ;
#599 = CARTESIAN_POINT ( 'NONE',  ( 16.24650105849102033, -1.183613885844322589, -0.6833597956087981151 ) ) ;
#600 = AXIS2_PLACEMENT_3D ( 'NONE', #3689, #5494, #3272 ) ;
#601 = CARTESIAN_POINT ( 'NONE',  ( 15.99650105849100434, 1.183613885844347458, 0.6833597956088126590 ) ) ;
#602 = CARTESIAN_POINT ( 'NONE',  ( -16.76116454968462577, -0.7499999999999992228, 1.299038105676657340 ) ) ;
#603 = FACE_OUTER_BOUND ( 'NONE', #5206, .T. ) ;
#604 = CARTESIAN_POINT ( 'NONE',  ( -19.24516560817566457, 1.183613885844351010, 0.000000000000000000 ) ) ;
#605 = CARTESIAN_POINT ( 'NONE',  ( 18.61666666666666714, 0.7499999999999990008, -1.299038105676658672 ) ) ;
#606 = CARTESIAN_POINT ( 'NONE',  ( 16.50970886257884374, -1.531250000000000444, -0.8840675996966138595 ) ) ;
#607 =( NAMED_UNIT ( * ) SI_UNIT ( $, .STERADIAN. ) SOLID_ANGLE_UNIT ( ) );
#608 = CARTESIAN_POINT ( 'NONE',  ( -17.60695780408782696, -3.248011668595026887E-16, -1.768135199393228829 ) ) ;
#609 = CARTESIAN_POINT ( 'NONE',  ( 19.68400105849102033, -0.5918069429221609612, 1.025039693413198005 ) ) ;
#610 = EDGE_LOOP ( 'NONE', ( #1591, #282, #759, #1570 ) ) ;
#611 = CARTESIAN_POINT ( 'NONE',  ( -17.78683227484231466, 1.183613885844322144, -0.6833597956087991143 ) ) ;
#612 = CARTESIAN_POINT ( 'NONE',  ( -19.49516560817564681, -1.183613885844322366, 1.449508956725610206E-16 ) ) ;
#613 = CARTESIAN_POINT ( 'NONE',  ( 19.77713969925372339, 0.7251541010250812658, -1.144504660320933676 ) ) ;
#614 = CARTESIAN_POINT ( 'NONE',  ( 19.57197666680252013, 0.1116061493635737700, 1.302283750839348775 ) ) ;
#615 = CARTESIAN_POINT ( 'NONE',  ( -20.00000000000000355, 0.000000000000000000, 0.000000000000000000 ) ) ;
#616 = ORIENTED_EDGE ( 'NONE', *, *, #1532, .F. ) ;
#617 = CARTESIAN_POINT ( 'NONE',  ( 18.41316772515768463, 1.183613885844322144, -0.6833597956087991143 ) ) ;
#618 = CARTESIAN_POINT ( 'NONE',  ( 17.43400105849102033, 0.5918069429221604061, -1.025039693413198227 ) ) ;
#619 = CARTESIAN_POINT ( 'NONE',  ( 13.70000000000000107, -1.014678348274267394, -0.7989257110195832068 ) ) ;
#620 = CARTESIAN_POINT ( 'NONE',  ( 19.86957137658930606, 0.9978837168347454156, 1.050833053811033091 ) ) ;
#621 = CARTESIAN_POINT ( 'NONE',  ( -14.32849894150899672, 0.5918069429221747280, -1.025039693413223096 ) ) ;
#622 = CARTESIAN_POINT ( 'NONE',  ( -20.00000000000000355, -1.500000000000000000, 0.000000000000000000 ) ) ;
#623 = ORIENTED_EDGE ( 'NONE', *, *, #1474, .T. ) ;
#624 = CARTESIAN_POINT ( 'NONE',  ( -14.63616454968462577, -1.499999999999999778, -0.8660254037844378194 ) ) ;
#625 = CARTESIAN_POINT ( 'NONE',  ( -16.68266560817564681, 1.183613885844322366, 0.000000000000000000 ) ) ;
#626 = ORIENTED_EDGE ( 'NONE', *, *, #2053, .T. ) ;
#627 = CARTESIAN_POINT ( 'NONE',  ( 18.49650105849102033, 1.183613885844322589, 0.6833597956087983372 ) ) ;
#628 = CARTESIAN_POINT ( 'NONE',  ( 13.95483439182433827, 1.183613885844347235, 0.000000000000000000 ) ) ;
#629 = ADVANCED_FACE ( 'NONE', ( #2135 ), #2514, .T. ) ;
#630 = CARTESIAN_POINT ( 'NONE',  ( 15.50412658773653085, -1.531250000000000000, 1.875240411194384668E-16 ) ) ;
#631 = CARTESIAN_POINT ( 'NONE',  ( -14.84933227484231466, -0.5918069429221617384, -1.025039693413197783 ) ) ;
#632 = CARTESIAN_POINT ( 'NONE',  ( -19.89385010734709169, 0.01483850245055087433, 1.474707646686501006 ) ) ;
#633 = CARTESIAN_POINT ( 'NONE',  ( 18.71804219591217588, 1.531250000000000000, 0.000000000000000000 ) ) ;
#634 = CARTESIAN_POINT ( 'NONE',  ( -18.00000000000000000, 1.500000000000000000, 0.000000000000000000 ) ) ;
#635 = CARTESIAN_POINT ( 'NONE',  ( -14.98195780408782518, 1.531250000000000000, 0.000000000000000000 ) ) ;
#636 = CARTESIAN_POINT ( 'NONE',  ( 18.18400105849102033, -0.5918069429221609612, 1.025039693413198005 ) ) ;
#637 = ORIENTED_EDGE ( 'NONE', *, *, #1201, .T. ) ;
#638 = CARTESIAN_POINT ( 'NONE',  ( -14.41183227484231466, -0.5918069429221617384, -1.025039693413197783 ) ) ;
#639 = CARTESIAN_POINT ( 'NONE',  ( -18.28683227484231466, 1.183613885844322144, -0.6833597956087991143 ) ) ;
#640 = CARTESIAN_POINT ( 'NONE',  ( -19.63916411832142472, 0.01870806782112596767, 1.217552137448707050 ) ) ;
#641 = DIRECTION ( 'NONE',  ( 0.000000000000000000, -1.000000000000000000, 0.000000000000000000 ) ) ;
#642 = CARTESIAN_POINT ( 'NONE',  ( -16.26599894150898251, 0.5918069429221604061, -1.025039693413198227 ) ) ;
#643 = ORIENTED_EDGE ( 'NONE', *, *, #824, .F. ) ;
#644 = CARTESIAN_POINT ( 'NONE',  ( 16.99650105849101678, 1.183613885844322589, 0.6833597956087983372 ) ) ;
#645 = CARTESIAN_POINT ( 'NONE',  ( 15.85066772515768641, -0.5918069429221617384, -1.025039693413197783 ) ) ;
#646 = CONICAL_SURFACE ( 'NONE', #4722, 2.249999999999998668, 1.047197551196600074 ) ;
#647 = ORIENTED_EDGE ( 'NONE', *, *, #2599, .F. ) ;
#648 = DIRECTION ( 'NONE',  ( 0.000000000000000000, -1.000000000000000000, 0.000000000000000000 ) ) ;
#649 = CARTESIAN_POINT ( 'NONE',  ( -18.77920674559680236, -0.7656249999999996669, 1.326101399544921788 ) ) ;
#650 = CARTESIAN_POINT ( 'NONE',  ( -15.03683227484233065, -1.183613885844350788, 0.6833597956088155456 ) ) ;
#651 = CARTESIAN_POINT ( 'NONE',  ( 20.00000000000000355, 1.575000000000000178, 0.000000000000000000 ) ) ;
#652 = VERTEX_POINT ( 'NONE', #2161 ) ;
#653 = AXIS2_PLACEMENT_3D ( 'NONE', #3681, #5609, #4644 ) ;
#654 = ADVANCED_FACE ( 'NONE', ( #5789 ), #2623, .F. ) ;
#655 = CARTESIAN_POINT ( 'NONE',  ( -15.39099894150898074, -1.183613885844322589, -0.6833597956087981151 ) ) ;
#656 = EDGE_LOOP ( 'NONE', ( #4670, #972, #5185, #5458, #3713, #2378, #178 ) ) ;
#657 = CARTESIAN_POINT ( 'NONE',  ( 17.82983439182435603, -2.510623159074913942E-16, -1.366719591217596896 ) ) ;
#658 = B_SPLINE_CURVE_WITH_KNOTS ( 'NONE', 3,
 ( #5016, #952, #4576, #510 ),
 .UNSPECIFIED., .F., .F.,
 ( 4, 4 ),
 ( 2.380746839935051478E-07, 0.001314652396222794513 ),
 .UNSPECIFIED. ) ;
#659 = CARTESIAN_POINT ( 'NONE',  ( 14.24650105849100257, -1.183613885844347680, -0.6833597956088124370 ) ) ;
#660 = CARTESIAN_POINT ( 'NONE',  ( 18.37912658773653263, 1.082670556198342378E-16, 1.768135199393228829 ) ) ;
#661 = EDGE_CURVE ( 'NONE', #16, #1126, #2550, .T. ) ;
#662 = CARTESIAN_POINT ( 'NONE',  ( -18.99516560817566102, -1.183613885844351010, 1.449508956725645212E-16 ) ) ;
#663 = DIRECTION ( 'NONE',  ( 0.000000000000000000, -1.000000000000000000, 0.000000000000000000 ) ) ;
#664 = CARTESIAN_POINT ( 'NONE',  ( 16.63470886257884018, 0.7656249999999990008, -1.326101399544922455 ) ) ;
#665 = PERSON_AND_ORGANIZATION_ROLE ( 'design_supplier' ) ;
#666 = CARTESIAN_POINT ( 'NONE',  ( -13.70000000000000462, 3.033339662409895921E-32, 0.000000000000000000 ) ) ;
#667 = FACE_OUTER_BOUND ( 'NONE', #734, .T. ) ;
#668 =( BOUNDED_CURVE ( )  B_SPLINE_CURVE ( 2, ( #3507, #4303, #263, #3455, #234 ),
 .UNSPECIFIED., .F., .T. ) 
 B_SPLINE_CURVE_WITH_KNOTS ( ( 3, 2, 3 ),
 ( 2.681400976505476196E-17, 0.001291536601863387283, 0.002865021681893906939 ),
 .UNSPECIFIED. ) 
 CURVE ( )  GEOMETRIC_REPRESENTATION_ITEM ( )  RATIONAL_B_SPLINE_CURVE ( ( 0.9605902511428030532, 0.8900319444218018905, 1.000000000000000000, 0.8660254037844349329, 1.000000000000003775 ) ) 
 REPRESENTATION_ITEM ( '' )  );
#669 = ORIENTED_EDGE ( 'NONE', *, *, #5802, .F. ) ;
#670 = CARTESIAN_POINT ( 'NONE',  ( -13.74516560817564859, 1.183613885844322366, 0.000000000000000000 ) ) ;
#671 = CARTESIAN_POINT ( 'NONE',  ( -18.45349894150897896, -1.183613885844322589, -0.6833597956087981151 ) ) ;
#672 = CARTESIAN_POINT ( 'NONE',  ( -14.17783121635129717, -1.500000000000000444, 1.836970198721030674E-16 ) ) ;
#674 = EDGE_CURVE ( 'NONE', #1651, #4204, #3933, .T. ) ;
#673 = CARTESIAN_POINT ( 'NONE',  ( 19.92500000000006821, 1.922318825741512851E-31, 0.000000000000000000 ) ) ;
#675 = CARTESIAN_POINT ( 'NONE',  ( -15.34933227484231466, -0.5918069429221617384, -1.025039693413197783 ) ) ;
#676 = VERTEX_POINT ( 'NONE', #1682 ) ;
#677 = CARTESIAN_POINT ( 'NONE',  ( 15.14233439182435248, 8.368743863583045653E-17, 1.366719591217596896 ) ) ;
#678 = CARTESIAN_POINT ( 'NONE',  ( 15.76733439182435248, -1.183613885844322366, 1.449508956725610206E-16 ) ) ;
#679 = ORIENTED_EDGE ( 'NONE', *, *, #3721, .F. ) ;
#680 = CARTESIAN_POINT ( 'NONE',  ( 18.06383545031537707, -1.500000000000000666, -0.8660254037844381525 ) ) ;
#681 = CARTESIAN_POINT ( 'NONE',  ( -18.27920674559680236, -0.7656249999999996669, 1.326101399544921788 ) ) ;
#682 = PLANE ( 'NONE',  #3857 ) ;
#683 = CARTESIAN_POINT ( 'NONE',  ( -19.85969698631262759, -2.249999999999999112, 1.088909579293146912 ) ) ;
#684 = EDGE_LOOP ( 'NONE', ( #1912, #2895, #1990, #1678 ) ) ;
#685 = CARTESIAN_POINT ( 'NONE',  ( -18.96949788301859741, 1.499999999988582244, -0.8660254037910297686 ) ) ;
#686 = CARTESIAN_POINT ( 'NONE',  ( -15.18266560817564681, 1.183613885844322366, 0.000000000000000000 ) ) ;
#687 = ORIENTED_EDGE ( 'NONE', *, *, #1065, .F. ) ;
#688 = CARTESIAN_POINT ( 'NONE',  ( 18.16316772515768463, -1.183613885844322366, 0.6833597956087990033 ) ) ;
#689 = CARTESIAN_POINT ( 'NONE',  ( 14.06383545031508042, -1.500000000000689004, -0.8660254037846082387 ) ) ;
#690 = ADVANCED_FACE ( 'NONE', ( #844 ), #3758, .T. ) ;
#691 =( BOUNDED_CURVE ( )  B_SPLINE_CURVE ( 2, ( #2689, #2746, #4565, #5472, #471, #502, #3574 ),
 .UNSPECIFIED., .F., .T. ) 
 B_SPLINE_CURVE_WITH_KNOTS ( ( 3, 2, 2, 3 ),
 ( 0.2214020650262052969, 0.2333068269309671594, 0.2452115888357291329, 0.2571163507404909954 ),
 .UNSPECIFIED. ) 
 CURVE ( )  GEOMETRIC_REPRESENTATION_ITEM ( )  RATIONAL_B_SPLINE_CURVE ( ( 1.000000000000000000, 0.8660254037844387076, 1.000000000000000000, 0.8660254037844387076, 1.000000000000000000, 0.8660254037844387076, 1.000000000000000000 ) ) 
 REPRESENTATION_ITEM ( '' )  );
#692 = CARTESIAN_POINT ( 'NONE',  ( 15.12150105849100612, -0.5918069429221735067, 1.025039693413219544 ) ) ;
#693 = CARTESIAN_POINT ( 'NONE',  ( 16.33745992106986478, 0.7656250000000002220, 1.326101399544921566 ) ) ;
#694 = CARTESIAN_POINT ( 'NONE',  ( -13.76599894150898074, 0.5918069429221604061, -1.025039693413198227 ) ) ;
#695 = FACE_OUTER_BOUND ( 'NONE', #61, .T. ) ;
#696 = DATE_AND_TIME ( #1138, #3864 ) ;
#697 = CARTESIAN_POINT ( 'NONE',  ( -13.20850963113160326, -1.531250000000000222, -0.4975144795842779133 ) ) ;
#698 = CARTESIAN_POINT ( 'NONE',  ( 13.70000000000000462, -0.7929205089077125956, 0.8787598632829284329 ) ) ;
#699 = CARTESIAN_POINT ( 'NONE',  ( -14.32849894150898074, 0.5918069429221604061, -1.025039693413198227 ) ) ;
#700 = CARTESIAN_POINT ( 'NONE',  ( -16.45349894150898251, -1.183613885844322589, -0.6833597956087981151 ) ) ;
#701 = CARTESIAN_POINT ( 'NONE',  ( 19.79903810567666156, -2.249999999999998224, -1.299038105676658228 ) ) ;
#702 = DIRECTION ( 'NONE',  ( -1.000000000000000000, -4.814824860968088948E-33, -0.000000000000000000 ) ) ;
#703 = CARTESIAN_POINT ( 'NONE',  ( -14.51599894150898074, -0.5918069429221609612, 1.025039693413198005 ) ) ;
#704 = VERTEX_POINT ( 'NONE', #3802 ) ;
#705 = CARTESIAN_POINT ( 'NONE',  ( 13.76733439182435248, -1.183613885844322366, 1.449508956725610206E-16 ) ) ;
#706 = CARTESIAN_POINT ( 'NONE',  ( 18.35066772515768463, -0.5918069429221617384, -1.025039693413197783 ) ) ;
#707 = VERTEX_POINT ( 'NONE', #724 ) ;
#708 = CARTESIAN_POINT ( 'NONE',  ( 18.14716878364870922, -3.181725716174720991E-16, -1.732050807568877415 ) ) ;
#709 = CARTESIAN_POINT ( 'NONE',  ( -19.69587341226347021, -1.531250000000000000, 1.875240411194384668E-16 ) ) ;
#710 = LINE ( 'NONE', #231, #1120 ) ;
#711 = CARTESIAN_POINT ( 'NONE',  ( 14.89716878364870922, 1.060575238724909133E-16, 1.732050807568881190 ) ) ;
#712 = ORIENTED_EDGE ( 'NONE', *, *, #3819, .T. ) ;
#713 = CARTESIAN_POINT ( 'NONE',  ( 20.00000000000000355, 0.000000000000000000, 0.000000000000000000 ) ) ;
#714 = DIRECTION ( 'NONE',  ( 1.000000000000000000, 0.000000000000000000, 0.000000000000000000 ) ) ;
#715 = ORIENTED_EDGE ( 'NONE', *, *, #5295, .F. ) ;
#716 = CARTESIAN_POINT ( 'NONE',  ( 18.07983439182435603, 8.368743863583045653E-17, 1.366719591217596896 ) ) ;
#717 = CARTESIAN_POINT ( 'NONE',  ( 18.64233439182435248, 8.368743863583045653E-17, 1.366719591217596896 ) ) ;
#718 = CARTESIAN_POINT ( 'NONE',  ( 15.87150105849100612, 0.5918069429221729516, -1.025039693413219988 ) ) ;
#719 = ORIENTED_EDGE ( 'NONE', *, *, #4444, .F. ) ;
#720 = CARTESIAN_POINT ( 'NONE',  ( 16.54579325440319693, -1.531250000000000444, -0.8840675996966138595 ) ) ;
#721 = CARTESIAN_POINT ( 'NONE',  ( -14.39099894150898074, -1.183613885844322589, -0.6833597956087981151 ) ) ;
#722 = CARTESIAN_POINT ( 'NONE',  ( 20.00000000000000355, -1.124999999999998224, -1.948557158514986565 ) ) ;
#723 = CALENDAR_DATE ( 2026, 25, 6 ) ;
#724 = CARTESIAN_POINT ( 'NONE',  ( 18.94999999999999929, -1.500000000000000000, 1.836970198721029934E-16 ) ) ;
#725 = EDGE_CURVE ( 'NONE', #35, #1258, #3353, .T. ) ;
#726 = PLANE ( 'NONE',  #1847 ) ;
#727 = CARTESIAN_POINT ( 'NONE',  ( -15.57849894150898074, -0.5918069429221609612, 1.025039693413198005 ) ) ;
#728 = CARTESIAN_POINT ( 'NONE',  ( -16.12016560817564681, 8.368743863583045653E-17, 1.366719591217596896 ) ) ;
#729 = B_SPLINE_CURVE_WITH_KNOTS ( 'NONE', 3,
 ( #3118, #815, #4458, #395, #3057, #1760 ),
 .UNSPECIFIED., .F., .F.,
 ( 4, 2, 4 ),
 ( 0.001314652396222794079, 0.001969405109320600342, 0.002624157822418406606 ),
 .UNSPECIFIED. ) ;
#730 = FACE_OUTER_BOUND ( 'NONE', #378, .T. ) ;
#731 = CARTESIAN_POINT ( 'NONE',  ( -16.76599894150898251, 0.5918069429221604061, -1.025039693413198227 ) ) ;
#732 = VERTEX_POINT ( 'NONE', #4730 ) ;
#733 = CARTESIAN_POINT ( 'NONE',  ( 13.55900105849102033, 1.183613885844322589, 0.6833597956087983372 ) ) ;
#734 = EDGE_LOOP ( 'NONE', ( #1285, #5310, #2291, #3878, #5812, #5675 ) ) ;
#735 = CARTESIAN_POINT ( 'NONE',  ( 17.57499999999999929, -3.181725716174720991E-16, -1.732050807568877193 ) ) ;
#736 = CARTESIAN_POINT ( 'NONE',  ( -18.98754007893013451, 1.531249999999999556, -0.8840675996966153027 ) ) ;
#737 = EDGE_CURVE ( 'NONE', #2213, #2189, #1436, .T. ) ;
#738 = CARTESIAN_POINT ( 'NONE',  ( -20.00000000000000355, 1.500000000000000000, 1.836970198721029934E-16 ) ) ;
#739 = CYLINDRICAL_SURFACE ( 'NONE', #241, 1.500000000000000000 ) ;
#740 = VERTEX_POINT ( 'NONE', #355 ) ;
#741 = CARTESIAN_POINT ( 'NONE',  ( 14.19999999999999929, 1.500000000000000000, 0.000000000000000000 ) ) ;
#742 = CIRCLE ( 'NONE', #5191, 2.249999999999998224 ) ;
#743 = CARTESIAN_POINT ( 'NONE',  ( -13.84933227484231466, -0.5918069429221617384, -1.025039693413197783 ) ) ;
#744 = ORIENTED_EDGE ( 'NONE', *, *, #3740, .T. ) ;
#745 = CARTESIAN_POINT ( 'NONE',  ( 18.53816772515768463, 0.5918069429221612943, 1.025039693413197783 ) ) ;
#746 = DIRECTION ( 'NONE',  ( -1.000000000000000000, -4.814824860968088948E-33, -0.000000000000000000 ) ) ;
#747 = CARTESIAN_POINT ( 'NONE',  ( 17.95483439182433827, 1.183613885844347235, 0.000000000000000000 ) ) ;
#748 = ORIENTED_EDGE ( 'NONE', *, *, #3164, .F. ) ;
#749 = CARTESIAN_POINT ( 'NONE',  ( 16.25412658773652907, 1.531250000000000000, 0.000000000000000000 ) ) ;
#750 = CARTESIAN_POINT ( 'NONE',  ( 17.48050211698204137, -1.500000000000001554, 0.8660254037844404840 ) ) ;
#751 = APPROVAL_ROLE ( '' ) ;
#752 = CARTESIAN_POINT ( 'NONE',  ( -13.35695780408782873, 1.082670556198342378E-16, 1.768135199393228829 ) ) ;
#753 = CARTESIAN_POINT ( 'NONE',  ( -15.51116454968489755, 0.7500000000002332579, -1.299038105677064348 ) ) ;
#754 = CARTESIAN_POINT ( 'NONE',  ( -14.95349894150898074, -1.183613885844322589, -0.6833597956087981151 ) ) ;
#755 = CARTESIAN_POINT ( 'NONE',  ( -13.66183227484231466, 0.5918069429221612943, 1.025039693413197783 ) ) ;
#756 = EDGE_CURVE ( 'NONE', #2961, #2843, #3688, .T. ) ;
#757 = LINE ( 'NONE', #2564, #3563 ) ;
#758 = CARTESIAN_POINT ( 'NONE',  ( -15.97433227484231466, -1.183613885844322366, 0.6833597956087990033 ) ) ;
#759 = ORIENTED_EDGE ( 'NONE', *, *, #3698, .T. ) ;
#760 = CARTESIAN_POINT ( 'NONE',  ( 14.97566772515768641, 1.183613885844322144, -0.6833597956087991143 ) ) ;
#761 = ORIENTED_EDGE ( 'NONE', *, *, #3097, .T. ) ;
#762 = DIRECTION ( 'NONE',  ( -0.7071067811862460362, -0.7071067811868489983, 0.000000000000000000 ) ) ;
#763 = CARTESIAN_POINT ( 'NONE',  ( -19.86254007893013807, 0.7656250000000002220, 1.326101399544921566 ) ) ;
#764 = CARTESIAN_POINT ( 'NONE',  ( -16.12500000000000355, -3.181725716174720991E-16, -1.732050807568877193 ) ) ;
#765 = CARTESIAN_POINT ( 'NONE',  ( 18.77216878364870212, 1.499999999999999556, 0.000000000000000000 ) ) ;
#766 = ORIENTED_EDGE ( 'NONE', *, *, #1006, .F. ) ;
#767 = LINE ( 'NONE', #2600, #5438 ) ;
#768 = CARTESIAN_POINT ( 'NONE',  ( -14.59933227484231466, 0.5918069429221612943, 1.025039693413197783 ) ) ;
#769 = CARTESIAN_POINT ( 'NONE',  ( 19.91316772515768818, 1.183613885844322144, -0.6833597956087991143 ) ) ;
#770 = CARTESIAN_POINT ( 'NONE',  ( 18.76733439182435603, -1.183613885844322366, 1.449508956725610206E-16 ) ) ;
#771 = CARTESIAN_POINT ( 'NONE',  ( 16.70483439182433827, -1.183613885844347235, 1.449508956725640775E-16 ) ) ;
#772 = CARTESIAN_POINT ( 'NONE',  ( 17.17637552924550803, 1.531249999999999556, -0.8840675996966153027 ) ) ;
#773 = VERTEX_POINT ( 'NONE', #2149 ) ;
#774 =( BOUNDED_CURVE ( )  B_SPLINE_CURVE ( 2, ( #261, #2077, #2922, #3427, #4771, #2460, #3340 ),
 .UNSPECIFIED., .F., .F. ) 
 B_SPLINE_CURVE_WITH_KNOTS ( ( 3, 2, 2, 3 ),
 ( 0.3285449221794317642, 0.3404496840841937377, 0.3523544459889556002, 0.3642592078937175737 ),
 .UNSPECIFIED. ) 
 CURVE ( )  GEOMETRIC_REPRESENTATION_ITEM ( )  RATIONAL_B_SPLINE_CURVE ( ( 1.000000000000000000, 0.8660254037844387076, 1.000000000000000000, 0.8660254037844387076, 1.000000000000000000, 0.8660254037844387076, 1.000000000000000000 ) ) 
 REPRESENTATION_ITEM ( '' )  );
#775 = CARTESIAN_POINT ( 'NONE',  ( 18.08745992106986478, -0.7656250000000006661, -1.326101399544921566 ) ) ;
#776 = CARTESIAN_POINT ( 'NONE',  ( -19.72357432273497224, 0.2797148215789872494, -1.313705918288490704 ) ) ;
#777 = LINE ( 'NONE', #2585, #119 ) ;
#778 = CARTESIAN_POINT ( 'NONE',  ( -17.93266560817565036, -1.183613885844322366, 1.449508956725610206E-16 ) ) ;
#779 = AXIS2_PLACEMENT_3D ( 'NONE', #3279, #2376, #4182 ) ;
#780 = CARTESIAN_POINT ( 'NONE',  ( -18.34933227484231466, -0.5918069429221617384, -1.025039693413197783 ) ) ;
#781 = CARTESIAN_POINT ( 'NONE',  ( -15.78683227484231466, 1.183613885844322144, -0.6833597956087991143 ) ) ;
#782 = CARTESIAN_POINT ( 'NONE',  ( -20.00000000000000355, 1.500000000000000000, 1.836970198721029934E-16 ) ) ;
#783 = CARTESIAN_POINT ( 'NONE',  ( -19.94029113742115911, 1.531250000000000000, 0.8840675996966143035 ) ) ;
#784 = CARTESIAN_POINT ( 'NONE',  ( 13.51733439182435248, 1.183613885844322366, 0.000000000000000000 ) ) ;
#785 = CARTESIAN_POINT ( 'NONE',  ( 14.35066772515768641, -0.5918069429221617384, -1.025039693413197783 ) ) ;
#786 = B_SPLINE_CURVE_WITH_KNOTS ( 'NONE', 3,
 ( #4912, #848, #5029, #2801, #4619, #5462, #107, #1437, #4997, #9, #4970, #2335, #1891, #2771 ),
 .UNSPECIFIED., .F., .F.,
 ( 4, 2, 2, 2, 2, 2, 4 ),
 ( 0.000000000000000000, 0.0002834181314703118127, 0.0005668362629406236254, 0.001133672525881245516, 0.001417090657351556841, 0.001700508788821868383, 0.002267345051762491900 ),
 .UNSPECIFIED. ) ;
#787 = ORIENTED_EDGE ( 'NONE', *, *, #266, .T. ) ;
#788 = CARTESIAN_POINT ( 'NONE',  ( -19.37500000000000355, 1.060575238724906915E-16, 1.732050807568877193 ) ) ;
#789 = CARTESIAN_POINT ( 'NONE',  ( -14.82087341226346844, 1.082670556198342378E-16, 1.768135199393228829 ) ) ;
#790 = LINE ( 'NONE', #2134, #1294 ) ;
#791 = CARTESIAN_POINT ( 'NONE',  ( -20.09933227484231466, 0.5918069429221612943, 1.025039693413197783 ) ) ;
#792 = ORIENTED_EDGE ( 'NONE', *, *, #2496, .T. ) ;
#793 = CARTESIAN_POINT ( 'NONE',  ( -19.01116454968462577, 0.7499999999999983347, -1.299038105676657562 ) ) ;
#794 = CARTESIAN_POINT ( 'NONE',  ( -14.22433227484231288, 1.183613885844321922, -0.6833597956087991143 ) ) ;
#795 = CARTESIAN_POINT ( 'NONE',  ( 20.29135194955856036, -0.6541903772491910463, -1.113280088472807794 ) ) ;
#796 = CARTESIAN_POINT ( 'NONE',  ( -18.34449788301799700, 0.7500000000000318634, 1.299038105676712851 ) ) ;
#797 = CARTESIAN_POINT ( 'NONE',  ( -18.46949788301797568, 1.500000000000024647, -0.8660254037844538066 ) ) ;
#798 = CARTESIAN_POINT ( 'NONE',  ( -18.75000000000000355, -1.500000000000000000, 1.836970198721029934E-16 ) ) ;
#799 = EDGE_LOOP ( 'NONE', ( #4484, #2081, #3230, #3113 ) ) ;
#800 = CARTESIAN_POINT ( 'NONE',  ( 20.09064414547072985, -0.8463309083673414834, -1.440258648417211296 ) ) ;
#801 = CARTESIAN_POINT ( 'NONE',  ( -14.70833333333333570, -1.500000000000000222, -0.8660254037844381525 ) ) ;
#802 = EDGE_CURVE ( 'NONE', #1544, #1584, #3544, .T. ) ;
#803 = CARTESIAN_POINT ( 'NONE',  ( 19.79903810567666156, -2.249999999999998224, -1.299038105676658228 ) ) ;
#804 = CYLINDRICAL_SURFACE ( 'NONE', #1191, 1.500000000000000000 ) ;
#805 = EDGE_CURVE ( 'NONE', #3480, #4608, #4369, .T. ) ;
#806 = CARTESIAN_POINT ( 'NONE',  ( -19.68266560817564681, 1.183613885844322366, 0.000000000000000000 ) ) ;
#807 = CARTESIAN_POINT ( 'NONE',  ( -14.82849894150898074, 0.5918069429221604061, -1.025039693413198227 ) ) ;
#808 =( BOUNDED_CURVE ( )  B_SPLINE_CURVE ( 2, ( #136, #69, #2297, #5490, #1950, #103, #1499 ),
 .UNSPECIFIED., .F., .F. ) 
 B_SPLINE_CURVE_WITH_KNOTS ( ( 3, 2, 2, 3 ),
 ( 0.4714020650365746690, 0.4833068269413365869, 0.4952115888460985049, 0.5071163507508603674 ),
 .UNSPECIFIED. ) 
 CURVE ( )  GEOMETRIC_REPRESENTATION_ITEM ( )  RATIONAL_B_SPLINE_CURVE ( ( 1.000000000000000000, 0.8660254037844387076, 1.000000000000000000, 0.8660254037844387076, 1.000000000000000000, 0.8660254037844387076, 1.000000000000000000 ) ) 
 REPRESENTATION_ITEM ( '' )  );
#809 = PRODUCT_RELATED_PRODUCT_CATEGORY ( 'detail', '', ( #5622 ) ) ;
#810 = CARTESIAN_POINT ( 'NONE',  ( -18.27362447075449126, -1.531249999999999556, 0.8840675996966148587 ) ) ;
#811 = CARTESIAN_POINT ( 'NONE',  ( 13.97566772515768818, 1.183613885844322144, -0.6833597956087991143 ) ) ;
#812 = CARTESIAN_POINT ( 'NONE',  ( 16.05900105849102033, 1.183613885844322589, 0.6833597956087983372 ) ) ;
#813 = CARTESIAN_POINT ( 'NONE',  ( -15.32087341226347199, 1.082670556198342378E-16, 1.768135199393228829 ) ) ;
#814 = CARTESIAN_POINT ( 'NONE',  ( -20.00000000000000355, 0.000000000000000000, 0.000000000000000000 ) ) ;
#815 = CARTESIAN_POINT ( 'NONE',  ( 20.00000000000000000, 1.315951922094002580, -1.838311014891736095 ) ) ;
#816 = ORIENTED_EDGE ( 'NONE', *, *, #4597, .T. ) ;
#817 = CARTESIAN_POINT ( 'NONE',  ( 16.20483439182435248, -1.183613885844322366, 1.449508956725610206E-16 ) ) ;
#818 = CARTESIAN_POINT ( 'NONE',  ( -14.18266560817564681, 1.183613885844322366, 0.000000000000000000 ) ) ;
#819 = DIRECTION ( 'NONE',  ( 0.000000000000000000, 0.000000000000000000, -1.000000000000000000 ) ) ;
#820 = DIRECTION ( 'NONE',  ( -1.000000000000000000, -0.000000000000000000, -0.000000000000000000 ) ) ;
#821 = CARTESIAN_POINT ( 'NONE',  ( -13.70000000000000284, -1.081580055645507965, 0.9554949557913369196 ) ) ;
#822 = CARTESIAN_POINT ( 'NONE',  ( -17.99516560817566813, -1.183613885844351010, 1.449508956725645212E-16 ) ) ;
#824 = EDGE_CURVE ( 'NONE', #3026, #4608, #4892, .T. ) ;
#823 = CARTESIAN_POINT ( 'NONE',  ( 20.17637552924550803, 1.531249999999999556, -0.8840675996966153027 ) ) ;
#825 = VERTEX_POINT ( 'NONE', #1299 ) ;
#826 = CIRCLE ( 'NONE', #2345, 2.249999999999998224 ) ;
#827 = CARTESIAN_POINT ( 'NONE',  ( 19.92079325440320048, -0.7656249999999996669, 1.326101399544921788 ) ) ;
#828 = CARTESIAN_POINT ( 'NONE',  ( -15.50000000000000178, 1.500000000000000000, 0.000000000000000000 ) ) ;
#829 = CARTESIAN_POINT ( 'NONE',  ( -13.75000000000000355, -1.500000000000000000, 1.836970198721029934E-16 ) ) ;
#830 = VECTOR ( 'NONE', #2500, 1000.000000000000000 ) ;
#831 = CARTESIAN_POINT ( 'NONE',  ( -17.72433227484231466, 1.183613885844321922, -0.6833597956087991143 ) ) ;
#832 = EDGE_CURVE ( 'NONE', #312, #1158, #2216, .T. ) ;
#833 = APPROVAL_PERSON_ORGANIZATION ( #5634, #1861, #3439 ) ;
#834 = CARTESIAN_POINT ( 'NONE',  ( -17.97433227484231466, -1.183613885844322366, 0.6833597956087990033 ) ) ;
#835 = CARTESIAN_POINT ( 'NONE',  ( -13.99516560817564859, -1.183613885844322366, 1.449508956725610206E-16 ) ) ;
#836 = DIRECTION ( 'NONE',  ( 0.000000000000000000, -1.000000000000000000, 0.000000000000000000 ) ) ;
#837 = CARTESIAN_POINT ( 'NONE',  ( -14.09933227484231466, 0.5918069429221612943, 1.025039693413197783 ) ) ;
#838 = CARTESIAN_POINT ( 'NONE',  ( -20.00000000000000355, 0.000000000000000000, 0.000000000000000000 ) ) ;
#839 = CARTESIAN_POINT ( 'NONE',  ( 17.39233439182435248, -2.510623159074913942E-16, -1.366719591217596896 ) ) ;
#840 = VERTEX_POINT ( 'NONE', #1330 ) ;
#841 = LINE ( 'NONE', #391, #2164 ) ;
#842 = CARTESIAN_POINT ( 'NONE',  ( -16.19587341226347021, -1.531250000000000000, 1.875240411194384668E-16 ) ) ;
#843 = CARTESIAN_POINT ( 'NONE',  ( -20.00000000000000355, 1.500000000000000000, 1.836970198721029934E-16 ) ) ;
#844 = FACE_OUTER_BOUND ( 'NONE', #1843, .T. ) ;
#845 = ORIENTED_EDGE ( 'NONE', *, *, #574, .T. ) ;
#846 = CARTESIAN_POINT ( 'NONE',  ( 14.28816772515768641, -0.5918069429221617384, -1.025039693413197783 ) ) ;
#847 = CYLINDRICAL_SURFACE ( 'NONE', #2492, 1.500000000000000000 ) ;
#848 = CARTESIAN_POINT ( 'NONE',  ( 19.62288515689296986, 0.3990483825774139293, 1.133342777274584101 ) ) ;
#849 = CARTESIAN_POINT ( 'NONE',  ( 18.28333333333333144, 0.7500000000000002220, 1.299038105676657784 ) ) ;
#850 = CARTESIAN_POINT ( 'NONE',  ( 16.57499999999999929, -3.181725716174720991E-16, -1.732050807568877193 ) ) ;
#851 = CARTESIAN_POINT ( 'NONE',  ( -17.07849894150899672, -0.5918069429221752831, 1.025039693413222652 ) ) ;
#852 = LINE ( 'NONE', #1655, #3534 ) ;
#853 = CARTESIAN_POINT ( 'NONE',  ( -17.80283121635153876, 1.060575238725207298E-16, 1.732050807569367690 ) ) ;
#854 = VERTEX_POINT ( 'NONE', #5750 ) ;
#855 = EDGE_CURVE ( 'NONE', #427, #1204, #1525, .T. ) ;
#856 = CARTESIAN_POINT ( 'NONE',  ( 19.08745992106986478, -0.7656250000000006661, -1.326101399544921566 ) ) ;
#857 = CARTESIAN_POINT ( 'NONE',  ( -20.00000000000000355, 0.000000000000000000, 0.000000000000000000 ) ) ;
#858 = CARTESIAN_POINT ( 'NONE',  ( -20.00000000000000355, -2.249999999999998668, -0.2199382128684911064 ) ) ;
#859 = CARTESIAN_POINT ( 'NONE',  ( -18.01599894150897896, -0.5918069429221609612, 1.025039693413198005 ) ) ;
#860 = CARTESIAN_POINT ( 'NONE',  ( -17.68266560817565036, 1.183613885844322366, 0.000000000000000000 ) ) ;
#861 = CARTESIAN_POINT ( 'NONE',  ( -15.16183227484231644, 0.5918069429221612943, 1.025039693413197783 ) ) ;
#862 = CARTESIAN_POINT ( 'NONE',  ( 16.05137552924550803, -0.7656250000000006661, -1.326101399544921566 ) ) ;
#863 =( BOUNDED_CURVE ( )  B_SPLINE_CURVE ( 2, ( #5583, #2795, #5553, #3266, #4134, #1883, #1497 ),
 .UNSPECIFIED., .F., .F. ) 
 B_SPLINE_CURVE_WITH_KNOTS ( ( 3, 2, 2, 3 ),
 ( 0.01840721648539892646, 0.01997731987903152151, 0.02154742327266411656, 0.02311752666629672548 ),
 .UNSPECIFIED. ) 
 CURVE ( )  GEOMETRIC_REPRESENTATION_ITEM ( )  RATIONAL_B_SPLINE_CURVE ( ( 1.000000000000000000, 0.8660254037844388186, 1.000000000000000000, 0.8660254037844388186, 1.000000000000000000, 0.8660254037844326014, 1.000000000000006217 ) ) 
 REPRESENTATION_ITEM ( '' )  );
#864 = CARTESIAN_POINT ( 'NONE',  ( 19.92499999999678550, -1.422792206124831926, 0.4750393017222680481 ) ) ;
#865 = CARTESIAN_POINT ( 'NONE',  ( -19.39862447075449481, 0.7656250000000002220, 1.326101399544921566 ) ) ;
#866 = ORIENTED_EDGE ( 'NONE', *, *, #3375, .T. ) ;
#867 = CARTESIAN_POINT ( 'NONE',  ( 15.43400105849102033, 0.5918069429221604061, -1.025039693413198227 ) ) ;
#868 = ORIENTED_EDGE ( 'NONE', *, *, #588, .T. ) ;
#869 = AXIS2_PLACEMENT_3D ( 'NONE', #5068, #4746, #5132 ) ;
#870 = CARTESIAN_POINT ( 'NONE',  ( -19.87016560817564681, -2.510623159074913942E-16, -1.366719591217596896 ) ) ;
#871 = CARTESIAN_POINT ( 'NONE',  ( -17.15420674559680236, -1.531250000000000444, -0.8840675996966138595 ) ) ;
#872 = CARTESIAN_POINT ( 'NONE',  ( 19.61841801349772041, -0.6385715958046068730, 1.015627942527533190 ) ) ;
#873 = CARTESIAN_POINT ( 'NONE',  ( 18.07983439182433827, 8.368743863583221914E-17, 1.366719591217625984 ) ) ;
#874 = CARTESIAN_POINT ( 'NONE',  ( -19.93266560817564681, -1.183613885844322366, 1.449508956725610206E-16 ) ) ;
#875 = EDGE_CURVE ( 'NONE', #2055, #316, #2139, .T. ) ;
#876 = ORIENTED_EDGE ( 'NONE', *, *, #5731, .T. ) ;
#877 = CARTESIAN_POINT ( 'NONE',  ( 14.87150105849102033, 0.5918069429221604061, -1.025039693413198227 ) ) ;
#878 = CARTESIAN_POINT ( 'NONE',  ( 13.85066772515768641, -0.5918069429221617384, -1.025039693413197783 ) ) ;
#879 = CARTESIAN_POINT ( 'NONE',  ( -20.00000000000000355, -1.500000000000000000, 0.000000000000000000 ) ) ;
#880 = CARTESIAN_POINT ( 'NONE',  ( 19.68883545031536997, 0.7500000000000014433, -1.299038105676662447 ) ) ;
#881 = CARTESIAN_POINT ( 'NONE',  ( -16.70349894150899672, 1.183613885844351010, 0.6833597956088148795 ) ) ;
#882 = CARTESIAN_POINT ( 'NONE',  ( 19.79903810567666156, -2.249999999999999112, 1.299038105676656674 ) ) ;
#883 = CARTESIAN_POINT ( 'NONE',  ( 17.18883545031537352, 0.7499999999999996669, -1.299038105676659782 ) ) ;
#884 = VERTEX_POINT ( 'NONE', #1243 ) ;
#885 = CARTESIAN_POINT ( 'NONE',  ( 19.29579325440319693, 1.531250000000000000, 0.8840675996966143035 ) ) ;
#886 = LINE ( 'NONE', #85, #2910 ) ;
#887 = CARTESIAN_POINT ( 'NONE',  ( 19.98106444340220023, 2.249999999999998668, -0.4381466646733232495 ) ) ;
#888 = CARTESIAN_POINT ( 'NONE',  ( -19.72433227484231466, 1.183613885844322144, -0.6833597956087991143 ) ) ;
#889 = FACE_OUTER_BOUND ( 'NONE', #5115, .T. ) ;
#890 = CARTESIAN_POINT ( 'NONE',  ( 15.50970886257884374, -1.531250000000000444, -0.8840675996966138595 ) ) ;
#891 = CARTESIAN_POINT ( 'NONE',  ( -17.16666666666667140, -0.7500000000000006661, -1.299038105676657784 ) ) ;
#892 = ADVANCED_FACE ( 'NONE', ( #3919 ), #3227, .T. ) ;
#893 = CARTESIAN_POINT ( 'NONE',  ( -13.43266560817564859, -1.183613885844322366, 1.449508956725610206E-16 ) ) ;
#894 = CARTESIAN_POINT ( 'NONE',  ( 14.85066772515768641, -0.5918069429221617384, -1.025039693413197783 ) ) ;
#895 = CARTESIAN_POINT ( 'NONE',  ( 17.76733439182435248, -1.183613885844322366, 1.449508956725610206E-16 ) ) ;
#896 =( BOUNDED_CURVE ( )  B_SPLINE_CURVE ( 2, ( #1965, #1516, #1933, #5105, #1546, #5597, #2025, #3855, #628, #5572, #3826, #1161, #2960, #4249, #2931, #659, #3317, #5136, #4751, #4662, #1481, #4217, #4778, #4691, #5659, #1606, #5628, #2411, #1133, #180, #3408, #1074, #3347, #4186, #3733, #2437, #692, #1996, #240, #5165, #5538, #3795, #1103, #1577, #1044, #2897, #2495, #2466, #5192, #4279, #209, #3378, #4308, #2054, #718, #5221, #120, #601, #3285, #151, #3768, #2142, #4389, #3117, #458, #2987, #425, #2267, #3015, #3434, #1215, #2113, #322, #5270, #771, #5248, #3, #3619, #4834, #1634, #1817, #1372, #3459, #3884, #2578, #1187, #5741, #3486, #3940, #3914, #2676, #4335, #5714, #2085, #4991, #1663, #4806, #1690, #5369, #2554, #5691, #5425, #4936, #3173, #747, #4364, #1314, #873, #296, #3146, #4489, #4965, #5848, #2526, #2241, #1788, #4044, #3589, #5397, #271, #1344, #900, #2702, #4517, #4073, #101, #1430, #1463, #4168, #1848, #4103, #989, #1948, #2764, #1916, #4580, #2731, #515, #3780, #3717, #2859, #2363, #4645, #614, #3234 ),
 .UNSPECIFIED., .F., .T. ) 
 B_SPLINE_CURVE_WITH_KNOTS ( ( 3, 2, 2, 2, 2, 2, 2, 2, 2, 2, 2, 2, 2, 2, 2, 2, 2, 2, 2, 2, 2, 2, 2, 2, 2, 2, 2, 2, 2, 2, 2, 2, 2, 2, 2, 2, 2, 2, 2, 2, 2, 2, 2, 2, 2, 2, 2, 2, 2, 2, 2, 2, 2, 2, 2, 2, 2, 2, 2, 2, 2, 2, 2, 2, 2, 2, 2, 2, 2, 2, 2, 2, 3 ),
 ( 0.03596624188774884961, 0.03676570531269823805, 0.04902094041693080828, 0.06127617552116337851, 0.07353141062539594874, 0.08578664572962851897, 0.09804188083386108921, 0.1102971159380936594, 0.1225523510423262297, 0.1348075861465588277, 0.1470628212507913701, 0.1593180563550239681, 0.1715732914592565383, 0.1838285265634891086, 0.1960837616677216788, 0.2083389967719542768, 0.2205942318761867915, 0.2328494669804193895, 0.2451047020846519597, 0.2573599371888845577, 0.2696151722931171002, 0.2818704073973496982, 0.2941256425015821852, 0.3063808776058147831, 0.3186361127100473811, 0.3308913478142799791, 0.3431465829185124661, 0.3554018180227450641, 0.3676570531269776620, 0.3799122882312102600, 0.3921675233354428025, 0.4044227584396753450, 0.4166779935439079430, 0.4289332286481405410, 0.4411884637523730834, 0.4534436988566056259, 0.4656989339608382239, 0.4779541690650708219, 0.4902094041693033644, 0.5024646392735360179, 0.5147198743777685603, 0.5269751094820011028, 0.5392303445862337563, 0.5514855796904662988, 0.5637408147946989523, 0.5759960498989313837, 0.5882512850031640372, 0.6005065201073965797, 0.6127617552116291222, 0.6250169903158616647, 0.6372722254200943182, 0.6495274605243268606, 0.6617826956285594031, 0.6740379307327919456, 0.6862931658370245991, 0.6985484009412571416, 0.7108036360454896840, 0.7230588711497222265, 0.7353141062539549910, 0.7475693413581874225, 0.7598245764624200760, 0.7720798115666526185, 0.7843350466708850499, 0.7965902817751177034, 0.8088455168793503569, 0.8211007519835828994, 0.8333559870878154419, 0.8456112221920479843, 0.8578664572962805268, 0.8701216924005131803, 0.8823769275047457228, 0.8946321626089783763, 0.9048339952550183973 ),
 .UNSPECIFIED. ) 
 CURVE ( )  GEOMETRIC_REPRESENTATION_ITEM ( )  RATIONAL_B_SPLINE_CURVE ( ( 0.9836607503979373224, 0.9912602419589884306, 1.000000000000000000, 0.8660254037844387076, 1.000000000000000000, 0.8660254037844387076, 1.000000000000000000, 0.8660254037844387076, 1.000000000000000000, 0.8660254037844387076, 1.000000000000000000, 0.8660254037844387076, 1.000000000000000000, 0.8660254037844387076, 1.000000000000000000, 0.8660254037844387076, 1.000000000000000000, 0.8660254037844387076, 1.000000000000000000, 0.8660254037844387076, 1.000000000000000000, 0.8660254037844387076, 1.000000000000000000, 0.8660254037844387076, 1.000000000000000000, 0.8660254037844387076, 1.000000000000000000, 0.8660254037844387076, 1.000000000000000000, 0.8660254037844387076, 1.000000000000000000, 0.8660254037844387076, 1.000000000000000000, 0.8660254037844387076, 1.000000000000000000, 0.8660254037844387076, 1.000000000000000000, 0.8660254037844387076, 1.000000000000000000, 0.8660254037844387076, 1.000000000000000000, 0.8660254037844387076, 1.000000000000000000, 0.8660254037844387076, 1.000000000000000000, 0.8660254037844387076, 1.000000000000000000, 0.8660254037844387076, 1.000000000000000000, 0.8660254037844387076, 1.000000000000000000, 0.8660254037844387076, 1.000000000000000000, 0.8660254037844387076, 1.000000000000000000, 0.8660254037844387076, 1.000000000000000000, 0.8660254037844387076, 1.000000000000000000, 0.8660254037844387076, 1.000000000000000000, 0.8660254037844387076, 1.000000000000000000, 0.8660254037844387076, 1.000000000000000000, 0.8660254037844387076, 1.000000000000000000, 0.8660254037844387076, 1.000000000000000000, 0.8660254037844387076, 1.000000000000000000, 0.8660254037844387076, 1.000000000000000000, 0.8660254037844387076, 1.000000000000000000, 0.8660254037844387076, 1.000000000000000000, 0.8660254037844387076, 1.000000000000000000, 0.8660254037844387076, 1.000000000000000000, 0.8660254037844387076, 1.000000000000000000, 0.8660254037844387076, 1.000000000000000000, 0.8660254037844387076, 1.000000000000000000, 0.8660254037844387076, 1.000000000000000000, 0.8660254037844387076, 1.000000000000000000, 0.8660254037844387076, 1.000000000000000000, 0.8660254037844387076, 1.000000000000000000, 0.8660254037844387076, 1.000000000000000000, 0.8660254037844387076, 1.000000000000000000, 0.8660254037844387076, 1.000000000000000000, 0.8660254037844387076, 1.000000000000000000, 0.8660254037844387076, 1.000000000000000000, 0.8660254037844387076, 1.000000000000000000, 0.8660254037844387076, 1.000000000000000000, 0.8660254037844387076, 1.000000000000000000, 0.8660254037844387076, 1.000000000000000000, 0.8660254037844387076, 1.000000000000000000, 0.8660254037844387076, 1.000000000000000000, 0.8660254037844387076, 1.000000000000000000, 0.8660254037844387076, 1.000000000000000000, 0.8660254037844387076, 1.000000000000000000, 0.8660254037844387076, 1.000000000000000000, 0.8660254037844387076, 1.000000000000000000, 0.8660254037844387076, 1.000000000000000000, 0.8660254037844387076, 1.000000000000000000, 0.8660254037844387076, 1.000000000000000000, 0.8660254037844387076, 1.000000000000000000, 0.8660254037844387076, 1.000000000000000000, 0.8660254037844387076, 1.000000000000000000, 0.8660254037844387076, 1.000000000000000000, 0.8660254037844387076, 1.000000000000000000, 0.8884732607912263491, 0.9626267014059333160 ) ) 
 REPRESENTATION_ITEM ( '' )  );
#897 = CARTESIAN_POINT ( 'NONE',  ( -20.03683227484231111, -1.183613885844322366, 0.6833597956087990033 ) ) ;
#898 = CARTESIAN_POINT ( 'NONE',  ( -14.57087341226347021, -3.248011668595026887E-16, -1.768135199393228829 ) ) ;
#899 = CARTESIAN_POINT ( 'NONE',  ( 19.60861388584432774, -0.4087657049953949406, 1.110789102027524899 ) ) ;
#900 = CARTESIAN_POINT ( 'NONE',  ( 18.66316772515767397, -1.183613885844347235, 0.6833597956088133252 ) ) ;
#901 = CARTESIAN_POINT ( 'NONE',  ( -19.14099894150898251, 1.183613885844322589, 0.6833597956087983372 ) ) ;
#902 = ORIENTED_EDGE ( 'NONE', *, *, #284, .F. ) ;
#903 = CARTESIAN_POINT ( 'NONE',  ( 16.62150105849102033, -0.5918069429221609612, 1.025039693413198005 ) ) ;
#904 = CARTESIAN_POINT ( 'NONE',  ( 14.60066772515768641, 0.5918069429221612943, 1.025039693413197783 ) ) ;
#905 = EDGE_CURVE ( 'NONE', #3870, #4828, #3337, .T. ) ;
#906 = CARTESIAN_POINT ( 'NONE',  ( -15.50000000000000178, 1.500000000000000000, 0.000000000000000000 ) ) ;
#907 = CARTESIAN_POINT ( 'NONE',  ( -20.00000000000000355, -2.249999999999998668, -7.511572993685794170E-16 ) ) ;
#908 = CARTESIAN_POINT ( 'NONE',  ( 16.69999999999999929, 1.500000000000000000, 0.000000000000000000 ) ) ;
#909 = CARTESIAN_POINT ( 'NONE',  ( -18.12016560817566813, 8.368743863583247799E-17, 1.366719591217629981 ) ) ;
#910 = CARTESIAN_POINT ( 'NONE',  ( 15.32499999999999574, 1.060575238724906915E-16, 1.732050807568877193 ) ) ;
#911 = CARTESIAN_POINT ( 'NONE',  ( -20.00000000000000355, 0.000000000000000000, 0.000000000000000000 ) ) ;
#912 = EDGE_LOOP ( 'NONE', ( #500, #3731, #3341, #4330, #3633, #1268 ) ) ;
#913 = CARTESIAN_POINT ( 'NONE',  ( 19.79579325440320048, 1.531250000000000000, 0.8840675996966143035 ) ) ;
#914 = CARTESIAN_POINT ( 'NONE',  ( -14.25000000000000178, -1.500000000000000000, 1.836970198721029934E-16 ) ) ;
#915 = DIRECTION ( 'NONE',  ( -1.000000000000000000, 0.000000000000000000, 0.000000000000000000 ) ) ;
#916 = CARTESIAN_POINT ( 'NONE',  ( -16.18266560817564681, 1.183613885844322366, 0.000000000000000000 ) ) ;
#917 = CARTESIAN_POINT ( 'NONE',  ( -14.41666666666666963, 0.7500000000000002220, 1.299038105676657784 ) ) ;
#918 = CARTESIAN_POINT ( 'NONE',  ( 14.25970886257884018, 1.531250000000000000, 0.8840675996966143035 ) ) ;
#919 = CARTESIAN_POINT ( 'NONE',  ( -13.76116454968462754, -0.7499999999999998890, 1.299038105676658450 ) ) ;
#920 = VECTOR ( 'NONE', #3190, 1000.000000000000000 ) ;
#921 = CARTESIAN_POINT ( 'NONE',  ( -17.19029113742115555, -1.531250000000000444, -0.8840675996966138595 ) ) ;
#922 = CARTESIAN_POINT ( 'NONE',  ( 17.22566772515768463, -1.183613885844322366, 0.6833597956087990033 ) ) ;
#923 = CARTESIAN_POINT ( 'NONE',  ( 16.51733439182435248, 1.183613885844322366, 0.000000000000000000 ) ) ;
#924 = EDGE_CURVE ( 'NONE', #4993, #5782, #777, .T. ) ;
#925 = VERTEX_POINT ( 'NONE', #2719 ) ;
#926 = CARTESIAN_POINT ( 'NONE',  ( -16.12016560817564681, 8.368743863583045653E-17, 1.366719591217596896 ) ) ;
#927 = CARTESIAN_POINT ( 'NONE',  ( -14.32087341226347199, 1.082670556198342378E-16, 1.768135199393228829 ) ) ;
#928 = DIRECTION ( 'NONE',  ( -1.000000000000000000, -4.814824860968088948E-33, -0.000000000000000000 ) ) ;
#929 = CARTESIAN_POINT ( 'NONE',  ( 14.07500000000000107, -3.181725716174720991E-16, -1.732050807568877193 ) ) ;
#930 = CARTESIAN_POINT ( 'NONE',  ( -17.51599894150897896, -0.5918069429221609612, 1.025039693413198005 ) ) ;
#931 = ORIENTED_EDGE ( 'NONE', *, *, #1798, .T. ) ;
#932 = CARTESIAN_POINT ( 'NONE',  ( 16.32983439182435248, -2.510623159074913942E-16, -1.366719591217596896 ) ) ;
#933 = CARTESIAN_POINT ( 'NONE',  ( 13.73524841820260711, -1.183613885844322366, 0.5262303450255528814 ) ) ;
#934 = FACE_OUTER_BOUND ( 'NONE', #3079, .T. ) ;
#935 = DIRECTION ( 'NONE',  ( -1.000000000000000000, -4.814824860968088948E-33, -0.000000000000000000 ) ) ;
#936 = CARTESIAN_POINT ( 'NONE',  ( -18.67783121635033083, -1.499999999999999778, -1.993387071016027013E-11 ) ) ;
#937 = CARTESIAN_POINT ( 'NONE',  ( -16.49516560817566102, -1.183613885844351010, 1.449508956725645212E-16 ) ) ;
#938 = CARTESIAN_POINT ( 'NONE',  ( 13.77216878364870745, 1.500000000000000000, 0.000000000000000000 ) ) ;
#939 = CARTESIAN_POINT ( 'NONE',  ( 19.18400105849102033, -0.5918069429221609612, 1.025039693413198005 ) ) ;
#940 = CARTESIAN_POINT ( 'NONE',  ( -19.91666666666666430, 0.7500000000000002220, 1.299038105676657784 ) ) ;
#941 = ORIENTED_EDGE ( 'NONE', *, *, #4632, .T. ) ;
#942 = CONICAL_SURFACE ( 'NONE', #5682, 2.249999999999998668, 1.047197551196600074 ) ;
#943 = CARTESIAN_POINT ( 'NONE',  ( 15.62150105849102033, -0.5918069429221609612, 1.025039693413198005 ) ) ;
#944 = CARTESIAN_POINT ( 'NONE',  ( 19.79903810567666156, -1.620551435518700907E-15, 2.598076211353314680 ) ) ;
#945 = CARTESIAN_POINT ( 'NONE',  ( 20.00000000000000355, -1.524864949371779562E-15, 2.598076211353314680 ) ) ;
#946 = CARTESIAN_POINT ( 'NONE',  ( 15.58745992106986478, -0.7656250000000006661, -1.326101399544921566 ) ) ;
#947 = CARTESIAN_POINT ( 'NONE',  ( -15.51599894150898074, -0.5918069429221609612, 1.025039693413198005 ) ) ;
#948 = CARTESIAN_POINT ( 'NONE',  ( -16.83333333333333570, -0.7499999999999996669, 1.299038105676658006 ) ) ;
#949 = CARTESIAN_POINT ( 'NONE',  ( 14.71804219591217588, 1.531250000000000000, 0.000000000000000000 ) ) ;
#950 = CARTESIAN_POINT ( 'NONE',  ( -15.94029113742115911, 1.531250000000000000, 0.8840675996966143035 ) ) ;
#951 = CARTESIAN_POINT ( 'NONE',  ( 17.43400105849102033, 0.5918069429221604061, -1.025039693413198227 ) ) ;
#952 = CARTESIAN_POINT ( 'NONE',  ( -19.92172769284587730, -1.881931238497226211, 1.511542704210575350 ) ) ;
#953 = EDGE_LOOP ( 'NONE', ( #4879, #2269, #1141, #4378, #2183, #1657, #4823, #2779 ) ) ;
#954 = CARTESIAN_POINT ( 'NONE',  ( -17.82849894150897896, 0.5918069429221604061, -1.025039693413198227 ) ) ;
#955 = CARTESIAN_POINT ( 'NONE',  ( -20.03683227484231111, -1.183613885844322366, 0.6833597956087990033 ) ) ;
#956 = CARTESIAN_POINT ( 'NONE',  ( 14.35550211698175538, 0.7500000000002478018, 1.299038105677086330 ) ) ;
#957 = DIRECTION ( 'NONE',  ( 1.000000000000000000, 0.000000000000000000, 0.000000000000000000 ) ) ;
#958 = CARTESIAN_POINT ( 'NONE',  ( -18.80766560817564681, -2.510623159074913942E-16, -1.366719591217596896 ) ) ;
#959 = CARTESIAN_POINT ( 'NONE',  ( 18.35550211698201650, 0.7500000000000222045, 1.299038105676696198 ) ) ;
#960 = ORIENTED_EDGE ( 'NONE', *, *, #2551, .T. ) ;
#961 = CARTESIAN_POINT ( 'NONE',  ( 17.07983439182435248, 8.368743863583045653E-17, 1.366719591217596896 ) ) ;
#962 = DIRECTION ( 'NONE',  ( 0.000000000000000000, 0.000000000000000000, 1.000000000000000000 ) ) ;
#963 = AXIS2_PLACEMENT_3D ( 'NONE', #5347, #372, #3994 ) ;
#964 = CARTESIAN_POINT ( 'NONE',  ( -15.66666666666666607, -0.7500000000000006661, -1.299038105676657784 ) ) ;
#965 = CARTESIAN_POINT ( 'NONE',  ( -17.92783121635130783, 1.499999999999999334, -1.678657213233208416E-13 ) ) ;
#966 = CARTESIAN_POINT ( 'NONE',  ( 16.44999999999999929, -1.500000000000000000, 1.836970198721029934E-16 ) ) ;
#967 = CARTESIAN_POINT ( 'NONE',  ( -15.95349894150899850, -1.183613885844351232, -0.6833597956088146574 ) ) ;
#968 = CARTESIAN_POINT ( 'NONE',  ( -19.75000000000000000, -1.500000000000000000, 1.836970198721029934E-16 ) ) ;
#969 = CARTESIAN_POINT ( 'NONE',  ( 19.26733439182435603, -1.183613885844322366, 1.449508956725610206E-16 ) ) ;
#970 = DIRECTION ( 'NONE',  ( -1.000000000000000000, -4.814824860968088948E-33, -0.000000000000000000 ) ) ;
#971 = CARTESIAN_POINT ( 'NONE',  ( -19.05766560817564681, 8.368743863583045653E-17, 1.366719591217596896 ) ) ;
#972 = ORIENTED_EDGE ( 'NONE', *, *, #4790, .T. ) ;
#973 = CARTESIAN_POINT ( 'NONE',  ( 16.41316772515768818, 1.183613885844322144, -0.6833597956087991143 ) ) ;
#974 = CARTESIAN_POINT ( 'NONE',  ( 16.93883545031505733, -0.7500000000002733369, 1.299038105677132071 ) ) ;
#975 = CARTESIAN_POINT ( 'NONE',  ( -17.75000000000000355, -1.500000000000000000, 1.836970198721029934E-16 ) ) ;
#976 = CARTESIAN_POINT ( 'NONE',  ( 14.46245992106986478, -1.531249999999999556, 0.8840675996966148587 ) ) ;
#977 = EDGE_CURVE ( 'NONE', #3026, #4772, #3033, .T. ) ;
#978 = CARTESIAN_POINT ( 'NONE',  ( -15.22433227484231821, 1.183613885844322144, -0.6833597956087991143 ) ) ;
#979 = CARTESIAN_POINT ( 'NONE',  ( -14.50000000000000178, 1.500000000000000000, 0.000000000000000000 ) ) ;
#980 = CARTESIAN_POINT ( 'NONE',  ( 14.34304219591217411, 1.082670556198342378E-16, 1.768135199393228829 ) ) ;
#981 = DIRECTION ( 'NONE',  ( 0.000000000000000000, 0.000000000000000000, 1.000000000000000000 ) ) ;
#982 = CARTESIAN_POINT ( 'NONE',  ( -17.81529113742115911, -0.7656249999999996669, 1.326101399544921788 ) ) ;
#983 = CARTESIAN_POINT ( 'NONE',  ( 15.47566772515768463, 1.183613885844322144, -0.6833597956087991143 ) ) ;
#984 = CARTESIAN_POINT ( 'NONE',  ( 18.14233439182435603, 8.368743863583045653E-17, 1.366719591217596896 ) ) ;
#985 = VERTEX_POINT ( 'NONE', #1832 ) ;
#986 = CARTESIAN_POINT ( 'NONE',  ( -17.87016560817565036, -2.510623159074913942E-16, -1.366719591217596896 ) ) ;
#987 = CARTESIAN_POINT ( 'NONE',  ( -14.27920674559680236, -0.7656249999999996669, 1.326101399544921788 ) ) ;
#988 = VECTOR ( 'NONE', #4241, 1000.000000000000000 ) ;
#989 = CARTESIAN_POINT ( 'NONE',  ( 19.07983439182434182, 8.368743863583221914E-17, 1.366719591217625984 ) ) ;
#990 = CARTESIAN_POINT ( 'NONE',  ( -17.39099894150897896, -1.183613885844322589, -0.6833597956087981151 ) ) ;
#991 = CARTESIAN_POINT ( 'NONE',  ( -13.75000000000000355, -1.500000000000000000, 1.836970198721029934E-16 ) ) ;
#992 = ORIENTED_EDGE ( 'NONE', *, *, #824, .T. ) ;
#993 = CARTESIAN_POINT ( 'NONE',  ( 18.28816772515768463, -0.5918069429221617384, -1.025039693413197783 ) ) ;
#994 = B_SPLINE_CURVE_WITH_KNOTS ( 'NONE', 3,
 ( #4587, #3724, #522, #1986 ),
 .UNSPECIFIED., .F., .F.,
 ( 4, 4 ),
 ( 2.380746839936014713E-07, 0.001314652396222794079 ),
 .UNSPECIFIED. ) ;
#995 = CARTESIAN_POINT ( 'NONE',  ( 17.89233439182435248, -2.510623159074913942E-16, -1.366719591217596896 ) ) ;
#996 = CARTESIAN_POINT ( 'NONE',  ( 19.79903810567666156, -2.249999999999998224, -1.299038105676658228 ) ) ;
#997 = CARTESIAN_POINT ( 'NONE',  ( 13.70000000000002238, -1.204401831139735091, -0.1837784537423393649 ) ) ;
#998 = CARTESIAN_POINT ( 'NONE',  ( 19.92500000000004334, -0.5009618943245239819, 1.413873113272515525 ) ) ;
#999 = CARTESIAN_POINT ( 'NONE',  ( -15.41183227484232887, -0.5918069429221760602, -1.025039693413222430 ) ) ;
#1000 = CARTESIAN_POINT ( 'NONE',  ( 20.00000000000000355, -0.9340480779059849858, -2.058803302138240365 ) ) ;
#1001 = CARTESIAN_POINT ( 'NONE',  ( 19.14233439182435603, 8.368743863583045653E-17, 1.366719591217596896 ) ) ;
#1002 = CARTESIAN_POINT ( 'NONE',  ( -19.59449788301796147, -0.7500000000000011102, -1.299038105676658672 ) ) ;
#1003 = CARTESIAN_POINT ( 'NONE',  ( -14.89099894150898074, -1.183613885844322589, -0.6833597956087981151 ) ) ;
#1004 = ORIENTED_EDGE ( 'NONE', *, *, #2662, .T. ) ;
#1005 = CARTESIAN_POINT ( 'NONE',  ( 15.16316772515768463, -1.183613885844322366, 0.6833597956087990033 ) ) ;
#1006 = EDGE_CURVE ( 'NONE', #4700, #2727, #5473, .T. ) ;
#1007 = CARTESIAN_POINT ( 'NONE',  ( -19.67981821645912177, 1.114062882183960657, -0.5837329002406963507 ) ) ;
#1008 = FACE_OUTER_BOUND ( 'NONE', #5172, .T. ) ;
#1009 = CARTESIAN_POINT ( 'NONE',  ( 13.79579325440319693, 1.531250000000000000, 0.8840675996966143035 ) ) ;
#1010 = B_SPLINE_CURVE_WITH_KNOTS ( 'NONE', 3,
 ( #2785, #4124, #3705, #124, #1420, #4190 ),
 .UNSPECIFIED., .F., .F.,
 ( 4, 2, 4 ),
 ( 0.001314652396222795597, 0.001969405109320634603, 0.002624157822418473392 ),
 .UNSPECIFIED. ) ;
#1011 = CARTESIAN_POINT ( 'NONE',  ( -16.55766560817564681, 8.368743863583045653E-17, 1.366719591217596896 ) ) ;
#1012 = CARTESIAN_POINT ( 'NONE',  ( -20.00000000000000355, 0.000000000000000000, 0.000000000000000000 ) ) ;
#1013 = CARTESIAN_POINT ( 'NONE',  ( 17.75970886257884018, 1.531250000000000000, 0.8840675996966143035 ) ) ;
#1014 = CARTESIAN_POINT ( 'NONE',  ( 20.00000000000000355, -2.249999999999998668, -7.511572993685794170E-16 ) ) ;
#1015 = CARTESIAN_POINT ( 'NONE',  ( -16.52362447075449126, 1.531249999999999556, -0.8840675996966153027 ) ) ;
#1016 = CARTESIAN_POINT ( 'NONE',  ( 16.68400105849102033, -0.5918069429221609612, 1.025039693413198005 ) ) ;
#1017 = VECTOR ( 'NONE', #506, 1000.000000000000000 ) ;
#1018 = EDGE_CURVE ( 'NONE', #740, #5214, #2280, .T. ) ;
#1019 = CARTESIAN_POINT ( 'NONE',  ( 19.10066772515768463, 0.5918069429221612943, 1.025039693413197783 ) ) ;
#1020 = ORIENTED_EDGE ( 'NONE', *, *, #2747, .T. ) ;
#1021 = CARTESIAN_POINT ( 'NONE',  ( -17.66183227484231466, 0.5918069429221612943, 1.025039693413197783 ) ) ;
#1022 = CARTESIAN_POINT ( 'NONE',  ( -19.57849894150898251, -0.5918069429221609612, 1.025039693413198005 ) ) ;
#1023 = CARTESIAN_POINT ( 'NONE',  ( 19.82810889132455756, 1.403108891324555518, 0.000000000000000000 ) ) ;
#1024 = FACE_OUTER_BOUND ( 'NONE', #4491, .T. ) ;
#1025 = CARTESIAN_POINT ( 'NONE',  ( -19.26599894150898251, 0.5918069429221604061, -1.025039693413198227 ) ) ;
#1026 = CARTESIAN_POINT ( 'NONE',  ( 20.00000000000000355, 2.249999999999998668, 0.000000000000000000 ) ) ;
#1027 = ORIENTED_EDGE ( 'NONE', *, *, #3526, .T. ) ;
#1028 = EDGE_CURVE ( 'NONE', #840, #2704, #4533, .T. ) ;
#1029 = CARTESIAN_POINT ( 'NONE',  ( 17.16316772515768818, -1.183613885844322366, 0.6833597956087990033 ) ) ;
#1030 = CIRCLE ( 'NONE', #5365, 1.575000000000000178 ) ;
#1031 = CARTESIAN_POINT ( 'NONE',  ( 17.72566772515768463, -1.183613885844322144, 0.6833597956087987813 ) ) ;
#1032 = ADVANCED_FACE ( 'NONE', ( #1803 ), #211, .T. ) ;
#1033 = CARTESIAN_POINT ( 'NONE',  ( -20.00000000000000355, -1.125000000000000222, 1.948557158514985010 ) ) ;
#1034 = CARTESIAN_POINT ( 'NONE',  ( -17.51116454968462932, 0.7499999999999996669, -1.299038105676659782 ) ) ;
#1035 = CARTESIAN_POINT ( 'NONE',  ( -19.94587341226347021, 1.531250000000000000, 0.000000000000000000 ) ) ;
#1036 = CARTESIAN_POINT ( 'NONE',  ( -14.49516560817566280, -1.183613885844351010, 1.449508956725645212E-16 ) ) ;
#1037 = DIRECTION ( 'NONE',  ( -1.000000000000000000, -4.814824860968088948E-33, -0.000000000000000000 ) ) ;
#1038 = CARTESIAN_POINT ( 'NONE',  ( 20.31770992259645681, -0.9575792038756173463, -0.6956895134098515232 ) ) ;
#1039 = CARTESIAN_POINT ( 'NONE',  ( -20.00000000000000355, 1.124999999999999334, -1.948557158514985455 ) ) ;
#1040 = CARTESIAN_POINT ( 'NONE',  ( -16.89099894150897896, -1.183613885844322589, -0.6833597956087981151 ) ) ;
#1041 = VERTEX_POINT ( 'NONE', #1449 ) ;
#1042 = CARTESIAN_POINT ( 'NONE',  ( 16.16316772515768463, -1.183613885844322366, 0.6833597956087990033 ) ) ;
#1043 =( BOUNDED_CURVE ( )  B_SPLINE_CURVE ( 2, ( #3821, #4213, #1128, #1097, #5623, #2433, #595 ),
 .UNSPECIFIED., .F., .F. ) 
 B_SPLINE_CURVE_WITH_KNOTS ( ( 3, 2, 2, 3 ),
 ( 0.5071163507508603674, 0.5190211126556223409, 0.5309258745603842033, 0.5428306364651460658 ),
 .UNSPECIFIED. ) 
 CURVE ( )  GEOMETRIC_REPRESENTATION_ITEM ( )  RATIONAL_B_SPLINE_CURVE ( ( 1.000000000000000000, 0.8660254037844387076, 1.000000000000000000, 0.8660254037844387076, 1.000000000000000000, 0.8660254037844387076, 1.000000000000000000 ) ) 
 REPRESENTATION_ITEM ( '' )  );
#1044 = CARTESIAN_POINT ( 'NONE',  ( 15.45483439182434005, 1.183613885844347235, 0.000000000000000000 ) ) ;
#1045 = CARTESIAN_POINT ( 'NONE',  ( 18.74166666666666359, 1.499999999999999778, 0.8660254037844384856 ) ) ;
#1046 = ADVANCED_FACE ( 'NONE', ( #4566 ), #4120, .F. ) ;
#1047 = CARTESIAN_POINT ( 'NONE',  ( 15.12912658773653085, -3.248011668595026887E-16, -1.768135199393228829 ) ) ;
#1048 = CARTESIAN_POINT ( 'NONE',  ( -15.80766560817564859, -2.510623159074913942E-16, -1.366719591217596896 ) ) ;
#1049 = CARTESIAN_POINT ( 'NONE',  ( -19.87490161348189233, -0.5053279682401617956, 1.365542388171757660 ) ) ;
#1050 = CARTESIAN_POINT ( 'NONE',  ( 17.00970886257884018, -1.531250000000000444, -0.8840675996966138595 ) ) ;
#1051 = DIRECTION ( 'NONE',  ( 0.000000000000000000, -1.000000000000000000, 0.000000000000000000 ) ) ;
#1052 = CARTESIAN_POINT ( 'NONE',  ( -17.48195780408782696, 1.531250000000000000, 0.000000000000000000 ) ) ;
#1053 = CARTESIAN_POINT ( 'NONE',  ( 19.72566772515768463, -1.183613885844322366, 0.6833597956087990033 ) ) ;
#1054 = ORIENTED_EDGE ( 'NONE', *, *, #4235, .F. ) ;
#1055 = CARTESIAN_POINT ( 'NONE',  ( -16.87016560817565036, -2.510623159074913942E-16, -1.366719591217596896 ) ) ;
#1056 = CARTESIAN_POINT ( 'NONE',  ( -19.53683227484231466, -1.183613885844322366, 0.6833597956087990033 ) ) ;
#1057 = CARTESIAN_POINT ( 'NONE',  ( 19.78329125518327203, 0.8684781219645719696, -1.047930583105636915 ) ) ;
#1058 = DIRECTION ( 'NONE',  ( 1.000000000000000000, 0.000000000000000000, 0.000000000000000000 ) ) ;
#1059 = DIRECTION ( 'NONE',  ( -1.000000000000000000, -4.814824860968088948E-33, -0.000000000000000000 ) ) ;
#1060 = VERTEX_POINT ( 'NONE', #5106 ) ;
#1061 = CARTESIAN_POINT ( 'NONE',  ( 17.74650105849102033, -1.183613885844322589, -0.6833597956087981151 ) ) ;
#1062 = CARTESIAN_POINT ( 'NONE',  ( 15.80900105849102033, -1.183613885844322589, -0.6833597956087981151 ) ) ;
#1063 = CARTESIAN_POINT ( 'NONE',  ( 20.00000000000000355, 1.124999999999999334, -1.948557158514985455 ) ) ;
#1064 = CARTESIAN_POINT ( 'NONE',  ( -20.23754007893013451, -1.531249999999999556, 0.8840675996966148587 ) ) ;
#1065 = EDGE_CURVE ( 'NONE', #4993, #16, #4477, .T. ) ;
#1066 = CARTESIAN_POINT ( 'NONE',  ( -15.28683227484233242, 1.183613885844350566, -0.6833597956088156566 ) ) ;
#1067 = CARTESIAN_POINT ( 'NONE',  ( -20.00000000000000355, -2.249999999999998668, -7.511572993685794170E-16 ) ) ;
#1068 = CARTESIAN_POINT ( 'NONE',  ( 19.43400105849102033, 0.5918069429221604061, -1.025039693413198227 ) ) ;
#1069 = VECTOR ( 'NONE', #4203, 1000.000000000000000 ) ;
#1070 = CARTESIAN_POINT ( 'NONE',  ( -18.80283121635131138, 1.060575238724923925E-16, 1.732050807568904949 ) ) ;
#1071 = CARTESIAN_POINT ( 'NONE',  ( -15.22433227484231821, 1.183613885844321922, -0.6833597956087991143 ) ) ;
#1072 = VERTEX_POINT ( 'NONE', #87 ) ;
#1073 = CARTESIAN_POINT ( 'NONE',  ( 17.70483439182435248, -1.183613885844322366, 1.449508956725610206E-16 ) ) ;
#1074 = CARTESIAN_POINT ( 'NONE',  ( 14.91316772515767042, 1.183613885844347013, -0.6833597956088134362 ) ) ;
#1075 = CARTESIAN_POINT ( 'NONE',  ( -19.12016560817566457, 8.368743863583247799E-17, 1.366719591217629981 ) ) ;
#1076 = CARTESIAN_POINT ( 'NONE',  ( 16.11666666666666714, 0.7499999999999990008, -1.299038105676658672 ) ) ;
#1077 = CARTESIAN_POINT ( 'NONE',  ( 17.46804219591217588, -1.531250000000000000, 1.875240411194384668E-16 ) ) ;
#1078 = CARTESIAN_POINT ( 'NONE',  ( -13.73195780408782696, -1.531250000000000000, 1.875240411194384668E-16 ) ) ;
#1079 = CARTESIAN_POINT ( 'NONE',  ( 20.29078256485220066, -1.183613885844322589, -0.3845649294651335426 ) ) ;
#1080 = ORIENTED_EDGE ( 'NONE', *, *, #1647, .F. ) ;
#1081 = CARTESIAN_POINT ( 'NONE',  ( -15.99516560817564681, -1.183613885844322366, 1.449508956725610206E-16 ) ) ;
#1082 = CARTESIAN_POINT ( 'NONE',  ( -17.28683227484231466, 1.183613885844322144, -0.6833597956087991143 ) ) ;
#1083 = EDGE_CURVE ( 'NONE', #707, #4530, #5722, .T. ) ;
#1084 = CARTESIAN_POINT ( 'NONE',  ( -19.80060103623007350, 1.063771349542694145, 0.8771100542846322901 ) ) ;
#1085 = CARTESIAN_POINT ( 'NONE',  ( -20.00000000000000355, 0.000000000000000000, 0.000000000000000000 ) ) ;
#1086 = LINE ( 'NONE', #165, #2019 ) ;
#1087 = EDGE_LOOP ( 'NONE', ( #3058, #4197, #2453 ) ) ;
#1088 = CARTESIAN_POINT ( 'NONE',  ( 18.87150105849102033, 0.5918069429221604061, -1.025039693413198227 ) ) ;
#1089 = CARTESIAN_POINT ( 'NONE',  ( 16.51733439182435248, 1.183613885844322366, 0.000000000000000000 ) ) ;
#1090 = ORIENTED_EDGE ( 'NONE', *, *, #2087, .T. ) ;
#1091 = CARTESIAN_POINT ( 'NONE',  ( -13.70000000000000462, 1.738690383134728353E-65, 0.000000000000000000 ) ) ;
#1092 = CARTESIAN_POINT ( 'NONE',  ( -18.36254007893013807, 0.7656250000000002220, 1.326101399544921566 ) ) ;
#1093 = B_SPLINE_CURVE_WITH_KNOTS ( 'NONE', 3,
 ( #4339, #1970, #1520, #2901, #2028, #632, #3799, #3830, #1049, #1580, #2440, #4727, #5197, #183, #1136, #2935 ),
 .UNSPECIFIED., .F., .F.,
 ( 4, 2, 2, 2, 2, 2, 2, 4 ),
 ( 0.0009145991442654555822, 0.001312667559765262788, 0.001710735975265070211, 0.002108804390764877634, 0.002506872806264684624, 0.002904941221764491613, 0.003303009637264298602, 0.004099146468263913448 ),
 .UNSPECIFIED. ) ;
#1094 = CARTESIAN_POINT ( 'NONE',  ( -13.78683227484233065, 1.183613885844350566, -0.6833597956088156566 ) ) ;
#1095 = CARTESIAN_POINT ( 'NONE',  ( 13.86666666666666536, -0.7499999999999996669, 1.299038105676658006 ) ) ;
#1096 = ORIENTED_EDGE ( 'NONE', *, *, #2064, .F. ) ;
#1097 = CARTESIAN_POINT ( 'NONE',  ( 16.82499999999999574, 1.060575238724906915E-16, 1.732050807568877193 ) ) ;
#1098 = CARTESIAN_POINT ( 'NONE',  ( -16.47433227484231466, -1.183613885844322144, 0.6833597956087987813 ) ) ;
#1099 = ORIENTED_EDGE ( 'NONE', *, *, #1170, .T. ) ;
#1100 = ADVANCED_FACE ( 'NONE', ( #1008 ), #4631, .F. ) ;
#1101 = CARTESIAN_POINT ( 'NONE',  ( 17.62150105849102033, -0.5918069429221609612, 1.025039693413198005 ) ) ;
#1102 =( BOUNDED_CURVE ( )  B_SPLINE_CURVE ( 2, ( #2469, #4222, #605, #5168, #4311, #5140, #4283 ),
 .UNSPECIFIED., .F., .T. ) 
 B_SPLINE_CURVE_WITH_KNOTS ( ( 3, 2, 2, 3 ),
 ( 0.2571163507508603674, 0.2690211126556223409, 0.2809258745603842033, 0.2928306364651460658 ),
 .UNSPECIFIED. ) 
 CURVE ( )  GEOMETRIC_REPRESENTATION_ITEM ( )  RATIONAL_B_SPLINE_CURVE ( ( 1.000000000000000000, 0.8660254037844387076, 1.000000000000000000, 0.8660254037844387076, 1.000000000000000000, 0.8660254037844387076, 1.000000000000000000 ) ) 
 REPRESENTATION_ITEM ( '' )  );
#1103 = CARTESIAN_POINT ( 'NONE',  ( 15.37150105849100612, 0.5918069429221729516, -1.025039693413219988 ) ) ;
#1104 = CARTESIAN_POINT ( 'NONE',  ( 18.00412658773653263, -1.531250000000000000, 1.875240411194384668E-16 ) ) ;
#1105 = CARTESIAN_POINT ( 'NONE',  ( -19.59254802300311127, -0.3922626876446335120, 1.140246622912954866 ) ) ;
#1106 = CARTESIAN_POINT ( 'NONE',  ( 16.19999999999999574, 1.500000000000000000, 0.000000000000000000 ) ) ;
#1107 = CARTESIAN_POINT ( 'NONE',  ( 18.92637552924550803, -1.531249999999999556, 0.8840675996966148587 ) ) ;
#1108 = CARTESIAN_POINT ( 'NONE',  ( -14.64862447075449303, -0.7656250000000006661, -1.326101399544921566 ) ) ;
#1109 = CYLINDRICAL_SURFACE ( 'NONE', #424, 1.500000000000000000 ) ;
#1110 = ORIENTED_EDGE ( 'NONE', *, *, #3921, .F. ) ;
#1111 = CARTESIAN_POINT ( 'NONE',  ( -15.24516560817564681, 1.183613885844322366, 0.000000000000000000 ) ) ;
#1112 = CARTESIAN_POINT ( 'NONE',  ( -16.87016560817565036, -2.510623159074913942E-16, -1.366719591217596896 ) ) ;
#1113 = CARTESIAN_POINT ( 'NONE',  ( -19.82688744993260599, 1.193536678145836749, 0.7412232732159574899 ) ) ;
#1114 = CARTESIAN_POINT ( 'NONE',  ( 13.94999999999999929, -1.500000000000000000, 1.836970198721029934E-16 ) ) ;
#1115 = CARTESIAN_POINT ( 'NONE',  ( -15.30766560817564681, -2.510623159074913942E-16, -1.366719591217596896 ) ) ;
#1116 = ORIENTED_EDGE ( 'NONE', *, *, #3561, .F. ) ;
#1117 = CARTESIAN_POINT ( 'NONE',  ( 15.05900105849102033, 1.183613885844322589, 0.6833597956087983372 ) ) ;
#1118 = EDGE_CURVE ( 'NONE', #2359, #4846, #4718, .T. ) ;
#1119 = CARTESIAN_POINT ( 'NONE',  ( 16.97566772515768818, 1.183613885844321922, -0.6833597956087991143 ) ) ;
#1120 = VECTOR ( 'NONE', #3876, 1000.000000000000000 ) ;
#1121 = EDGE_LOOP ( 'NONE', ( #4046, #787, #4745 ) ) ;
#1122 = CARTESIAN_POINT ( 'NONE',  ( 17.69999999999999574, 1.500000000000000000, 0.000000000000000000 ) ) ;
#1123 = CARTESIAN_POINT ( 'NONE',  ( -18.52920674559680236, 0.7656249999999990008, -1.326101399544922455 ) ) ;
#1124 = DIRECTION ( 'NONE',  ( 0.000000000000000000, 0.000000000000000000, 1.000000000000000000 ) ) ;
#1125 = DIRECTION ( 'NONE',  ( 0.000000000000000000, 0.000000000000000000, -1.000000000000000000 ) ) ;
#1126 = VERTEX_POINT ( 'NONE', #1966 ) ;
#1127 = CIRCLE ( 'NONE', #2716, 1.500000000000000000 ) ;
#1128 = CARTESIAN_POINT ( 'NONE',  ( 16.86666666666666359, -0.7499999999999996669, 1.299038105676658006 ) ) ;
#1129 = CARTESIAN_POINT ( 'NONE',  ( -16.64099894150898251, 1.183613885844322366, 0.6833597956087983372 ) ) ;
#1130 = ORIENTED_EDGE ( 'NONE', *, *, #3130, .T. ) ;
#1131 = CARTESIAN_POINT ( 'NONE',  ( 18.95483439182435603, 1.183613885844322366, 0.000000000000000000 ) ) ;
#1132 = CARTESIAN_POINT ( 'NONE',  ( 19.39233439182435248, -2.510623159074913942E-16, -1.366719591217596896 ) ) ;
#1133 = CARTESIAN_POINT ( 'NONE',  ( 14.78816772515767397, -0.5918069429221741728, -1.025039693413219322 ) ) ;
#1134 = CARTESIAN_POINT ( 'NONE',  ( 16.12912658773652907, -3.248011668595026887E-16, -1.768135199393228829 ) ) ;
#1135 = CARTESIAN_POINT ( 'NONE',  ( -14.76599894150898074, 0.5918069429221604061, -1.025039693413198227 ) ) ;
#1136 = CARTESIAN_POINT ( 'NONE',  ( -19.82277344133260399, -1.397773441327579524, 0.2647064290599827063 ) ) ;
#1137 = EDGE_CURVE ( 'NONE', #5692, #4100, #1483, .T. ) ;
#1138 = CALENDAR_DATE ( 2026, 25, 6 ) ;
#1139 = CARTESIAN_POINT ( 'NONE',  ( -13.56529113742115733, 0.7656249999999990008, -1.326101399544922455 ) ) ;
#1140 = FACE_BOUND ( 'NONE', #4794, .T. ) ;
#1141 = ORIENTED_EDGE ( 'NONE', *, *, #5794, .T. ) ;
#1142 = CARTESIAN_POINT ( 'NONE',  ( -15.12016560817564681, 8.368743863583045653E-17, 1.366719591217596896 ) ) ;
#1143 = CARTESIAN_POINT ( 'NONE',  ( -16.53683227484231466, -1.183613885844322366, 0.6833597956087990033 ) ) ;
#1144 = CARTESIAN_POINT ( 'NONE',  ( 19.67598711900207320, -1.250987119002097581, -0.1733329942628830667 ) ) ;
#1145 = CARTESIAN_POINT ( 'NONE',  ( -14.25000000000000178, -1.500000000000000000, 1.836970198721029934E-16 ) ) ;
#1146 = CARTESIAN_POINT ( 'NONE',  ( -16.01599894150898251, -0.5918069429221609612, 1.025039693413198005 ) ) ;
#1147 = ORIENTED_EDGE ( 'NONE', *, *, #598, .F. ) ;
#1148 = CARTESIAN_POINT ( 'NONE',  ( 20.16316772515768818, -1.183613885844322366, 0.6833597956087990033 ) ) ;
#1149 = CARTESIAN_POINT ( 'NONE',  ( 18.39233439182434893, -2.510623159074913942E-16, -1.366719591217596896 ) ) ;
#1150 = EDGE_LOOP ( 'NONE', ( #4775, #3304, #1252, #1976, #3792 ) ) ;
#1151 = CARTESIAN_POINT ( 'NONE',  ( -13.83333333333333393, -0.7499999999999996669, 1.299038105676658006 ) ) ;
#1152 = CARTESIAN_POINT ( 'NONE',  ( -18.73754007893013451, -1.531249999999999556, 0.8840675996966148587 ) ) ;
#1153 = DIRECTION ( 'NONE',  ( -1.000000000000000000, -4.814824860968088948E-33, -0.000000000000000000 ) ) ;
#1154 = FACE_OUTER_BOUND ( 'NONE', #5704, .T. ) ;
#1155 = ORIENTED_EDGE ( 'NONE', *, *, #2810, .F. ) ;
#1156 = CARTESIAN_POINT ( 'NONE',  ( 14.02216878364870745, -1.499999999999999334, 1.836970198721029441E-16 ) ) ;
#1157 = CARTESIAN_POINT ( 'NONE',  ( -14.43266560817564859, -1.183613885844322366, 1.449508956725610206E-16 ) ) ;
#1158 = VERTEX_POINT ( 'NONE', #1026 ) ;
#1159 = CARTESIAN_POINT ( 'NONE',  ( 19.07983439182435603, 8.368743863583045653E-17, 1.366719591217596896 ) ) ;
#1160 = DIRECTION ( 'NONE',  ( -1.000000000000000000, -4.814824860968088948E-33, -0.000000000000000000 ) ) ;
#1161 = CARTESIAN_POINT ( 'NONE',  ( 14.07983439182433827, 8.368743863583221914E-17, 1.366719591217625984 ) ) ;
#1162 = B_SPLINE_CURVE_WITH_KNOTS ( 'NONE', 3,
 ( #4468, #5826, #5772, #1768, #2685, #3037 ),
 .UNSPECIFIED., .F., .F.,
 ( 4, 2, 4 ),
 ( 0.001314652396222794947, 0.001969405109320633736, 0.002624157822418472091 ),
 .UNSPECIFIED. ) ;
#1163 = ORIENTED_EDGE ( 'NONE', *, *, #4811, .T. ) ;
#1164 = AXIS2_PLACEMENT_3D ( 'NONE', #2748, #915, #2282 ) ;
#1165 = CARTESIAN_POINT ( 'NONE',  ( 17.12912658773653263, -3.248011668595026887E-16, -1.768135199393228829 ) ) ;
#1166 = CARTESIAN_POINT ( 'NONE',  ( -13.64099894150898074, 1.183613885844322589, 0.6833597956087983372 ) ) ;
#1167 = B_SPLINE_CURVE_WITH_KNOTS ( 'NONE', 3,
 ( #4964, #3558, #4457, #2160, #3116, #872, #2675, #899 ),
 .UNSPECIFIED., .F., .F.,
 ( 4, 2, 2, 4 ),
 ( 0.007879536920457112792, 0.008616201253689689463, 0.008984533420305978665, 0.009352865586922267868 ),
 .UNSPECIFIED. ) ;
#1168 = CARTESIAN_POINT ( 'NONE',  ( -14.81529113742115911, -0.7656249999999996669, 1.326101399544921788 ) ) ;
#1169 = CARTESIAN_POINT ( 'NONE',  ( 14.90833333333333321, -1.499999999999999778, 0.8660254037844391517 ) ) ;
#1170 = EDGE_CURVE ( 'NONE', #2055, #3475, #1403, .T. ) ;
#1171 = CARTESIAN_POINT ( 'NONE',  ( -14.45349894150898074, -1.183613885844322589, -0.6833597956087981151 ) ) ;
#1172 = CARTESIAN_POINT ( 'NONE',  ( -16.24516560817564681, 1.183613885844322366, 0.000000000000000000 ) ) ;
#1173 = DIRECTION ( 'NONE',  ( -1.000000000000000000, -4.814824860968088948E-33, -0.000000000000000000 ) ) ;
#1174 = CARTESIAN_POINT ( 'NONE',  ( -15.89099894150898251, -1.183613885844322589, -0.6833597956087981151 ) ) ;
#1175 = ORIENTED_EDGE ( 'NONE', *, *, #5355, .F. ) ;
#1176 = CARTESIAN_POINT ( 'NONE',  ( 13.80900105849101855, -1.183613885844322589, -0.6833597956087981151 ) ) ;
#1177 = VERTEX_POINT ( 'NONE', #3268 ) ;
#1178 = CARTESIAN_POINT ( 'NONE',  ( -17.61254007893013451, -0.7656250000000006661, -1.326101399544921566 ) ) ;
#1179 = DIRECTION ( 'NONE',  ( 0.000000000000000000, -1.000000000000000000, 0.000000000000000000 ) ) ;
#1180 = CARTESIAN_POINT ( 'NONE',  ( 15.02216878364870567, -1.500000000000000000, 1.836970198721029934E-16 ) ) ;
#1181 = ORIENTED_EDGE ( 'NONE', *, *, #5122, .T. ) ;
#1182 = CARTESIAN_POINT ( 'NONE',  ( 14.07983439182435426, 8.368743863583045653E-17, 1.366719591217596896 ) ) ;
#1183 = CARTESIAN_POINT ( 'NONE',  ( -14.64099894150898074, 1.183613885844322366, 0.6833597956087983372 ) ) ;
#1184 = VERTEX_POINT ( 'NONE', #5457 ) ;
#1185 = CARTESIAN_POINT ( 'NONE',  ( 18.12150105849102033, -0.5918069429221609612, 1.025039693413198005 ) ) ;
#1186 = CARTESIAN_POINT ( 'NONE',  ( 20.00000000000000355, 0.000000000000000000, 0.000000000000000000 ) ) ;
#1187 = CARTESIAN_POINT ( 'NONE',  ( 17.16316772515767397, -1.183613885844347235, 0.6833597956088133252 ) ) ;
#1188 = EDGE_LOOP ( 'NONE', ( #5743, #3991, #1099, #3845 ) ) ;
#1189 = EDGE_CURVE ( 'NONE', #3789, #166, #1886, .T. ) ;
#1190 = CARTESIAN_POINT ( 'NONE',  ( 15.87912658773653085, 1.082670556198342378E-16, 1.768135199393228829 ) ) ;
#1191 = AXIS2_PLACEMENT_3D ( 'NONE', #5501, #2778, #1244 ) ;
#1192 = CARTESIAN_POINT ( 'NONE',  ( -19.81405444566312113, -1.389054445663126414, 2.571172084990967001E-11 ) ) ;
#1193 = PERSON_AND_ORGANIZATION ( #398, #5844 ) ;
#1194 = CARTESIAN_POINT ( 'NONE',  ( -15.44029113742115911, 1.531250000000000000, 0.8840675996966143035 ) ) ;
#1195 = CARTESIAN_POINT ( 'NONE',  ( 13.70000000000000284, -0.9067517606736423819, 0.7760479190406786021 ) ) ;
#1196 = VECTOR ( 'NONE', #4856, 1000.000000000000000 ) ;
#1197 = CARTESIAN_POINT ( 'NONE',  ( -15.95349894150898074, -1.183613885844322589, -0.6833597956087981151 ) ) ;
#1198 = CARTESIAN_POINT ( 'NONE',  ( -17.20349894150897896, 1.183613885844322589, 0.6833597956087983372 ) ) ;
#1199 = CARTESIAN_POINT ( 'NONE',  ( 19.92172769284587730, -1.881931238497224212, -1.511542704210576460 ) ) ;
#1200 = CARTESIAN_POINT ( 'NONE',  ( -15.55766560817564681, 8.368743863583045653E-17, 1.366719591217596896 ) ) ;
#1201 = EDGE_CURVE ( 'NONE', #1829, #2018, #4582, .T. ) ;
#1202 = CARTESIAN_POINT ( 'NONE',  ( 14.18400105849101855, -0.5918069429221609612, 1.025039693413198005 ) ) ;
#1203 = CARTESIAN_POINT ( 'NONE',  ( 19.87150105849102033, 0.5918069429221604061, -1.025039693413198227 ) ) ;
#1204 = VERTEX_POINT ( 'NONE', #991 ) ;
#1205 = CARTESIAN_POINT ( 'NONE',  ( 18.27216878364784236, 1.500000000000000000, -1.797562099167710686E-11 ) ) ;
#1206 = CARTESIAN_POINT ( 'NONE',  ( -17.36254007893013451, 0.7656250000000002220, 1.326101399544921566 ) ) ;
#1207 = CARTESIAN_POINT ( 'NONE',  ( -16.58333333333333570, 0.7499999999999990008, -1.299038105676658672 ) ) ;
#1208 = CARTESIAN_POINT ( 'NONE',  ( 18.73050211698201295, 1.500000000000043299, -0.8660254037844647979 ) ) ;
#1209 = EDGE_LOOP ( 'NONE', ( #3765, #3601, #2047, #1080, #5595, #2989 ) ) ;
#1210 = CARTESIAN_POINT ( 'NONE',  ( 13.66316772515768641, -1.183613885844322366, 0.6833597956087990033 ) ) ;
#1211 = AXIS2_PLACEMENT_3D ( 'NONE', #1681, #5681, #3478 ) ;
#1212 = CARTESIAN_POINT ( 'NONE',  ( -14.47433227484231644, -1.183613885844322144, 0.6833597956087987813 ) ) ;
#1213 = CARTESIAN_POINT ( 'NONE',  ( 20.25521066152842664, -0.9575730010630145728, -0.6956980511677959278 ) ) ;
#1214 = CARTESIAN_POINT ( 'NONE',  ( 19.43400105849102033, 0.5918069429221604061, -1.025039693413198227 ) ) ;
#1215 = CARTESIAN_POINT ( 'NONE',  ( 16.53816772515767397, 0.5918069429221737288, 1.025039693413219322 ) ) ;
#1216 = CARTESIAN_POINT ( 'NONE',  ( 17.84304219591217588, 1.082670556198342378E-16, 1.768135199393228829 ) ) ;
#1217 = EDGE_LOOP ( 'NONE', ( #3262, #5298, #2050, #1374 ) ) ;
#1218 = CC_DESIGN_APPROVAL ( #2381, ( #3773 ) ) ;
#1219 = CARTESIAN_POINT ( 'NONE',  ( 17.54579325440319693, -1.531250000000000444, -0.8840675996966138595 ) ) ;
#1220 = CARTESIAN_POINT ( 'NONE',  ( -19.74082257414873354, -0.1495841174251462680, -1.310104637155637519 ) ) ;
#1221 = CARTESIAN_POINT ( 'NONE',  ( -17.38616454968462932, 1.500000000000047296, 0.8660254037844143937 ) ) ;
#1222 = PLANE ( 'NONE',  #2609 ) ;
#1223 = CARTESIAN_POINT ( 'NONE',  ( -18.47433227484231466, -1.183613885844322366, 0.6833597956087990033 ) ) ;
#1224 = CARTESIAN_POINT ( 'NONE',  ( -15.28683227484231466, 1.183613885844322144, -0.6833597956087991143 ) ) ;
#1225 = CARTESIAN_POINT ( 'NONE',  ( 13.70000000000000462, -0.3788933213150318391, 1.187319101158776924 ) ) ;
#1226 = CARTESIAN_POINT ( 'NONE',  ( -18.44029113742115911, 1.531250000000000000, 0.8840675996966143035 ) ) ;
#1227 = ORIENTED_EDGE ( 'NONE', *, *, #284, .T. ) ;
#1228 = CARTESIAN_POINT ( 'NONE',  ( 19.74650105849102388, -1.183613885844322589, -0.6833597956087981151 ) ) ;
#1229 = CARTESIAN_POINT ( 'NONE',  ( -15.27920674559680236, -0.7656249999999996669, 1.326101399544921788 ) ) ;
#1230 = CARTESIAN_POINT ( 'NONE',  ( -20.00000000000000355, 0.000000000000000000, 0.000000000000000000 ) ) ;
#1231 = CARTESIAN_POINT ( 'NONE',  ( 18.60550211698201295, -0.7500000000000223155, -1.299038105676695531 ) ) ;
#1232 =( BOUNDED_CURVE ( )  B_SPLINE_CURVE ( 2, ( #5690, #2112, #3407, #5246, #1688, #689, #3485 ),
 .UNSPECIFIED., .F., .F. ) 
 B_SPLINE_CURVE_WITH_KNOTS ( ( 3, 2, 2, 3 ),
 ( 0.1064793520188009046, 0.1080494838238267724, 0.1096196156288526541, 0.1111897474338785219 ),
 .UNSPECIFIED. ) 
 CURVE ( )  GEOMETRIC_REPRESENTATION_ITEM ( )  RATIONAL_B_SPLINE_CURVE ( ( 1.000000000000103029, 0.8660254037843355679, 1.000000000000000000, 0.8660254037844385966, 1.000000000000000000, 0.8660254037844081765, 1.000000000000030420 ) ) 
 REPRESENTATION_ITEM ( '' )  );
#1233 = ORIENTED_EDGE ( 'NONE', *, *, #3637, .F. ) ;
#1234 = DIRECTION ( 'NONE',  ( 1.000000000000000000, 0.000000000000000000, 0.000000000000000000 ) ) ;
#1235 = FACE_OUTER_BOUND ( 'NONE', #2744, .T. ) ;
#1236 = EDGE_CURVE ( 'NONE', #4100, #3870, #3638, .T. ) ;
#1237 = FACE_OUTER_BOUND ( 'NONE', #1346, .T. ) ;
#1238 = CARTESIAN_POINT ( 'NONE',  ( 18.85066772515768463, -0.5918069429221617384, -1.025039693413197783 ) ) ;
#1239 = CARTESIAN_POINT ( 'NONE',  ( -19.92499999999817462, 1.498870737529918840, 0.05819374683775747209 ) ) ;
#1240 = ORIENTED_EDGE ( 'NONE', *, *, #3083, .F. ) ;
#1241 = CARTESIAN_POINT ( 'NONE',  ( 19.00412658773652907, -1.531250000000000000, 1.875240411194384668E-16 ) ) ;
#1242 = CARTESIAN_POINT ( 'NONE',  ( -19.91112159315240149, 2.249999999999999112, -0.8716338185438891051 ) ) ;
#1243 = CARTESIAN_POINT ( 'NONE',  ( 19.27216878364870567, 1.500000000000000444, -1.119104808822139996E-13 ) ) ;
#1244 = DIRECTION ( 'NONE',  ( 0.000000000000000000, -1.000000000000000000, 0.000000000000000000 ) ) ;
#1245 = CARTESIAN_POINT ( 'NONE',  ( -19.34933227484231466, -0.5918069429221617384, -1.025039693413197783 ) ) ;
#1246 = CARTESIAN_POINT ( 'NONE',  ( -15.74516560817564681, 1.183613885844322366, 0.000000000000000000 ) ) ;
#1247 = DIRECTION ( 'NONE',  ( -1.000000000000000000, -4.814824860968088948E-33, -0.000000000000000000 ) ) ;
#1248 = CARTESIAN_POINT ( 'NONE',  ( -19.85695780408782340, 1.082670556198342378E-16, 1.768135199393228829 ) ) ;
#1249 = DIRECTION ( 'NONE',  ( -1.000000000000000000, -4.814824860968088948E-33, -0.000000000000000000 ) ) ;
#1250 = CARTESIAN_POINT ( 'NONE',  ( 17.80900105849102033, -1.183613885844322589, -0.6833597956087981151 ) ) ;
#1251 = EDGE_CURVE ( 'NONE', #2213, #1204, #1086, .T. ) ;
#1252 = ORIENTED_EDGE ( 'NONE', *, *, #737, .T. ) ;
#1253 =( BOUNDED_CURVE ( )  B_SPLINE_CURVE ( 2, ( #5060, #4207, #1350, #4554, #4651, #2369, #5403 ),
 .UNSPECIFIED., .F., .F. ) 
 B_SPLINE_CURVE_WITH_KNOTS ( ( 3, 2, 2, 3 ),
 ( 0.1856877793222889705, 0.1975925412270508330, 0.2094973031318128065, 0.2214020650365746690 ),
 .UNSPECIFIED. ) 
 CURVE ( )  GEOMETRIC_REPRESENTATION_ITEM ( )  RATIONAL_B_SPLINE_CURVE ( ( 1.000000000000000000, 0.8660254037844387076, 1.000000000000000000, 0.8660254037844387076, 1.000000000000000000, 0.8660254037844387076, 1.000000000000000000 ) ) 
 REPRESENTATION_ITEM ( '' )  );
#1254 = CARTESIAN_POINT ( 'NONE',  ( -19.78683227484231466, 1.183613885844322144, -0.6833597956087991143 ) ) ;
#1255 = CARTESIAN_POINT ( 'NONE',  ( -16.07087341226347021, -3.248011668595026887E-16, -1.768135199393228829 ) ) ;
#1256 = CARTESIAN_POINT ( 'NONE',  ( -19.62458347846541784, 0.9949614029044734353, 0.6954853566508247820 ) ) ;
#1257 = CARTESIAN_POINT ( 'NONE',  ( -15.20833333333333570, -1.500000000000000222, -0.8660254037844381525 ) ) ;
#1258 = VERTEX_POINT ( 'NONE', #5150 ) ;
#1259 = CARTESIAN_POINT ( 'NONE',  ( -19.91074498996844966, 1.881317441191443063, 1.511897080250297343 ) ) ;
#1260 = LINE ( 'NONE', #4359, #1196 ) ;
#1261 =( BOUNDED_SURFACE ( )  B_SPLINE_SURFACE ( 1, 2, ( 
 ( #344, #3879, #4773, #4358, #2048, #1210, #3010, #3850, #5653, #1629, #3403, #318, #5216, #2108, #3429, #1182, #3909, #3481, #2138, #3936, #846, #1820, #4020, #3992, #461, #2214, #1762, #5820, #4910, #4461, #1287, #2299, #2705, #1375, #877, #397, #2270, #3176, #4492, #3562, #4107, #4552, #3088, #2190, #3150, #2650, #5373, #3655, #3624, #1317, #4076, #37, #4968, #3120, #4940, #1853, #1734, #2680, #428, #2244, #5792, #5459, #490, #4047, #1791, #1405, #817, #5853, #4881, #932, #5344, #4994, #3592, #5400, #1347, #2625, #903, #4520, #4436, #370, #6, #3532, #5429, #2734, #3270, #644, #3720, #961, #2425, #1029, #4139, #5058, #167, #2367, #2332, #4678, #553, #105, #4172, #3238, #2799, #5492, #2454, #1061, #5586, #5089, #3783, #1984, #4266, #5557, #195, #4616, #1501, #2833, #1920, #138, #993, #2011, #5524, #617, #3812, #71, #4236, #3334, #5152, #2861, #1534, #1467, #4649, #1952, #1088, #3305, #3686, #586, #1888, #2885, #5613, #2768, #2399, #4205, #1433, #3754, #5124, #4708, #3209, #5025, #4584, #519, #3448, #1650, #5703, #1228, #3871, #2945, #1203, #3394, #3027, #2512, #5260, #4793, #2975, #1148, #3927, #3422, #2130, #311, #2592 ),
 ( #256, #733, #5179, #2539, #1677, #3001, #705, #1176, #4821, #5207, #4351, #5730, #226, #4847, #2567, #5235, #2070, #5676, #4322, #337, #785, #2917, #1592, #3473, #5284, #4377, #4765, #283, #1621, #4401, #3899, #2099, #2157, #3955, #1562, #760, #3364, #1117, #4739, #677, #2479, #4295, #2039, #3843, #5645, #4542, #867, #4511, #5337, #3142, #2263, #5364, #4454, #4985, #5420, #2182, #3051, #4039, #1728, #5783, #480, #812, #3983, #1367, #389, #2208, #4068, #4013, #1811, #4961, #1704, #1280, #923, #3498, #5393, #5311, #5813, #2619, #3525, #1755, #3614, #3554, #5843, #3078, #452, #1308, #419, #3112, #2698, #5872, #1782, #4932, #2671, #839, #4902, #2644, #5758, #4485, #2235, #3584, #1339, #2726, #895, #1250, #3167, #2290, #4874, #4427, #364, #5482, #5049, #984, #636, #2790, #5514, #1490, #4607, #1396, #542, #4699, #3296, #3712, #4163, #2358, #95, #1458, #1842, #3261, #4227, #2390, #3229, #5080, #129, #1877, #1019, #2417, #2759, #3775, #5114, #1910, #2823, #4640, #577, #2877, #5578, #5451, #4129, #4669, #609, #1053, #60, #4195, #3676, #3325, #1942, #3745, #1524, #2853, #5144, #5548, #4098, #159, #1974, #1079, #1425, #27, #3646 ) ),
 .UNSPECIFIED., .F., .F., .F. ) 
 B_SPLINE_SURFACE_WITH_KNOTS ( ( 2, 2 ),
 ( 3, 2, 2, 2, 2, 2, 2, 2, 2, 2, 2, 2, 2, 2, 2, 2, 2, 2, 2, 2, 2, 2, 2, 2, 2, 2, 2, 2, 2, 2, 2, 2, 2, 2, 2, 2, 2, 2, 2, 2, 2, 2, 2, 2, 2, 2, 2, 2, 2, 2, 2, 2, 2, 2, 2, 2, 2, 2, 2, 2, 2, 2, 2, 2, 2, 2, 2, 2, 2, 2, 2, 2, 2, 2, 2, 2, 2, 2, 2, 2, 2, 2, 2, 3 ),
 ( 0.000000000000000000, 1.000000000000000000 ),
 ( 0.000000000000000000, 0.01190476190476190410, 0.02380952380952380820, 0.03571428571428571230, 0.04761904761904761640, 0.05952380952380952051, 0.07142857142857142461, 0.08333333333333332871, 0.09523809523809523281, 0.1071428571428571369, 0.1190476190476190410, 0.1309523809523809590, 0.1428571428571428492, 0.1547619047619047672, 0.1666666666666666574, 0.1785714285714285754, 0.1904761904761904656, 0.2023809523809523836, 0.2142857142857142738, 0.2261904761904761918, 0.2380952380952380820, 0.2500000000000000000, 0.2619047619047619180, 0.2738095238095238360, 0.2857142857142856984, 0.2976190476190476164, 0.3095238095238095344, 0.3214285714285714524, 0.3333333333333333148, 0.3452380952380952328, 0.3571428571428571508, 0.3690476190476190688, 0.3809523809523809312, 0.3928571428571428492, 0.4047619047619047672, 0.4166666666666666852, 0.4285714285714285476, 0.4404761904761904656, 0.4523809523809523836, 0.4642857142857143016, 0.4761904761904761640, 0.4880952380952380820, 0.5000000000000000000, 0.5119047619047618625, 0.5238095238095238360, 0.5357142857142856984, 0.5476190476190476719, 0.5595238095238095344, 0.5714285714285713969, 0.5833333333333333703, 0.5952380952380952328, 0.6071428571428570953, 0.6190476190476190688, 0.6309523809523809312, 0.6428571428571429047, 0.6547619047619047672, 0.6666666666666666297, 0.6785714285714286031, 0.6904761904761904656, 0.7023809523809523281, 0.7142857142857143016, 0.7261904761904761640, 0.7380952380952381375, 0.7500000000000000000, 0.7619047619047618625, 0.7738095238095238360, 0.7857142857142856984, 0.7976190476190476719, 0.8095238095238095344, 0.8214285714285713969, 0.8333333333333333703, 0.8452380952380952328, 0.8571428571428570953, 0.8690476190476190688, 0.8809523809523809312, 0.8928571428571429047, 0.9047619047619047672, 0.9166666666666666297, 0.9285714285714286031, 0.9404761904761904656, 0.9523809523809523281, 0.9642857142857143016, 0.9714020650462039663, 0.9811160856966659738 ),
 .UNSPECIFIED. ) 
 GEOMETRIC_REPRESENTATION_ITEM ( )  RATIONAL_B_SPLINE_SURFACE ( (
 ( 1.000000000000000000, 0.8660254037844387076, 1.000000000000000000, 0.8660254037844387076, 1.000000000000000000, 0.8660254037844387076, 1.000000000000000000, 0.8660254037844387076, 1.000000000000000000, 0.8660254037844387076, 1.000000000000000000, 0.8660254037844387076, 1.000000000000000000, 0.8660254037844387076, 1.000000000000000000, 0.8660254037844387076, 1.000000000000000000, 0.8660254037844387076, 1.000000000000000000, 0.8660254037844387076, 1.000000000000000000, 0.8660254037844387076, 1.000000000000000000, 0.8660254037844387076, 1.000000000000000000, 0.8660254037844387076, 1.000000000000000000, 0.8660254037844387076, 1.000000000000000000, 0.8660254037844387076, 1.000000000000000000, 0.8660254037844387076, 1.000000000000000000, 0.8660254037844387076, 1.000000000000000000, 0.8660254037844387076, 1.000000000000000000, 0.8660254037844387076, 1.000000000000000000, 0.8660254037844387076, 1.000000000000000000, 0.8660254037844387076, 1.000000000000000000, 0.8660254037844387076, 1.000000000000000000, 0.8660254037844387076, 1.000000000000000000, 0.8660254037844387076, 1.000000000000000000, 0.8660254037844387076, 1.000000000000000000, 0.8660254037844387076, 1.000000000000000000, 0.8660254037844387076, 1.000000000000000000, 0.8660254037844387076, 1.000000000000000000, 0.8660254037844387076, 1.000000000000000000, 0.8660254037844387076, 1.000000000000000000, 0.8660254037844387076, 1.000000000000000000, 0.8660254037844387076, 1.000000000000000000, 0.8660254037844387076, 1.000000000000000000, 0.8660254037844387076, 1.000000000000000000, 0.8660254037844387076, 1.000000000000000000, 0.8660254037844387076, 1.000000000000000000, 0.8660254037844387076, 1.000000000000000000, 0.8660254037844387076, 1.000000000000000000, 0.8660254037844387076, 1.000000000000000000, 0.8660254037844387076, 1.000000000000000000, 0.8660254037844387076, 1.000000000000000000, 0.8660254037844387076, 1.000000000000000000, 0.8660254037844387076, 1.000000000000000000, 0.8660254037844387076, 1.000000000000000000, 0.8660254037844387076, 1.000000000000000000, 0.8660254037844387076, 1.000000000000000000, 0.8660254037844387076, 1.000000000000000000, 0.8660254037844387076, 1.000000000000000000, 0.8660254037844387076, 1.000000000000000000, 0.8660254037844387076, 1.000000000000000000, 0.8660254037844387076, 1.000000000000000000, 0.8660254037844387076, 1.000000000000000000, 0.8660254037844387076, 1.000000000000000000, 0.8660254037844387076, 1.000000000000000000, 0.8660254037844387076, 1.000000000000000000, 0.8660254037844387076, 1.000000000000000000, 0.8660254037844387076, 1.000000000000000000, 0.8660254037844387076, 1.000000000000000000, 0.8660254037844387076, 1.000000000000000000, 0.8660254037844387076, 1.000000000000000000, 0.8660254037844387076, 1.000000000000000000, 0.8660254037844387076, 1.000000000000000000, 0.8660254037844387076, 1.000000000000000000, 0.8660254037844387076, 1.000000000000000000, 0.8660254037844387076, 1.000000000000000000, 0.8660254037844387076, 1.000000000000000000, 0.8660254037844387076, 1.000000000000000000, 0.8660254037844387076, 1.000000000000000000, 0.8660254037844387076, 1.000000000000000000, 0.8660254037844387076, 1.000000000000000000, 0.8660254037844387076, 1.000000000000000000, 0.8660254037844387076, 1.000000000000000000, 0.8660254037844387076, 1.000000000000000000, 0.8660254037844387076, 1.000000000000000000, 0.8660254037844387076, 1.000000000000000000, 0.8660254037844387076, 1.000000000000000000, 0.8660254037844387076, 1.000000000000000000, 0.8660254037844387076, 1.000000000000000000, 0.8660254037844387076, 1.000000000000000000, 0.8660254037844387076, 1.000000000000000000, 0.8660254037844387076, 1.000000000000000000, 0.9199135415481476397, 0.9355742024537678780, 0.9355742024537678780, 0.9355742024537678780),
 ( 1.000000000000000000, 0.8660254037844387076, 1.000000000000000000, 0.8660254037844387076, 1.000000000000000000, 0.8660254037844387076, 1.000000000000000000, 0.8660254037844387076, 1.000000000000000000, 0.8660254037844387076, 1.000000000000000000, 0.8660254037844387076, 1.000000000000000000, 0.8660254037844387076, 1.000000000000000000, 0.8660254037844387076, 1.000000000000000000, 0.8660254037844387076, 1.000000000000000000, 0.8660254037844387076, 1.000000000000000000, 0.8660254037844387076, 1.000000000000000000, 0.8660254037844387076, 1.000000000000000000, 0.8660254037844387076, 1.000000000000000000, 0.8660254037844387076, 1.000000000000000000, 0.8660254037844387076, 1.000000000000000000, 0.8660254037844387076, 1.000000000000000000, 0.8660254037844387076, 1.000000000000000000, 0.8660254037844387076, 1.000000000000000000, 0.8660254037844387076, 1.000000000000000000, 0.8660254037844387076, 1.000000000000000000, 0.8660254037844387076, 1.000000000000000000, 0.8660254037844387076, 1.000000000000000000, 0.8660254037844387076, 1.000000000000000000, 0.8660254037844387076, 1.000000000000000000, 0.8660254037844387076, 1.000000000000000000, 0.8660254037844387076, 1.000000000000000000, 0.8660254037844387076, 1.000000000000000000, 0.8660254037844387076, 1.000000000000000000, 0.8660254037844387076, 1.000000000000000000, 0.8660254037844387076, 1.000000000000000000, 0.8660254037844387076, 1.000000000000000000, 0.8660254037844387076, 1.000000000000000000, 0.8660254037844387076, 1.000000000000000000, 0.8660254037844387076, 1.000000000000000000, 0.8660254037844387076, 1.000000000000000000, 0.8660254037844387076, 1.000000000000000000, 0.8660254037844387076, 1.000000000000000000, 0.8660254037844387076, 1.000000000000000000, 0.8660254037844387076, 1.000000000000000000, 0.8660254037844387076, 1.000000000000000000, 0.8660254037844387076, 1.000000000000000000, 0.8660254037844387076, 1.000000000000000000, 0.8660254037844387076, 1.000000000000000000, 0.8660254037844387076, 1.000000000000000000, 0.8660254037844387076, 1.000000000000000000, 0.8660254037844387076, 1.000000000000000000, 0.8660254037844387076, 1.000000000000000000, 0.8660254037844387076, 1.000000000000000000, 0.8660254037844387076, 1.000000000000000000, 0.8660254037844387076, 1.000000000000000000, 0.8660254037844387076, 1.000000000000000000, 0.8660254037844387076, 1.000000000000000000, 0.8660254037844387076, 1.000000000000000000, 0.8660254037844387076, 1.000000000000000000, 0.8660254037844387076, 1.000000000000000000, 0.8660254037844387076, 1.000000000000000000, 0.8660254037844387076, 1.000000000000000000, 0.8660254037844387076, 1.000000000000000000, 0.8660254037844387076, 1.000000000000000000, 0.8660254037844387076, 1.000000000000000000, 0.8660254037844387076, 1.000000000000000000, 0.8660254037844387076, 1.000000000000000000, 0.8660254037844387076, 1.000000000000000000, 0.8660254037844387076, 1.000000000000000000, 0.8660254037844387076, 1.000000000000000000, 0.8660254037844387076, 1.000000000000000000, 0.8660254037844387076, 1.000000000000000000, 0.8660254037844387076, 1.000000000000000000, 0.8660254037844387076, 1.000000000000000000, 0.8660254037844387076, 1.000000000000000000, 0.8660254037844387076, 1.000000000000000000, 0.8660254037844387076, 1.000000000000000000, 0.8660254037844387076, 1.000000000000000000, 0.8660254037844387076, 1.000000000000000000, 0.8660254037844387076, 1.000000000000000000, 0.8660254037844387076, 1.000000000000000000, 0.8660254037844387076, 1.000000000000000000, 0.8660254037844387076, 1.000000000000000000, 0.8660254037844387076, 1.000000000000000000, 0.8660254037844387076, 1.000000000000000000, 0.8660254037844387076, 1.000000000000000000, 0.9199135415481476397, 0.9355742024537678780, 0.9355742024537678780, 0.9355742024537678780) ) ) 
 REPRESENTATION_ITEM ( '' )  SURFACE ( )  );
#1262 = CARTESIAN_POINT ( 'NONE',  ( 19.60861388584432774, -0.1137313191329904632, 1.187866542615165999 ) ) ;
#1263 = CARTESIAN_POINT ( 'NONE',  ( -20.00000000000000355, 1.500000000000000000, 1.836970198721029934E-16 ) ) ;
#1264 = CARTESIAN_POINT ( 'NONE',  ( -13.70000000000000284, -0.5303979284440023534, 1.277739814879704339 ) ) ;
#1265 = CARTESIAN_POINT ( 'NONE',  ( -18.20349894150899317, 1.183613885844351010, 0.6833597956088148795 ) ) ;
#1266 = CARTESIAN_POINT ( 'NONE',  ( -19.67783121635129362, -1.500000000000000444, 1.836970198721030674E-16 ) ) ;
#1267 = EDGE_CURVE ( 'NONE', #1466, #704, #1531, .T. ) ;
#1268 = ORIENTED_EDGE ( 'NONE', *, *, #802, .F. ) ;
#1269 = CARTESIAN_POINT ( 'NONE',  ( 13.66316772515768641, -1.183613885844322366, 0.6833597956087990033 ) ) ;
#1270 = CARTESIAN_POINT ( 'NONE',  ( 17.27216878364870922, 1.500000000000000444, 0.000000000000000000 ) ) ;
#1271 = CARTESIAN_POINT ( 'NONE',  ( 20.00000000000000355, -2.249999999999998668, -7.511572993685794170E-16 ) ) ;
#1272 = B_SPLINE_CURVE_WITH_KNOTS ( 'NONE', 3,
 ( #2489, #1601, #5242, #1259, #5738, #291 ),
 .UNSPECIFIED., .F., .F.,
 ( 4, 2, 4 ),
 ( 0.001314652396222794730, 0.001969405109320634169, 0.002624157822418473826 ),
 .UNSPECIFIED. ) ;
#1273 = CARTESIAN_POINT ( 'NONE',  ( -18.59933227484231466, 0.5918069429221612943, 1.025039693413197783 ) ) ;
#1274 = CARTESIAN_POINT ( 'NONE',  ( -18.05766560817565036, 8.368743863583045653E-17, 1.366719591217596896 ) ) ;
#1275 = CARTESIAN_POINT ( 'NONE',  ( -14.16183227484231466, 0.5918069429221612943, 1.025039693413197783 ) ) ;
#1276 =( BOUNDED_CURVE ( )  B_SPLINE_CURVE ( 2, ( #4201, #3750, #3331, #929, #2451, #2942, #1114 ),
 .UNSPECIFIED., .F., .F. ) 
 B_SPLINE_CURVE_WITH_KNOTS ( ( 3, 2, 2, 3 ),
 ( 0.8999734936080032721, 0.9118782555127651346, 0.9237830174175269971, 0.9356877793222889705 ),
 .UNSPECIFIED. ) 
 CURVE ( )  GEOMETRIC_REPRESENTATION_ITEM ( )  RATIONAL_B_SPLINE_CURVE ( ( 1.000000000000000000, 0.8660254037844387076, 1.000000000000000000, 0.8660254037844387076, 1.000000000000000000, 0.8660254037844387076, 1.000000000000000000 ) ) 
 REPRESENTATION_ITEM ( '' )  );
#1277 = CARTESIAN_POINT ( 'NONE',  ( 20.00000000000000355, 1.124999999999997780, 1.948557158514986343 ) ) ;
#1278 = CARTESIAN_POINT ( 'NONE',  ( -14.05766560817564859, 8.368743863583045653E-17, 1.366719591217596896 ) ) ;
#1279 = CARTESIAN_POINT ( 'NONE',  ( 14.51733439182435426, 1.183613885844322366, 0.000000000000000000 ) ) ;
#1280 = CARTESIAN_POINT ( 'NONE',  ( 16.47566772515768463, 1.183613885844322144, -0.6833597956087991143 ) ) ;
#1281 = CARTESIAN_POINT ( 'NONE',  ( -19.66183227484231111, 0.5918069429221612943, 1.025039693413197783 ) ) ;
#1282 = CARTESIAN_POINT ( 'NONE',  ( -15.77920674559680414, -0.7656249999999996669, 1.326101399544921788 ) ) ;
#1283 = CARTESIAN_POINT ( 'NONE',  ( -19.65212881553885893, 1.227128815538857998, 0.09230531684853748864 ) ) ;
#1284 = CARTESIAN_POINT ( 'NONE',  ( -15.12500000000000355, -3.181725716174720991E-16, -1.732050807568877193 ) ) ;
#1285 = ORIENTED_EDGE ( 'NONE', *, *, #1911, .F. ) ;
#1286 = ADVANCED_FACE ( 'NONE', ( #584 ), #3752, .F. ) ;
#1287 = CARTESIAN_POINT ( 'NONE',  ( 14.70483439182435248, -1.183613885844322366, 1.449508956725610206E-16 ) ) ;
#1288 = CARTESIAN_POINT ( 'NONE',  ( -20.00000000000000355, 0.000000000000000000, 0.000000000000000000 ) ) ;
#1289 = CARTESIAN_POINT ( 'NONE',  ( -13.92783121635188337, 1.500000000000000444, -1.222622003636876629E-11 ) ) ;
#1290 = CARTESIAN_POINT ( 'NONE',  ( 13.70000000000000462, 0.9343721204631629806, -1.173434591488240031 ) ) ;
#1291 = CARTESIAN_POINT ( 'NONE',  ( -15.67783121635129007, -1.499999999999999334, 1.836970198721029194E-16 ) ) ;
#1292 = CARTESIAN_POINT ( 'NONE',  ( -17.12016560817566102, 8.368743863583247799E-17, 1.366719591217629981 ) ) ;
#1293 = CARTESIAN_POINT ( 'NONE',  ( 19.25970886257884018, 1.531250000000000000, 0.8840675996966143035 ) ) ;
#1294 = VECTOR ( 'NONE', #5212, 1000.000000000000000 ) ;
#1295 = CARTESIAN_POINT ( 'NONE',  ( -19.79166666666666785, -1.499999999999999778, 0.8660254037844391517 ) ) ;
#1296 = VERTEX_POINT ( 'NONE', #34 ) ;
#1297 = CARTESIAN_POINT ( 'NONE',  ( 13.62150105849102033, -0.5918069429221609612, 1.025039693413198005 ) ) ;
#1298 = CARTESIAN_POINT ( 'NONE',  ( 18.70000000000000284, 1.500000000000000000, 0.000000000000000000 ) ) ;
#1299 = CARTESIAN_POINT ( 'NONE',  ( 17.94999999999999574, -1.500000000000000000, 1.836970198721029934E-16 ) ) ;
#1300 = VECTOR ( 'NONE', #477, 1000.000000000000000 ) ;
#1301 = CARTESIAN_POINT ( 'NONE',  ( -18.14099894150897541, 1.183613885844322366, 0.6833597956087983372 ) ) ;
#1302 = CARTESIAN_POINT ( 'NONE',  ( -19.80766560817564681, -2.510623159074913942E-16, -1.366719591217596896 ) ) ;
#1303 = CARTESIAN_POINT ( 'NONE',  ( -14.95349894150898074, -1.183613885844322589, -0.6833597956087981151 ) ) ;
#1304 = CARTESIAN_POINT ( 'NONE',  ( 16.00970886257884374, -1.531250000000000444, -0.8840675996966138595 ) ) ;
#1305 = CARTESIAN_POINT ( 'NONE',  ( -13.84449788301796147, 0.7500000000000003331, 1.299038105676658228 ) ) ;
#1306 = CARTESIAN_POINT ( 'NONE',  ( -19.44029113742115911, 1.531250000000000000, 0.8840675996966143035 ) ) ;
#1307 = CARTESIAN_POINT ( 'NONE',  ( 13.68400105849102033, -0.5918069429221609612, 1.025039693413198005 ) ) ;
#1308 = CARTESIAN_POINT ( 'NONE',  ( 17.05900105849101678, 1.183613885844322589, 0.6833597956087983372 ) ) ;
#1309 = ORIENTED_EDGE ( 'NONE', *, *, #5461, .F. ) ;
#1310 = CARTESIAN_POINT ( 'NONE',  ( 15.68883545031537707, 0.7499999999999988898, -1.299038105676658672 ) ) ;
#1311 = CARTESIAN_POINT ( 'NONE',  ( -14.77920674559680236, -0.7656249999999996669, 1.326101399544921788 ) ) ;
#1312 = CC_DESIGN_DATE_AND_TIME_ASSIGNMENT ( #1668, #5749, ( #4226 ) ) ;
#1313 = DIRECTION ( 'NONE',  ( -1.000000000000000000, -4.814824860968088948E-33, -0.000000000000000000 ) ) ;
#1314 = CARTESIAN_POINT ( 'NONE',  ( 18.03816772515767042, 0.5918069429221737288, 1.025039693413219322 ) ) ;
#1315 = CARTESIAN_POINT ( 'NONE',  ( -20.01599894150898251, -0.5918069429221609612, 1.025039693413198005 ) ) ;
#1316 = EDGE_LOOP ( 'NONE', ( #369, #3402, #5272, #4975 ) ) ;
#1317 = CARTESIAN_POINT ( 'NONE',  ( 15.49650105849102033, 1.183613885844322589, 0.6833597956087983372 ) ) ;
#1318 = CARTESIAN_POINT ( 'NONE',  ( 14.77216878364870745, 1.499999999999999556, 0.000000000000000000 ) ) ;
#1319 = CARTESIAN_POINT ( 'NONE',  ( 20.20483439182435248, -1.183613885844322366, 1.449508956725610206E-16 ) ) ;
#1320 = DIRECTION ( 'NONE',  ( -1.000000000000000000, -4.814824860968088948E-33, -0.000000000000000000 ) ) ;
#1321 = DIRECTION ( 'NONE',  ( 0.000000000000000000, -1.000000000000000000, 0.000000000000000000 ) ) ;
#1322 = CARTESIAN_POINT ( 'NONE',  ( -16.91183227484233242, -0.5918069429221760602, -1.025039693413222430 ) ) ;
#1323 = CARTESIAN_POINT ( 'NONE',  ( -19.76116454968462577, -0.7499999999999996669, 1.299038105676658006 ) ) ;
#1324 = CARTESIAN_POINT ( 'NONE',  ( -17.92783121635130783, 1.499999999999999334, -1.678657213233208416E-13 ) ) ;
#1325 =( BOUNDED_CURVE ( )  B_SPLINE_CURVE ( 2, ( #2046, #1732, #5265, #5316, #2677, #5763, #3007 ),
 .UNSPECIFIED., .F., .F. ) 
 B_SPLINE_CURVE_WITH_KNOTS ( ( 3, 2, 2, 3 ),
 ( 0.06409199621601900654, 0.06566187922232816221, 0.06723176222863731788, 0.06880164523494647355 ),
 .UNSPECIFIED. ) 
 CURVE ( )  GEOMETRIC_REPRESENTATION_ITEM ( )  RATIONAL_B_SPLINE_CURVE ( ( 0.9999999999999631406, 0.8660254037844754560, 1.000000000000000000, 0.8660254037844385966, 1.000000000000000000, 0.8660254037844385966, 1.000000000000000000 ) ) 
 REPRESENTATION_ITEM ( '' )  );
#1326 = ORIENTED_EDGE ( 'NONE', *, *, #3097, .F. ) ;
#1327 = CARTESIAN_POINT ( 'NONE',  ( 19.33745992106986478, 0.7656250000000002220, 1.326101399544921566 ) ) ;
#1328 = ADVANCED_FACE ( 'NONE', ( #2330 ), #4379, .F. ) ;
#1329 = DIRECTION ( 'NONE',  ( 1.000000000000000000, 0.000000000000000000, 0.000000000000000000 ) ) ;
#1330 = CARTESIAN_POINT ( 'NONE',  ( 17.77216878364867725, 1.500000000000000444, -6.155076448521550801E-13 ) ) ;
#1331 = CARTESIAN_POINT ( 'NONE',  ( -19.60382931321942124, 0.6556800277420329337, 0.9881625506984728080 ) ) ;
#1332 = CARTESIAN_POINT ( 'NONE',  ( -18.68266560817564681, 1.183613885844322366, 0.000000000000000000 ) ) ;
#1333 = CARTESIAN_POINT ( 'NONE',  ( -14.07849894150898074, -0.5918069429221609612, 1.025039693413198005 ) ) ;
#1334 = CARTESIAN_POINT ( 'NONE',  ( 15.55137552924550803, -0.7656250000000006661, -1.326101399544921566 ) ) ;
#1335 = CARTESIAN_POINT ( 'NONE',  ( 18.81383545031535220, 1.500000000000041744, 0.8660254037844625774 ) ) ;
#1336 = CARTESIAN_POINT ( 'NONE',  ( -13.80766560817565036, -2.510623159074913942E-16, -1.366719591217596896 ) ) ;
#1337 = CARTESIAN_POINT ( 'NONE',  ( 16.72566772515768818, -1.183613885844322366, 0.6833597956087990033 ) ) ;
#1338 = ADVANCED_FACE ( 'NONE', ( #5056 ), #517, .F. ) ;
#1339 = CARTESIAN_POINT ( 'NONE',  ( 17.68400105849102033, -0.5918069429221609612, 1.025039693413198005 ) ) ;
#1340 = AXIS2_PLACEMENT_3D ( 'NONE', #503, #5505, #51 ) ;
#1341 = CARTESIAN_POINT ( 'NONE',  ( 15.52216878364870745, -1.499999999999999556, 1.836970198721029688E-16 ) ) ;
#1342 = CARTESIAN_POINT ( 'NONE',  ( -15.48754007893013807, 1.531249999999999556, -0.8840675996966153027 ) ) ;
#1343 = CARTESIAN_POINT ( 'NONE',  ( -19.92172769284587730, 0.3680687615027717907, 2.385571612819396226 ) ) ;
#1344 = CARTESIAN_POINT ( 'NONE',  ( 18.62150105849100612, -0.5918069429221735067, 1.025039693413219544 ) ) ;
#1345 = CARTESIAN_POINT ( 'NONE',  ( -19.55766560817564681, 8.368743863583045653E-17, 1.366719591217596896 ) ) ;
#1346 = EDGE_LOOP ( 'NONE', ( #2519, #3039, #2003 ) ) ;
#1347 = CARTESIAN_POINT ( 'NONE',  ( 16.53816772515768818, 0.5918069429221612943, 1.025039693413197783 ) ) ;
#1348 = B_SPLINE_CURVE_WITH_KNOTS ( 'NONE', 3,
 ( #1505, #3756, #1954, #3308, #5560, #2777, #4974, #2743, #3570, #1383, #499, #3600, #2686, #3216, #3663, #404 ),
 .UNSPECIFIED., .F., .F.,
 ( 4, 2, 2, 2, 2, 2, 2, 4 ),
 ( 0.0003293358924531441991, 0.0007150920984285698365, 0.001100848304403995691, 0.001872360716354846315, 0.002258116922330272169, 0.002643873128305697373, 0.003029629334281122577, 0.003415385540256547781 ),
 .UNSPECIFIED. ) ;
#1349 = CARTESIAN_POINT ( 'NONE',  ( 14.30900105849101855, -1.183613885844322589, -0.6833597956087981151 ) ) ;
#1350 = CARTESIAN_POINT ( 'NONE',  ( 19.11666666666666359, 0.7499999999999990008, -1.299038105676658672 ) ) ;
#1351 = LINE ( 'NONE', #1263, #4567 ) ;
#1352 = CARTESIAN_POINT ( 'NONE',  ( 19.60550211698203782, -0.7500000000000029976, -1.299038105676661781 ) ) ;
#1353 = CARTESIAN_POINT ( 'NONE',  ( -17.87016560817566813, -2.510623159074974586E-16, -1.366719591217629981 ) ) ;
#1354 = CARTESIAN_POINT ( 'NONE',  ( -19.80283121635129007, 1.060575238724906915E-16, 1.732050807568877193 ) ) ;
#1355 = CARTESIAN_POINT ( 'NONE',  ( -20.00000000000000355, 2.249999999999998668, 0.000000000000000000 ) ) ;
#1356 = ORIENTED_EDGE ( 'NONE', *, *, #3479, .F. ) ;
#1357 = CARTESIAN_POINT ( 'NONE',  ( 13.99650105849102033, 1.183613885844322589, 0.6833597956087983372 ) ) ;
#1358 = CARTESIAN_POINT ( 'NONE',  ( -19.42783121635131494, 1.500000000000000444, -5.245803791353614237E-13 ) ) ;
#1359 = CARTESIAN_POINT ( 'NONE',  ( 19.49166666666666714, -1.500000000000000222, -0.8660254037844381525 ) ) ;
#1360 =( BOUNDED_CURVE ( )  B_SPLINE_CURVE ( 2, ( #3156, #434, #4860, #910, #3971, #376, #4390 ),
 .UNSPECIFIED., .F., .F. ) 
 B_SPLINE_CURVE_WITH_KNOTS ( ( 3, 2, 2, 3 ),
 ( 0.7214020650365746690, 0.7333068269413365314, 0.7452115888460985049, 0.7571163507508603674 ),
 .UNSPECIFIED. ) 
 CURVE ( )  GEOMETRIC_REPRESENTATION_ITEM ( )  RATIONAL_B_SPLINE_CURVE ( ( 1.000000000000000000, 0.8660254037844387076, 1.000000000000000000, 0.8660254037844387076, 1.000000000000000000, 0.8660254037844387076, 1.000000000000000000 ) ) 
 REPRESENTATION_ITEM ( '' )  );
#1361 = EDGE_CURVE ( 'NONE', #4028, #652, #808, .T. ) ;
#1362 = CARTESIAN_POINT ( 'NONE',  ( -16.26599894150898251, 0.5918069429221604061, -1.025039693413198227 ) ) ;
#1363 = CARTESIAN_POINT ( 'NONE',  ( 15.09304219591217411, -3.248011668595026887E-16, -1.768135199393228829 ) ) ;
#1364 = CARTESIAN_POINT ( 'NONE',  ( -18.25000000000000000, -1.500000000000000000, 1.836970198721029934E-16 ) ) ;
#1365 = CARTESIAN_POINT ( 'NONE',  ( -17.89862447075449126, 0.7656250000000002220, 1.326101399544921566 ) ) ;
#1366 = CARTESIAN_POINT ( 'NONE',  ( 16.30900105849102033, -1.183613885844322589, -0.6833597956087981151 ) ) ;
#1367 = CARTESIAN_POINT ( 'NONE',  ( 16.14233439182434893, 8.368743863583045653E-17, 1.366719591217596896 ) ) ;
#1368 = EDGE_LOOP ( 'NONE', ( #3281, #4742, #2022, #3516 ) ) ;
#1369 = CARTESIAN_POINT ( 'NONE',  ( -16.95349894150897896, -1.183613885844322589, -0.6833597956087981151 ) ) ;
#1370 = CARTESIAN_POINT ( 'NONE',  ( -14.36254007893013629, 0.7656250000000002220, 1.326101399544921566 ) ) ;
#1371 = CARTESIAN_POINT ( 'NONE',  ( -19.64840228428078817, 1.212790463464939128, 0.1856086319579858257 ) ) ;
#1372 = CARTESIAN_POINT ( 'NONE',  ( 16.99650105849100612, 1.183613885844347458, 0.6833597956088126590 ) ) ;
#1373 = CARTESIAN_POINT ( 'NONE',  ( -18.30766560817565036, -2.510623159074913942E-16, -1.366719591217596896 ) ) ;
#1374 = ORIENTED_EDGE ( 'NONE', *, *, #2613, .T. ) ;
#1375 = CARTESIAN_POINT ( 'NONE',  ( 14.82983439182435248, -2.510623159074913942E-16, -1.366719591217596896 ) ) ;
#1376 = CARTESIAN_POINT ( 'NONE',  ( 14.51733439182435426, 1.183613885844322366, 0.000000000000000000 ) ) ;
#1377 = LINE ( 'NONE', #4175, #4291 ) ;
#1378 = CARTESIAN_POINT ( 'NONE',  ( -16.46949788301890649, 1.499999999982925658, -0.8660254037942969330 ) ) ;
#1379 = CARTESIAN_POINT ( 'NONE',  ( 19.56383545031536997, -1.500000000000037081, -0.8660254037844220543 ) ) ;
#1380 = CARTESIAN_POINT ( 'NONE',  ( -16.32849894150899672, 0.5918069429221747280, -1.025039693413223096 ) ) ;
#1381 = CARTESIAN_POINT ( 'NONE',  ( 19.32500000000000284, 1.060575238724906915E-16, 1.732050807568877193 ) ) ;
#1382 = CARTESIAN_POINT ( 'NONE',  ( 18.89233439182435603, -2.510623159074913942E-16, -1.366719591217596896 ) ) ;
#1383 = CARTESIAN_POINT ( 'NONE',  ( -13.70000000000000284, 0.6463388365981960204, -1.133303246134066855 ) ) ;
#1384 = VERTEX_POINT ( 'NONE', #4170 ) ;
#1385 = CARTESIAN_POINT ( 'NONE',  ( 15.57983439182435248, 8.368743863583045653E-17, 1.366719591217596896 ) ) ;
#1386 = CARTESIAN_POINT ( 'NONE',  ( -19.70833333333333925, -1.500000000000000222, -0.8660254037844381525 ) ) ;
#1387 = CARTESIAN_POINT ( 'NONE',  ( -19.30283121635129362, 1.060575238724906422E-16, 1.732050807568876083 ) ) ;
#1388 = VECTOR ( 'NONE', #5707, 1000.000000000000000 ) ;
#1389 = CARTESIAN_POINT ( 'NONE',  ( 14.75412658773653085, 1.531250000000000000, 0.000000000000000000 ) ) ;
#1390 = CARTESIAN_POINT ( 'NONE',  ( -15.55766560817564681, 8.368743863583045653E-17, 1.366719591217596896 ) ) ;
#1391 = CARTESIAN_POINT ( 'NONE',  ( -14.33333333333333570, -0.7499999999999996669, 1.299038105676658006 ) ) ;
#1392 = CARTESIAN_POINT ( 'NONE',  ( 15.38470886257884196, -0.7656249999999996669, 1.326101399544921788 ) ) ;
#1393 = CARTESIAN_POINT ( 'NONE',  ( -18.29166666666667140, -1.499999999999999778, 0.8660254037844391517 ) ) ;
#1394 = CARTESIAN_POINT ( 'NONE',  ( -17.56529113742115911, 0.7656249999999990008, -1.326101399544922455 ) ) ;
#1395 = CARTESIAN_POINT ( 'NONE',  ( 17.35066772515768818, -0.5918069429221617384, -1.025039693413197783 ) ) ;
#1396 = CARTESIAN_POINT ( 'NONE',  ( 18.39233439182435248, -2.510623159074913942E-16, -1.366719591217596896 ) ) ;
#1397 = EDGE_LOOP ( 'NONE', ( #2456, #637, #5244, #5515 ) ) ;
#1398 = CARTESIAN_POINT ( 'NONE',  ( -16.82849894150898251, 0.5918069429221604061, -1.025039693413198227 ) ) ;
#1399 = CARTESIAN_POINT ( 'NONE',  ( -14.15420674559680059, -1.531250000000000444, -0.8840675996966138595 ) ) ;
#1400 = CARTESIAN_POINT ( 'NONE',  ( -19.50000000000000355, 1.500000000000000000, 0.000000000000000000 ) ) ;
#1401 = CARTESIAN_POINT ( 'NONE',  ( -20.00000000000000355, 0.000000000000000000, 0.000000000000000000 ) ) ;
#1402 = CARTESIAN_POINT ( 'NONE',  ( -17.09933227484231466, 0.5918069429221612943, 1.025039693413197783 ) ) ;
#1403 = LINE ( 'NONE', #1465, #3908 ) ;
#1404 = ORIENTED_EDGE ( 'NONE', *, *, #2100, .F. ) ;
#1405 = CARTESIAN_POINT ( 'NONE',  ( 16.16316772515768463, -1.183613885844322366, 0.6833597956087990033 ) ) ;
#1406 = CARTESIAN_POINT ( 'NONE',  ( 15.05900105849102033, 1.183613885844322366, 0.6833597956087983372 ) ) ;
#1407 = DIRECTION ( 'NONE',  ( -1.000000000000000000, -4.814824860968088948E-33, -0.000000000000000000 ) ) ;
#1408 = DIRECTION ( 'NONE',  ( -1.000000000000000000, -4.814824860968088948E-33, -0.000000000000000000 ) ) ;
#1409 = CARTESIAN_POINT ( 'NONE',  ( -20.40420674559680236, 1.531250000000000000, 0.8840675996966143035 ) ) ;
#1410 = CARTESIAN_POINT ( 'NONE',  ( -16.03683227484233242, -1.183613885844350788, 0.6833597956088155456 ) ) ;
#1411 = CARTESIAN_POINT ( 'NONE',  ( 19.72566772515768463, -1.183613885844322366, 0.6833597956087990033 ) ) ;
#1412 = CARTESIAN_POINT ( 'NONE',  ( 20.00000000000000355, -2.249999999999998224, -1.299038105676658228 ) ) ;
#1413 = ORIENTED_EDGE ( 'NONE', *, *, #1517, .T. ) ;
#1414 = EDGE_CURVE ( 'NONE', #2037, #3175, #2102, .T. ) ;
#1415 = CARTESIAN_POINT ( 'NONE',  ( 15.87150105849102033, 0.5918069429221604061, -1.025039693413198227 ) ) ;
#1416 = CARTESIAN_POINT ( 'NONE',  ( -19.58333333333333925, 0.7499999999999990008, -1.299038105676658672 ) ) ;
#1417 = CARTESIAN_POINT ( 'NONE',  ( 15.52216878364870745, -1.499999999999999556, 1.836970198721029688E-16 ) ) ;
#1418 = CARTESIAN_POINT ( 'NONE',  ( 14.08745992106986478, -0.7656250000000006661, -1.326101399544921566 ) ) ;
#1419 = CARTESIAN_POINT ( 'NONE',  ( -15.34933227484231466, -0.5918069429221617384, -1.025039693413197783 ) ) ;
#1420 = CARTESIAN_POINT ( 'NONE',  ( 19.86022993090466215, 0.1835754756815193844, 2.492088861051974469 ) ) ;
#1421 = CARTESIAN_POINT ( 'NONE',  ( 15.63470886257884196, 0.7656249999999990008, -1.326101399544922455 ) ) ;
#1422 = CARTESIAN_POINT ( 'NONE',  ( -18.20833333333333570, -1.500000000000000222, -0.8660254037844381525 ) ) ;
#1423 = CARTESIAN_POINT ( 'NONE',  ( -16.23195780408782696, -1.531250000000000000, 1.875240411194384668E-16 ) ) ;
#1424 = CARTESIAN_POINT ( 'NONE',  ( 16.14233439182434893, 8.368743863583045653E-17, 1.366719591217596896 ) ) ;
#1425 = CARTESIAN_POINT ( 'NONE',  ( 20.31770992266811149, -0.9575792032741511361, -0.6956895142377372832 ) ) ;
#1426 = EDGE_LOOP ( 'NONE', ( #3873, #5102, #2632 ) ) ;
#1427 = CARTESIAN_POINT ( 'NONE',  ( -18.62016560817564681, 8.368743863583045653E-17, 1.366719591217596896 ) ) ;
#1428 = CARTESIAN_POINT ( 'NONE',  ( -19.37016560817565036, -2.510623159074913942E-16, -1.366719591217596896 ) ) ;
#1429 = CARTESIAN_POINT ( 'NONE',  ( 15.70000000000000284, 1.500000000000000000, 0.000000000000000000 ) ) ;
#1430 = CARTESIAN_POINT ( 'NONE',  ( 18.87150105849100612, 0.5918069429221729516, -1.025039693413219988 ) ) ;
#1431 = CARTESIAN_POINT ( 'NONE',  ( -18.34933227484231466, -0.5918069429221617384, -1.025039693413197783 ) ) ;
#1432 = ORIENTED_EDGE ( 'NONE', *, *, #2831, .F. ) ;
#1433 = CARTESIAN_POINT ( 'NONE',  ( 19.28816772515768463, -0.5918069429221617384, -1.025039693413197783 ) ) ;
#1434 = ADVANCED_FACE ( 'NONE', ( #603 ), #5091, .T. ) ;
#1435 = CARTESIAN_POINT ( 'NONE',  ( 17.68400105849102033, -0.5918069429221609612, 1.025039693413198005 ) ) ;
#1436 = CIRCLE ( 'NONE', #2117, 1.500000000000000000 ) ;
#1437 = CARTESIAN_POINT ( 'NONE',  ( 19.78843048513310876, -0.6909839136693366468, 1.179040498739635900 ) ) ;
#1438 = CARTESIAN_POINT ( 'NONE',  ( -18.01116454968487091, 0.7500000000002106093, -1.299038105677025046 ) ) ;
#1439 = CARTESIAN_POINT ( 'NONE',  ( 19.85702787925362145, 1.209101706435794288, 0.7760266642549936700 ) ) ;
#1440 = FACE_BOUND ( 'NONE', #351, .T. ) ;
#1441 = DIRECTION ( 'NONE',  ( 0.000000000000000000, 0.000000000000000000, 1.000000000000000000 ) ) ;
#1442 = CARTESIAN_POINT ( 'NONE',  ( 18.22566772515768108, -1.183613885844322366, 0.6833597956087990033 ) ) ;
#1443 = CARTESIAN_POINT ( 'NONE',  ( -18.71949788301724027, -1.500000000013184120, 0.8660254037768546631 ) ) ;
#1444 = CARTESIAN_POINT ( 'NONE',  ( -19.43266560817564681, -1.183613885844322366, 1.449508956725610206E-16 ) ) ;
#1445 = EDGE_LOOP ( 'NONE', ( #2078, #3099, #2197, #643 ) ) ;
#1446 = CARTESIAN_POINT ( 'NONE',  ( 16.12150105849102033, -0.5918069429221609612, 1.025039693413198005 ) ) ;
#1447 = CARTESIAN_POINT ( 'NONE',  ( -19.50000000000000355, 1.500000000000000000, 0.000000000000000000 ) ) ;
#1448 = ADVANCED_FACE ( 'NONE', ( #399 ), #1540, .F. ) ;
#1449 = CARTESIAN_POINT ( 'NONE',  ( -14.92783121635129362, 1.500000000000000444, 0.000000000000000000 ) ) ;
#1450 = ADVANCED_FACE ( 'NONE', ( #1237 ), #4849, .T. ) ;
#1451 = CARTESIAN_POINT ( 'NONE',  ( 14.42079325440319693, -0.7656249999999996669, 1.326101399544921788 ) ) ;
#1452 = CARTESIAN_POINT ( 'NONE',  ( -15.39099894150898074, -1.183613885844322589, -0.6833597956087981151 ) ) ;
#1453 = CARTESIAN_POINT ( 'NONE',  ( 15.85550211698201828, 0.7500000000000186517, 1.299038105676689758 ) ) ;
#1454 = CARTESIAN_POINT ( 'NONE',  ( 16.75970886257884018, 1.531250000000000000, 0.8840675996966143035 ) ) ;
#1455 = CARTESIAN_POINT ( 'NONE',  ( -18.08333333333333570, 0.7499999999999990008, -1.299038105676658672 ) ) ;
#1456 = CARTESIAN_POINT ( 'NONE',  ( -17.94029113742115911, 1.531250000000000000, 0.8840675996966143035 ) ) ;
#1457 = CARTESIAN_POINT ( 'NONE',  ( 15.51733439182435248, 1.183613885844322366, 0.000000000000000000 ) ) ;
#1458 = CARTESIAN_POINT ( 'NONE',  ( 18.72566772515768463, -1.183613885844322366, 0.6833597956087990033 ) ) ;
#1459 = ORIENTED_EDGE ( 'NONE', *, *, #924, .F. ) ;
#1460 = CARTESIAN_POINT ( 'NONE',  ( -18.24516560817565036, 1.183613885844322366, 0.000000000000000000 ) ) ;
#1461 = CARTESIAN_POINT ( 'NONE',  ( -14.19587341226347021, -1.531250000000000000, 1.875240411194384668E-16 ) ) ;
#1462 = CARTESIAN_POINT ( 'NONE',  ( 15.82499999999999929, 1.060575238724906915E-16, 1.732050807568877193 ) ) ;
#1463 = CARTESIAN_POINT ( 'NONE',  ( 18.91316772515767042, 1.183613885844347013, -0.6833597956088134362 ) ) ;
#1464 = CARTESIAN_POINT ( 'NONE',  ( -17.22433227484231466, 1.183613885844322144, -0.6833597956087991143 ) ) ;
#1465 = CARTESIAN_POINT ( 'NONE',  ( -20.00000000000000355, -1.500000000000000000, 0.000000000000000000 ) ) ;
#1466 = VERTEX_POINT ( 'NONE', #5319 ) ;
#1467 = CARTESIAN_POINT ( 'NONE',  ( 18.74650105849101678, -1.183613885844322589, -0.6833597956087981151 ) ) ;
#1468 = CARTESIAN_POINT ( 'NONE',  ( 16.14233439182435248, 8.368743863583045653E-17, 1.366719591217596896 ) ) ;
#1469 = DIRECTION ( 'NONE',  ( 0.000000000000000000, -1.000000000000000000, 0.000000000000000000 ) ) ;
#1470 = DIRECTION ( 'NONE',  ( -1.000000000000000000, -4.814824860968088948E-33, -0.000000000000000000 ) ) ;
#1471 = CARTESIAN_POINT ( 'NONE',  ( 16.36666666666666359, -0.7499999999999996669, 1.299038105676658006 ) ) ;
#1472 = CARTESIAN_POINT ( 'NONE',  ( -13.95349894150899672, -1.183613885844351232, -0.6833597956088146574 ) ) ;
#1474 = EDGE_CURVE ( 'NONE', #5214, #2209, #5303, .T. ) ;
#1473 = CARTESIAN_POINT ( 'NONE',  ( -20.00000000000000355, 0.000000000000000000, 0.000000000000000000 ) ) ;
#1475 =( BOUNDED_CURVE ( )  B_SPLINE_CURVE ( 2, ( #1882, #163, #1915, #1462, #5487, #1529, #1429 ),
 .UNSPECIFIED., .F., .F. ) 
 B_SPLINE_CURVE_WITH_KNOTS ( ( 3, 2, 2, 3 ),
 ( 0.6499734936080032721, 0.6618782555127651346, 0.6737830174175269971, 0.6856877793222889705 ),
 .UNSPECIFIED. ) 
 CURVE ( )  GEOMETRIC_REPRESENTATION_ITEM ( )  RATIONAL_B_SPLINE_CURVE ( ( 1.000000000000000000, 0.8660254037844387076, 1.000000000000000000, 0.8660254037844387076, 1.000000000000000000, 0.8660254037844387076, 1.000000000000000000 ) ) 
 REPRESENTATION_ITEM ( '' )  );
#1476 = CARTESIAN_POINT ( 'NONE',  ( 19.89233439182434893, -2.510623159074913942E-16, -1.366719591217596896 ) ) ;
#1477 = CARTESIAN_POINT ( 'NONE',  ( -14.55283121635129362, -3.181725716174719512E-16, -1.732050807568876749 ) ) ;
#1478 = CARTESIAN_POINT ( 'NONE',  ( -15.89099894150898251, -1.183613885844322589, -0.6833597956087981151 ) ) ;
#1479 = ORIENTED_EDGE ( 'NONE', *, *, #3462, .F. ) ;
#1480 = CARTESIAN_POINT ( 'NONE',  ( 15.28816772515768641, -0.5918069429221617384, -1.025039693413197783 ) ) ;
#1481 = CARTESIAN_POINT ( 'NONE',  ( 14.45483439182434005, 1.183613885844347235, 0.000000000000000000 ) ) ;
#1482 = DIRECTION ( 'NONE',  ( -1.000000000000000000, -0.000000000000000000, -0.000000000000000000 ) ) ;
#1483 =( BOUNDED_CURVE ( )  B_SPLINE_CURVE ( 2, ( #2412, #4218, #602, #5087, #3236, #5555, #2797 ),
 .UNSPECIFIED., .F., .F. ) 
 B_SPLINE_CURVE_WITH_KNOTS ( ( 3, 2, 2, 3 ),
 ( 0.05608588734874267456, 0.05765553636480433286, 0.05922518538086601197, 0.06079483439692767027 ),
 .UNSPECIFIED. ) 
 CURVE ( )  GEOMETRIC_REPRESENTATION_ITEM ( )  RATIONAL_B_SPLINE_CURVE ( ( 1.000000000001259437, 0.8660254037831791596, 1.000000000000000000, 0.8660254037844385966, 1.000000000000000000, 0.8660254037843898578, 1.000000000000048628 ) ) 
 REPRESENTATION_ITEM ( '' )  );
#1484 = CARTESIAN_POINT ( 'NONE',  ( 14.33745992106986478, 0.7656250000000002220, 1.326101399544921566 ) ) ;
#1485 = CARTESIAN_POINT ( 'NONE',  ( -17.30766560817564681, -2.510623159074913942E-16, -1.366719591217596896 ) ) ;
#1486 = CARTESIAN_POINT ( 'NONE',  ( -13.70000000000000107, 1.193089719488940714, 0.04514219819379074877 ) ) ;
#1487 = CARTESIAN_POINT ( 'NONE',  ( 17.80137552924550803, 0.7656250000000002220, 1.326101399544921566 ) ) ;
#1488 = CARTESIAN_POINT ( 'NONE',  ( -15.85695780408782518, 1.082670556198342378E-16, 1.768135199393228829 ) ) ;
#1489 = CIRCLE ( 'NONE', #4337, 2.249999999999998224 ) ;
#1490 = CARTESIAN_POINT ( 'NONE',  ( 18.30900105849102033, -1.183613885844322589, -0.6833597956087981151 ) ) ;
#1491 = EDGE_CURVE ( 'NONE', #4711, #4846, #1793, .T. ) ;
#1492 = ORIENTED_EDGE ( 'NONE', *, *, #2426, .F. ) ;
#1493 = AXIS2_PLACEMENT_3D ( 'NONE', #857, #407, #4004 ) ;
#1494 = CARTESIAN_POINT ( 'NONE',  ( -16.37016560817564681, -2.510623159074913942E-16, -1.366719591217596896 ) ) ;
#1495 = CARTESIAN_POINT ( 'NONE',  ( -20.24516560817564681, 1.183613885844322366, 0.000000000000000000 ) ) ;
#1496 = CARTESIAN_POINT ( 'NONE',  ( -14.26116454968462577, -0.7499999999999992228, 1.299038105676657340 ) ) ;
#1497 = CARTESIAN_POINT ( 'NONE',  ( -14.92783121635129362, 1.500000000000000444, 0.000000000000000000 ) ) ;
#1498 = CARTESIAN_POINT ( 'NONE',  ( -16.89099894150897896, -1.183613885844322589, -0.6833597956087981151 ) ) ;
#1499 = CARTESIAN_POINT ( 'NONE',  ( 16.94999999999999574, -1.500000000000000000, 1.836970198721029934E-16 ) ) ;
#1500 = ORIENTED_EDGE ( 'NONE', *, *, #2974, .T. ) ;
#1501 = CARTESIAN_POINT ( 'NONE',  ( 18.12150105849102033, -0.5918069429221609612, 1.025039693413198005 ) ) ;
#1502 = CARTESIAN_POINT ( 'NONE',  ( 16.26733439182435248, -1.183613885844322366, 1.449508956725610206E-16 ) ) ;
#1503 = EDGE_CURVE ( 'NONE', #825, #2704, #4863, .T. ) ;
#1504 = CC_DESIGN_PERSON_AND_ORGANIZATION_ASSIGNMENT ( #3889, #5665, ( #4226 ) ) ;
#1505 = CARTESIAN_POINT ( 'NONE',  ( -13.70000000000002061, -1.217526595471262629, -0.8761443883973448754 ) ) ;
#1506 = CARTESIAN_POINT ( 'NONE',  ( -17.59449788301795792, -0.7500000000000013323, -1.299038105676659116 ) ) ;
#1507 = CARTESIAN_POINT ( 'NONE',  ( 19.74166666666666359, 1.499999999999999778, 0.8660254037844384856 ) ) ;
#1508 = CARTESIAN_POINT ( 'NONE',  ( -14.57849894150899672, -0.5918069429221752831, 1.025039693413222652 ) ) ;
#1509 = CARTESIAN_POINT ( 'NONE',  ( 19.44999999999999929, -1.500000000000000000, 1.836970198721029934E-16 ) ) ;
#1510 = CARTESIAN_POINT ( 'NONE',  ( 18.30900105849102033, -1.183613885844322589, -0.6833597956087981151 ) ) ;
#1511 = PLANE ( 'NONE',  #779 ) ;
#1512 = CARTESIAN_POINT ( 'NONE',  ( -15.80766560817564859, -2.510623159074913942E-16, -1.366719591217596896 ) ) ;
#1513 = ORIENTED_EDGE ( 'NONE', *, *, #5814, .T. ) ;
#1514 = CARTESIAN_POINT ( 'NONE',  ( 15.12150105849102033, -0.5918069429221609612, 1.025039693413198005 ) ) ;
#1515 =( BOUNDED_CURVE ( )  B_SPLINE_CURVE ( 2, ( #4506, #444, #1391, #3162, #917, #2721, #979 ),
 .UNSPECIFIED., .F., .T. ) 
 B_SPLINE_CURVE_WITH_KNOTS ( ( 3, 2, 2, 3 ),
 ( 0.1499734935976339001, 0.1618782555023957626, 0.1737830174071576250, 0.1856877793119195985 ),
 .UNSPECIFIED. ) 
 CURVE ( )  GEOMETRIC_REPRESENTATION_ITEM ( )  RATIONAL_B_SPLINE_CURVE ( ( 1.000000000000000000, 0.8660254037844387076, 1.000000000000000000, 0.8660254037844387076, 1.000000000000000000, 0.8660254037844387076, 1.000000000000000000 ) ) 
 REPRESENTATION_ITEM ( '' )  );
#1516 = CARTESIAN_POINT ( 'NONE',  ( 13.70245969235603134, -1.183613885844347013, 0.03894657943907324504 ) ) ;
#1517 = EDGE_CURVE ( 'NONE', #1072, #3560, #4113, .T. ) ;
#1518 = CARTESIAN_POINT ( 'NONE',  ( 14.79579325440319870, 1.531250000000000000, 0.8840675996966143035 ) ) ;
#1519 = CARTESIAN_POINT ( 'NONE',  ( -13.51599894150898074, -0.5918069429221609612, 1.025039693413198005 ) ) ;
#1520 = CARTESIAN_POINT ( 'NONE',  ( -19.91674476545097150, 0.6615880947370359477, 1.343542220539674092 ) ) ;
#1521 = CARTESIAN_POINT ( 'NONE',  ( 17.50970886257884018, -1.531250000000000444, -0.8840675996966138595 ) ) ;
#1522 = CARTESIAN_POINT ( 'NONE',  ( -19.92172769284587730, -0.3680687615027722348, -2.385571612819395781 ) ) ;
#1523 = CARTESIAN_POINT ( 'NONE',  ( -13.94029113742115911, 1.531250000000000000, 0.8840675996966143035 ) ) ;
#1524 = CARTESIAN_POINT ( 'NONE',  ( 20.01733439182435248, 1.183613885844322366, 0.000000000000000000 ) ) ;
#1525 =( BOUNDED_CURVE ( )  B_SPLINE_CURVE ( 2, ( #4395, #5276, #829 ),
 .UNSPECIFIED., .F., .F. ) 
 B_SPLINE_CURVE_WITH_KNOTS ( ( 3, 3 ),
 ( 0.07147902101465974933, 0.07854492216906239221 ),
 .UNSPECIFIED. ) 
 CURVE ( )  GEOMETRIC_REPRESENTATION_ITEM ( )  RATIONAL_B_SPLINE_CURVE ( ( 0.9353569697113730541, 0.9204812946589460143, 1.000000000000000000 ) ) 
 REPRESENTATION_ITEM ( '' )  );
#1526 = VERTEX_POINT ( 'NONE', #5795 ) ;
#1527 = CARTESIAN_POINT ( 'NONE',  ( -15.20349894150898074, 1.183613885844322589, 0.6833597956087983372 ) ) ;
#1528 = CARTESIAN_POINT ( 'NONE',  ( -18.16183227484231466, 0.5918069429221612943, 1.025039693413197783 ) ) ;
#1529 = CARTESIAN_POINT ( 'NONE',  ( 15.74166666666666359, 1.499999999999999778, 0.8660254037844384856 ) ) ;
#1530 = CARTESIAN_POINT ( 'NONE',  ( -20.00000000000000355, 0.000000000000000000, 0.000000000000000000 ) ) ;
#1531 = LINE ( 'NONE', #3684, #1069 ) ;
#1532 = EDGE_CURVE ( 'NONE', #1919, #2843, #3515, .T. ) ;
#1533 = ORIENTED_EDGE ( 'NONE', *, *, #5355, .T. ) ;
#1534 = CARTESIAN_POINT ( 'NONE',  ( 18.70483439182435603, -1.183613885844322366, 1.449508956725610206E-16 ) ) ;
#1535 = CARTESIAN_POINT ( 'NONE',  ( 15.64233439182435070, 8.368743863583045653E-17, 1.366719591217596896 ) ) ;
#1536 = CYLINDRICAL_SURFACE ( 'NONE', #4040, 1.500000000000000000 ) ;
#1537 = CARTESIAN_POINT ( 'NONE',  ( -17.23754007893013451, -1.531249999999999556, 0.8840675996966148587 ) ) ;
#1538 = CARTESIAN_POINT ( 'NONE',  ( -14.28683227484233242, 1.183613885844350566, -0.6833597956088156566 ) ) ;
#1539 = ORIENTED_EDGE ( 'NONE', *, *, #2959, .T. ) ;
#1540 = CONICAL_SURFACE ( 'NONE', #5402, 1.575000000000000178, 0.7853981633978747157 ) ;
#1541 = CARTESIAN_POINT ( 'NONE',  ( -19.51116454968462932, 0.7499999999999993339, -1.299038105676659338 ) ) ;
#1542 = CONICAL_SURFACE ( 'NONE', #114, 1.500000000000000000, 0.7853981633978747157 ) ;
#1543 = CARTESIAN_POINT ( 'NONE',  ( -15.72433227484231644, 1.183613885844321922, -0.6833597956087991143 ) ) ;
#1544 = VERTEX_POINT ( 'NONE', #2627 ) ;
#1545 = CARTESIAN_POINT ( 'NONE',  ( 19.62150105849102033, -0.5918069429221609612, 1.025039693413198005 ) ) ;
#1546 = CARTESIAN_POINT ( 'NONE',  ( 13.78816772515767042, -0.5918069429221741728, -1.025039693413219322 ) ) ;
#1547 = CARTESIAN_POINT ( 'NONE',  ( 16.17079325440319693, 0.7656249999999990008, -1.326101399544922455 ) ) ;
#1548 = CARTESIAN_POINT ( 'NONE',  ( -14.55766560817564859, 8.368743863583045653E-17, 1.366719591217596896 ) ) ;
#1549 = DIRECTION ( 'NONE',  ( -1.000000000000000000, -4.814824860968088948E-33, -0.000000000000000000 ) ) ;
#1550 = CARTESIAN_POINT ( 'NONE',  ( 18.80137552924550803, 0.7656250000000002220, 1.326101399544921566 ) ) ;
#1551 = LINE ( 'NONE', #2443, #4256 ) ;
#1552 = ADVANCED_FACE ( 'NONE', ( #2192 ), #4438, .F. ) ;
#1553 = CARTESIAN_POINT ( 'NONE',  ( -13.39862447075449303, 0.7656250000000002220, 1.326101399544921566 ) ) ;
#1554 = LINE ( 'NONE', #217, #5346 ) ;
#1555 = EDGE_LOOP ( 'NONE', ( #2137, #2069, #5791, #3201 ) ) ;
#1556 = CARTESIAN_POINT ( 'NONE',  ( -15.70349894150898074, 1.183613885844322589, 0.6833597956087983372 ) ) ;
#1557 = CARTESIAN_POINT ( 'NONE',  ( -16.91183227484231466, -0.5918069429221617384, -1.025039693413197783 ) ) ;
#1558 = CARTESIAN_POINT ( 'NONE',  ( 19.73743961707682715, -0.2845814905928812921, -1.292900982437712454 ) ) ;
#1559 = CARTESIAN_POINT ( 'NONE',  ( -14.00000000000000178, 1.500000000000000000, 0.000000000000000000 ) ) ;
#1560 = CARTESIAN_POINT ( 'NONE',  ( -15.51599894150898074, -0.5918069429221609612, 1.025039693413198005 ) ) ;
#1561 = ORIENTED_EDGE ( 'NONE', *, *, #1911, .T. ) ;
#1562 = CARTESIAN_POINT ( 'NONE',  ( 14.93400105849102033, 0.5918069429221604061, -1.025039693413198227 ) ) ;
#1563 = CARTESIAN_POINT ( 'NONE',  ( 17.01733439182435248, 1.183613885844322366, 0.000000000000000000 ) ) ;
#1564 = VERTEX_POINT ( 'NONE', #3535 ) ;
#1565 = AXIS2_PLACEMENT_3D ( 'NONE', #1927, #3727, #4590 ) ;
#1566 = CARTESIAN_POINT ( 'NONE',  ( 17.53333333333333499, -0.7500000000000006661, -1.299038105676657784 ) ) ;
#1567 = CARTESIAN_POINT ( 'NONE',  ( -18.11254007893013807, -0.7656250000000006661, -1.326101399544921566 ) ) ;
#1568 = LINE ( 'NONE', #2979, #1388 ) ;
#1569 = CARTESIAN_POINT ( 'NONE',  ( 20.00000000000000355, 0.000000000000000000, 0.000000000000000000 ) ) ;
#1570 = ORIENTED_EDGE ( 'NONE', *, *, #2472, .T. ) ;
#1571 = CARTESIAN_POINT ( 'NONE',  ( -20.00000000000000355, 0.000000000000000000, 0.000000000000000000 ) ) ;
#1572 = CARTESIAN_POINT ( 'NONE',  ( -17.26599894150897896, 0.5918069429221604061, -1.025039693413198227 ) ) ;
#1573 = VERTEX_POINT ( 'NONE', #1289 ) ;
#1574 = EDGE_CURVE ( 'NONE', #3560, #5625, #786, .T. ) ;
#1575 = CARTESIAN_POINT ( 'NONE',  ( 17.07983439182435248, 8.368743863583045653E-17, 1.366719591217596896 ) ) ;
#1576 = CARTESIAN_POINT ( 'NONE',  ( -20.00000000000000355, 0.000000000000000000, 0.000000000000000000 ) ) ;
#1577 = CARTESIAN_POINT ( 'NONE',  ( 15.41316772515767042, 1.183613885844347013, -0.6833597956088134362 ) ) ;
#1578 = CARTESIAN_POINT ( 'NONE',  ( 17.08745992106986478, -0.7656250000000006661, -1.326101399544921566 ) ) ;
#1579 = CARTESIAN_POINT ( 'NONE',  ( -13.47433227484231466, -1.183613885844322366, 0.6833597956087990033 ) ) ;
#1580 = CARTESIAN_POINT ( 'NONE',  ( -19.86609269277912659, -0.7425435957546908661, 1.242266009430856188 ) ) ;
#1581 = CALENDAR_DATE ( 2026, 25, 6 ) ;
#1582 = CARTESIAN_POINT ( 'NONE',  ( -13.69029113742115733, -1.531250000000000444, -0.8840675996966138595 ) ) ;
#1583 = B_SPLINE_CURVE_WITH_KNOTS ( 'NONE', 3,
 ( #5446, #1905, #1486, #4956, #2317, #3608 ),
 .UNSPECIFIED., .F., .F.,
 ( 4, 2, 4 ),
 ( 0.000000000000000000, 0.0004726869417578524139, 0.0009453738835157048277 ),
 .UNSPECIFIED. ) ;
#1584 = VERTEX_POINT ( 'NONE', #996 ) ;
#1585 = CARTESIAN_POINT ( 'NONE',  ( -15.49516560817564681, -1.183613885844322366, 1.449508956725610206E-16 ) ) ;
#1586 = CARTESIAN_POINT ( 'NONE',  ( -17.99516560817565036, -1.183613885844322366, 1.449508956725610206E-16 ) ) ;
#1587 = CARTESIAN_POINT ( 'NONE',  ( 15.70000000000000284, 1.500000000000000000, 0.000000000000000000 ) ) ;
#1588 = AXIS2_PLACEMENT_3D ( 'NONE', #3123, #1320, #5348 ) ;
#1589 = CARTESIAN_POINT ( 'NONE',  ( -18.75000000000000355, -1.500000000000000000, 1.836970198721029934E-16 ) ) ;
#1590 = CARTESIAN_POINT ( 'NONE',  ( -16.51599894150898251, -0.5918069429221609612, 1.025039693413198005 ) ) ;
#1591 = ORIENTED_EDGE ( 'NONE', *, *, #5427, .F. ) ;
#1592 = CARTESIAN_POINT ( 'NONE',  ( 14.43400105849102033, 0.5918069429221604061, -1.025039693413198227 ) ) ;
#1593 = CARTESIAN_POINT ( 'NONE',  ( 18.26733439182435248, -1.183613885844322366, 1.449508956725610206E-16 ) ) ;
#1594 = ORIENTED_EDGE ( 'NONE', *, *, #3509, .F. ) ;
#1595 = CARTESIAN_POINT ( 'NONE',  ( -14.92783121635129362, 1.500000000000000444, 0.000000000000000000 ) ) ;
#1596 = CARTESIAN_POINT ( 'NONE',  ( -19.57087341226347021, -3.248011668595026887E-16, -1.768135199393228829 ) ) ;
#1597 = FACE_OUTER_BOUND ( 'NONE', #656, .T. ) ;
#1598 = CARTESIAN_POINT ( 'NONE',  ( 19.79903810567666156, 9.705254661958883258E-16, -2.598076211353313791 ) ) ;
#1599 = ORIENTED_EDGE ( 'NONE', *, *, #2236, .F. ) ;
#1600 = VECTOR ( 'NONE', #486, 1000.000000000000000 ) ;
#1601 = CARTESIAN_POINT ( 'NONE',  ( -20.00000000000000355, 1.315951922094011017, 1.838311014891731432 ) ) ;
#1602 = CARTESIAN_POINT ( 'NONE',  ( -15.34933227484231466, -0.5918069429221617384, -1.025039693413197783 ) ) ;
#1603 = ORIENTED_EDGE ( 'NONE', *, *, #1995, .F. ) ;
#1604 = CARTESIAN_POINT ( 'NONE',  ( 17.28816772515768818, -0.5918069429221617384, -1.025039693413197783 ) ) ;
#1605 = CARTESIAN_POINT ( 'NONE',  ( 19.26733439182435603, -1.183613885844322366, 1.449508956725610206E-16 ) ) ;
#1606 = CARTESIAN_POINT ( 'NONE',  ( 14.66316772515767042, -1.183613885844347235, 0.6833597956088133252 ) ) ;
#1607 = EDGE_CURVE ( 'NONE', #1526, #1919, #2953, .T. ) ;
#1608 = ORIENTED_EDGE ( 'NONE', *, *, #4361, .T. ) ;
#1609 = CARTESIAN_POINT ( 'NONE',  ( 18.04579325440319693, -1.531250000000000444, -0.8840675996966138595 ) ) ;
#1610 = CARTESIAN_POINT ( 'NONE',  ( -14.22433227484231466, 1.183613885844322144, -0.6833597956087991143 ) ) ;
#1611 = CARTESIAN_POINT ( 'NONE',  ( -14.50000000000000178, 1.500000000000000000, 0.000000000000000000 ) ) ;
#1612 = DATE_AND_TIME ( #2059, #554 ) ;
#1613 = CARTESIAN_POINT ( 'NONE',  ( -14.31529113742115911, -0.7656249999999996669, 1.326101399544921788 ) ) ;
#1614 = CARTESIAN_POINT ( 'NONE',  ( -20.00000000000000355, 0.000000000000000000, 0.000000000000000000 ) ) ;
#1615 = CARTESIAN_POINT ( 'NONE',  ( -13.47171743514778619, -1.183613885844322811, -0.3845649294652378480 ) ) ;
#1616 = CARTESIAN_POINT ( 'NONE',  ( -16.99516560817564681, -1.183613885844322366, 1.449508956725610206E-16 ) ) ;
#1617 = CARTESIAN_POINT ( 'NONE',  ( 13.70000000000000462, 0.3841750846078887394, 1.275141284674214504 ) ) ;
#1618 = CARTESIAN_POINT ( 'NONE',  ( -14.20833333333333570, -1.500000000000000222, -0.8660254037844381525 ) ) ;
#1619 = CARTESIAN_POINT ( 'NONE',  ( -15.26599894150898074, 0.5918069429221604061, -1.025039693413198227 ) ) ;
#1620 = ORIENTED_EDGE ( 'NONE', *, *, #210, .T. ) ;
#1621 = CARTESIAN_POINT ( 'NONE',  ( 14.68400105849102033, -0.5918069429221609612, 1.025039693413198005 ) ) ;
#1622 = ORIENTED_EDGE ( 'NONE', *, *, #674, .T. ) ;
#1623 = CARTESIAN_POINT ( 'NONE',  ( 14.49166666666666714, -1.500000000000000222, -0.8660254037844381525 ) ) ;
#1624 = CARTESIAN_POINT ( 'NONE',  ( -18.48754007893013807, 1.531249999999999556, -0.8840675996966153027 ) ) ;
#1625 = DIRECTION ( 'NONE',  ( -1.000000000000000000, -4.814824860968088948E-33, -0.000000000000000000 ) ) ;
#1626 = CARTESIAN_POINT ( 'NONE',  ( -19.79903810567666156, 9.584552466975145460E-16, -2.598076211353313791 ) ) ;
#1627 = VERTEX_POINT ( 'NONE', #3240 ) ;
#1628 = ADVANCED_FACE ( 'NONE', ( #1855 ), #2857, .T. ) ;
#1629 = CARTESIAN_POINT ( 'NONE',  ( 13.82983439182435248, -2.510623159074913942E-16, -1.366719591217596896 ) ) ;
#1630 = CARTESIAN_POINT ( 'NONE',  ( -13.93266560817564859, -1.183613885844322366, 1.449508956725610206E-16 ) ) ;
#1631 = VERTEX_POINT ( 'NONE', #2737 ) ;
#1632 = CARTESIAN_POINT ( 'NONE',  ( 17.20483439182435248, -1.183613885844322366, 1.449508956725610206E-16 ) ) ;
#1633 = CARTESIAN_POINT ( 'NONE',  ( 18.55900105849102033, 1.183613885844322366, 0.6833597956087983372 ) ) ;
#1634 = CARTESIAN_POINT ( 'NONE',  ( 16.91316772515767397, 1.183613885844347013, -0.6833597956088134362 ) ) ;
#1635 = ORIENTED_EDGE ( 'NONE', *, *, #4799, .T. ) ;
#1636 = AXIS2_PLACEMENT_3D ( 'NONE', #1571, #1991, #3790 ) ;
#1637 = CARTESIAN_POINT ( 'NONE',  ( 17.62912658773653263, -3.248011668595026887E-16, -1.768135199393228829 ) ) ;
#1638 = EDGE_CURVE ( 'NONE', #2947, #707, #1253, .T. ) ;
#1639 = CARTESIAN_POINT ( 'NONE',  ( -19.80209725737861959, -1.344775404341344904, -0.3421545333486431528 ) ) ;
#1640 = COORDINATED_UNIVERSAL_TIME_OFFSET ( 6, 0, .BEHIND. ) ;
#1641 = CARTESIAN_POINT ( 'NONE',  ( -14.10695780408782340, -3.248011668595026887E-16, -1.768135199393228829 ) ) ;
#1642 = LINE ( 'NONE', #3441, #2327 ) ;
#1643 = EDGE_CURVE ( 'NONE', #83, #3480, #1377, .T. ) ;
#1644 = CARTESIAN_POINT ( 'NONE',  ( -13.44479007733187892, -0.9575792032740404469, -0.6956895142378900498 ) ) ;
#1645 = CARTESIAN_POINT ( 'NONE',  ( -17.24516560817564681, 1.183613885844322366, 0.000000000000000000 ) ) ;
#1646 = CARTESIAN_POINT ( 'NONE',  ( 15.53333333333333321, -0.7500000000000006661, -1.299038105676657784 ) ) ;
#1647 = EDGE_CURVE ( 'NONE', #4779, #1756, #5443, .T. ) ;
#1648 = CARTESIAN_POINT ( 'NONE',  ( -14.18266560817564681, 1.183613885844322366, 0.000000000000000000 ) ) ;
#1649 = CARTESIAN_POINT ( 'NONE',  ( 14.55900105849102033, 1.183613885844322589, 0.6833597956087983372 ) ) ;
#1650 = CARTESIAN_POINT ( 'NONE',  ( 19.66316772515768463, -1.183613885844322366, 0.6833597956087990033 ) ) ;
#1651 = VERTEX_POINT ( 'NONE', #464 ) ;
#1652 = CYLINDRICAL_SURFACE ( 'NONE', #5273, 1.500000000000000000 ) ;
#1653 = CARTESIAN_POINT ( 'NONE',  ( -17.44587341226347021, 1.531250000000000000, 0.000000000000000000 ) ) ;
#1654 = CARTESIAN_POINT ( 'NONE',  ( -20.00000000000000355, 1.500000000000000000, 1.836970198721029934E-16 ) ) ;
#1655 = CARTESIAN_POINT ( 'NONE',  ( -20.00000000000000355, 1.500000000000000000, 1.836970198721029934E-16 ) ) ;
#1656 =( BOUNDED_CURVE ( )  B_SPLINE_CURVE ( 2, ( #3939, #4363, #2052, #239, #796, #2930, #2494 ),
 .UNSPECIFIED., .F., .F. ) 
 B_SPLINE_CURVE_WITH_KNOTS ( ( 3, 2, 2, 3 ),
 ( 0.08434437060508559458, 0.08591426870437297858, 0.08748416680366036258, 0.08905406490294774657 ),
 .UNSPECIFIED. ) 
 CURVE ( )  GEOMETRIC_REPRESENTATION_ITEM ( )  RATIONAL_B_SPLINE_CURVE ( ( 0.9999999999998919753, 0.8660254037845466213, 1.000000000000000000, 0.8660254037844385966, 1.000000000000000000, 0.8660254037844385966, 1.000000000000000000 ) ) 
 REPRESENTATION_ITEM ( '' )  );
#1657 = ORIENTED_EDGE ( 'NONE', *, *, #4444, .T. ) ;
#1658 = CARTESIAN_POINT ( 'NONE',  ( 14.36666666666666536, -0.7499999999999996669, 1.299038105676658006 ) ) ;
#1659 = CARTESIAN_POINT ( 'NONE',  ( -14.09933227484231466, 0.5918069429221612943, 1.025039693413197783 ) ) ;
#1660 = CARTESIAN_POINT ( 'NONE',  ( 18.82983439182435248, -2.510623159074913942E-16, -1.366719591217596896 ) ) ;
#1661 = CARTESIAN_POINT ( 'NONE',  ( 18.47566772515768463, 1.183613885844321922, -0.6833597956087991143 ) ) ;
#1662 = ADVANCED_FACE ( 'NONE', ( #5527 ), #2272, .F. ) ;
#1663 = CARTESIAN_POINT ( 'NONE',  ( 17.57983439182433827, 8.368743863583221914E-17, 1.366719591217625984 ) ) ;
#1664 = CARTESIAN_POINT ( 'NONE',  ( 18.34304219591217233, 1.082670556198342378E-16, 1.768135199393228829 ) ) ;
#1665 = ORIENTED_EDGE ( 'NONE', *, *, #3130, .F. ) ;
#1666 = CARTESIAN_POINT ( 'NONE',  ( 17.67079325440319693, 0.7656249999999990008, -1.326101399544922455 ) ) ;
#1667 = CARTESIAN_POINT ( 'NONE',  ( 17.35550211698204137, 0.7500000000000013323, 1.299038105676659560 ) ) ;
#1668 = DATE_AND_TIME ( #723, #2256 ) ;
#1669 =( BOUNDED_CURVE ( )  B_SPLINE_CURVE ( 2, ( #4826, #260, #3400, #764, #4770, #4382, #3817 ),
 .UNSPECIFIED., .F., .T. ) 
 B_SPLINE_CURVE_WITH_KNOTS ( ( 3, 2, 2, 3 ),
 ( 0.3999734935976339001, 0.4118782555023957626, 0.4237830174071576250, 0.4356877793119195985 ),
 .UNSPECIFIED. ) 
 CURVE ( )  GEOMETRIC_REPRESENTATION_ITEM ( )  RATIONAL_B_SPLINE_CURVE ( ( 1.000000000000000000, 0.8660254037844387076, 1.000000000000000000, 0.8660254037844387076, 1.000000000000000000, 0.8660254037844387076, 1.000000000000000000 ) ) 
 REPRESENTATION_ITEM ( '' )  );
#1670 = CARTESIAN_POINT ( 'NONE',  ( 14.74166666666666536, 1.499999999999999778, 0.8660254037844384856 ) ) ;
#1671 = CARTESIAN_POINT ( 'NONE',  ( -18.97433227484231466, -1.183613885844322366, 0.6833597956087990033 ) ) ;
#1672 = CARTESIAN_POINT ( 'NONE',  ( -14.28683227484231288, 1.183613885844322144, -0.6833597956087991143 ) ) ;
#1673 = DIRECTION ( 'NONE',  ( 0.000000000000000000, 1.000000000000000000, 0.000000000000000000 ) ) ;
#1674 = CARTESIAN_POINT ( 'NONE',  ( -14.72433227484231644, 1.183613885844322144, -0.6833597956087991143 ) ) ;
#1675 = CARTESIAN_POINT ( 'NONE',  ( 14.80900105849101855, -1.183613885844322589, -0.6833597956087981151 ) ) ;
#1676 = EDGE_CURVE ( 'NONE', #1919, #2727, #5026, .T. ) ;
#1677 = CARTESIAN_POINT ( 'NONE',  ( 13.68400105849102033, -0.5918069429221609612, 1.025039693413198005 ) ) ;
#1678 = ORIENTED_EDGE ( 'NONE', *, *, #4174, .T. ) ;
#1679 = CARTESIAN_POINT ( 'NONE',  ( -14.96949788301796858, 1.499999999999962030, -0.8660254037844642427 ) ) ;
#1680 = CARTESIAN_POINT ( 'NONE',  ( -16.52920674559680592, 0.7656249999999990008, -1.326101399544922455 ) ) ;
#1681 = CARTESIAN_POINT ( 'NONE',  ( 20.00000000000000355, 0.000000000000000000, 0.000000000000000000 ) ) ;
#1682 = CARTESIAN_POINT ( 'NONE',  ( -17.92783121635130783, 1.499999999999999334, -1.678657213233208416E-13 ) ) ;
#1683 = ORIENTED_EDGE ( 'NONE', *, *, #3603, .F. ) ;
#1684 = DIRECTION ( 'NONE',  ( -1.000000000000000000, -4.814824860968088948E-33, -0.000000000000000000 ) ) ;
#1685 = AXIS2_PLACEMENT_3D ( 'NONE', #1091, #2457, #199 ) ;
#1686 = CARTESIAN_POINT ( 'NONE',  ( -17.29166666666667140, -1.499999999999999778, 0.8660254037844391517 ) ) ;
#1687 = CARTESIAN_POINT ( 'NONE',  ( 19.60861388584432063, 0.1895592028145845487, 1.178146444481557920 ) ) ;
#1688 = CARTESIAN_POINT ( 'NONE',  ( 14.10550211698175715, -0.7500000000002464695, -1.299038105677083665 ) ) ;
#1689 = AXIS2_PLACEMENT_3D ( 'NONE', #2718, #4090, #4504 ) ;
#1690 = CARTESIAN_POINT ( 'NONE',  ( 17.66316772515767042, -1.183613885844347235, 0.6833597956088133252 ) ) ;
#1691 = CARTESIAN_POINT ( 'NONE',  ( 19.71804219591217233, 1.531250000000000000, 0.000000000000000000 ) ) ;
#1692 = VERTEX_POINT ( 'NONE', #2835 ) ;
#1693 = CARTESIAN_POINT ( 'NONE',  ( 13.49650105849102033, 1.183613885844322589, 0.6833597956087983372 ) ) ;
#1694 = DIRECTION ( 'NONE',  ( -1.000000000000000000, -4.814824860968088948E-33, -0.000000000000000000 ) ) ;
#1695 = CARTESIAN_POINT ( 'NONE',  ( 13.98050211698199696, -1.499999999999849898, 0.8660254037845884767 ) ) ;
#1696 = ADVANCED_FACE ( 'NONE', ( #934 ), #4109, .T. ) ;
#1697 = CARTESIAN_POINT ( 'NONE',  ( -19.51599894150898251, -0.5918069429221609612, 1.025039693413198005 ) ) ;
#1698 = CARTESIAN_POINT ( 'NONE',  ( -18.93266560817564681, -1.183613885844322366, 1.449508956725610206E-16 ) ) ;
#1699 = CARTESIAN_POINT ( 'NONE',  ( -13.74516560817564859, 1.183613885844322366, 0.000000000000000000 ) ) ;
#1700 =( BOUNDED_CURVE ( )  B_SPLINE_CURVE ( 2, ( #5412, #4977, #974, #5863, #567, #1901, #3667 ),
 .UNSPECIFIED., .F., .T. ) 
 B_SPLINE_CURVE_WITH_KNOTS ( ( 3, 2, 2, 3 ),
 ( 0.05467191600012746844, 0.05624181080820380568, 0.05781170561628015681, 0.05938160042435649405 ),
 .UNSPECIFIED. ) 
 CURVE ( )  GEOMETRIC_REPRESENTATION_ITEM ( )  RATIONAL_B_SPLINE_CURVE ( ( 1.000000000001256995, 0.8660254037831819351, 1.000000000000000000, 0.8660254037844388186, 1.000000000000000000, 0.8660254037844725694, 0.9999999999999662492 ) ) 
 REPRESENTATION_ITEM ( '' )  );
#1701 = CARTESIAN_POINT ( 'NONE',  ( 13.70000000000000462, 1.489155772991733517, 0.1301307240993254122 ) ) ;
#1702 = CARTESIAN_POINT ( 'NONE',  ( -19.81529113742115911, -0.7656249999999996669, 1.326101399544921788 ) ) ;
#1703 = ORIENTED_EDGE ( 'NONE', *, *, #2250, .F. ) ;
#1704 = CARTESIAN_POINT ( 'NONE',  ( 16.43400105849102033, 0.5918069429221604061, -1.025039693413198227 ) ) ;
#1705 = CARTESIAN_POINT ( 'NONE',  ( -18.99516560817564681, -1.183613885844322366, 1.449508956725610206E-16 ) ) ;
#1706 = CARTESIAN_POINT ( 'NONE',  ( -16.65420674559680236, -1.531250000000000444, -0.8840675996966138595 ) ) ;
#1707 = EDGE_CURVE ( 'NONE', #2540, #4577, #1865, .T. ) ;
#1708 = CARTESIAN_POINT ( 'NONE',  ( 17.98050211698204492, -1.500000000000000222, 0.8660254037844395958 ) ) ;
#1709 = DIRECTION ( 'NONE',  ( 0.000000000000000000, -1.000000000000000000, 0.000000000000000000 ) ) ;
#1710 = ORIENTED_EDGE ( 'NONE', *, *, #5386, .F. ) ;
#1711 = CARTESIAN_POINT ( 'NONE',  ( 19.06383545031500759, -1.500000000000818456, -0.8660254037846586428 ) ) ;
#1712 = CARTESIAN_POINT ( 'NONE',  ( 20.07983439182434893, 8.368743863583045653E-17, 1.366719591217596896 ) ) ;
#1713 = CARTESIAN_POINT ( 'NONE',  ( 13.70000000000000639, 0.7081439924889524340, -1.303350397508722169 ) ) ;
#1714 = CARTESIAN_POINT ( 'NONE',  ( -19.32849894150900028, 0.5918069429221747280, -1.025039693413223096 ) ) ;
#1715 = FACE_OUTER_BOUND ( 'NONE', #4336, .T. ) ;
#1716 = ORIENTED_EDGE ( 'NONE', *, *, #4606, .T. ) ;
#1717 = CARTESIAN_POINT ( 'NONE',  ( 13.45483439182435248, 1.183613885844322366, 0.000000000000000000 ) ) ;
#1718 = CARTESIAN_POINT ( 'NONE',  ( -20.00000000000000355, 2.249999999999998668, 0.000000000000000000 ) ) ;
#1719 = CARTESIAN_POINT ( 'NONE',  ( -20.00000000000000355, -1.500000000000000000, 0.000000000000000000 ) ) ;
#1720 = CARTESIAN_POINT ( 'NONE',  ( -17.68266560817565036, 1.183613885844322366, 0.000000000000000000 ) ) ;
#1721 = VECTOR ( 'NONE', #2841, 1000.000000000000000 ) ;
#1722 = CARTESIAN_POINT ( 'NONE',  ( -19.93266560817564681, -1.183613885844322366, 1.449508956725610206E-16 ) ) ;
#1723 = CARTESIAN_POINT ( 'NONE',  ( -15.87016560817564859, -2.510623159074913942E-16, -1.366719591217596896 ) ) ;
#1724 = EDGE_CURVE ( 'NONE', #427, #4720, #1348, .T. ) ;
#1725 = CARTESIAN_POINT ( 'NONE',  ( -16.37500000000000355, 1.060575238724906915E-16, 1.732050807568877193 ) ) ;
#1726 = CARTESIAN_POINT ( 'NONE',  ( -13.97433227484231466, -1.183613885844322366, 0.6833597956087990033 ) ) ;
#1727 = CARTESIAN_POINT ( 'NONE',  ( 14.30900105849101855, -1.183613885844322589, -0.6833597956087981151 ) ) ;
#1728 = CARTESIAN_POINT ( 'NONE',  ( 15.93400105849102033, 0.5918069429221604061, -1.025039693413198227 ) ) ;
#1729 = CARTESIAN_POINT ( 'NONE',  ( -20.16183227484231466, 0.5918069429221612943, 1.025039693413197783 ) ) ;
#1730 = CARTESIAN_POINT ( 'NONE',  ( -17.11254007893013451, -0.7656250000000006661, -1.326101399544921566 ) ) ;
#1731 = DIRECTION ( 'NONE',  ( -1.000000000000000000, -4.814824860968088948E-33, -0.000000000000000000 ) ) ;
#1732 = CARTESIAN_POINT ( 'NONE',  ( 16.48050211698199874, -1.499999999999809930, 0.8660254037846044639 ) ) ;
#1733 = ORIENTED_EDGE ( 'NONE', *, *, #3577, .F. ) ;
#1734 = CARTESIAN_POINT ( 'NONE',  ( 15.78816772515768641, -0.5918069429221617384, -1.025039693413197783 ) ) ;
#1735 = CARTESIAN_POINT ( 'NONE',  ( 15.10066772515768641, 0.5918069429221612943, 1.025039693413197783 ) ) ;
#1736 = CARTESIAN_POINT ( 'NONE',  ( 19.82983439182435248, -2.510623159074913942E-16, -1.366719591217596896 ) ) ;
#1737 = DIRECTION ( 'NONE',  ( -1.000000000000000000, -4.814824860968088948E-33, -0.000000000000000000 ) ) ;
#1738 = LINE ( 'NONE', #4024, #4895 ) ;
#1739 = CARTESIAN_POINT ( 'NONE',  ( -18.28683227484233242, 1.183613885844350566, -0.6833597956088156566 ) ) ;
#1740 = CARTESIAN_POINT ( 'NONE',  ( 20.05137552924550803, -0.7656250000000006661, -1.326101399544921566 ) ) ;
#1741 =( BOUNDED_CURVE ( )  B_SPLINE_CURVE ( 2, ( #2017, #2106, #1095, #2951, #2891, #5708, #2980 ),
 .UNSPECIFIED., .F., .F. ) 
 B_SPLINE_CURVE_WITH_KNOTS ( ( 3, 2, 2, 3 ),
 ( 0.9356877793222889705, 0.9475925412270508330, 0.9594973031318128065, 0.9714020650365746690 ),
 .UNSPECIFIED. ) 
 CURVE ( )  GEOMETRIC_REPRESENTATION_ITEM ( )  RATIONAL_B_SPLINE_CURVE ( ( 1.000000000000000000, 0.8660254037844387076, 1.000000000000000000, 0.8660254037844387076, 1.000000000000000000, 0.8660254037844387076, 1.000000000000000000 ) ) 
 REPRESENTATION_ITEM ( '' )  );
#1742 = ORIENTED_EDGE ( 'NONE', *, *, #4709, .T. ) ;
#1743 = ADVANCED_FACE ( 'NONE', ( #4027 ), #5003, .F. ) ;
#1744 = CARTESIAN_POINT ( 'NONE',  ( 14.07983439182435426, 8.368743863583045653E-17, 1.366719591217596896 ) ) ;
#1745 = VECTOR ( 'NONE', #4798, 1000.000000000000000 ) ;
#1746 = CARTESIAN_POINT ( 'NONE',  ( -19.76927117459042549, -0.8671737406924663327, -1.041246652617799473 ) ) ;
#1747 = CARTESIAN_POINT ( 'NONE',  ( -19.08333333333333570, 0.7499999999999990008, -1.299038105676658672 ) ) ;
#1748 = CARTESIAN_POINT ( 'NONE',  ( -19.22433227484231466, 1.183613885844321922, -0.6833597956087991143 ) ) ;
#1749 = CARTESIAN_POINT ( 'NONE',  ( -18.80766560817564681, -2.510623159074913942E-16, -1.366719591217596896 ) ) ;
#1750 = CARTESIAN_POINT ( 'NONE',  ( -13.82849894150898074, 0.5918069429221604061, -1.025039693413198227 ) ) ;
#1751 = CARTESIAN_POINT ( 'NONE',  ( 15.88470886257884196, -0.7656249999999996669, 1.326101399544921788 ) ) ;
#1752 = CARTESIAN_POINT ( 'NONE',  ( -16.25000000000000000, -1.500000000000000000, 1.836970198721029934E-16 ) ) ;
#1753 = CARTESIAN_POINT ( 'NONE',  ( -19.77362447075449126, -1.531249999999999556, 0.8840675996966148587 ) ) ;
#1754 = FACE_OUTER_BOUND ( 'NONE', #5660, .T. ) ;
#1755 = CARTESIAN_POINT ( 'NONE',  ( 16.80900105849102033, -1.183613885844322589, -0.6833597956087981151 ) ) ;
#1756 = VERTEX_POINT ( 'NONE', #1355 ) ;
#1757 = CARTESIAN_POINT ( 'NONE',  ( -19.41183227484231466, -0.5918069429221617384, -1.025039693413197783 ) ) ;
#1758 = CARTESIAN_POINT ( 'NONE',  ( -14.98754007893013807, 1.531249999999999556, -0.8840675996966153027 ) ) ;
#1759 = CARTESIAN_POINT ( 'NONE',  ( -20.00000000000000355, -1.500000000000000000, 0.000000000000000000 ) ) ;
#1760 = CARTESIAN_POINT ( 'NONE',  ( 19.79903810567673617, 2.249999999999998668, -1.299038105676767474 ) ) ;
#1761 = ORIENTED_EDGE ( 'NONE', *, *, #2775, .F. ) ;
#1762 = CARTESIAN_POINT ( 'NONE',  ( 14.53816772515768641, 0.5918069429221612943, 1.025039693413197783 ) ) ;
#1763 = ADVANCED_FACE ( 'NONE', ( #2307 ), #5828, .F. ) ;
#1764 = CARTESIAN_POINT ( 'NONE',  ( 20.03816772515768818, 0.5918069429221612943, 1.025039693413197783 ) ) ;
#1765 = CARTESIAN_POINT ( 'NONE',  ( 13.70000000000000995, 0.8260362672194082601, -1.244902171979602734 ) ) ;
#1766 = CYLINDRICAL_SURFACE ( 'NONE', #4148, 1.500000000000000000 ) ;
#1767 = CARTESIAN_POINT ( 'NONE',  ( -17.03683227484232887, -1.183613885844350788, 0.6833597956088155456 ) ) ;
#1768 = CARTESIAN_POINT ( 'NONE',  ( 19.91074498996844966, -1.881317441191444173, 1.511897080250295566 ) ) ;
#1769 = CARTESIAN_POINT ( 'NONE',  ( -17.84449788301820305, 0.7500000000002126077, 1.299038105677025934 ) ) ;
#1770 = ORIENTED_EDGE ( 'NONE', *, *, #4219, .F. ) ;
#1771 = CARTESIAN_POINT ( 'NONE',  ( 13.78816772515768641, -0.5918069429221617384, -1.025039693413197783 ) ) ;
#1772 = FACE_OUTER_BOUND ( 'NONE', #5585, .T. ) ;
#1773 = ADVANCED_FACE ( 'NONE', ( #468 ), #5860, .F. ) ;
#1774 = CARTESIAN_POINT ( 'NONE',  ( -17.21949788301796147, -1.500000000000014655, 0.8660254037844337116 ) ) ;
#1775 = CARTESIAN_POINT ( 'NONE',  ( -18.68266560817564681, 1.183613885844322366, 0.000000000000000000 ) ) ;
#1776 = CARTESIAN_POINT ( 'NONE',  ( -19.64099894150898251, 1.183613885844322589, 0.6833597956087983372 ) ) ;
#1777 = CARTESIAN_POINT ( 'NONE',  ( -15.45349894150898251, -1.183613885844322589, -0.6833597956087981151 ) ) ;
#1778 = CARTESIAN_POINT ( 'NONE',  ( 14.05137552924550803, -0.7656250000000006661, -1.326101399544921566 ) ) ;
#1779 = CARTESIAN_POINT ( 'NONE',  ( -19.06529113742115911, 0.7656249999999990008, -1.326101399544922455 ) ) ;
#1780 = CARTESIAN_POINT ( 'NONE',  ( 16.93400105849101678, 0.5918069429221604061, -1.025039693413198227 ) ) ;
#1781 = B_SPLINE_CURVE_WITH_KNOTS ( 'NONE', 3,
 ( #1192, #2174, #1639, #5804, #3518, #1746, #3438, #3019, #2991, #2119, #1220, #776, #2584, #4393, #5007, #4598, #1007, #2311, #5072, #4951 ),
 .UNSPECIFIED., .F., .F.,
 ( 4, 2, 2, 2, 2, 2, 2, 2, 2, 4 ),
 ( 0.004099146468263913448, 0.004612594043259574984, 0.005126041618255236521, 0.005639489193250898924, 0.005896212980748730126, 0.006152936768246561328, 0.007179831918237884400, 0.007436555705735715602, 0.007693279493233546804, 0.008206727068229207472 ),
 .UNSPECIFIED. ) ;
#1782 = CARTESIAN_POINT ( 'NONE',  ( 17.26733439182435248, -1.183613885844322366, 1.449508956725610206E-16 ) ) ;
#1783 = ORIENTED_EDGE ( 'NONE', *, *, #4709, .F. ) ;
#1784 = CARTESIAN_POINT ( 'NONE',  ( -18.91183227484231466, -0.5918069429221617384, -1.025039693413197783 ) ) ;
#1785 = CARTESIAN_POINT ( 'NONE',  ( -14.61254007893013629, -0.7656250000000006661, -1.326101399544921566 ) ) ;
#1786 = ADVANCED_FACE ( 'NONE', ( #3186 ), #1799, .F. ) ;
#1787 = CARTESIAN_POINT ( 'NONE',  ( -19.63676963599956338, 1.128883342456816319, 0.4501887804561495177 ) ) ;
#1788 = CARTESIAN_POINT ( 'NONE',  ( 18.41316772515766687, 1.183613885844347013, -0.6833597956088134362 ) ) ;
#1789 = CARTESIAN_POINT ( 'NONE',  ( -19.76599894150898251, 0.5918069429221604061, -1.025039693413198227 ) ) ;
#1790 = VERTEX_POINT ( 'NONE', #45 ) ;
#1791 = CARTESIAN_POINT ( 'NONE',  ( 16.12150105849102033, -0.5918069429221609612, 1.025039693413198005 ) ) ;
#1792 = DIRECTION ( 'NONE',  ( -1.000000000000000000, 0.000000000000000000, 0.000000000000000000 ) ) ;
#1793 = LINE ( 'NONE', #879, #5312 ) ;
#1794 = CARTESIAN_POINT ( 'NONE',  ( -16.51116454968462932, 0.7499999999999991118, -1.299038105676658894 ) ) ;
#1795 = CARTESIAN_POINT ( 'NONE',  ( 19.73050211698203427, 1.499999999999979572, -0.8660254037844559161 ) ) ;
#1796 = CARTESIAN_POINT ( 'NONE',  ( -18.87016560817566102, -2.510623159074974586E-16, -1.366719591217629981 ) ) ;
#1798 = EDGE_CURVE ( 'NONE', #116, #676, #5693, .T. ) ;
#1797 = CARTESIAN_POINT ( 'NONE',  ( 19.59304219591217233, -3.248011668595026887E-16, -1.768135199393228829 ) ) ;
#1799 = CYLINDRICAL_SURFACE ( 'NONE', #8, 1.500000000000000000 ) ;
#1800 = VERTEX_POINT ( 'NONE', #2713 ) ;
#1801 = CARTESIAN_POINT ( 'NONE',  ( 19.71245992106986478, 1.531249999999999556, -0.8840675996966153027 ) ) ;
#1802 = CARTESIAN_POINT ( 'NONE',  ( -19.62500000000000355, -3.181725716174720991E-16, -1.732050807568877193 ) ) ;
#1803 = FACE_OUTER_BOUND ( 'NONE', #5815, .T. ) ;
#1804 = CARTESIAN_POINT ( 'NONE',  ( -16.84933227484231466, -0.5918069429221617384, -1.025039693413197783 ) ) ;
#1805 = CARTESIAN_POINT ( 'NONE',  ( 17.52216878364870922, -1.500000000000000000, 1.836970198721030181E-16 ) ) ;
#1806 = CARTESIAN_POINT ( 'NONE',  ( 15.84304219591217411, 1.082670556198342378E-16, 1.768135199393228829 ) ) ;
#1807 = CARTESIAN_POINT ( 'NONE',  ( -13.88616454968501834, 1.500000000007059242, 0.8660254037803634120 ) ) ;
#1808 = CARTESIAN_POINT ( 'NONE',  ( -18.60695780408782696, -3.248011668595026887E-16, -1.768135199393228829 ) ) ;
#1809 = AXIS2_PLACEMENT_3D ( 'NONE', #911, #970, #5800 ) ;
#1810 = CARTESIAN_POINT ( 'NONE',  ( 15.26733439182435248, -1.183613885844322366, 1.449508956725610206E-16 ) ) ;
#1811 = CARTESIAN_POINT ( 'NONE',  ( 16.35066772515768818, -0.5918069429221617384, -1.025039693413197783 ) ) ;
#1812 = EDGE_CURVE ( 'NONE', #166, #5621, #4894, .T. ) ;
#1813 = EDGE_LOOP ( 'NONE', ( #3008, #2714, #1163, #4764 ) ) ;
#1814 = CARTESIAN_POINT ( 'NONE',  ( -19.29166666666667140, -1.499999999999999778, 0.8660254037844391517 ) ) ;
#1815 = CARTESIAN_POINT ( 'NONE',  ( -19.91183227484231466, -0.5918069429221617384, -1.025039693413197783 ) ) ;
#1816 = CARTESIAN_POINT ( 'NONE',  ( -16.38616454968559211, 1.500000000017102542, 0.8660254037745976907 ) ) ;
#1817 = CARTESIAN_POINT ( 'NONE',  ( 16.95483439182433472, 1.183613885844347235, 0.000000000000000000 ) ) ;
#1818 = CARTESIAN_POINT ( 'NONE',  ( -17.14099894150897896, 1.183613885844322589, 0.6833597956087983372 ) ) ;
#1819 = ORIENTED_EDGE ( 'NONE', *, *, #2959, .F. ) ;
#1820 = CARTESIAN_POINT ( 'NONE',  ( 14.32983439182435248, -2.510623159074913942E-16, -1.366719591217596896 ) ) ;
#1821 = CARTESIAN_POINT ( 'NONE',  ( 14.18400105849101855, -0.5918069429221609612, 1.025039693413198005 ) ) ;
#1822 = CARTESIAN_POINT ( 'NONE',  ( -20.00000000000000355, 0.000000000000000000, 0.000000000000000000 ) ) ;
#1823 = CYLINDRICAL_SURFACE ( 'NONE', #277, 1.500000000000000000 ) ;
#1824 = CARTESIAN_POINT ( 'NONE',  ( -13.70000000000000284, -0.7668456241004876217, 1.179401413306907065 ) ) ;
#1825 = CARTESIAN_POINT ( 'NONE',  ( -16.41183227484232887, -0.5918069429221760602, -1.025039693413222430 ) ) ;
#1826 = CARTESIAN_POINT ( 'NONE',  ( -20.00000000000000355, 3.651249804582930005E-65, 0.000000000000000000 ) ) ;
#1827 = CARTESIAN_POINT ( 'NONE',  ( 17.80900105849102033, -1.183613885844322589, -0.6833597956087981151 ) ) ;
#1828 = CARTESIAN_POINT ( 'NONE',  ( 17.14716878364870567, -3.181725716174722963E-16, -1.732050807568878747 ) ) ;
#1829 = VERTEX_POINT ( 'NONE', #4085 ) ;
#1830 = CARTESIAN_POINT ( 'NONE',  ( 16.32983439182435248, -2.510623159074913942E-16, -1.366719591217596896 ) ) ;
#1831 = CYLINDRICAL_SURFACE ( 'NONE', #1689, 1.500000000000000000 ) ;
#1832 = CARTESIAN_POINT ( 'NONE',  ( 18.45000000000000284, -1.500000000000000000, 1.836970198721029934E-16 ) ) ;
#1833 =( BOUNDED_CURVE ( )  B_SPLINE_CURVE ( 2, ( #431, #4496, #2682, #4079, #849, #5796, #4052 ),
 .UNSPECIFIED., .F., .T. ) 
 B_SPLINE_CURVE_WITH_KNOTS ( ( 3, 2, 2, 3 ),
 ( 0.2928306364651460658, 0.3047353983699080393, 0.3166401602746699018, 0.3285449221794317642 ),
 .UNSPECIFIED. ) 
 CURVE ( )  GEOMETRIC_REPRESENTATION_ITEM ( )  RATIONAL_B_SPLINE_CURVE ( ( 1.000000000000000000, 0.8660254037844387076, 1.000000000000000000, 0.8660254037844387076, 1.000000000000000000, 0.8660254037844387076, 1.000000000000000000 ) ) 
 REPRESENTATION_ITEM ( '' )  );
#1834 = CARTESIAN_POINT ( 'NONE',  ( 13.96245992106986478, -1.531249999999999556, 0.8840675996966148587 ) ) ;
#1835 = CARTESIAN_POINT ( 'NONE',  ( -16.59933227484231466, 0.5918069429221612943, 1.025039693413197783 ) ) ;
#1836 = CARTESIAN_POINT ( 'NONE',  ( 15.98050211698262579, -1.500000000010987877, 0.8660254037781374148 ) ) ;
#1837 = CARTESIAN_POINT ( 'NONE',  ( 14.59304219591217588, -3.248011668595026887E-16, -1.768135199393228829 ) ) ;
#1838 = B_SPLINE_CURVE_WITH_KNOTS ( 'NONE', 3,
 ( #1039, #2406, #5100, #2925, #2020, #3695 ),
 .UNSPECIFIED., .F., .F.,
 ( 4, 2, 4 ),
 ( 0.001314652396222794947, 0.001969405109320633736, 0.002624157822418472091 ),
 .UNSPECIFIED. ) ;
#1839 = CARTESIAN_POINT ( 'NONE',  ( -14.05283121635129362, -3.181725716174719019E-16, -1.732050807568876305 ) ) ;
#1840 = CARTESIAN_POINT ( 'NONE',  ( -15.98195780408782518, 1.531250000000000000, 0.000000000000000000 ) ) ;
#1841 = CARTESIAN_POINT ( 'NONE',  ( 17.30900105849102033, -1.183613885844322589, -0.6833597956087981151 ) ) ;
#1842 = CARTESIAN_POINT ( 'NONE',  ( 18.76733439182435603, -1.183613885844322366, 1.449508956725610206E-16 ) ) ;
#1843 = EDGE_LOOP ( 'NONE', ( #719, #4732, #5324, #2298, #4803, #489, #2884, #5343, #2607, #3423, #3849, #1951, #518, #4305, #1594, #96, #1116, #149, #3031, #5200, #5684, #1783, #5829, #2956, #4019, #3929, #2366, #420, #1492, #1862, #194 ) ) ;
#1844 = CARTESIAN_POINT ( 'NONE',  ( -17.95349894150897896, -1.183613885844322589, -0.6833597956087981151 ) ) ;
#1845 = CARTESIAN_POINT ( 'NONE',  ( -13.86254007893013629, 0.7656250000000002220, 1.326101399544921566 ) ) ;
#1846 = CARTESIAN_POINT ( 'NONE',  ( 14.52216878364870745, -1.500000000000000444, 1.836970198721030674E-16 ) ) ;
#1847 = AXIS2_PLACEMENT_3D ( 'NONE', #1614, #2938, #249 ) ;
#1848 = CARTESIAN_POINT ( 'NONE',  ( 18.99650105849100612, 1.183613885844347458, 0.6833597956088126590 ) ) ;
#1849 = CARTESIAN_POINT ( 'NONE',  ( -18.01599894150897896, -0.5918069429221609612, 1.025039693413198005 ) ) ;
#1850 = CARTESIAN_POINT ( 'NONE',  ( 18.52216878364959740, -1.500000000000000444, -1.847903445868657300E-11 ) ) ;
#1851 = EDGE_CURVE ( 'NONE', #469, #1993, #242, .T. ) ;
#1852 = ORIENTED_EDGE ( 'NONE', *, *, #924, .T. ) ;
#1853 = CARTESIAN_POINT ( 'NONE',  ( 15.74650105849102033, -1.183613885844322589, -0.6833597956087981151 ) ) ;
#1854 = CARTESIAN_POINT ( 'NONE',  ( 14.97566772515768463, 1.183613885844321922, -0.6833597956087991143 ) ) ;
#1855 = FACE_OUTER_BOUND ( 'NONE', #3654, .T. ) ;
#1856 = CARTESIAN_POINT ( 'NONE',  ( 16.14716878364868435, -3.181725716174798891E-16, -1.732050807568919382 ) ) ;
#1857 = CARTESIAN_POINT ( 'NONE',  ( 19.91714861609306908, -0.2762751892287427236, 1.470861148175388600 ) ) ;
#1858 = CARTESIAN_POINT ( 'NONE',  ( -17.32849894150899672, 0.5918069429221747280, -1.025039693413223096 ) ) ;
#1859 = CARTESIAN_POINT ( 'NONE',  ( 19.39716878364835750, 1.060575238725334995E-16, 1.732050807569575968 ) ) ;
#1860 = CARTESIAN_POINT ( 'NONE',  ( 19.05900105849101678, 1.183613885844322589, 0.6833597956087983372 ) ) ;
#1861 = APPROVAL ( #2148, 'UNSPECIFIED' ) ;
#1862 = ORIENTED_EDGE ( 'NONE', *, *, #3711, .F. ) ;
#1863 = MANIFOLD_SOLID_BREP ( 'Cut-Extrude4', #4016 ) ;
#1864 = CARTESIAN_POINT ( 'NONE',  ( 16.66316772515768463, -1.183613885844322366, 0.6833597956087990033 ) ) ;
#1865 =( BOUNDED_CURVE ( )  B_SPLINE_CURVE ( 2, ( #906, #2707, #4523, #3211, #964, #4142, #5126 ),
 .UNSPECIFIED., .F., .F. ) 
 B_SPLINE_CURVE_WITH_KNOTS ( ( 3, 2, 2, 3 ),
 ( 0.3285449221690623922, 0.3404496840738243657, 0.3523544459785862282, 0.3642592078833482017 ),
 .UNSPECIFIED. ) 
 CURVE ( )  GEOMETRIC_REPRESENTATION_ITEM ( )  RATIONAL_B_SPLINE_CURVE ( ( 1.000000000000000000, 0.8660254037844387076, 1.000000000000000000, 0.8660254037844387076, 1.000000000000000000, 0.8660254037844387076, 1.000000000000000000 ) ) 
 REPRESENTATION_ITEM ( '' )  );
#1866 = AXIS2_PLACEMENT_3D ( 'NONE', #2186, #5396, #4017 ) ;
#1867 =( BOUNDED_CURVE ( )  B_SPLINE_CURVE ( 2, ( #3020, #3385, #186, #2002, #3803, #2030, #5605 ),
 .UNSPECIFIED., .F., .F. ) 
 B_SPLINE_CURVE_WITH_KNOTS ( ( 3, 2, 2, 3 ),
 ( 0.05938160042435649405, 0.06095173235491066488, 0.06252186428546484265, 0.06409199621601900654 ),
 .UNSPECIFIED. ) 
 CURVE ( )  GEOMETRIC_REPRESENTATION_ITEM ( )  RATIONAL_B_SPLINE_CURVE ( ( 1.000000000000033751, 0.8660254037844048458, 1.000000000000000000, 0.8660254037844385966, 1.000000000000000000, 0.8660254037844029584, 1.000000000000035527 ) ) 
 REPRESENTATION_ITEM ( '' )  );
#1868 = CARTESIAN_POINT ( 'NONE',  ( 13.87912658773653263, 1.082670556198342378E-16, 1.768135199393228829 ) ) ;
#1869 = CARTESIAN_POINT ( 'NONE',  ( -15.47433227484231466, -1.183613885844322366, 0.6833597956087990033 ) ) ;
#1870 = DIRECTION ( 'NONE',  ( -1.000000000000000000, -4.814824860968088948E-33, -0.000000000000000000 ) ) ;
#1871 = CARTESIAN_POINT ( 'NONE',  ( 14.96804219591217411, -1.531250000000000000, 1.875240411194384668E-16 ) ) ;
#1872 = FACE_OUTER_BOUND ( 'NONE', #5, .T. ) ;
#1873 = VECTOR ( 'NONE', #5441, 1000.000000000000000 ) ;
#1874 = ADVANCED_FACE ( 'NONE', ( #15 ), #3098, .F. ) ;
#1875 = CARTESIAN_POINT ( 'NONE',  ( -16.85695780408782696, 1.082670556198342378E-16, 1.768135199393228829 ) ) ;
#1876 = CARTESIAN_POINT ( 'NONE',  ( 15.64233439182435070, 8.368743863583045653E-17, 1.366719591217596896 ) ) ;
#1877 = CARTESIAN_POINT ( 'NONE',  ( 19.05900105849101678, 1.183613885844322589, 0.6833597956087983372 ) ) ;
#1878 = SECURITY_CLASSIFICATION ( '', '', #275 ) ;
#1879 = ORIENTED_EDGE ( 'NONE', *, *, #5427, .T. ) ;
#1880 = CARTESIAN_POINT ( 'NONE',  ( -16.62016560817564681, 8.368743863583045653E-17, 1.366719591217596896 ) ) ;
#1881 = CARTESIAN_POINT ( 'NONE',  ( -14.11254007893013629, -0.7656250000000006661, -1.326101399544921566 ) ) ;
#1882 = CARTESIAN_POINT ( 'NONE',  ( 15.94999999999999574, -1.500000000000000000, 1.836970198721029934E-16 ) ) ;
#1883 = CARTESIAN_POINT ( 'NONE',  ( -14.88616454968463287, 1.500000000000043743, 0.8660254037844171693 ) ) ;
#1884 = CIRCLE ( 'NONE', #3928, 1.575000000000000178 ) ;
#1885 = CARTESIAN_POINT ( 'NONE',  ( -18.47433227484231466, -1.183613885844322366, 0.6833597956087990033 ) ) ;
#1886 = LINE ( 'NONE', #4233, #3604 ) ;
#1887 = ORIENTED_EDGE ( 'NONE', *, *, #2662, .F. ) ;
#1888 = CARTESIAN_POINT ( 'NONE',  ( 19.03816772515768463, 0.5918069429221612943, 1.025039693413197783 ) ) ;
#1889 = CARTESIAN_POINT ( 'NONE',  ( 17.10066772515768818, 0.5918069429221612943, 1.025039693413197783 ) ) ;
#1890 = EDGE_CURVE ( 'NONE', #652, #2110, #1043, .T. ) ;
#1891 = CARTESIAN_POINT ( 'NONE',  ( 19.90080924107216376, -1.340361892545797629, 0.6455411297355990730 ) ) ;
#1892 = CARTESIAN_POINT ( 'NONE',  ( -13.70000000000000462, 0.9992873820530538964, 0.6343237019322631731 ) ) ;
#1893 = CARTESIAN_POINT ( 'NONE',  ( -13.99516560817566457, -1.183613885844351010, 1.449508956725645212E-16 ) ) ;
#1894 = CYLINDRICAL_SURFACE ( 'NONE', #4872, 1.500000000000000000 ) ;
#1895 =( BOUNDED_CURVE ( )  B_SPLINE_CURVE ( 2, ( #2232, #4928, #919, #4095, #1305, #1807, #5417 ),
 .UNSPECIFIED., .F., .T. ) 
 B_SPLINE_CURVE_WITH_KNOTS ( ( 3, 2, 2, 3 ),
 ( 0.000000000000000000, 0.001134036759564375097, 0.002706088609820881449, 0.004278140460077388234 ),
 .UNSPECIFIED. ) 
 CURVE ( )  GEOMETRIC_REPRESENTATION_ITEM ( )  RATIONAL_B_SPLINE_CURVE ( ( 0.9461438968692740259, 0.9033542583653020319, 1.000000000000000000, 0.8660254037844388186, 1.000000000000000000, 0.8660254037833468033, 1.000000000001092015 ) ) 
 REPRESENTATION_ITEM ( '' )  );
#1896 = CARTESIAN_POINT ( 'NONE',  ( 18.26733439182435248, -1.183613885844322366, 1.449508956725610206E-16 ) ) ;
#1897 = CARTESIAN_POINT ( 'NONE',  ( -20.00000000000000355, 1.575000000000000178, 1.928818708657081591E-16 ) ) ;
#1898 = CARTESIAN_POINT ( 'NONE',  ( -17.97433227484231466, -1.183613885844322144, 0.6833597956087987813 ) ) ;
#1899 = ORIENTED_EDGE ( 'NONE', *, *, #52, .F. ) ;
#1900 = CARTESIAN_POINT ( 'NONE',  ( 14.82983439182435248, -2.510623159074913942E-16, -1.366719591217596896 ) ) ;
#1901 = CARTESIAN_POINT ( 'NONE',  ( 16.81383545031506799, 1.500000000000329292, 0.8660254037848803543 ) ) ;
#1902 = CARTESIAN_POINT ( 'NONE',  ( 18.78333333333332789, 0.7500000000000002220, 1.299038105676657784 ) ) ;
#1903 = CARTESIAN_POINT ( 'NONE',  ( 15.21245992106986300, 1.531249999999999556, -0.8840675996966153027 ) ) ;
#1904 = CARTESIAN_POINT ( 'NONE',  ( -16.93266560817564681, -1.183613885844322366, 1.449508956725610206E-16 ) ) ;
#1905 = CARTESIAN_POINT ( 'NONE',  ( -13.70000000000000462, 1.188726082579531385, -0.1129939155017705699 ) ) ;
#1906 = CARTESIAN_POINT ( 'NONE',  ( 17.13470886257884018, 0.7656249999999990008, -1.326101399544922455 ) ) ;
#1907 = CARTESIAN_POINT ( 'NONE',  ( 19.79903810567666156, 9.705254661958883258E-16, -2.598076211353313791 ) ) ;
#1908 = CARTESIAN_POINT ( 'NONE',  ( -16.81529113742115911, -0.7656249999999996669, 1.326101399544921788 ) ) ;
#1909 = CARTESIAN_POINT ( 'NONE',  ( 16.18400105849102033, -0.5918069429221609612, 1.025039693413198005 ) ) ;
#1910 = CARTESIAN_POINT ( 'NONE',  ( 19.30900105849102033, -1.183613885844322589, -0.6833597956087981151 ) ) ;
#1911 = EDGE_CURVE ( 'NONE', #4700, #1627, #4822, .T. ) ;
#1912 = ORIENTED_EDGE ( 'NONE', *, *, #472, .F. ) ;
#1913 = CARTESIAN_POINT ( 'NONE',  ( -17.74516560817565036, 1.183613885844322366, 0.000000000000000000 ) ) ;
#1914 = CARTESIAN_POINT ( 'NONE',  ( -19.82849894150898251, 0.5918069429221604061, -1.025039693413198227 ) ) ;
#1915 = CARTESIAN_POINT ( 'NONE',  ( 15.86666666666666714, -0.7499999999999996669, 1.299038105676658006 ) ) ;
#1916 = CARTESIAN_POINT ( 'NONE',  ( 19.20483439182434182, -1.183613885844347235, 1.449508956725640775E-16 ) ) ;
#1917 = CARTESIAN_POINT ( 'NONE',  ( -18.22433227484231466, 1.183613885844322144, -0.6833597956087991143 ) ) ;
#1918 = CARTESIAN_POINT ( 'NONE',  ( 18.48050211698260981, -1.500000000010752954, 0.8660254037782814107 ) ) ;
#1919 = VERTEX_POINT ( 'NONE', #147 ) ;
#1920 = CARTESIAN_POINT ( 'NONE',  ( 18.20483439182435248, -1.183613885844322366, 1.449508956725610206E-16 ) ) ;
#1921 = CARTESIAN_POINT ( 'NONE',  ( 15.55900105849102033, 1.183613885844322366, 0.6833597956087983372 ) ) ;
#1922 = AXIS2_PLACEMENT_3D ( 'NONE', #1412, #2277, #527 ) ;
#1923 = DIRECTION ( 'NONE',  ( -1.000000000000000000, -4.814824860968088948E-33, -0.000000000000000000 ) ) ;
#1924 = CARTESIAN_POINT ( 'NONE',  ( 13.70000000000000107, -0.7598576091378330677, -1.094399179722507442 ) ) ;
#1925 = CARTESIAN_POINT ( 'NONE',  ( 16.40833333333333144, -1.499999999999999778, 0.8660254037844391517 ) ) ;
#1926 = CARTESIAN_POINT ( 'NONE',  ( -15.45349894150900028, -1.183613885844351232, -0.6833597956088146574 ) ) ;
#1927 = CARTESIAN_POINT ( 'NONE',  ( -20.00000000000000355, 0.000000000000000000, 0.000000000000000000 ) ) ;
#1928 = CARTESIAN_POINT ( 'NONE',  ( 19.39233439182435248, -2.510623159074913942E-16, -1.366719591217596896 ) ) ;
#1929 = CYLINDRICAL_SURFACE ( 'NONE', #1636, 1.500000000000000000 ) ;
#1930 = CARTESIAN_POINT ( 'NONE',  ( -15.01599894150898074, -0.5918069429221609612, 1.025039693413198005 ) ) ;
#1931 = EDGE_LOOP ( 'NONE', ( #2131, #3906, #3077, #3363 ) ) ;
#1932 = CARTESIAN_POINT ( 'NONE',  ( 16.57983439182435248, 8.368743863583045653E-17, 1.366719591217596896 ) ) ;
#1933 = CARTESIAN_POINT ( 'NONE',  ( 13.70483439182434005, -1.183613885844347235, 1.449508956725640775E-16 ) ) ;
#1934 = DIRECTION ( 'NONE',  ( 0.000000000000000000, -1.000000000000000000, 0.000000000000000000 ) ) ;
#1935 = EDGE_CURVE ( 'NONE', #773, #405, #1838, .T. ) ;
#1936 = CARTESIAN_POINT ( 'NONE',  ( 15.29579325440319870, 1.531250000000000000, 0.8840675996966143035 ) ) ;
#1937 = CARTESIAN_POINT ( 'NONE',  ( -16.76599894150898251, 0.5918069429221604061, -1.025039693413198227 ) ) ;
#1938 = CARTESIAN_POINT ( 'NONE',  ( 16.59304219591217588, -3.248011668595026887E-16, -1.768135199393228829 ) ) ;
#1939 = CARTESIAN_POINT ( 'NONE',  ( -16.09449788301797923, -0.7500000000000147660, -1.299038105676682209 ) ) ;
#1940 = CARTESIAN_POINT ( 'NONE',  ( -15.89862447075449126, 0.7656250000000002220, 1.326101399544921566 ) ) ;
#1941 = CARTESIAN_POINT ( 'NONE',  ( 17.51733439182435248, 1.183613885844322366, 0.000000000000000000 ) ) ;
#1942 = CARTESIAN_POINT ( 'NONE',  ( 19.93400105849102033, 0.5918069429221604061, -1.025039693413198227 ) ) ;
#1943 =( BOUNDED_CURVE ( )  B_SPLINE_CURVE ( 2, ( #2573, #4406, #426, #1284, #4383, #1257, #4490 ),
 .UNSPECIFIED., .F., .F. ) 
 B_SPLINE_CURVE_WITH_KNOTS ( ( 3, 2, 2, 3 ),
 ( 0.2571163507404909954, 0.2690211126452529689, 0.2809258745500148313, 0.2928306364547766938 ),
 .UNSPECIFIED. ) 
 CURVE ( )  GEOMETRIC_REPRESENTATION_ITEM ( )  RATIONAL_B_SPLINE_CURVE ( ( 1.000000000000000000, 0.8660254037844387076, 1.000000000000000000, 0.8660254037844387076, 1.000000000000000000, 0.8660254037844387076, 1.000000000000000000 ) ) 
 REPRESENTATION_ITEM ( '' )  );
#1944 = VERTEX_POINT ( 'NONE', #5534 ) ;
#1945 = CARTESIAN_POINT ( 'NONE',  ( -17.03683227484231111, -1.183613885844322366, 0.6833597956087990033 ) ) ;
#1946 = CARTESIAN_POINT ( 'NONE',  ( -18.78683227484231466, 1.183613885844322144, -0.6833597956087991143 ) ) ;
#1947 = CARTESIAN_POINT ( 'NONE',  ( 19.79633535867105820, 1.120957401133607867, -0.8087077916545594158 ) ) ;
#1948 = CARTESIAN_POINT ( 'NONE',  ( 19.12150105849100257, -0.5918069429221735067, 1.025039693413219544 ) ) ;
#1949 = CARTESIAN_POINT ( 'NONE',  ( -16.93266560817564681, -1.183613885844322366, 1.449508956725610206E-16 ) ) ;
#1950 = CARTESIAN_POINT ( 'NONE',  ( 17.03333333333333144, -0.7500000000000006661, -1.299038105676657784 ) ) ;
#1951 = ORIENTED_EDGE ( 'NONE', *, *, #2481, .F. ) ;
#1952 = CARTESIAN_POINT ( 'NONE',  ( 18.82983439182435248, -2.510623159074913942E-16, -1.366719591217596896 ) ) ;
#1953 = CARTESIAN_POINT ( 'NONE',  ( 16.35066772515768818, -0.5918069429221617384, -1.025039693413197783 ) ) ;
#1954 = CARTESIAN_POINT ( 'NONE',  ( -13.70000000000001350, -1.034386254368295566, -1.059707922516866407 ) ) ;
#1955 = LINE ( 'NONE', #5561, #5835 ) ;
#1956 = CARTESIAN_POINT ( 'NONE',  ( 19.87364232542105924, 0.9119173109604624683, 1.131493990904719915 ) ) ;
#1957 = CARTESIAN_POINT ( 'NONE',  ( -14.99516560817566635, -1.183613885844351010, 1.449508956725645212E-16 ) ) ;
#1958 = DIRECTION ( 'NONE',  ( -1.000000000000000000, -4.814824860968088948E-33, -0.000000000000000000 ) ) ;
#1959 = CARTESIAN_POINT ( 'NONE',  ( 18.93400105849102033, 0.5918069429221604061, -1.025039693413198227 ) ) ;
#1960 = EDGE_CURVE ( 'NONE', #4164, #5145, #3329, .T. ) ;
#1961 = CARTESIAN_POINT ( 'NONE',  ( -19.60861388584432419, 0.7144809482103977594, 0.9436412482547943403 ) ) ;
#1962 = CARTESIAN_POINT ( 'NONE',  ( -16.05766560817564681, 8.368743863583045653E-17, 1.366719591217596896 ) ) ;
#1963 = ORIENTED_EDGE ( 'NONE', *, *, #1414, .T. ) ;
#1964 = CARTESIAN_POINT ( 'NONE',  ( 14.91316772515768463, 1.183613885844322144, -0.6833597956087991143 ) ) ;
#1965 = CARTESIAN_POINT ( 'NONE',  ( 13.70000000000000995, -1.181053599007261923, 0.07780891379347437686 ) ) ;
#1966 = CARTESIAN_POINT ( 'NONE',  ( 15.02216878364870567, -1.500000000000000000, 1.836970198721029934E-16 ) ) ;
#1967 = CARTESIAN_POINT ( 'NONE',  ( 14.37912658773653085, 1.082670556198342378E-16, 1.768135199393228829 ) ) ;
#1968 = ADVANCED_FACE ( 'NONE', ( #5186 ), #1511, .F. ) ;
#1969 = CARTESIAN_POINT ( 'NONE',  ( -13.70000000000000462, 3.033339662409895921E-32, 0.000000000000000000 ) ) ;
#1970 = CARTESIAN_POINT ( 'NONE',  ( -19.92069547686830688, 0.7807316648858801944, 1.282709896620864987 ) ) ;
#1971 = CARTESIAN_POINT ( 'NONE',  ( 18.13470886257884018, 0.7656249999999990008, -1.326101399544922455 ) ) ;
#1972 = CARTESIAN_POINT ( 'NONE',  ( -19.60861388584432419, 0.7144809482103977594, 0.9436412482547943403 ) ) ;
#1973 = CARTESIAN_POINT ( 'NONE',  ( -15.60695780408782696, -3.248011668595026887E-16, -1.768135199393228829 ) ) ;
#1974 = CARTESIAN_POINT ( 'NONE',  ( 20.26733439182435248, -1.183613885844322366, 1.449508956725610206E-16 ) ) ;
#1975 = EDGE_CURVE ( 'NONE', #1126, #3678, #3763, .T. ) ;
#1976 = ORIENTED_EDGE ( 'NONE', *, *, #3891, .F. ) ;
#1977 = VECTOR ( 'NONE', #1549, 1000.000000000000000 ) ;
#1978 = CARTESIAN_POINT ( 'NONE',  ( -14.28683227484231288, 1.183613885844322144, -0.6833597956087991143 ) ) ;
#1979 = CARTESIAN_POINT ( 'NONE',  ( -18.57849894150898251, -0.5918069429221609612, 1.025039693413198005 ) ) ;
#1980 = CARTESIAN_POINT ( 'NONE',  ( -19.66877613783036693, 0.2059893947854453122, 1.230095989449779159 ) ) ;
#1981 = CARTESIAN_POINT ( 'NONE',  ( 15.52216878364870745, -1.499999999999999556, 1.836970198721029688E-16 ) ) ;
#1982 = CARTESIAN_POINT ( 'NONE',  ( -19.92500000000006821, 3.611118645722996325E-34, 0.000000000000000000 ) ) ;
#1983 = ORIENTED_EDGE ( 'NONE', *, *, #2225, .T. ) ;
#1984 = CARTESIAN_POINT ( 'NONE',  ( 17.91316772515768463, 1.183613885844322144, -0.6833597956087991143 ) ) ;
#1985 = CARTESIAN_POINT ( 'NONE',  ( 15.30900105849102033, -1.183613885844322589, -0.6833597956087981151 ) ) ;
#1986 = CARTESIAN_POINT ( 'NONE',  ( 20.00000000000000355, 1.124999999999999334, -1.948557158514985455 ) ) ;
#1987 = DIRECTION ( 'NONE',  ( 0.000000000000000000, 0.000000000000000000, -1.000000000000000000 ) ) ;
#1988 = CARTESIAN_POINT ( 'NONE',  ( -16.07849894150899672, -0.5918069429221752831, 1.025039693413222652 ) ) ;
#1989 = CARTESIAN_POINT ( 'NONE',  ( -19.79903810567666156, -2.249999999999999112, 1.299038105676656674 ) ) ;
#1990 = ORIENTED_EDGE ( 'NONE', *, *, #3359, .T. ) ;
#1991 = DIRECTION ( 'NONE',  ( -1.000000000000000000, -4.814824860968088948E-33, -0.000000000000000000 ) ) ;
#1992 = CARTESIAN_POINT ( 'NONE',  ( -16.84933227484231466, -0.5918069429221617384, -1.025039693413197783 ) ) ;
#1993 = VERTEX_POINT ( 'NONE', #4658 ) ;
#1994 = CARTESIAN_POINT ( 'NONE',  ( 18.74650105849101678, -1.183613885844322589, -0.6833597956087981151 ) ) ;
#1995 = EDGE_CURVE ( 'NONE', #5372, #3842, #3307, .T. ) ;
#1996 = CARTESIAN_POINT ( 'NONE',  ( 15.16316772515766687, -1.183613885844347235, 0.6833597956088133252 ) ) ;
#1997 = CARTESIAN_POINT ( 'NONE',  ( 17.25412658773653263, 1.531250000000000000, 0.000000000000000000 ) ) ;
#1998 = CARTESIAN_POINT ( 'NONE',  ( -19.41183227484233242, -0.5918069429221760602, -1.025039693413222430 ) ) ;
#1999 = LINE ( 'NONE', #5633, #830 ) ;
#2000 = CARTESIAN_POINT ( 'NONE',  ( 17.38470886257884018, -0.7656249999999996669, 1.326101399544921788 ) ) ;
#2001 = CARTESIAN_POINT ( 'NONE',  ( -14.94029113742115911, 1.531250000000000000, 0.8840675996966143035 ) ) ;
#2002 = CARTESIAN_POINT ( 'NONE',  ( 16.64716878364840014, -3.181725716175874207E-16, -1.732050807569504691 ) ) ;
#2003 = ORIENTED_EDGE ( 'NONE', *, *, #4099, .F. ) ;
#2004 = CARTESIAN_POINT ( 'NONE',  ( -14.24516560817564681, 1.183613885844322366, 0.000000000000000000 ) ) ;
#2005 = CARTESIAN_POINT ( 'NONE',  ( -18.24516560817565036, 1.183613885844322366, 0.000000000000000000 ) ) ;
#2006 = CARTESIAN_POINT ( 'NONE',  ( 19.75831166961150132, 0.2375668946038722862, -1.323557523033671357 ) ) ;
#2007 = CARTESIAN_POINT ( 'NONE',  ( -18.91666666666666785, 0.7500000000000002220, 1.299038105676657784 ) ) ;
#2008 = CARTESIAN_POINT ( 'NONE',  ( -15.68266560817564681, 1.183613885844322366, 0.000000000000000000 ) ) ;
#2009 = VERTEX_POINT ( 'NONE', #1961 ) ;
#2010 = EDGE_CURVE ( 'NONE', #5606, #83, #5137, .T. ) ;
#2011 = CARTESIAN_POINT ( 'NONE',  ( 18.32983439182435603, -2.510623159074913942E-16, -1.366719591217596896 ) ) ;
#2012 = CARTESIAN_POINT ( 'NONE',  ( 17.14233439182435248, 8.368743863583045653E-17, 1.366719591217596896 ) ) ;
#2013 = ORIENTED_EDGE ( 'NONE', *, *, #5794, .F. ) ;
#2014 = CARTESIAN_POINT ( 'NONE',  ( 14.53333333333333144, -0.7500000000000006661, -1.299038105676657784 ) ) ;
#2015 = CARTESIAN_POINT ( 'NONE',  ( -18.90420674559680592, 1.531250000000000000, 0.8840675996966143035 ) ) ;
#2016 = CARTESIAN_POINT ( 'NONE',  ( -13.87016560817566635, -2.510623159074974586E-16, -1.366719591217629981 ) ) ;
#2017 = CARTESIAN_POINT ( 'NONE',  ( 13.94999999999999929, -1.500000000000000000, 1.836970198721029934E-16 ) ) ;
#2018 = VERTEX_POINT ( 'NONE', #1897 ) ;
#2019 = VECTOR ( 'NONE', #4676, 1000.000000000000000 ) ;
#2020 = CARTESIAN_POINT ( 'NONE',  ( -19.86022993090466571, 0.1835754756815224931, -2.492088861051973581 ) ) ;
#2021 = CARTESIAN_POINT ( 'NONE',  ( -15.84933227484231644, -0.5918069429221617384, -1.025039693413197783 ) ) ;
#2022 = ORIENTED_EDGE ( 'NONE', *, *, #2100, .T. ) ;
#2023 = CARTESIAN_POINT ( 'NONE',  ( 17.57983439182435248, 8.368743863583045653E-17, 1.366719591217596896 ) ) ;
#2024 = CARTESIAN_POINT ( 'NONE',  ( -20.00000000000000355, 0.000000000000000000, 0.000000000000000000 ) ) ;
#2025 = CARTESIAN_POINT ( 'NONE',  ( 13.87150105849100434, 0.5918069429221729516, -1.025039693413219988 ) ) ;
#2026 = CARTESIAN_POINT ( 'NONE',  ( 16.42079325440319693, -0.7656249999999996669, 1.326101399544921788 ) ) ;
#2027 = CARTESIAN_POINT ( 'NONE',  ( -14.09933227484231466, 0.5918069429221612943, 1.025039693413197783 ) ) ;
#2028 = CARTESIAN_POINT ( 'NONE',  ( -19.90327844441268823, 0.2787522079335845726, 1.457760800777821997 ) ) ;
#2029 = CARTESIAN_POINT ( 'NONE',  ( -14.52362447075449303, 1.531249999999999556, -0.8840675996966153027 ) ) ;
#2030 = CARTESIAN_POINT ( 'NONE',  ( 16.56383545031505022, -1.500000000000774270, -0.8660254037846191189 ) ) ;
#2031 = ORIENTED_EDGE ( 'NONE', *, *, #2735, .T. ) ;
#2032 = CARTESIAN_POINT ( 'NONE',  ( -13.53683227484231644, -1.183613885844322366, 0.6833597956087990033 ) ) ;
#2033 = CARTESIAN_POINT ( 'NONE',  ( -17.87016560817565036, -2.510623159074913942E-16, -1.366719591217596896 ) ) ;
#2034 = CARTESIAN_POINT ( 'NONE',  ( 19.71493293770348743, -0.8152651687150535009, -1.003354812349032565 ) ) ;
#2035 = CARTESIAN_POINT ( 'NONE',  ( -20.00000000000000355, 1.500000000000000000, 1.836970198721029934E-16 ) ) ;
#2036 = CARTESIAN_POINT ( 'NONE',  ( -14.84933227484231466, -0.5918069429221617384, -1.025039693413197783 ) ) ;
#2037 = VERTEX_POINT ( 'NONE', #4244 ) ;
#2038 =( BOUNDED_CURVE ( )  B_SPLINE_CURVE ( 2, ( #3153, #1378, #1794, #4411, #5376, #4971, #2653 ),
 .UNSPECIFIED., .F., .F. ) 
 B_SPLINE_CURVE_WITH_KNOTS ( ( 3, 2, 2, 3 ),
 ( 0.05137580662725879654, 0.05294583353442008228, 0.05451586044158137495, 0.05608588734874267456 ),
 .UNSPECIFIED. ) 
 CURVE ( )  GEOMETRIC_REPRESENTATION_ITEM ( )  RATIONAL_B_SPLINE_CURVE ( ( 0.9999999999973586684, 0.8660254037870800392, 1.000000000000000000, 0.8660254037844387076, 1.000000000000000000, 0.8660254037856981446, 0.9999999999987405630 ) ) 
 REPRESENTATION_ITEM ( '' )  );
#2039 = CARTESIAN_POINT ( 'NONE',  ( 15.26733439182435248, -1.183613885844322366, 1.449508956725610206E-16 ) ) ;
#2040 = CARTESIAN_POINT ( 'NONE',  ( 18.14233439182435248, 8.368743863583045653E-17, 1.366719591217596896 ) ) ;
#2041 = ORIENTED_EDGE ( 'NONE', *, *, #3796, .F. ) ;
#2042 = CARTESIAN_POINT ( 'NONE',  ( 18.18883545031537352, 0.7499999999999992228, -1.299038105676658894 ) ) ;
#2043 = CARTESIAN_POINT ( 'NONE',  ( -17.98754007893013451, 1.531249999999999556, -0.8840675996966153027 ) ) ;
#2044 = ADVANCED_FACE ( 'NONE', ( #176 ), #1929, .F. ) ;
#2045 = CARTESIAN_POINT ( 'NONE',  ( -20.00000000000000355, 0.000000000000000000, 0.000000000000000000 ) ) ;
#2046 = CARTESIAN_POINT ( 'NONE',  ( 16.52216878364870567, -1.500000000000000444, 1.836970198721030674E-16 ) ) ;
#2047 = ORIENTED_EDGE ( 'NONE', *, *, #4597, .F. ) ;
#2048 = CARTESIAN_POINT ( 'NONE',  ( 13.62150105849102033, -0.5918069429221609612, 1.025039693413198005 ) ) ;
#2049 = CARTESIAN_POINT ( 'NONE',  ( -15.09933227484231644, 0.5918069429221612943, 1.025039693413197783 ) ) ;
#2050 = ORIENTED_EDGE ( 'NONE', *, *, #2250, .T. ) ;
#2051 = CARTESIAN_POINT ( 'NONE',  ( 17.87150105849102033, 0.5918069429221604061, -1.025039693413198227 ) ) ;
#2052 = CARTESIAN_POINT ( 'NONE',  ( -18.26116454968466130, -0.7500000000000314193, 1.299038105676713073 ) ) ;
#2053 = EDGE_CURVE ( 'NONE', #4772, #3789, #46, .T. ) ;
#2054 = CARTESIAN_POINT ( 'NONE',  ( 15.82983439182433827, -2.510623159074966697E-16, -1.366719591217625984 ) ) ;
#2055 = VERTEX_POINT ( 'NONE', #1156 ) ;
#2056 = CARTESIAN_POINT ( 'NONE',  ( 15.92079325440319870, -0.7656249999999996669, 1.326101399544921788 ) ) ;
#2057 = CARTESIAN_POINT ( 'NONE',  ( -19.53683227484233242, -1.183613885844350788, 0.6833597956088155456 ) ) ;
#2058 = CARTESIAN_POINT ( 'NONE',  ( 14.77216878364870745, 1.499999999999999556, 0.000000000000000000 ) ) ;
#2059 = CALENDAR_DATE ( 2026, 25, 6 ) ;
#2060 = CARTESIAN_POINT ( 'NONE',  ( -15.39862447075449303, 0.7656250000000002220, 1.326101399544921566 ) ) ;
#2061 = CYLINDRICAL_SURFACE ( 'NONE', #4883, 1.500000000000000000 ) ;
#2062 = CARTESIAN_POINT ( 'NONE',  ( -13.91183227484231466, -0.5918069429221617384, -1.025039693413197783 ) ) ;
#2063 = CARTESIAN_POINT ( 'NONE',  ( -17.95349894150897896, -1.183613885844322589, -0.6833597956087981151 ) ) ;
#2064 = EDGE_CURVE ( 'NONE', #1158, #5612, #5039, .T. ) ;
#2065 = DIRECTION ( 'NONE',  ( 0.000000000000000000, -1.000000000000000000, 0.000000000000000000 ) ) ;
#2066 = VECTOR ( 'NONE', #762, 1000.000000000000000 ) ;
#2067 = DIRECTION ( 'NONE',  ( -0.4999999999999979461, 0.000000000000000000, -0.8660254037844397068 ) ) ;
#2068 = CARTESIAN_POINT ( 'NONE',  ( -14.97433227484231466, -1.183613885844322366, 0.6833597956087990033 ) ) ;
#2069 = ORIENTED_EDGE ( 'NONE', *, *, #2010, .F. ) ;
#2070 = CARTESIAN_POINT ( 'NONE',  ( 14.18400105849101855, -0.5918069429221609612, 1.025039693413198005 ) ) ;
#2071 = CIRCLE ( 'NONE', #2168, 2.249999999999998668 ) ;
#2072 = ORIENTED_EDGE ( 'NONE', *, *, #3012, .F. ) ;
#2073 =( BOUNDED_CURVE ( )  B_SPLINE_CURVE ( 2, ( #3947, #1331, #2612, #2586, #1697, #5330, #1444, #5834, #5752, #3492, #3546, #1748, #4006, #4396, #2201, #971, #4924, #5777, #383, #2663, #4420, #5036, #5302, #528, #1775, #2637, #1273, #4893, #3520, #3247, #2342, #331, #5806, #5356, #3104, #3576, #357, #1301, #3977, #82, #859, #1898, #778, #4476, #409, #2228, #4150, #831, #1720, #5385, #4448, #3696, #3134, #4594, #3045, #4867, #4659, #177, #1572, #2894, #596, #3764, #4275, #2407, #2868, #5187, #3343, #1040, #1992, #3791, #2434, #2808, #625, #1129, #5162, #4214, #4687, #1098, #2842, #4245, #3373, #5101, #148, #5594, #205, #4719, #5535, #1962, #3730, #5567, #4627, #1478, #2021, #1512, #3280, #1543, #3314, #3822, #5133, #2926, #235, #5624, #2490, #655, #1602, #2463, #4747, #1071, #686, #4304, #2049, #3851, #1930, #5655, #5069, #1003, #564, #2377, #4183, #115, #2109, #1183, #768, #2983, #3910, #1212, #1157, #3456, #5711, #371, #2955, #794, #818, #3482, #1659, #5686, #2191, #264, #1630, #4802, #743, #3034, #4774, #5267, #2626 ),
 .UNSPECIFIED., .F., .F. ) 
 B_SPLINE_CURVE_WITH_KNOTS ( ( 3, 2, 2, 2, 2, 2, 2, 2, 2, 2, 2, 2, 2, 2, 2, 2, 2, 2, 2, 2, 2, 2, 2, 2, 2, 2, 2, 2, 2, 2, 2, 2, 2, 2, 2, 2, 2, 2, 2, 2, 2, 2, 2, 2, 2, 2, 2, 2, 2, 2, 2, 2, 2, 2, 2, 2, 2, 2, 2, 2, 2, 2, 2, 2, 2, 2, 2, 2, 2, 2, 2, 2, 3 ),
 ( 0.08187406042438140352, 0.08333333333333332871, 0.09523809523809523281, 0.1071428571428571369, 0.1190476190476190410, 0.1309523809523809590, 0.1428571428571428492, 0.1547619047619047672, 0.1666666666666666574, 0.1785714285714285754, 0.1904761904761904656, 0.2023809523809523836, 0.2142857142857142461, 0.2261904761904761640, 0.2380952380952380820, 0.2500000000000000000, 0.2619047619047619180, 0.2738095238095238360, 0.2857142857142856984, 0.2976190476190476164, 0.3095238095238095344, 0.3214285714285714524, 0.3333333333333333148, 0.3452380952380952328, 0.3571428571428571508, 0.3690476190476190688, 0.3809523809523808757, 0.3928571428571428492, 0.4047619047619047672, 0.4166666666666666297, 0.4285714285714285476, 0.4404761904761904656, 0.4523809523809523836, 0.4642857142857143016, 0.4761904761904762196, 0.4880952380952380820, 0.5000000000000000000, 0.5119047619047618625, 0.5238095238095238360, 0.5357142857142856984, 0.5476190476190476719, 0.5595238095238095344, 0.5714285714285713969, 0.5833333333333333703, 0.5952380952380952328, 0.6071428571428570953, 0.6190476190476190688, 0.6309523809523809312, 0.6428571428571429047, 0.6547619047619047672, 0.6666666666666666297, 0.6785714285714286031, 0.6904761904761904656, 0.7023809523809523281, 0.7142857142857143016, 0.7261904761904761640, 0.7380952380952381375, 0.7500000000000000000, 0.7619047619047618625, 0.7738095238095237249, 0.7857142857142856984, 0.7976190476190476719, 0.8095238095238096454, 0.8214285714285713969, 0.8333333333333333703, 0.8452380952380952328, 0.8571428571428570953, 0.8690476190476190688, 0.8809523809523809312, 0.8928571428571429047, 0.9047619047619047672, 0.9166666666666666297, 0.9259344759461410890 ),
 .UNSPECIFIED. ) 
 CURVE ( )  GEOMETRIC_REPRESENTATION_ITEM ( )  RATIONAL_B_SPLINE_CURVE ( ( 0.9711811716393166094, 0.9835775381054081556, 1.000000000000000000, 0.8660254037844387076, 1.000000000000000000, 0.8660254037844387076, 1.000000000000000000, 0.8660254037844387076, 1.000000000000000000, 0.8660254037844387076, 1.000000000000000000, 0.8660254037844387076, 1.000000000000000000, 0.8660254037844387076, 1.000000000000000000, 0.8660254037844387076, 1.000000000000000000, 0.8660254037844387076, 1.000000000000000000, 0.8660254037844387076, 1.000000000000000000, 0.8660254037844387076, 1.000000000000000000, 0.8660254037844387076, 1.000000000000000000, 0.8660254037844387076, 1.000000000000000000, 0.8660254037844387076, 1.000000000000000000, 0.8660254037844387076, 1.000000000000000000, 0.8660254037844387076, 1.000000000000000000, 0.8660254037844387076, 1.000000000000000000, 0.8660254037844387076, 1.000000000000000000, 0.8660254037844387076, 1.000000000000000000, 0.8660254037844387076, 1.000000000000000000, 0.8660254037844387076, 1.000000000000000000, 0.8660254037844387076, 1.000000000000000000, 0.8660254037844387076, 1.000000000000000000, 0.8660254037844387076, 1.000000000000000000, 0.8660254037844387076, 1.000000000000000000, 0.8660254037844387076, 1.000000000000000000, 0.8660254037844387076, 1.000000000000000000, 0.8660254037844387076, 1.000000000000000000, 0.8660254037844387076, 1.000000000000000000, 0.8660254037844387076, 1.000000000000000000, 0.8660254037844387076, 1.000000000000000000, 0.8660254037844387076, 1.000000000000000000, 0.8660254037844387076, 1.000000000000000000, 0.8660254037844387076, 1.000000000000000000, 0.8660254037844387076, 1.000000000000000000, 0.8660254037844387076, 1.000000000000000000, 0.8660254037844387076, 1.000000000000000000, 0.8660254037844387076, 1.000000000000000000, 0.8660254037844387076, 1.000000000000000000, 0.8660254037844387076, 1.000000000000000000, 0.8660254037844387076, 1.000000000000000000, 0.8660254037844387076, 1.000000000000000000, 0.8660254037844387076, 1.000000000000000000, 0.8660254037844387076, 1.000000000000000000, 0.8660254037844387076, 1.000000000000000000, 0.8660254037844387076, 1.000000000000000000, 0.8660254037844387076, 1.000000000000000000, 0.8660254037844387076, 1.000000000000000000, 0.8660254037844387076, 1.000000000000000000, 0.8660254037844387076, 1.000000000000000000, 0.8660254037844387076, 1.000000000000000000, 0.8660254037844387076, 1.000000000000000000, 0.8660254037844387076, 1.000000000000000000, 0.8660254037844387076, 1.000000000000000000, 0.8660254037844387076, 1.000000000000000000, 0.8660254037844387076, 1.000000000000000000, 0.8660254037844387076, 1.000000000000000000, 0.8660254037844387076, 1.000000000000000000, 0.8660254037844387076, 1.000000000000000000, 0.8660254037844387076, 1.000000000000000000, 0.8660254037844387076, 1.000000000000000000, 0.8660254037844387076, 1.000000000000000000, 0.8660254037844387076, 1.000000000000000000, 0.8660254037844387076, 1.000000000000000000, 0.8660254037844387076, 1.000000000000000000, 0.8660254037844387076, 1.000000000000000000, 0.8660254037844387076, 1.000000000000000000, 0.8660254037844387076, 1.000000000000000000, 0.8660254037844387076, 1.000000000000000000, 0.8660254037844387076, 1.000000000000000000, 0.8660254037844387076, 1.000000000000000000, 0.8957013154942851108, 0.9537948440932084715 ) ) 
 REPRESENTATION_ITEM ( '' )  );
#2074 = CARTESIAN_POINT ( 'NONE',  ( -15.17783121635129184, -1.499999999999999556, 2.816131724042606647E-14 ) ) ;
#2075 = CARTESIAN_POINT ( 'NONE',  ( -17.77920674559680236, -0.7656249999999996669, 1.326101399544921788 ) ) ;
#2076 = DIRECTION ( 'NONE',  ( 1.000000000000000000, 0.000000000000000000, 0.000000000000000000 ) ) ;
#2077 = CARTESIAN_POINT ( 'NONE',  ( 18.15833333333333144, 1.499999999999999778, -0.8660254037844394848 ) ) ;
#2078 = ORIENTED_EDGE ( 'NONE', *, *, #2144, .F. ) ;
#2079 = CARTESIAN_POINT ( 'NONE',  ( 16.69999999999999929, 1.500000000000000000, 0.000000000000000000 ) ) ;
#2080 = CARTESIAN_POINT ( 'NONE',  ( 19.10550211698169676, -0.7500000000003006484, -1.299038105677177590 ) ) ;
#2081 = ORIENTED_EDGE ( 'NONE', *, *, #3479, .T. ) ;
#2082 = EDGE_CURVE ( 'NONE', #4416, #1296, #5510, .T. ) ;
#2083 = CARTESIAN_POINT ( 'NONE',  ( 19.24650105849102033, -1.183613885844322589, -0.6833597956087981151 ) ) ;
#2084 = CARTESIAN_POINT ( 'NONE',  ( 18.72566772515768463, -1.183613885844322144, 0.6833597956087987813 ) ) ;
#2085 = CARTESIAN_POINT ( 'NONE',  ( 17.49650105849100612, 1.183613885844347458, 0.6833597956088126590 ) ) ;
#2086 = ORIENTED_EDGE ( 'NONE', *, *, #3414, .F. ) ;
#2087 = EDGE_CURVE ( 'NONE', #1184, #2473, #5728, .T. ) ;
#2088 = CARTESIAN_POINT ( 'NONE',  ( 16.71245992106986478, 1.531249999999999556, -0.8840675996966153027 ) ) ;
#2089 = DIRECTION ( 'NONE',  ( 0.000000000000000000, -0.4999999999999993339, -0.8660254037844390407 ) ) ;
#2090 = MECHANICAL_CONTEXT ( 'NONE', #3620, 'mechanical' ) ;
#2091 = CARTESIAN_POINT ( 'NONE',  ( -14.48195780408782518, 1.531250000000000000, 0.000000000000000000 ) ) ;
#2092 =( BOUNDED_CURVE ( )  B_SPLINE_CURVE ( 2, ( #23, #4424, #3139, #1839, #3643, #5809, #4958 ),
 .UNSPECIFIED., .F., .F. ) 
 B_SPLINE_CURVE_WITH_KNOTS ( ( 3, 2, 2, 3 ),
 ( 0.004278140460077388234, 0.005848162798402744590, 0.007418185136728085334, 0.008988207475053426945 ),
 .UNSPECIFIED. ) 
 CURVE ( )  GEOMETRIC_REPRESENTATION_ITEM ( )  RATIONAL_B_SPLINE_CURVE ( ( 0.9999999999989079846, 0.8660254037855307230, 1.000000000000000000, 0.8660254037844387076, 1.000000000000000000, 0.8660254037844387076, 1.000000000000000000 ) ) 
 REPRESENTATION_ITEM ( '' )  );
#2093 = CARTESIAN_POINT ( 'NONE',  ( 13.69999999999999929, -0.9987768851232164957, 0.6530813624004740969 ) ) ;
#2094 = CARTESIAN_POINT ( 'NONE',  ( -15.78683227484231466, 1.183613885844322144, -0.6833597956087991143 ) ) ;
#2095 = CARTESIAN_POINT ( 'NONE',  ( -17.66183227484231466, 0.5918069429221612943, 1.025039693413197783 ) ) ;
#2096 = CARTESIAN_POINT ( 'NONE',  ( 15.49166666666666714, -1.500000000000000222, -0.8660254037844381525 ) ) ;
#2097 = CARTESIAN_POINT ( 'NONE',  ( -16.43266560817564681, -1.183613885844322366, 1.449508956725610206E-16 ) ) ;
#2098 = ORIENTED_EDGE ( 'NONE', *, *, #1574, .T. ) ;
#2099 = CARTESIAN_POINT ( 'NONE',  ( 14.80900105849101855, -1.183613885844322589, -0.6833597956087981151 ) ) ;
#2100 = EDGE_CURVE ( 'NONE', #1692, #2767, #767, .T. ) ;
#2101 = ORIENTED_EDGE ( 'NONE', *, *, #3012, .T. ) ;
#2102 =( BOUNDED_CURVE ( )  B_SPLINE_CURVE ( 2, ( #1850, #1918, #3653, #3207, #959, #2766, #5522 ),
 .UNSPECIFIED., .F., .F. ) 
 B_SPLINE_CURVE_WITH_KNOTS ( ( 3, 2, 2, 3 ),
 ( 0.02641304676017635147, 0.02798315564511726083, 0.02955326453005818060, 0.03112337341499908996 ),
 .UNSPECIFIED. ) 
 CURVE ( )  GEOMETRIC_REPRESENTATION_ITEM ( )  RATIONAL_B_SPLINE_CURVE ( ( 1.000000000001656675, 0.8660254037827820328, 1.000000000000000000, 0.8660254037844388186, 1.000000000000000000, 0.8660254037828333251, 1.000000000001605605 ) ) 
 REPRESENTATION_ITEM ( '' )  );
#2103 = CARTESIAN_POINT ( 'NONE',  ( -15.01116454968462577, 0.7500000000000003331, -1.299038105676660892 ) ) ;
#2104 = CARTESIAN_POINT ( 'NONE',  ( -17.52920674559680592, 0.7656249999999990008, -1.326101399544922455 ) ) ;
#2105 = CARTESIAN_POINT ( 'NONE',  ( -16.75000000000000355, -1.500000000000000000, 1.836970198721029934E-16 ) ) ;
#2106 = CARTESIAN_POINT ( 'NONE',  ( 13.90833333333332966, -1.499999999999999778, 0.8660254037844391517 ) ) ;
#2107 = ORIENTED_EDGE ( 'NONE', *, *, #3776, .T. ) ;
#2108 = CARTESIAN_POINT ( 'NONE',  ( 13.99650105849102033, 1.183613885844322589, 0.6833597956087983372 ) ) ;
#2109 = CARTESIAN_POINT ( 'NONE',  ( -14.68266560817564859, 1.183613885844322366, 0.000000000000000000 ) ) ;
#2110 = VERTEX_POINT ( 'NONE', #2079 ) ;
#2111 = CARTESIAN_POINT ( 'NONE',  ( 18.28816772515768463, -0.5918069429221617384, -1.025039693413197783 ) ) ;
#2112 = CARTESIAN_POINT ( 'NONE',  ( 14.23050211698179268, 1.500000000001157519, -0.8660254037843386765 ) ) ;
#2113 = CARTESIAN_POINT ( 'NONE',  ( 16.57983439182433827, 8.368743863583221914E-17, 1.366719591217625984 ) ) ;
#2114 = CARTESIAN_POINT ( 'NONE',  ( 17.67637552924550803, 1.531249999999999556, -0.8840675996966153027 ) ) ;
#2115 = AXIS2_PLACEMENT_3D ( 'NONE', #4857, #4884, #819 ) ;
#2116 = ORIENTED_EDGE ( 'NONE', *, *, #574, .F. ) ;
#2117 = AXIS2_PLACEMENT_3D ( 'NONE', #666, #4419, #3491 ) ;
#2118 = CARTESIAN_POINT ( 'NONE',  ( 17.37912658773652907, 1.082670556198342378E-16, 1.768135199393228829 ) ) ;
#2119 = CARTESIAN_POINT ( 'NONE',  ( -19.74420606145015356, -0.2344722404238942237, -1.301023380535001328 ) ) ;
#2120 = EDGE_CURVE ( 'NONE', #3524, #4779, #1272, .T. ) ;
#2121 = PERSON_AND_ORGANIZATION_ROLE ( 'creator' ) ;
#2122 = CARTESIAN_POINT ( 'NONE',  ( 14.02216878364870745, -1.499999999999999334, 1.836970198721029441E-16 ) ) ;
#2123 = DIRECTION ( 'NONE',  ( 0.000000000000000000, -1.000000000000000000, 0.000000000000000000 ) ) ;
#2124 = CARTESIAN_POINT ( 'NONE',  ( -19.26599894150898251, 0.5918069429221604061, -1.025039693413198227 ) ) ;
#2125 = CARTESIAN_POINT ( 'NONE',  ( -13.40864805044146024, -0.6541903772491910463, -1.113280088472807794 ) ) ;
#2126 =( BOUNDED_CURVE ( )  B_SPLINE_CURVE ( 2, ( #4675, #5085, #67, #4612, #4232, #5488, #164 ),
 .UNSPECIFIED., .F., .F. ) 
 B_SPLINE_CURVE_WITH_KNOTS ( ( 3, 2, 2, 3 ),
 ( 0.7571163507404909954, 0.7690211126452528578, 0.7809258745500148313, 0.7928306364547766938 ),
 .UNSPECIFIED. ) 
 CURVE ( )  GEOMETRIC_REPRESENTATION_ITEM ( )  RATIONAL_B_SPLINE_CURVE ( ( 1.000000000000000000, 0.8660254037844387076, 1.000000000000000000, 0.8660254037844387076, 1.000000000000000000, 0.8660254037844387076, 1.000000000000000000 ) ) 
 REPRESENTATION_ITEM ( '' )  );
#2127 = FACE_OUTER_BOUND ( 'NONE', #1087, .T. ) ;
#2128 = CARTESIAN_POINT ( 'NONE',  ( -16.30766560817564681, -2.510623159074913942E-16, -1.366719591217596896 ) ) ;
#2129 = CARTESIAN_POINT ( 'NONE',  ( 14.60066772515768641, 0.5918069429221612943, 1.025039693413197783 ) ) ;
#2130 = CARTESIAN_POINT ( 'NONE',  ( 20.25520992266811149, -0.9575792032741511361, -0.6956895142377372832 ) ) ;
#2131 = ORIENTED_EDGE ( 'NONE', *, *, #2348, .F. ) ;
#2132 = CARTESIAN_POINT ( 'NONE',  ( -14.00000000000000178, 1.500000000000000000, 0.000000000000000000 ) ) ;
#2133 = CARTESIAN_POINT ( 'NONE',  ( -17.94587341226347021, 1.531250000000000000, 0.000000000000000000 ) ) ;
#2134 = CARTESIAN_POINT ( 'NONE',  ( 20.00000000000000355, -2.249999999999998224, -1.299038105676658228 ) ) ;
#2136 = EDGE_CURVE ( 'NONE', #1384, #2574, #47, .T. ) ;
#2135 = FACE_OUTER_BOUND ( 'NONE', #2224, .T. ) ;
#2137 = ORIENTED_EDGE ( 'NONE', *, *, #1643, .F. ) ;
#2138 = CARTESIAN_POINT ( 'NONE',  ( 14.20483439182435426, -1.183613885844322366, 1.449508956725610206E-16 ) ) ;
#2139 =( BOUNDED_CURVE ( )  B_SPLINE_CURVE ( 2, ( #2122, #1695, #381, #3071, #4866, #4005, #5301 ),
 .UNSPECIFIED., .F., .F. ) 
 B_SPLINE_CURVE_WITH_KNOTS ( ( 3, 2, 2, 3 ),
 ( 0.1111897474338785219, 0.1127596377178282094, 0.1143295280017778970, 0.1158994182857275845 ),
 .UNSPECIFIED. ) 
 CURVE ( )  GEOMETRIC_REPRESENTATION_ITEM ( )  RATIONAL_B_SPLINE_CURVE ( ( 0.9999999999999684697, 0.8660254037844701269, 1.000000000000000000, 0.8660254037844385966, 1.000000000000000000, 0.8660254037844388186, 0.9999999999999998890 ) ) 
 REPRESENTATION_ITEM ( '' )  );
#2140 = CARTESIAN_POINT ( 'NONE',  ( 19.74650105849102388, -1.183613885844322589, -0.6833597956087981151 ) ) ;
#2141 = CARTESIAN_POINT ( 'NONE',  ( 19.51733439182435603, 1.183613885844322366, 0.000000000000000000 ) ) ;
#2142 = CARTESIAN_POINT ( 'NONE',  ( 16.16316772515767042, -1.183613885844347235, 0.6833597956088133252 ) ) ;
#2144 = EDGE_CURVE ( 'NONE', #83, #3026, #5309, .T. ) ;
#2143 = CARTESIAN_POINT ( 'NONE',  ( 19.30137552924550803, 0.7656250000000002220, 1.326101399544921566 ) ) ;
#2145 = ORIENTED_EDGE ( 'NONE', *, *, #1361, .T. ) ;
#2146 = CARTESIAN_POINT ( 'NONE',  ( 14.24650105849101855, -1.183613885844322589, -0.6833597956087981151 ) ) ;
#2147 = CARTESIAN_POINT ( 'NONE',  ( -15.75000000000000355, -1.500000000000000000, 1.836970198721029934E-16 ) ) ;
#2148 = APPROVAL_STATUS ( 'not_yet_approved' ) ;
#2149 = CARTESIAN_POINT ( 'NONE',  ( -20.00000000000000355, 1.124999999999999334, -1.948557158514985455 ) ) ;
#2150 = FACE_OUTER_BOUND ( 'NONE', #3901, .T. ) ;
#2151 = EDGE_CURVE ( 'NONE', #2582, #4265, #668, .T. ) ;
#2152 = CARTESIAN_POINT ( 'NONE',  ( -17.72433227484231466, 1.183613885844322144, -0.6833597956087991143 ) ) ;
#2153 = CARTESIAN_POINT ( 'NONE',  ( -14.78683227484231466, 1.183613885844322144, -0.6833597956087991143 ) ) ;
#2154 = CARTESIAN_POINT ( 'NONE',  ( -16.50000000000000000, 1.500000000000000000, 0.000000000000000000 ) ) ;
#2155 = CARTESIAN_POINT ( 'NONE',  ( -18.35695780408782696, 1.082670556198342378E-16, 1.768135199393228829 ) ) ;
#2156 = CARTESIAN_POINT ( 'NONE',  ( 14.10066772515768641, 0.5918069429221612943, 1.025039693413197783 ) ) ;
#2157 = CARTESIAN_POINT ( 'NONE',  ( 14.85066772515768641, -0.5918069429221617384, -1.025039693413197783 ) ) ;
#2158 = CARTESIAN_POINT ( 'NONE',  ( -19.24516560817564681, 1.183613885844322366, 0.000000000000000000 ) ) ;
#2159 = CARTESIAN_POINT ( 'NONE',  ( -14.73754007893013629, -1.531249999999999556, 0.8840675996966148587 ) ) ;
#2160 = CARTESIAN_POINT ( 'NONE',  ( 19.63381034316484985, -0.9278784985855538237, 0.7843959216438789461 ) ) ;
#2161 = CARTESIAN_POINT ( 'NONE',  ( 16.94999999999999574, -1.500000000000000000, 1.836970198721029934E-16 ) ) ;
#2162 = ORIENTED_EDGE ( 'NONE', *, *, #977, .T. ) ;
#2163 = CARTESIAN_POINT ( 'NONE',  ( 13.70000000000000462, 1.622595978146246206E-31, 0.000000000000000000 ) ) ;
#2164 = VECTOR ( 'NONE', #2210, 1000.000000000000000 ) ;
#2165 = DIRECTION ( 'NONE',  ( -1.000000000000000000, 0.000000000000000000, 0.000000000000000000 ) ) ;
#2166 = CARTESIAN_POINT ( 'NONE',  ( -20.00000000000000355, 1.500000000000000000, 1.836970198721029934E-16 ) ) ;
#2167 = CARTESIAN_POINT ( 'NONE',  ( -20.00000000000000355, -1.124999999999998224, -1.948557158514986565 ) ) ;
#2168 = AXIS2_PLACEMENT_3D ( 'NONE', #3867, #5700, #3495 ) ;
#2169 = CARTESIAN_POINT ( 'NONE',  ( -14.01599894150898074, -0.5918069429221609612, 1.025039693413198005 ) ) ;
#2170 = CARTESIAN_POINT ( 'NONE',  ( 20.51841772668428376, -1.238827267465326454, -0.9000186464092801986 ) ) ;
#2171 = ORIENTED_EDGE ( 'NONE', *, *, #3160, .F. ) ;
#2172 = ADVANCED_FACE ( 'NONE', ( #5685 ), #1261, .T. ) ;
#2173 = CARTESIAN_POINT ( 'NONE',  ( 18.67079325440319693, 0.7656249999999990008, -1.326101399544922455 ) ) ;
#2174 = CARTESIAN_POINT ( 'NONE',  ( -19.80843135801223553, -1.383431358015227097, -0.1707154709605275544 ) ) ;
#2175 = CARTESIAN_POINT ( 'NONE',  ( 19.98106444340220733, -2.249999999999999112, -0.4381466646733034875 ) ) ;
#2176 = DIRECTION ( 'NONE',  ( 0.000000000000000000, -1.000000000000000000, 0.000000000000000000 ) ) ;
#2177 = CARTESIAN_POINT ( 'NONE',  ( -18.22433227484231466, 1.183613885844322144, -0.6833597956087991143 ) ) ;
#2178 = CARTESIAN_POINT ( 'NONE',  ( -15.03683227484231644, -1.183613885844322366, 0.6833597956087990033 ) ) ;
#2179 = CARTESIAN_POINT ( 'NONE',  ( -17.12500000000000355, -3.181725716174720991E-16, -1.732050807568877193 ) ) ;
#2180 = CARTESIAN_POINT ( 'NONE',  ( -18.69029113742115911, -1.531250000000000444, -0.8840675996966138595 ) ) ;
#2181 = ORIENTED_EDGE ( 'NONE', *, *, #3585, .T. ) ;
#2182 = CARTESIAN_POINT ( 'NONE',  ( 15.80900105849101855, -1.183613885844322589, -0.6833597956087981151 ) ) ;
#2183 = ORIENTED_EDGE ( 'NONE', *, *, #2509, .F. ) ;
#2184 = CARTESIAN_POINT ( 'NONE',  ( -19.33333333333333570, -0.7499999999999996669, 1.299038105676658006 ) ) ;
#2185 = CARTESIAN_POINT ( 'NONE',  ( -16.11254007893013451, -0.7656250000000006661, -1.326101399544921566 ) ) ;
#2186 = CARTESIAN_POINT ( 'NONE',  ( -20.00000000000000355, 0.000000000000000000, 0.000000000000000000 ) ) ;
#2187 = CARTESIAN_POINT ( 'NONE',  ( 20.00000000000000355, 0.000000000000000000, 0.000000000000000000 ) ) ;
#2188 = EDGE_CURVE ( 'NONE', #1258, #1919, #658, .T. ) ;
#2189 = VERTEX_POINT ( 'NONE', #3199 ) ;
#2190 = CARTESIAN_POINT ( 'NONE',  ( 15.24650105849101855, -1.183613885844322589, -0.6833597956087981151 ) ) ;
#2191 = CARTESIAN_POINT ( 'NONE',  ( -14.01599894150898074, -0.5918069429221609612, 1.025039693413198005 ) ) ;
#2192 = FACE_OUTER_BOUND ( 'NONE', #912, .T. ) ;
#2193 = DIRECTION ( 'NONE',  ( -1.000000000000000000, -4.814824860968088948E-33, -0.000000000000000000 ) ) ;
#2194 = CARTESIAN_POINT ( 'NONE',  ( 16.49166666666666714, -1.500000000000000222, -0.8660254037844381525 ) ) ;
#2195 = CARTESIAN_POINT ( 'NONE',  ( -17.49516560817566457, -1.183613885844351010, 1.449508956725645212E-16 ) ) ;
#2196 = CARTESIAN_POINT ( 'NONE',  ( -19.84449788301796502, 0.7500000000000001110, 1.299038105676657784 ) ) ;
#2197 = ORIENTED_EDGE ( 'NONE', *, *, #805, .T. ) ;
#2198 = CARTESIAN_POINT ( 'NONE',  ( 13.87150105849101855, 0.5918069429221604061, -1.025039693413198227 ) ) ;
#2199 = CARTESIAN_POINT ( 'NONE',  ( -15.42783121635129895, 1.499999999999999556, -1.538769112130450809E-13 ) ) ;
#2200 = CARTESIAN_POINT ( 'NONE',  ( 19.85987873311673724, -2.249999999999997780, -1.088279989895498900 ) ) ;
#2201 = CARTESIAN_POINT ( 'NONE',  ( -19.09933227484231466, 0.5918069429221612943, 1.025039693413197783 ) ) ;
#2202 = AXIS2_PLACEMENT_3D ( 'NONE', #615, #2423, #2397 ) ;
#2203 = CARTESIAN_POINT ( 'NONE',  ( -17.59933227484231466, 0.5918069429221612943, 1.025039693413197783 ) ) ;
#2204 = CARTESIAN_POINT ( 'NONE',  ( -14.66183227484231466, 0.5918069429221612943, 1.025039693413197783 ) ) ;
#2205 = CARTESIAN_POINT ( 'NONE',  ( 18.89716878364868435, 1.060575238724936374E-16, 1.732050807568925377 ) ) ;
#2206 = CARTESIAN_POINT ( 'NONE',  ( -13.55766560817564859, 8.368743863583045653E-17, 1.366719591217596896 ) ) ;
#2207 = DIRECTION ( 'NONE',  ( 0.000000000000000000, -1.000000000000000000, 0.000000000000000000 ) ) ;
#2208 = CARTESIAN_POINT ( 'NONE',  ( 16.22566772515768463, -1.183613885844322366, 0.6833597956087990033 ) ) ;
#2209 = VERTEX_POINT ( 'NONE', #2323 ) ;
#2210 = DIRECTION ( 'NONE',  ( -1.000000000000000000, -4.814824860968088948E-33, -0.000000000000000000 ) ) ;
#2211 = CARTESIAN_POINT ( 'NONE',  ( -15.15420674559680236, -1.531250000000000444, -0.8840675996966138595 ) ) ;
#2212 = CARTESIAN_POINT ( 'NONE',  ( -19.61631912687039048, 0.8684994041541390652, 0.8366904103605594667 ) ) ;
#2213 = VERTEX_POINT ( 'NONE', #2967 ) ;
#2214 = CARTESIAN_POINT ( 'NONE',  ( 14.49650105849101855, 1.183613885844322589, 0.6833597956087983372 ) ) ;
#2215 = CARTESIAN_POINT ( 'NONE',  ( 13.80900105849101855, -1.183613885844322589, -0.6833597956087981151 ) ) ;
#2216 = B_SPLINE_CURVE_WITH_KNOTS ( 'NONE', 3,
 ( #3044, #4031, #4447, #887, #3545, #5329 ),
 .UNSPECIFIED., .F., .F.,
 ( 4, 2, 4 ),
 ( 0.01305989971618574073, 0.01370539632555271489, 0.01435089293491969079 ),
 .UNSPECIFIED. ) ;
#2217 = ADVANCED_FACE ( 'NONE', ( #1140, #4785 ), #726, .F. ) ;
#2218 = CARTESIAN_POINT ( 'NONE',  ( 17.86666666666666714, -0.7499999999999996669, 1.299038105676658006 ) ) ;
#2219 = CARTESIAN_POINT ( 'NONE',  ( -14.50000000000000178, 1.500000000000000000, 0.000000000000000000 ) ) ;
#2220 = CARTESIAN_POINT ( 'NONE',  ( -15.88616454968503078, 1.500000000006814993, 0.8660254037805675820 ) ) ;
#2221 = CARTESIAN_POINT ( 'NONE',  ( -17.41183227484233242, -0.5918069429221760602, -1.025039693413222430 ) ) ;
#2222 = CARTESIAN_POINT ( 'NONE',  ( 19.50970886257884374, -1.531250000000000444, -0.8840675996966138595 ) ) ;
#2223 = CARTESIAN_POINT ( 'NONE',  ( -17.71949788301820305, -1.500000000000432321, 0.8660254037846798481 ) ) ;
#2224 = EDGE_LOOP ( 'NONE', ( #5004, #262, #1710 ) ) ;
#2225 = EDGE_CURVE ( 'NONE', #5181, #2984, #2928, .T. ) ;
#2226 = CARTESIAN_POINT ( 'NONE',  ( 19.75412658773652907, 1.531250000000000000, 0.000000000000000000 ) ) ;
#2227 = CARTESIAN_POINT ( 'NONE',  ( -19.00000000000000355, 1.500000000000000000, 0.000000000000000000 ) ) ;
#2228 = CARTESIAN_POINT ( 'NONE',  ( -17.80766560817565036, -2.510623159074913942E-16, -1.366719591217596896 ) ) ;
#2229 = CARTESIAN_POINT ( 'NONE',  ( -19.05766560817564681, 8.368743863583045653E-17, 1.366719591217596896 ) ) ;
#2230 = CARTESIAN_POINT ( 'NONE',  ( -13.47171707948973385, -1.183613885844322589, -0.3845707624832248039 ) ) ;
#2231 = CARTESIAN_POINT ( 'NONE',  ( 15.00970886257884196, -1.531250000000000444, -0.8840675996966138595 ) ) ;
#2232 = CARTESIAN_POINT ( 'NONE',  ( -13.70000000000000462, -1.438461276204703765, 0.4252401167100016144 ) ) ;
#2233 = CARTESIAN_POINT ( 'NONE',  ( -13.40921743521942489, -1.183613885844322366, -0.3845649282903267907 ) ) ;
#2234 = CARTESIAN_POINT ( 'NONE',  ( 13.76733439182435248, -1.183613885844322366, 1.449508956725610206E-16 ) ) ;
#2235 = CARTESIAN_POINT ( 'NONE',  ( 17.60066772515768463, 0.5918069429221612943, 1.025039693413197783 ) ) ;
#2236 = EDGE_CURVE ( 'NONE', #3678, #3836, #5500, .T. ) ;
#2237 = ORIENTED_EDGE ( 'NONE', *, *, #4780, .T. ) ;
#2238 = CARTESIAN_POINT ( 'NONE',  ( -19.28683227484231821, 1.183613885844322144, -0.6833597956087991143 ) ) ;
#2239 = CARTESIAN_POINT ( 'NONE',  ( -16.36254007893013451, 0.7656250000000002220, 1.326101399544921566 ) ) ;
#2240 = CARTESIAN_POINT ( 'NONE',  ( 17.89716878364870922, 1.060575238724907654E-16, 1.732050807568878525 ) ) ;
#2241 = CARTESIAN_POINT ( 'NONE',  ( 18.37150105849100612, 0.5918069429221729516, -1.025039693413219988 ) ) ;
#2242 = CARTESIAN_POINT ( 'NONE',  ( -19.89099894150898251, -1.183613885844322589, -0.6833597956087981151 ) ) ;
#2243 = ORIENTED_EDGE ( 'NONE', *, *, #4494, .T. ) ;
#2244 = CARTESIAN_POINT ( 'NONE',  ( 15.91316772515768641, 1.183613885844322144, -0.6833597956087991143 ) ) ;
#2245 = FACE_OUTER_BOUND ( 'NONE', #1121, .T. ) ;
#2246 = B_SPLINE_CURVE_WITH_KNOTS ( 'NONE', 3,
 ( #1972, #4603, #4573, #2820, #2387, #2787 ),
 .UNSPECIFIED., .F., .F.,
 ( 4, 2, 4 ),
 ( 0.000000000000000000, 0.0004691776848491835319, 0.0009383553696983670638 ),
 .UNSPECIFIED. ) ;
#2247 = CARTESIAN_POINT ( 'NONE',  ( -20.00000000000000355, 0.000000000000000000, 0.000000000000000000 ) ) ;
#2248 = CARTESIAN_POINT ( 'NONE',  ( -18.16183227484233242, 0.5918069429221756161, 1.025039693413222430 ) ) ;
#2249 = CARTESIAN_POINT ( 'NONE',  ( -19.71949788301795436, -1.500000000000059952, 0.8660254037844039576 ) ) ;
#2250 = EDGE_CURVE ( 'NONE', #5536, #3542, #3252, .T. ) ;
#2251 = CARTESIAN_POINT ( 'NONE',  ( -17.67783121635129717, -1.500000000000000444, 1.836970198721030674E-16 ) ) ;
#2252 = ORIENTED_EDGE ( 'NONE', *, *, #1491, .F. ) ;
#2253 = CARTESIAN_POINT ( 'NONE',  ( 14.12150105849101855, -0.5918069429221609612, 1.025039693413198005 ) ) ;
#2254 = DIRECTION ( 'NONE',  ( -1.000000000000000000, -4.814824860968088948E-33, -0.000000000000000000 ) ) ;
#2255 = CARTESIAN_POINT ( 'NONE',  ( 19.65833333333332789, 1.499999999999999778, -0.8660254037844394848 ) ) ;
#2256 = LOCAL_TIME ( 15, 29, 5.000000000000000000, #2903 ) ;
#2257 = CARTESIAN_POINT ( 'NONE',  ( -16.51599894150898251, -0.5918069429221609612, 1.025039693413198005 ) ) ;
#2258 = DIRECTION ( 'NONE',  ( 1.000000000000000000, 0.000000000000000000, 0.000000000000000000 ) ) ;
#2259 = CARTESIAN_POINT ( 'NONE',  ( 14.88470886257884196, -0.7656249999999996669, 1.326101399544921788 ) ) ;
#2260 = DIRECTION ( 'NONE',  ( -1.000000000000000000, -4.814824860968088948E-33, -0.000000000000000000 ) ) ;
#2261 = CARTESIAN_POINT ( 'NONE',  ( -19.98195780408782696, 1.531250000000000000, 0.000000000000000000 ) ) ;
#2262 = CARTESIAN_POINT ( 'NONE',  ( 16.01733439182435248, 1.183613885844322366, 0.000000000000000000 ) ) ;
#2263 = CARTESIAN_POINT ( 'NONE',  ( 15.60066772515768641, 0.5918069429221612943, 1.025039693413197783 ) ) ;
#2264 = CARTESIAN_POINT ( 'NONE',  ( -19.16183227484231466, 0.5918069429221612943, 1.025039693413197783 ) ) ;
#2265 = CARTESIAN_POINT ( 'NONE',  ( -16.23754007893013451, -1.531249999999999556, 0.8840675996966148587 ) ) ;
#2266 = CARTESIAN_POINT ( 'NONE',  ( -16.26116454968464353, -0.7500000000000143219, 1.299038105676683319 ) ) ;
#2267 = CARTESIAN_POINT ( 'NONE',  ( 16.41316772515767397, 1.183613885844347013, -0.6833597956088134362 ) ) ;
#2268 = CARTESIAN_POINT ( 'NONE',  ( -18.18266560817565036, 1.183613885844322366, 0.000000000000000000 ) ) ;
#2269 = ORIENTED_EDGE ( 'NONE', *, *, #3711, .T. ) ;
#2270 = CARTESIAN_POINT ( 'NONE',  ( 14.95483439182435248, 1.183613885844322366, 0.000000000000000000 ) ) ;
#2271 = CARTESIAN_POINT ( 'NONE',  ( 14.64716878364870567, -3.181725716174724935E-16, -1.732050807568880080 ) ) ;
#2272 = CYLINDRICAL_SURFACE ( 'NONE', #5785, 1.500000000000000000 ) ;
#2273 = CARTESIAN_POINT ( 'NONE',  ( -13.70000000000000817, 0.2410805435059042712, 1.298763298565934088 ) ) ;
#2274 = CARTESIAN_POINT ( 'NONE',  ( -18.62016560817566102, 8.368743863583247799E-17, 1.366719591217629981 ) ) ;
#2275 = DIRECTION ( 'NONE',  ( 0.000000000000000000, -1.000000000000000000, 0.000000000000000000 ) ) ;
#2276 = CARTESIAN_POINT ( 'NONE',  ( 17.93400105849102033, 0.5918069429221604061, -1.025039693413198227 ) ) ;
#2277 = DIRECTION ( 'NONE',  ( -0.000000000000000000, 0.4999999999999995004, 0.8660254037844390407 ) ) ;
#2278 = ORIENTED_EDGE ( 'NONE', *, *, #5731, .F. ) ;
#2279 = CARTESIAN_POINT ( 'NONE',  ( 16.45483439182435248, 1.183613885844322366, 0.000000000000000000 ) ) ;
#2280 =( BOUNDED_CURVE ( )  B_SPLINE_CURVE ( 2, ( #4187, #3286, #5864, #3636, #473, #4978, #975 ),
 .UNSPECIFIED., .F., .F. ) 
 B_SPLINE_CURVE_WITH_KNOTS ( ( 3, 2, 2, 3 ),
 ( 0.6142592078833482017, 0.6261639697881100641, 0.6380687316928719266, 0.6499734935976337891 ),
 .UNSPECIFIED. ) 
 CURVE ( )  GEOMETRIC_REPRESENTATION_ITEM ( )  RATIONAL_B_SPLINE_CURVE ( ( 1.000000000000000000, 0.8660254037844387076, 1.000000000000000000, 0.8660254037844387076, 1.000000000000000000, 0.8660254037844387076, 1.000000000000000000 ) ) 
 REPRESENTATION_ITEM ( '' )  );
#2281 = CYLINDRICAL_SURFACE ( 'NONE', #449, 1.500000000000000000 ) ;
#2282 = DIRECTION ( 'NONE',  ( 0.000000000000000000, 0.000000000000000000, -1.000000000000000000 ) ) ;
#2283 = EDGE_CURVE ( 'NONE', #1158, #4273, #5668, .T. ) ;
#2284 = CARTESIAN_POINT ( 'NONE',  ( -15.59933227484231466, 0.5918069429221612943, 1.025039693413197783 ) ) ;
#2285 = CYLINDRICAL_SURFACE ( 'NONE', #5099, 1.500000000000000000 ) ;
#2286 = CARTESIAN_POINT ( 'NONE',  ( 14.42637552924550803, -1.531249999999999556, 0.8840675996966148587 ) ) ;
#2287 = CARTESIAN_POINT ( 'NONE',  ( -16.14862447075449126, -0.7656250000000006661, -1.326101399544921566 ) ) ;
#2288 = AXIS2_PLACEMENT_3D ( 'NONE', #568, #2382, #1934 ) ;
#2289 = CARTESIAN_POINT ( 'NONE',  ( 16.80900105849102033, -1.183613885844322589, -0.6833597956087981151 ) ) ;
#2290 = CARTESIAN_POINT ( 'NONE',  ( 17.89233439182435248, -2.510623159074913942E-16, -1.366719591217596896 ) ) ;
#2291 = ORIENTED_EDGE ( 'NONE', *, *, #1676, .F. ) ;
#2292 = CARTESIAN_POINT ( 'NONE',  ( -16.78683227484231466, 1.183613885844322144, -0.6833597956087991143 ) ) ;
#2293 = CARTESIAN_POINT ( 'NONE',  ( -18.70349894150898251, 1.183613885844322589, 0.6833597956087983372 ) ) ;
#2294 = CARTESIAN_POINT ( 'NONE',  ( 14.31383545031512838, 1.499999999999829026, 0.8660254037851091713 ) ) ;
#2295 = CARTESIAN_POINT ( 'NONE',  ( -18.50000000000000000, 1.500000000000000000, 0.000000000000000000 ) ) ;
#2296 = CARTESIAN_POINT ( 'NONE',  ( -18.93266560817564681, -1.183613885844322366, 1.449508956725610206E-16 ) ) ;
#2297 = CARTESIAN_POINT ( 'NONE',  ( 17.11666666666666714, 0.7499999999999990008, -1.299038105676658672 ) ) ;
#2298 = ORIENTED_EDGE ( 'NONE', *, *, #3375, .F. ) ;
#2299 = CARTESIAN_POINT ( 'NONE',  ( 14.74650105849102033, -1.183613885844322589, -0.6833597956087981151 ) ) ;
#2300 = CARTESIAN_POINT ( 'NONE',  ( 14.64233439182435248, 8.368743863583045653E-17, 1.366719591217596896 ) ) ;
#2301 = CARTESIAN_POINT ( 'NONE',  ( -19.85969698631262759, 2.249999999999997780, 1.088909579293147578 ) ) ;
#2302 = CARTESIAN_POINT ( 'NONE',  ( 16.27216878364870922, 1.499999999999999334, 0.000000000000000000 ) ) ;
#2303 = CARTESIAN_POINT ( 'NONE',  ( -17.74516560817566457, 1.183613885844351010, 0.000000000000000000 ) ) ;
#2304 = CARTESIAN_POINT ( 'NONE',  ( -15.91666666666666963, 0.7500000000000002220, 1.299038105676657784 ) ) ;
#2305 =( BOUNDED_SURFACE ( )  B_SPLINE_SURFACE ( 1, 2, ( 
 ( #3501, #5786, #1729, #4403, #455, #897, #5313, #4455, #4934, #870, #3114, #1254, #3527, #5760, #1281, #4962, #5816, #2672, #3081, #2645, #1757, #4486, #421, #2238, #2158, #4514, #2264, #4041, #339, #3028, #1705, #5845, #1784, #5394, #2594, #3586, #4850, #3143, #2392, #1427, #5485, #64, #5018, #579, #3231, #5082, #2761, #3170, #1460, #2792, #4198, #4671, #97, #2855, #2728, #1844, #5051, #986, #954, #611, #1913, #4609, #1021, #2419, #4544, #2825, #483, #4578, #545, #4229, #3648, #5453, #2360, #4642, #512, #131, #161, #1945, #4165, #1369, #3616, #1055, #1398, #2292, #3714, #2325, #3747, #1880, #5550, #5422, #4988, #5517, #3263, #1494, #3298, #3679, #4131, #5117, #4101, #926, #29, #3202, #1081, #1197, #2448, #3837, #4260, #2094, #5146, #1556, #2996, #3327, #727, #5638, #1585, #4289, #3357, #4786, #3388, #3417, #1111, #1527, #5670, #1142, #2534, #4815, #4316, #754, #2879, #189, #5201, #2939, #5173, #2562, #250, #4759, #5230, #4372, #4702, #1171, #638, #2911, #699, #1978, #2004, #3805, #2504, #2968, #4733, #4345, #3778, #278, #2062, #5580, #5607, #5255, #670, #2474, #3865, #219, #3894, #2032, #5698, #1615, #1644, #3443, #384 ),
 ( #4842, #4896, #305, #3521, #5807, #3493, #1722, #5724, #5304, #1302, #332, #888, #806, #1776, #5836, #4007, #2638, #2614, #3948, #3073, #1245, #5331, #2124, #3922, #4422, #2665, #4868, #2229, #5357, #1671, #1698, #5387, #3468, #1749, #5279, #358, #1332, #3136, #4033, #3548, #4478, #1223, #412, #3578, #780, #3021, #3106, #2177, #2587, #4925, #4955, #1274, #3978, #834, #3046, #2691, #5778, #4397, #4449, #2152, #860, #5753, #2203, #3737, #443, #4156, #4062, #4570, #5543, #1485, #570, #2351, #2817, #3607, #4634, #2384, #3161, #5414, #1904, #505, #1804, #5507, #1937, #3670, #2750, #5475, #1835, #1011, #2257, #3704, #5866, #4979, #3290, #5445, #1362, #2316, #916, #5010, #4189, #4123, #4092, #4600, #2720, #21, #4536, #1048, #3640, #474, #3193, #54, #2284, #1390, #947, #1869, #5109, #1452, #1419, #3223, #5044, #978, #3255, #2784, #535, #89, #5075, #123, #4505, #4753, #631, #5632, #1135, #4782, #2605, #3859, #4726, #1548, #3349, #5662, #5771, #721, #3319, #3380, #2847, #1610, #3412, #4694, #2027, #2439, #2169, #5196, #2934, #4413, #5225, #349, #694, #5322, #3829, #1166, #5167, #4252, #1519, #1579, #4665, #213, #2499, #182, #4282 ) ),
 .UNSPECIFIED., .F., .F., .T. ) 
 B_SPLINE_SURFACE_WITH_KNOTS ( ( 2, 2 ),
 ( 3, 2, 2, 2, 2, 2, 2, 2, 2, 2, 2, 2, 2, 2, 2, 2, 2, 2, 2, 2, 2, 2, 2, 2, 2, 2, 2, 2, 2, 2, 2, 2, 2, 2, 2, 2, 2, 2, 2, 2, 2, 2, 2, 2, 2, 2, 2, 2, 2, 2, 2, 2, 2, 2, 2, 2, 2, 2, 2, 2, 2, 2, 2, 2, 2, 2, 2, 2, 2, 2, 2, 2, 2, 2, 2, 2, 2, 2, 2, 2, 2, 2, 2, 3 ),
 ( 0.000000000000000000, 1.000000000000000000 ),
 ( 0.000000000000000000, 0.01190476190476190410, 0.02380952380952380820, 0.03571428571428571230, 0.04761904761904761640, 0.05952380952380952051, 0.07142857142857142461, 0.08333333333333332871, 0.09523809523809523281, 0.1071428571428571369, 0.1190476190476190410, 0.1309523809523809590, 0.1428571428571428492, 0.1547619047619047672, 0.1666666666666666574, 0.1785714285714285754, 0.1904761904761904656, 0.2023809523809523836, 0.2142857142857142738, 0.2261904761904761918, 0.2380952380952380820, 0.2500000000000000000, 0.2619047619047619180, 0.2738095238095238360, 0.2857142857142856984, 0.2976190476190476164, 0.3095238095238095344, 0.3214285714285714524, 0.3333333333333333148, 0.3452380952380952328, 0.3571428571428571508, 0.3690476190476190688, 0.3809523809523809312, 0.3928571428571428492, 0.4047619047619047672, 0.4166666666666666852, 0.4285714285714285476, 0.4404761904761904656, 0.4523809523809523836, 0.4642857142857143016, 0.4761904761904761640, 0.4880952380952380820, 0.5000000000000000000, 0.5119047619047618625, 0.5238095238095238360, 0.5357142857142856984, 0.5476190476190476719, 0.5595238095238095344, 0.5714285714285713969, 0.5833333333333333703, 0.5952380952380952328, 0.6071428571428570953, 0.6190476190476190688, 0.6309523809523809312, 0.6428571428571429047, 0.6547619047619047672, 0.6666666666666666297, 0.6785714285714286031, 0.6904761904761904656, 0.7023809523809523281, 0.7142857142857143016, 0.7261904761904761640, 0.7380952380952381375, 0.7500000000000000000, 0.7619047619047618625, 0.7738095238095238360, 0.7857142857142856984, 0.7976190476190476719, 0.8095238095238095344, 0.8214285714285713969, 0.8333333333333333703, 0.8452380952380952328, 0.8571428571428570953, 0.8690476190476190688, 0.8809523809523809312, 0.8928571428571429047, 0.9047619047619047672, 0.9166666666666666297, 0.9285714285714286031, 0.9404761904761904656, 0.9523809523809523281, 0.9642857142857143016, 0.9714020650462057427, 0.9811160856966677501 ),
 .UNSPECIFIED. ) 
 GEOMETRIC_REPRESENTATION_ITEM ( )  RATIONAL_B_SPLINE_SURFACE ( (
 ( 1.000000000000000000, 0.8660254037844387076, 1.000000000000000000, 0.8660254037844387076, 1.000000000000000000, 0.8660254037844387076, 1.000000000000000000, 0.8660254037844387076, 1.000000000000000000, 0.8660254037844387076, 1.000000000000000000, 0.8660254037844387076, 1.000000000000000000, 0.8660254037844387076, 1.000000000000000000, 0.8660254037844387076, 1.000000000000000000, 0.8660254037844387076, 1.000000000000000000, 0.8660254037844387076, 1.000000000000000000, 0.8660254037844387076, 1.000000000000000000, 0.8660254037844387076, 1.000000000000000000, 0.8660254037844387076, 1.000000000000000000, 0.8660254037844387076, 1.000000000000000000, 0.8660254037844387076, 1.000000000000000000, 0.8660254037844387076, 1.000000000000000000, 0.8660254037844387076, 1.000000000000000000, 0.8660254037844387076, 1.000000000000000000, 0.8660254037844387076, 1.000000000000000000, 0.8660254037844387076, 1.000000000000000000, 0.8660254037844387076, 1.000000000000000000, 0.8660254037844387076, 1.000000000000000000, 0.8660254037844387076, 1.000000000000000000, 0.8660254037844387076, 1.000000000000000000, 0.8660254037844387076, 1.000000000000000000, 0.8660254037844387076, 1.000000000000000000, 0.8660254037844387076, 1.000000000000000000, 0.8660254037844387076, 1.000000000000000000, 0.8660254037844387076, 1.000000000000000000, 0.8660254037844387076, 1.000000000000000000, 0.8660254037844387076, 1.000000000000000000, 0.8660254037844387076, 1.000000000000000000, 0.8660254037844387076, 1.000000000000000000, 0.8660254037844387076, 1.000000000000000000, 0.8660254037844387076, 1.000000000000000000, 0.8660254037844387076, 1.000000000000000000, 0.8660254037844387076, 1.000000000000000000, 0.8660254037844387076, 1.000000000000000000, 0.8660254037844387076, 1.000000000000000000, 0.8660254037844387076, 1.000000000000000000, 0.8660254037844387076, 1.000000000000000000, 0.8660254037844387076, 1.000000000000000000, 0.8660254037844387076, 1.000000000000000000, 0.8660254037844387076, 1.000000000000000000, 0.8660254037844387076, 1.000000000000000000, 0.8660254037844387076, 1.000000000000000000, 0.8660254037844387076, 1.000000000000000000, 0.8660254037844387076, 1.000000000000000000, 0.8660254037844387076, 1.000000000000000000, 0.8660254037844387076, 1.000000000000000000, 0.8660254037844387076, 1.000000000000000000, 0.8660254037844387076, 1.000000000000000000, 0.8660254037844387076, 1.000000000000000000, 0.8660254037844387076, 1.000000000000000000, 0.8660254037844387076, 1.000000000000000000, 0.8660254037844387076, 1.000000000000000000, 0.8660254037844387076, 1.000000000000000000, 0.8660254037844387076, 1.000000000000000000, 0.8660254037844387076, 1.000000000000000000, 0.8660254037844387076, 1.000000000000000000, 0.8660254037844387076, 1.000000000000000000, 0.8660254037844387076, 1.000000000000000000, 0.8660254037844387076, 1.000000000000000000, 0.8660254037844387076, 1.000000000000000000, 0.8660254037844387076, 1.000000000000000000, 0.8660254037844387076, 1.000000000000000000, 0.8660254037844387076, 1.000000000000000000, 0.8660254037844387076, 1.000000000000000000, 0.8660254037844387076, 1.000000000000000000, 0.8660254037844387076, 1.000000000000000000, 0.8660254037844387076, 1.000000000000000000, 0.8660254037844387076, 1.000000000000000000, 0.8660254037844387076, 1.000000000000000000, 0.8660254037844387076, 1.000000000000000000, 0.8660254037844387076, 1.000000000000000000, 0.8660254037844387076, 1.000000000000000000, 0.8660254037844387076, 1.000000000000000000, 0.8660254037844387076, 1.000000000000000000, 0.8660254037844387076, 1.000000000000000000, 0.8660254037844387076, 1.000000000000000000, 0.8660254037844387076, 1.000000000000000000, 0.9199135415481276556, 0.9355742024537756496, 0.9355742024537756496, 0.9355742024537756496),
 ( 1.000000000000000000, 0.8660254037844387076, 1.000000000000000000, 0.8660254037844387076, 1.000000000000000000, 0.8660254037844387076, 1.000000000000000000, 0.8660254037844387076, 1.000000000000000000, 0.8660254037844387076, 1.000000000000000000, 0.8660254037844387076, 1.000000000000000000, 0.8660254037844387076, 1.000000000000000000, 0.8660254037844387076, 1.000000000000000000, 0.8660254037844387076, 1.000000000000000000, 0.8660254037844387076, 1.000000000000000000, 0.8660254037844387076, 1.000000000000000000, 0.8660254037844387076, 1.000000000000000000, 0.8660254037844387076, 1.000000000000000000, 0.8660254037844387076, 1.000000000000000000, 0.8660254037844387076, 1.000000000000000000, 0.8660254037844387076, 1.000000000000000000, 0.8660254037844387076, 1.000000000000000000, 0.8660254037844387076, 1.000000000000000000, 0.8660254037844387076, 1.000000000000000000, 0.8660254037844387076, 1.000000000000000000, 0.8660254037844387076, 1.000000000000000000, 0.8660254037844387076, 1.000000000000000000, 0.8660254037844387076, 1.000000000000000000, 0.8660254037844387076, 1.000000000000000000, 0.8660254037844387076, 1.000000000000000000, 0.8660254037844387076, 1.000000000000000000, 0.8660254037844387076, 1.000000000000000000, 0.8660254037844387076, 1.000000000000000000, 0.8660254037844387076, 1.000000000000000000, 0.8660254037844387076, 1.000000000000000000, 0.8660254037844387076, 1.000000000000000000, 0.8660254037844387076, 1.000000000000000000, 0.8660254037844387076, 1.000000000000000000, 0.8660254037844387076, 1.000000000000000000, 0.8660254037844387076, 1.000000000000000000, 0.8660254037844387076, 1.000000000000000000, 0.8660254037844387076, 1.000000000000000000, 0.8660254037844387076, 1.000000000000000000, 0.8660254037844387076, 1.000000000000000000, 0.8660254037844387076, 1.000000000000000000, 0.8660254037844387076, 1.000000000000000000, 0.8660254037844387076, 1.000000000000000000, 0.8660254037844387076, 1.000000000000000000, 0.8660254037844387076, 1.000000000000000000, 0.8660254037844387076, 1.000000000000000000, 0.8660254037844387076, 1.000000000000000000, 0.8660254037844387076, 1.000000000000000000, 0.8660254037844387076, 1.000000000000000000, 0.8660254037844387076, 1.000000000000000000, 0.8660254037844387076, 1.000000000000000000, 0.8660254037844387076, 1.000000000000000000, 0.8660254037844387076, 1.000000000000000000, 0.8660254037844387076, 1.000000000000000000, 0.8660254037844387076, 1.000000000000000000, 0.8660254037844387076, 1.000000000000000000, 0.8660254037844387076, 1.000000000000000000, 0.8660254037844387076, 1.000000000000000000, 0.8660254037844387076, 1.000000000000000000, 0.8660254037844387076, 1.000000000000000000, 0.8660254037844387076, 1.000000000000000000, 0.8660254037844387076, 1.000000000000000000, 0.8660254037844387076, 1.000000000000000000, 0.8660254037844387076, 1.000000000000000000, 0.8660254037844387076, 1.000000000000000000, 0.8660254037844387076, 1.000000000000000000, 0.8660254037844387076, 1.000000000000000000, 0.8660254037844387076, 1.000000000000000000, 0.8660254037844387076, 1.000000000000000000, 0.8660254037844387076, 1.000000000000000000, 0.8660254037844387076, 1.000000000000000000, 0.8660254037844387076, 1.000000000000000000, 0.8660254037844387076, 1.000000000000000000, 0.8660254037844387076, 1.000000000000000000, 0.8660254037844387076, 1.000000000000000000, 0.8660254037844387076, 1.000000000000000000, 0.8660254037844387076, 1.000000000000000000, 0.8660254037844387076, 1.000000000000000000, 0.8660254037844387076, 1.000000000000000000, 0.8660254037844387076, 1.000000000000000000, 0.8660254037844387076, 1.000000000000000000, 0.8660254037844387076, 1.000000000000000000, 0.9199135415481276556, 0.9355742024537756496, 0.9355742024537756496, 0.9355742024537756496) ) ) 
 REPRESENTATION_ITEM ( '' )  SURFACE ( )  );
#2306 = CARTESIAN_POINT ( 'NONE',  ( 18.01733439182435248, 1.183613885844322366, 0.000000000000000000 ) ) ;
#2307 = FACE_OUTER_BOUND ( 'NONE', #5656, .T. ) ;
#2308 = ORIENTED_EDGE ( 'NONE', *, *, #1995, .T. ) ;
#2309 = CARTESIAN_POINT ( 'NONE',  ( 14.87150105849102033, 0.5918069429221604061, -1.025039693413198227 ) ) ;
#2310 = ADVANCED_FACE ( 'NONE', ( #304 ), #2061, .F. ) ;
#2311 = CARTESIAN_POINT ( 'NONE',  ( -19.66905129209022718, 1.207540845877764557, -0.3446077691976758284 ) ) ;
#2312 = CARTESIAN_POINT ( 'NONE',  ( -19.26116454968462577, -0.7499999999999993339, 1.299038105676657562 ) ) ;
#2313 = VECTOR ( 'NONE', #2741, 1000.000000000000114 ) ;
#2314 = CARTESIAN_POINT ( 'NONE',  ( 15.71245992106986478, 1.531249999999999556, -0.8840675996966153027 ) ) ;
#2315 = CONICAL_SURFACE ( 'NONE', #411, 2.249999999999998668, 1.047197551196600074 ) ;
#2316 = CARTESIAN_POINT ( 'NONE',  ( -16.22433227484231821, 1.183613885844322144, -0.6833597956087991143 ) ) ;
#2317 = CARTESIAN_POINT ( 'NONE',  ( -13.69999999999999751, 1.083846658546507191, 0.5011125074300895044 ) ) ;
#2318 = CARTESIAN_POINT ( 'NONE',  ( 14.09304219591217588, -3.248011668595026887E-16, -1.768135199393228829 ) ) ;
#2319 = CARTESIAN_POINT ( 'NONE',  ( -16.01116454968464353, 0.7500000000000131006, -1.299038105676683097 ) ) ;
#2320 = CARTESIAN_POINT ( 'NONE',  ( -16.02362447075449126, 1.531249999999999556, -0.8840675996966153027 ) ) ;
#2321 = CARTESIAN_POINT ( 'NONE',  ( 15.35066772515768641, -0.5918069429221617384, -1.025039693413197783 ) ) ;
#2322 = ADVANCED_FACE ( 'NONE', ( #667 ), #1222, .F. ) ;
#2323 = CARTESIAN_POINT ( 'NONE',  ( -18.00000000000000000, 1.500000000000000000, 0.000000000000000000 ) ) ;
#2324 = VERTEX_POINT ( 'NONE', #5669 ) ;
#2325 = CARTESIAN_POINT ( 'NONE',  ( -16.70349894150898251, 1.183613885844322589, 0.6833597956087983372 ) ) ;
#2326 = CARTESIAN_POINT ( 'NONE',  ( -20.07849894150898251, -0.5918069429221609612, 1.025039693413198005 ) ) ;
#2327 = VECTOR ( 'NONE', #5199, 1000.000000000000000 ) ;
#2328 = LINE ( 'NONE', #3682, #1600 ) ;
#2329 = CARTESIAN_POINT ( 'NONE',  ( -18.55766560817564326, 8.368743863583045653E-17, 1.366719591217596896 ) ) ;
#2330 = FACE_OUTER_BOUND ( 'NONE', #1397, .T. ) ;
#2331 = ORIENTED_EDGE ( 'NONE', *, *, #3988, .F. ) ;
#2332 = CARTESIAN_POINT ( 'NONE',  ( 17.37150105849102033, 0.5918069429221604061, -1.025039693413198227 ) ) ;
#2333 = CARTESIAN_POINT ( 'NONE',  ( 14.43400105849102033, 0.5918069429221604061, -1.025039693413198227 ) ) ;
#2334 = EDGE_CURVE ( 'NONE', #676, #2209, #1642, .T. ) ;
#2335 = CARTESIAN_POINT ( 'NONE',  ( 19.87555574900703803, -1.226447786100454795, 0.7969461757901520338 ) ) ;
#2336 = CARTESIAN_POINT ( 'NONE',  ( 16.10550211698202006, -0.7500000000000190958, -1.299038105676689758 ) ) ;
#2337 = CARTESIAN_POINT ( 'NONE',  ( 19.84422645688302467, 1.348110389627809269, 0.4585163098131815329 ) ) ;
#2338 = CARTESIAN_POINT ( 'NONE',  ( -15.70349894150899850, 1.183613885844351010, 0.6833597956088148795 ) ) ;
#2339 = CARTESIAN_POINT ( 'NONE',  ( 19.79903810567673617, 2.249999999999998668, -1.299038105676767474 ) ) ;
#2340 = CARTESIAN_POINT ( 'NONE',  ( 19.97566772515768818, 1.183613885844322144, -0.6833597956087991143 ) ) ;
#2341 = CARTESIAN_POINT ( 'NONE',  ( -14.46949788301798279, 1.499999999999660050, -0.8660254037846348840 ) ) ;
#2342 = CARTESIAN_POINT ( 'NONE',  ( -18.43266560817564681, -1.183613885844322366, 1.449508956725610206E-16 ) ) ;
#2343 = ORIENTED_EDGE ( 'NONE', *, *, #224, .F. ) ;
#2344 = CARTESIAN_POINT ( 'NONE',  ( 15.66316772515768463, -1.183613885844322366, 0.6833597956087990033 ) ) ;
#2345 = AXIS2_PLACEMENT_3D ( 'NONE', #5529, #3659, #1987 ) ;
#2346 = CARTESIAN_POINT ( 'NONE',  ( -17.42783121635129362, 1.499999999999999556, 0.000000000000000000 ) ) ;
#2347 = CARTESIAN_POINT ( 'NONE',  ( 18.86666666666666359, -0.7499999999999996669, 1.299038105676658006 ) ) ;
#2348 = EDGE_CURVE ( 'NONE', #3326, #1564, #1867, .T. ) ;
#2349 = VECTOR ( 'NONE', #702, 1000.000000000000000 ) ;
#2350 = CARTESIAN_POINT ( 'NONE',  ( 13.33745992106986478, 0.7656250000000002220, 1.326101399544921566 ) ) ;
#2351 = CARTESIAN_POINT ( 'NONE',  ( -17.22433227484231466, 1.183613885844322144, -0.6833597956087991143 ) ) ;
#2352 = DIRECTION ( 'NONE',  ( -1.000000000000000000, -4.814824860968088948E-33, -0.000000000000000000 ) ) ;
#2353 = CARTESIAN_POINT ( 'NONE',  ( 14.80137552924550803, 0.7656250000000002220, 1.326101399544921566 ) ) ;
#2354 = CARTESIAN_POINT ( 'NONE',  ( 20.00000000000000711, -2.249999999999998668, 0.2200149673497397984 ) ) ;
#2355 = VECTOR ( 'NONE', #2067, 1000.000000000000114 ) ;
#2356 = CARTESIAN_POINT ( 'NONE',  ( -18.10695780408782340, -3.248011668595026887E-16, -1.768135199393228829 ) ) ;
#2357 = CARTESIAN_POINT ( 'NONE',  ( 15.72566772515768641, -1.183613885844322366, 0.6833597956087990033 ) ) ;
#2358 = CARTESIAN_POINT ( 'NONE',  ( 18.64233439182435248, 8.368743863583045653E-17, 1.366719591217596896 ) ) ;
#2359 = VERTEX_POINT ( 'NONE', #3835 ) ;
#2360 = CARTESIAN_POINT ( 'NONE',  ( -17.24516560817564681, 1.183613885844322366, 0.000000000000000000 ) ) ;
#2361 = CARTESIAN_POINT ( 'NONE',  ( -14.02920674559680236, 0.7656249999999990008, -1.326101399544922455 ) ) ;
#2362 = CARTESIAN_POINT ( 'NONE',  ( -19.92499999999817462, 1.498870737529918840, 0.05819374683775747209 ) ) ;
#2363 = CARTESIAN_POINT ( 'NONE',  ( 19.49650105849100967, 1.183613885844347458, 0.6833597956088126590 ) ) ;
#2364 = CARTESIAN_POINT ( 'NONE',  ( -17.30766560817564681, -2.510623159074913942E-16, -1.366719591217596896 ) ) ;
#2365 = DIRECTION ( 'NONE',  ( -1.000000000000000000, -4.814824860968088948E-33, -0.000000000000000000 ) ) ;
#2366 = ORIENTED_EDGE ( 'NONE', *, *, #855, .F. ) ;
#2367 = CARTESIAN_POINT ( 'NONE',  ( 17.32983439182435248, -2.510623159074913942E-16, -1.366719591217596896 ) ) ;
#2368 = CARTESIAN_POINT ( 'NONE',  ( 16.68400105849102033, -0.5918069429221609612, 1.025039693413198005 ) ) ;
#2369 = CARTESIAN_POINT ( 'NONE',  ( 18.99166666666666359, -1.500000000000000222, -0.8660254037844381525 ) ) ;
#2370 = CARTESIAN_POINT ( 'NONE',  ( -17.63616454968462577, -1.500000000000002220, -0.8660254037844391517 ) ) ;
#2371 = CARTESIAN_POINT ( 'NONE',  ( 19.86131447285023199, 1.145484240617009153, 0.8741285241094201020 ) ) ;
#2372 = EDGE_CURVE ( 'NONE', #5784, #405, #1554, .T. ) ;
#2373 = CARTESIAN_POINT ( 'NONE',  ( -15.57849894150899672, -0.5918069429221752831, 1.025039693413222652 ) ) ;
#2374 = CARTESIAN_POINT ( 'NONE',  ( 19.27216878364870567, 1.500000000000000444, -1.119104808822139996E-13 ) ) ;
#2375 = CARTESIAN_POINT ( 'NONE',  ( 20.10066772515768818, 0.5918069429221612943, 1.025039693413197783 ) ) ;
#2376 = DIRECTION ( 'NONE',  ( 0.000000000000000000, -1.000000000000000000, 0.000000000000000000 ) ) ;
#2377 = CARTESIAN_POINT ( 'NONE',  ( -14.80766560817564859, -2.510623159074913942E-16, -1.366719591217596896 ) ) ;
#2378 = ORIENTED_EDGE ( 'NONE', *, *, #4099, .T. ) ;
#2379 = CARTESIAN_POINT ( 'NONE',  ( 16.78816772515768818, -0.5918069429221617384, -1.025039693413197783 ) ) ;
#2380 = LINE ( 'NONE', #3635, #3956 ) ;
#2381 = APPROVAL ( #4755, 'UNSPECIFIED' ) ;
#2382 = DIRECTION ( 'NONE',  ( -1.000000000000000000, -4.814824860968088948E-33, -0.000000000000000000 ) ) ;
#2383 = CARTESIAN_POINT ( 'NONE',  ( 13.54579325440319693, -1.531250000000000444, -0.8840675996966138595 ) ) ;
#2384 = CARTESIAN_POINT ( 'NONE',  ( -17.05766560817565036, 8.368743863583045653E-17, 1.366719591217596896 ) ) ;
#2385 = LINE ( 'NONE', #4063, #1017 ) ;
#2386 = CARTESIAN_POINT ( 'NONE',  ( 18.05137552924551159, -0.7656250000000006661, -1.326101399544921566 ) ) ;
#2387 = CARTESIAN_POINT ( 'NONE',  ( -19.60861388584430998, -0.008973679359023843671, 1.193896359920822992 ) ) ;
#2388 = CARTESIAN_POINT ( 'NONE',  ( -16.06529113742115911, 0.7656249999999990008, -1.326101399544922455 ) ) ;
#2389 = CARTESIAN_POINT ( 'NONE',  ( 17.64233439182435248, 8.368743863583045653E-17, 1.366719591217596896 ) ) ;
#2390 = CARTESIAN_POINT ( 'NONE',  ( 18.89233439182435603, -2.510623159074913942E-16, -1.366719591217596896 ) ) ;
#2391 = ORIENTED_EDGE ( 'NONE', *, *, #224, .T. ) ;
#2392 = CARTESIAN_POINT ( 'NONE',  ( -18.66183227484231466, 0.5918069429221612943, 1.025039693413197783 ) ) ;
#2393 = CARTESIAN_POINT ( 'NONE',  ( -18.91183227484231466, -0.5918069429221617384, -1.025039693413197783 ) ) ;
#2394 = ADVANCED_FACE ( 'NONE', ( #5171 ), #1109, .F. ) ;
#2395 = CYLINDRICAL_SURFACE ( 'NONE', #72, 1.500000000000000000 ) ;
#2396 = CARTESIAN_POINT ( 'NONE',  ( -17.34933227484231466, -0.5918069429221617384, -1.025039693413197783 ) ) ;
#2397 = DIRECTION ( 'NONE',  ( 0.000000000000000000, -1.000000000000000000, 0.000000000000000000 ) ) ;
#2398 = ORIENTED_EDGE ( 'NONE', *, *, #5716, .T. ) ;
#2399 = CARTESIAN_POINT ( 'NONE',  ( 19.20483439182435603, -1.183613885844322366, 1.449508956725610206E-16 ) ) ;
#2400 = CARTESIAN_POINT ( 'NONE',  ( 15.51733439182435248, 1.183613885844322366, 0.000000000000000000 ) ) ;
#2401 = FACE_OUTER_BOUND ( 'NONE', #5873, .T. ) ;
#2402 = CARTESIAN_POINT ( 'NONE',  ( 17.19999999999999929, 1.500000000000000000, 0.000000000000000000 ) ) ;
#2403 = CARTESIAN_POINT ( 'NONE',  ( -15.62016560817566280, 8.368743863583247799E-17, 1.366719591217629981 ) ) ;
#2404 = CARTESIAN_POINT ( 'NONE',  ( -20.00000000000000355, 0.000000000000000000, 2.249999999999998668 ) ) ;
#2405 = CARTESIAN_POINT ( 'NONE',  ( 17.76733439182435248, -1.183613885844322366, 1.449508956725610206E-16 ) ) ;
#2406 = CARTESIAN_POINT ( 'NONE',  ( -20.00000000000000355, 0.9340480779059862071, -2.058803302138240365 ) ) ;
#2407 = CARTESIAN_POINT ( 'NONE',  ( -17.05766560817564681, 8.368743863583045653E-17, 1.366719591217596896 ) ) ;
#2408 = ORIENTED_EDGE ( 'NONE', *, *, #4361, .F. ) ;
#2409 = ADVANCED_FACE ( 'NONE', ( #2150 ), #804, .F. ) ;
#2410 = CARTESIAN_POINT ( 'NONE',  ( 15.95483439182435248, 1.183613885844322366, 0.000000000000000000 ) ) ;
#2411 = CARTESIAN_POINT ( 'NONE',  ( 14.74650105849100257, -1.183613885844347680, -0.6833597956088124370 ) ) ;
#2412 = CARTESIAN_POINT ( 'NONE',  ( -16.67783121635129007, -1.499999999999999556, 1.836970198721029688E-16 ) ) ;
#2413 = CARTESIAN_POINT ( 'NONE',  ( 13.46245992106986478, -1.531249999999999556, 0.8840675996966148587 ) ) ;
#2414 = CARTESIAN_POINT ( 'NONE',  ( -19.20349894150899672, 1.183613885844351010, 0.6833597956088148795 ) ) ;
#2415 = CARTESIAN_POINT ( 'NONE',  ( 17.55137552924550803, -0.7656250000000006661, -1.326101399544921566 ) ) ;
#2416 = CARTESIAN_POINT ( 'NONE',  ( -16.31529113742115911, -0.7656249999999996669, 1.326101399544921788 ) ) ;
#2417 = CARTESIAN_POINT ( 'NONE',  ( 19.14233439182435603, 8.368743863583045653E-17, 1.366719591217596896 ) ) ;
#2418 = ORIENTED_EDGE ( 'NONE', *, *, #5533, .T. ) ;
#2419 = CARTESIAN_POINT ( 'NONE',  ( -17.62016560817564681, 8.368743863583045653E-17, 1.366719591217596896 ) ) ;
#2420 = CARTESIAN_POINT ( 'NONE',  ( -16.62016560817564681, 8.368743863583045653E-17, 1.366719591217596896 ) ) ;
#2421 = CARTESIAN_POINT ( 'NONE',  ( 19.77429635184361700, 0.6494041369521207363, -1.185937397500618440 ) ) ;
#2422 = CARTESIAN_POINT ( 'NONE',  ( -20.00000000000000355, 0.000000000000000000, 0.000000000000000000 ) ) ;
#2423 = DIRECTION ( 'NONE',  ( -1.000000000000000000, -4.814824860968088948E-33, -0.000000000000000000 ) ) ;
#2424 = EDGE_LOOP ( 'NONE', ( #2642, #3982, #4234, #5568 ) ) ;
#2425 = CARTESIAN_POINT ( 'NONE',  ( 17.12150105849101678, -0.5918069429221609612, 1.025039693413198005 ) ) ;
#2426 = EDGE_CURVE ( 'NONE', #2009, #4720, #2073, .T. ) ;
#2427 = CARTESIAN_POINT ( 'NONE',  ( 17.47566772515768463, 1.183613885844321922, -0.6833597956087991143 ) ) ;
#2428 = DIRECTION ( 'NONE',  ( 0.000000000000000000, 0.000000000000000000, -1.000000000000000000 ) ) ;
#2429 = CARTESIAN_POINT ( 'NONE',  ( -18.63616454968391167, -1.499999999986864507, -0.8660254037920507297 ) ) ;
#2430 = CARTESIAN_POINT ( 'NONE',  ( -15.37016560817566635, -2.510623159074974586E-16, -1.366719591217629981 ) ) ;
#2431 = LINE ( 'NONE', #3453, #988 ) ;
#2432 = ORIENTED_EDGE ( 'NONE', *, *, #3810, .T. ) ;
#2433 = CARTESIAN_POINT ( 'NONE',  ( 16.74166666666666359, 1.499999999999999778, 0.8660254037844384856 ) ) ;
#2434 = CARTESIAN_POINT ( 'NONE',  ( -16.76599894150898251, 0.5918069429221604061, -1.025039693413198227 ) ) ;
#2435 = ORIENTED_EDGE ( 'NONE', *, *, #3963, .F. ) ;
#2436 = CARTESIAN_POINT ( 'NONE',  ( 19.12150105849102033, -0.5918069429221609612, 1.025039693413198005 ) ) ;
#2437 = CARTESIAN_POINT ( 'NONE',  ( 15.07983439182433649, 8.368743863583221914E-17, 1.366719591217625984 ) ) ;
#2438 = CARTESIAN_POINT ( 'NONE',  ( 15.08745992106986300, -0.7656250000000006661, -1.326101399544921566 ) ) ;
#2439 = CARTESIAN_POINT ( 'NONE',  ( -14.05766560817564859, 8.368743863583045653E-17, 1.366719591217596896 ) ) ;
#2440 = CARTESIAN_POINT ( 'NONE',  ( -19.86197356382965751, -0.8504695387027425557, 1.165907225641649836 ) ) ;
#2441 = CARTESIAN_POINT ( 'NONE',  ( 17.21804219591217588, 1.531250000000000000, 0.000000000000000000 ) ) ;
#2442 = ADVANCED_FACE ( 'NONE', ( #1235 ), #2315, .T. ) ;
#2443 = CARTESIAN_POINT ( 'NONE',  ( -20.00000000000000355, -1.500000000000000000, 0.000000000000000000 ) ) ;
#2444 = CARTESIAN_POINT ( 'NONE',  ( -13.64862447075449303, -0.7656250000000006661, -1.326101399544921566 ) ) ;
#2445 = VECTOR ( 'NONE', #1153, 1000.000000000000000 ) ;
#2446 = CARTESIAN_POINT ( 'NONE',  ( 14.94999999999999751, -1.500000000000000000, 1.836970198721029934E-16 ) ) ;
#2447 = ORIENTED_EDGE ( 'NONE', *, *, #1361, .F. ) ;
#2448 = CARTESIAN_POINT ( 'NONE',  ( -15.91183227484231644, -0.5918069429221617384, -1.025039693413197783 ) ) ;
#2449 = CARTESIAN_POINT ( 'NONE',  ( -18.03683227484231466, -1.183613885844322366, 0.6833597956087990033 ) ) ;
#2450 = CARTESIAN_POINT ( 'NONE',  ( -20.00000000000000355, 0.000000000000000000, 0.000000000000000000 ) ) ;
#2451 = CARTESIAN_POINT ( 'NONE',  ( 14.03333333333333144, -0.7500000000000006661, -1.299038105676657784 ) ) ;
#2452 = CARTESIAN_POINT ( 'NONE',  ( -16.18266560817564681, 1.183613885844322366, 0.000000000000000000 ) ) ;
#2453 = ORIENTED_EDGE ( 'NONE', *, *, #855, .T. ) ;
#2454 = CARTESIAN_POINT ( 'NONE',  ( 17.70483439182435248, -1.183613885844322366, 1.449508956725610206E-16 ) ) ;
#2455 = CARTESIAN_POINT ( 'NONE',  ( 15.97566772515768641, 1.183613885844321922, -0.6833597956087991143 ) ) ;
#2456 = ORIENTED_EDGE ( 'NONE', *, *, #4673, .T. ) ;
#2457 = DIRECTION ( 'NONE',  ( -1.000000000000000000, -4.814824860968088948E-33, 0.000000000000000000 ) ) ;
#2458 = CARTESIAN_POINT ( 'NONE',  ( -19.48754007893014162, 1.531249999999999556, -0.8840675996966153027 ) ) ;
#2459 = CARTESIAN_POINT ( 'NONE',  ( -14.70349894150899850, 1.183613885844351010, 0.6833597956088148795 ) ) ;
#2460 = CARTESIAN_POINT ( 'NONE',  ( 17.99166666666666714, -1.500000000000000222, -0.8660254037844381525 ) ) ;
#2461 = VERTEX_POINT ( 'NONE', #5318 ) ;
#2462 = CARTESIAN_POINT ( 'NONE',  ( -18.76116454968463998, -0.7500000000000117684, 1.299038105676678878 ) ) ;
#2463 = CARTESIAN_POINT ( 'NONE',  ( -15.30766560817564681, -2.510623159074913942E-16, -1.366719591217596896 ) ) ;
#2464 = ORIENTED_EDGE ( 'NONE', *, *, #5065, .F. ) ;
#2465 = CARTESIAN_POINT ( 'NONE',  ( 18.32983439182435603, -2.510623159074913942E-16, -1.366719591217596896 ) ) ;
#2466 = CARTESIAN_POINT ( 'NONE',  ( 15.57983439182433827, 8.368743863583221914E-17, 1.366719591217625984 ) ) ;
#2467 = CARTESIAN_POINT ( 'NONE',  ( 18.42079325440319693, -0.7656249999999996669, 1.326101399544921788 ) ) ;
#2468 = CARTESIAN_POINT ( 'NONE',  ( -18.95349894150899672, -1.183613885844351232, -0.6833597956088146574 ) ) ;
#2469 = CARTESIAN_POINT ( 'NONE',  ( 18.70000000000000284, 1.500000000000000000, 0.000000000000000000 ) ) ;
#2470 = CARTESIAN_POINT ( 'NONE',  ( -15.10695780408782518, -3.248011668595026887E-16, -1.768135199393228829 ) ) ;
#2471 = CARTESIAN_POINT ( 'NONE',  ( 14.82499999999999574, 1.060575238724906915E-16, 1.732050807568877193 ) ) ;
#2472 = EDGE_CURVE ( 'NONE', #4707, #4028, #4141, .T. ) ;
#2473 = VERTEX_POINT ( 'NONE', #2548 ) ;
#2474 = CARTESIAN_POINT ( 'NONE',  ( -13.70349894150898074, 1.183613885844322589, 0.6833597956087983372 ) ) ;
#2475 = CARTESIAN_POINT ( 'NONE',  ( -17.32849894150897896, 0.5918069429221604061, -1.025039693413198227 ) ) ;
#2476 = CARTESIAN_POINT ( 'NONE',  ( -14.42783121635131849, 1.500000000000000444, -5.875300246315987119E-13 ) ) ;
#2477 = CARTESIAN_POINT ( 'NONE',  ( -15.18266560817564681, 1.183613885844322366, 0.000000000000000000 ) ) ;
#2478 = ORIENTED_EDGE ( 'NONE', *, *, #1251, .T. ) ;
#2479 = CARTESIAN_POINT ( 'NONE',  ( 15.18400105849102033, -0.5918069429221609612, 1.025039693413198005 ) ) ;
#2480 = CARTESIAN_POINT ( 'NONE',  ( 15.39233439182435426, -2.510623159074913942E-16, -1.366719591217596896 ) ) ;
#2481 = EDGE_CURVE ( 'NONE', #2461, #740, #5664, .T. ) ;
#2482 = ORIENTED_EDGE ( 'NONE', *, *, #4534, .T. ) ;
#2483 = CARTESIAN_POINT ( 'NONE',  ( -13.79166666666667140, -1.499999999999999778, 0.8660254037844391517 ) ) ;
#2484 = CARTESIAN_POINT ( 'NONE',  ( -18.82087341226347021, 1.082670556198342378E-16, 1.768135199393228829 ) ) ;
#2485 = CARTESIAN_POINT ( 'NONE',  ( -16.70833333333333925, -1.500000000000000222, -0.8660254037844381525 ) ) ;
#2486 = CARTESIAN_POINT ( 'NONE',  ( 16.44999999999999929, -1.500000000000000000, 1.836970198721029934E-16 ) ) ;
#2487 = EDGE_LOOP ( 'NONE', ( #2171, #4138, #868, #3647 ) ) ;
#2488 = AXIS2_PLACEMENT_3D ( 'NONE', #5710, #4385, #4408 ) ;
#2489 = CARTESIAN_POINT ( 'NONE',  ( -20.00000000000000355, 1.124999999999997780, 1.948557158514986343 ) ) ;
#2490 = CARTESIAN_POINT ( 'NONE',  ( -15.43266560817564681, -1.183613885844322366, 1.449508956725610206E-16 ) ) ;
#2491 = EDGE_LOOP ( 'NONE', ( #2278, #4677, #2878, #5317 ) ) ;
#2492 = AXIS2_PLACEMENT_3D ( 'NONE', #5821, #5401, #4969 ) ;
#2493 = CARTESIAN_POINT ( 'NONE',  ( 18.91316772515768463, 1.183613885844322144, -0.6833597956087991143 ) ) ;
#2494 = CARTESIAN_POINT ( 'NONE',  ( -18.42783121635129007, 1.500000000000000000, 0.000000000000000000 ) ) ;
#2495 = CARTESIAN_POINT ( 'NONE',  ( 15.53816772515767219, 0.5918069429221737288, 1.025039693413219322 ) ) ;
#2496 = EDGE_CURVE ( 'NONE', #2699, #5145, #1260, .T. ) ;
#2497 = CARTESIAN_POINT ( 'NONE',  ( 16.75412658773652907, 1.531250000000000000, 0.000000000000000000 ) ) ;
#2498 = B_SPLINE_CURVE_WITH_KNOTS ( 'NONE', 3,
 ( #1023, #3330, #133, #2881, #1947, #3300, #1057, #613, #2421, #4231, #2006, #3807, #1558, #3360, #2913, #3048, #2034, #3896, #2506, #4870, #1144, #2536 ),
 .UNSPECIFIED., .F., .F.,
 ( 4, 2, 2, 2, 2, 2, 2, 2, 2, 2, 4 ),
 ( 0.003728145363196279458, 0.004247069307853883896, 0.004765993252511488767, 0.005025455224840290336, 0.005284917197169092772, 0.005803841141826696776, 0.006322765086484301647, 0.006582227058813103215, 0.006841689031141905651, 0.007360612975799509655, 0.007879536920457112792 ),
 .UNSPECIFIED. ) ;
#2499 = CARTESIAN_POINT ( 'NONE',  ( -13.38229007733187892, -0.9575792032740404469, -0.6956895142378900498 ) ) ;
#2500 = DIRECTION ( 'NONE',  ( -1.000000000000000000, -4.814824860968088948E-33, -0.000000000000000000 ) ) ;
#2501 = DIRECTION ( 'NONE',  ( -1.000000000000000000, -0.000000000000000000, -0.000000000000000000 ) ) ;
#2502 =( BOUNDED_CURVE ( )  B_SPLINE_CURVE ( 2, ( #3770, #1105, #3513, #2057, #155, #5574, #1998, #244, #1714, #5600, #604, #2414, #4221, #1075, #3798, #2900, #662, #2468, #5798, #1796, #5825, #3065, #4915, #4111, #4498, #2274, #4558, #5406, #3660, #433, #12, #3568, #3095, #1739, #5858, #1265, #2248, #909, #4466, #2684, #822, #4441, #496, #1353, #2740, #4025, #2303, #3629, #402, #2710, #375, #42, #2195, #3538, #2221, #2631, #1858, #3155, #5378, #5350, #4888, #1292, #851, #1767, #3997, #2655, #1322, #3125, #4054, #4527, #466, #881, #4945, #3598, #5000, #4972, #937, #4081, #1825, #5434, #1380, #3182, #4655, #3726, #592, #2803, #1988, #1410, #4683, #967, #4145, #4271, #559, #2773, #5530, #2338, #2838, #2403, #2373, #5063, #5563, #1926, #999, #2430, #3276, #1066, #4622, #5032, #3311, #4210, #4240, #650, #1957, #4714, #4589, #3692, #5096, #144, #4179, #2459, #3759, #78, #1508, #110, #1036, #5129, #3243, #2865, #621, #1538, #172, #3787, #5590, #201, #524, #3339, #1893, #1472, #5158, #2016, #5497, #1094, #2890, #5465, #3214 ),
 .UNSPECIFIED., .F., .T. ) 
 B_SPLINE_CURVE_WITH_KNOTS ( ( 3, 2, 2, 2, 2, 2, 2, 2, 2, 2, 2, 2, 2, 2, 2, 2, 2, 2, 2, 2, 2, 2, 2, 2, 2, 2, 2, 2, 2, 2, 2, 2, 2, 2, 2, 2, 2, 2, 2, 2, 2, 2, 2, 2, 2, 2, 2, 2, 2, 2, 2, 2, 2, 2, 2, 2, 2, 2, 2, 2, 2, 2, 2, 2, 2, 2, 2, 2, 2, 2, 2, 2, 3 ),
 ( 0.09350698060591469685, 0.09804188083385900754, 0.1102971159380914390, 0.1225523510423238704, 0.1348075861465563019, 0.1470628212507887334, 0.1593180563550211648, 0.1715732914592535963, 0.1838285265634860277, 0.1960837616677184592, 0.2083389967719508906, 0.2205942318761833221, 0.2328494669804157535, 0.2451047020846482127, 0.2573599371888806164, 0.2696151722931131034, 0.2818704073973455349, 0.2941256425015779108, 0.3063808776058103422, 0.3186361127100428292, 0.3308913478142753162, 0.3431465829185076366, 0.3554018180227400681, 0.3676570531269724995, 0.3799122882312050420, 0.3921675233354373624, 0.4044227584396697939, 0.4166779935439023363, 0.4289332286481347678, 0.4411884637523670882, 0.4534436988565995197, 0.4656989339608319511, 0.4779541690650644936, 0.4902094041692968140, 0.5024646392735293565, 0.5147198743777617880, 0.5269751094819941084, 0.5392303445862266509, 0.5514855796904589713, 0.5637408147946915138, 0.5759960498989239452, 0.5882512850031562657, 0.6005065201073888081, 0.6127617552116211286, 0.6250169903158534490, 0.6372722254200859915, 0.6495274605243184229, 0.6617826956285508544, 0.6740379307327832858, 0.6862931658370156063, 0.6985484009412482598, 0.7108036360454805802, 0.7230588711497129006, 0.7353141062539454431, 0.7475693413581777635, 0.7598245764624104170, 0.7720798115666427375, 0.7843350466708751689, 0.7965902817751076004, 0.8088455168793399208, 0.8211007519835725743, 0.8333559870878048947, 0.8456112221920373262, 0.8578664572962697576, 0.8701216924005020781, 0.8823769275047346206, 0.8946321626089670520, 0.9068873977131994835, 0.9191426328174319149, 0.9313978679216643464, 0.9436531030258967778, 0.9559083381301293203, 0.9625162624063805517 ),
 .UNSPECIFIED. ) 
 CURVE ( )  GEOMETRIC_REPRESENTATION_ITEM ( )  RATIONAL_B_SPLINE_CURVE ( ( 0.9375384102708532730, 0.9504243352535219902, 1.000000000000000000, 0.8660254037844387076, 1.000000000000000000, 0.8660254037844387076, 1.000000000000000000, 0.8660254037844387076, 1.000000000000000000, 0.8660254037844387076, 1.000000000000000000, 0.8660254037844387076, 1.000000000000000000, 0.8660254037844387076, 1.000000000000000000, 0.8660254037844387076, 1.000000000000000000, 0.8660254037844387076, 1.000000000000000000, 0.8660254037844387076, 1.000000000000000000, 0.8660254037844387076, 1.000000000000000000, 0.8660254037844387076, 1.000000000000000000, 0.8660254037844387076, 1.000000000000000000, 0.8660254037844387076, 1.000000000000000000, 0.8660254037844387076, 1.000000000000000000, 0.8660254037844387076, 1.000000000000000000, 0.8660254037844387076, 1.000000000000000000, 0.8660254037844387076, 1.000000000000000000, 0.8660254037844387076, 1.000000000000000000, 0.8660254037844387076, 1.000000000000000000, 0.8660254037844387076, 1.000000000000000000, 0.8660254037844387076, 1.000000000000000000, 0.8660254037844387076, 1.000000000000000000, 0.8660254037844387076, 1.000000000000000000, 0.8660254037844387076, 1.000000000000000000, 0.8660254037844387076, 1.000000000000000000, 0.8660254037844387076, 1.000000000000000000, 0.8660254037844387076, 1.000000000000000000, 0.8660254037844387076, 1.000000000000000000, 0.8660254037844387076, 1.000000000000000000, 0.8660254037844387076, 1.000000000000000000, 0.8660254037844387076, 1.000000000000000000, 0.8660254037844387076, 1.000000000000000000, 0.8660254037844387076, 1.000000000000000000, 0.8660254037844387076, 1.000000000000000000, 0.8660254037844387076, 1.000000000000000000, 0.8660254037844387076, 1.000000000000000000, 0.8660254037844387076, 1.000000000000000000, 0.8660254037844387076, 1.000000000000000000, 0.8660254037844387076, 1.000000000000000000, 0.8660254037844387076, 1.000000000000000000, 0.8660254037844387076, 1.000000000000000000, 0.8660254037844387076, 1.000000000000000000, 0.8660254037844387076, 1.000000000000000000, 0.8660254037844387076, 1.000000000000000000, 0.8660254037844387076, 1.000000000000000000, 0.8660254037844387076, 1.000000000000000000, 0.8660254037844387076, 1.000000000000000000, 0.8660254037844387076, 1.000000000000000000, 0.8660254037844387076, 1.000000000000000000, 0.8660254037844387076, 1.000000000000000000, 0.8660254037844387076, 1.000000000000000000, 0.8660254037844387076, 1.000000000000000000, 0.8660254037844387076, 1.000000000000000000, 0.8660254037844387076, 1.000000000000000000, 0.8660254037844387076, 1.000000000000000000, 0.8660254037844387076, 1.000000000000000000, 0.8660254037844387076, 1.000000000000000000, 0.8660254037844387076, 1.000000000000000000, 0.8660254037844387076, 1.000000000000000000, 0.8660254037844387076, 1.000000000000000000, 0.8660254037844387076, 1.000000000000000000, 0.8660254037844387076, 1.000000000000000000, 0.8660254037844387076, 1.000000000000000000, 0.8660254037844387076, 1.000000000000000000, 0.8660254037844387076, 1.000000000000000000, 0.8660254037844387076, 1.000000000000000000, 0.8660254037844387076, 1.000000000000000000, 0.8660254037844387076, 1.000000000000000000, 0.8660254037844387076, 1.000000000000000000, 0.8660254037844387076, 1.000000000000000000, 0.9277619744375174005, 0.9334242745273657604 ) ) 
 REPRESENTATION_ITEM ( '' )  );
#2503 = CARTESIAN_POINT ( 'NONE',  ( -20.00000000000000355, 0.000000000000000000, 0.000000000000000000 ) ) ;
#2504 = CARTESIAN_POINT ( 'NONE',  ( -14.16183227484231466, 0.5918069429221612943, 1.025039693413197783 ) ) ;
#2505 = CARTESIAN_POINT ( 'NONE',  ( -18.49516560817564681, -1.183613885844322366, 1.449508956725610206E-16 ) ) ;
#2506 = CARTESIAN_POINT ( 'NONE',  ( 19.69743704185182054, -1.095241136827450390, -0.6703234987816530932 ) ) ;
#2507 = CARTESIAN_POINT ( 'NONE',  ( -14.04166666666666963, 1.499999999999999778, -0.8660254037844394848 ) ) ;
#2508 = CARTESIAN_POINT ( 'NONE',  ( -14.80766560817564859, -2.510623159074913942E-16, -1.366719591217596896 ) ) ;
#2509 = EDGE_CURVE ( 'NONE', #5621, #1177, #3061, .T. ) ;
#2510 = AXIS2_PLACEMENT_3D ( 'NONE', #4112, #1958, #467 ) ;
#2511 = ORIENTED_EDGE ( 'NONE', *, *, #2151, .T. ) ;
#2512 = CARTESIAN_POINT ( 'NONE',  ( 19.99650105849101678, 1.183613885844322589, 0.6833597956087983372 ) ) ;
#2513 = ORIENTED_EDGE ( 'NONE', *, *, #1707, .T. ) ;
#2514 = CONICAL_SURFACE ( 'NONE', #5811, 2.249999999999998668, 1.047197551196600074 ) ;
#2515 = DIRECTION ( 'NONE',  ( -1.000000000000000000, -4.814824860968088948E-33, -0.000000000000000000 ) ) ;
#2516 = CARTESIAN_POINT ( 'NONE',  ( -19.23754007893013807, -1.531249999999999556, 0.8840675996966148587 ) ) ;
#2517 = CARTESIAN_POINT ( 'NONE',  ( -20.00000000000000355, 0.000000000000000000, 0.000000000000000000 ) ) ;
#2518 = CARTESIAN_POINT ( 'NONE',  ( -20.00000000000000355, 0.000000000000000000, 0.000000000000000000 ) ) ;
#2519 = ORIENTED_EDGE ( 'NONE', *, *, #77, .T. ) ;
#2520 = CARTESIAN_POINT ( 'NONE',  ( 14.24166666666666536, 1.499999999999999778, 0.8660254037844384856 ) ) ;
#2521 = EDGE_CURVE ( 'NONE', #884, #925, #4032, .T. ) ;
#2522 = CARTESIAN_POINT ( 'NONE',  ( -17.50000000000000000, 1.500000000000000000, 0.000000000000000000 ) ) ;
#2523 = EDGE_LOOP ( 'NONE', ( #2927, #2869, #3814, #669 ) ) ;
#2524 = CARTESIAN_POINT ( 'NONE',  ( 18.37150105849102033, 0.5918069429221604061, -1.025039693413198227 ) ) ;
#2525 = DIRECTION ( 'NONE',  ( 0.000000000000000000, -1.000000000000000000, 0.000000000000000000 ) ) ;
#2526 = CARTESIAN_POINT ( 'NONE',  ( 18.32983439182434182, -2.510623159074966697E-16, -1.366719591217625984 ) ) ;
#2527 = ORIENTED_EDGE ( 'NONE', *, *, #1065, .T. ) ;
#2528 = CARTESIAN_POINT ( 'NONE',  ( 16.08745992106986478, -0.7656250000000006661, -1.326101399544921566 ) ) ;
#2529 = DIRECTION ( 'NONE',  ( -1.000000000000000000, -4.814824860968088948E-33, -0.000000000000000000 ) ) ;
#2530 = APPROVAL_STATUS ( 'not_yet_approved' ) ;
#2531 = ADVANCED_FACE ( 'NONE', ( #4882 ), #1542, .F. ) ;
#2532 = CARTESIAN_POINT ( 'NONE',  ( -15.27362447075449303, -1.531249999999999556, 0.8840675996966148587 ) ) ;
#2533 = CARTESIAN_POINT ( 'NONE',  ( 13.70000000000000284, -1.170974524556044116, 0.2307981606791180695 ) ) ;
#2534 = CARTESIAN_POINT ( 'NONE',  ( -15.07849894150898074, -0.5918069429221609612, 1.025039693413198005 ) ) ;
#2535 = CARTESIAN_POINT ( 'NONE',  ( -16.07849894150898251, -0.5918069429221609612, 1.025039693413198005 ) ) ;
#2536 = CARTESIAN_POINT ( 'NONE',  ( 19.66961524227066960, -1.244615242270667554, 1.524214072616781073E-16 ) ) ;
#2537 = CARTESIAN_POINT ( 'NONE',  ( -16.22433227484231821, 1.183613885844322144, -0.6833597956087991143 ) ) ;
#2538 = ORIENTED_EDGE ( 'NONE', *, *, #1607, .T. ) ;
#2539 = CARTESIAN_POINT ( 'NONE',  ( 13.64233439182435426, 8.368743863583045653E-17, 1.366719591217596896 ) ) ;
#2540 = VERTEX_POINT ( 'NONE', #3121 ) ;
#2541 = CARTESIAN_POINT ( 'NONE',  ( -20.00000000000000355, 1.500000000000000000, 1.836970198721029934E-16 ) ) ;
#2542 = CARTESIAN_POINT ( 'NONE',  ( -19.32087341226347021, 1.082670556198342378E-16, 1.768135199393228829 ) ) ;
#2543 = CARTESIAN_POINT ( 'NONE',  ( -16.50000000000000000, 1.500000000000000000, 0.000000000000000000 ) ) ;
#2544 = DIRECTION ( 'NONE',  ( 0.7071067811862460362, 0.7071067811868489983, 0.000000000000000000 ) ) ;
#2545 = EDGE_LOOP ( 'NONE', ( #1603, #2678, #2243, #4949 ) ) ;
#2546 =( GEOMETRIC_REPRESENTATION_CONTEXT ( 3 ) GLOBAL_UNCERTAINTY_ASSIGNED_CONTEXT ( ( #3677 ) ) GLOBAL_UNIT_ASSIGNED_CONTEXT ( ( #5112, #3741, #607 ) ) REPRESENTATION_CONTEXT ( 'NONE', 'WORKASPACE' ) );
#2547 = CARTESIAN_POINT ( 'NONE',  ( -18.92783121635224575, 1.500000000000000000, -1.977318309084155535E-11 ) ) ;
#2548 = CARTESIAN_POINT ( 'NONE',  ( 14.19999999999999929, 1.500000000000000000, 0.000000000000000000 ) ) ;
#2549 = ORIENTED_EDGE ( 'NONE', *, *, #2010, .T. ) ;
#2550 =( BOUNDED_CURVE ( )  B_SPLINE_CURVE ( 2, ( #2648, #3559, #368, #3504, #2597, #3085, #4908 ),
 .UNSPECIFIED., .F., .F. ) 
 B_SPLINE_CURVE_WITH_KNOTS ( ( 3, 2, 2, 3 ),
 ( 0.08764014855237961532, 0.08921017417876371536, 0.09078019980514781540, 0.09235022543153192931 ),
 .UNSPECIFIED. ) 
 CURVE ( )  GEOMETRIC_REPRESENTATION_ITEM ( )  RATIONAL_B_SPLINE_CURVE ( ( 0.9999999999999469313, 0.8660254037844917763, 1.000000000000000000, 0.8660254037844387076, 1.000000000000000000, 0.8660254037846891739, 0.9999999999997495337 ) ) 
 REPRESENTATION_ITEM ( '' )  );
#2551 = EDGE_CURVE ( 'NONE', #3524, #1756, #3038, .T. ) ;
#2552 = CARTESIAN_POINT ( 'NONE',  ( 18.41316772515768463, 1.183613885844322144, -0.6833597956087991143 ) ) ;
#2553 = CARTESIAN_POINT ( 'NONE',  ( 18.89233439182435603, -2.510623159074913942E-16, -1.366719591217596896 ) ) ;
#2554 = CARTESIAN_POINT ( 'NONE',  ( 17.74650105849100612, -1.183613885844347680, -0.6833597956088124370 ) ) ;
#2555 = CARTESIAN_POINT ( 'NONE',  ( 16.88470886257884018, -0.7656249999999996669, 1.326101399544921788 ) ) ;
#2556 = ORIENTED_EDGE ( 'NONE', *, *, #4692, .T. ) ;
#2557 = CARTESIAN_POINT ( 'NONE',  ( 16.29579325440319693, 1.531250000000000000, 0.8840675996966143035 ) ) ;
#2558 = CYLINDRICAL_SURFACE ( 'NONE', #3474, 1.500000000000000000 ) ;
#2559 = DATE_TIME_ROLE ( 'classification_date' ) ;
#2560 = CARTESIAN_POINT ( 'NONE',  ( -14.44029113742115733, 1.531250000000000000, 0.8840675996966143035 ) ) ;
#2561 = CARTESIAN_POINT ( 'NONE',  ( 19.91016698480943248, 2.249999999999998668, 0.8761487566112083902 ) ) ;
#2562 = CARTESIAN_POINT ( 'NONE',  ( -14.70349894150898074, 1.183613885844322589, 0.6833597956087983372 ) ) ;
#2563 = CARTESIAN_POINT ( 'NONE',  ( -13.44478933847158331, -0.9575730010630145728, -0.6956980511677959278 ) ) ;
#2564 = CARTESIAN_POINT ( 'NONE',  ( -20.00000000000000355, -1.500000000000000000, 0.000000000000000000 ) ) ;
#2565 = CARTESIAN_POINT ( 'NONE',  ( -14.47433227484231644, -1.183613885844322366, 0.6833597956087990033 ) ) ;
#2566 = CARTESIAN_POINT ( 'NONE',  ( 13.80900105849101855, -1.183613885844322589, -0.6833597956087981151 ) ) ;
#2567 = CARTESIAN_POINT ( 'NONE',  ( 14.10066772515768641, 0.5918069429221612943, 1.025039693413197783 ) ) ;
#2568 = ADVANCED_FACE ( 'NONE', ( #2245 ), #4555, .T. ) ;
#2569 = ORIENTED_EDGE ( 'NONE', *, *, #2236, .T. ) ;
#2570 = CARTESIAN_POINT ( 'NONE',  ( -13.95833333333333570, 1.499999999999999778, 0.8660254037844384856 ) ) ;
#2571 = CARTESIAN_POINT ( 'NONE',  ( -19.82087341226346666, 1.082670556198342378E-16, 1.768135199393228829 ) ) ;
#2572 = CARTESIAN_POINT ( 'NONE',  ( 14.52216878364870745, -1.500000000000000444, 1.836970198721030674E-16 ) ) ;
#2573 = CARTESIAN_POINT ( 'NONE',  ( -15.00000000000000000, 1.500000000000000000, 0.000000000000000000 ) ) ;
#2574 = VERTEX_POINT ( 'NONE', #429 ) ;
#2575 = CARTESIAN_POINT ( 'NONE',  ( -19.09449788301795792, -0.7499999999999998890, -1.299038105676656674 ) ) ;
#2576 = CARTESIAN_POINT ( 'NONE',  ( 17.19999999999999929, 1.500000000000000000, 0.000000000000000000 ) ) ;
#2577 = CARTESIAN_POINT ( 'NONE',  ( -17.75000000000000355, -1.500000000000000000, 1.836970198721029934E-16 ) ) ;
#2578 = CARTESIAN_POINT ( 'NONE',  ( 17.12150105849100612, -0.5918069429221735067, 1.025039693413219544 ) ) ;
#2579 = CARTESIAN_POINT ( 'NONE',  ( 18.88470886257884018, -0.7656249999999996669, 1.326101399544921788 ) ) ;
#2580 = ADVANCED_FACE ( 'NONE', ( #5854 ), #847, .F. ) ;
#2581 =( BOUNDED_CURVE ( )  B_SPLINE_CURVE ( 2, ( #3760, #43, #4082, #1859, #5564, #13, #2374 ),
 .UNSPECIFIED., .F., .F. ) 
 B_SPLINE_CURVE_WITH_KNOTS ( ( 3, 2, 2, 3 ),
 ( 0.007574138824756486421, 0.009144040982021922961, 0.01071394313928734389, 0.01228384529655278043 ),
 .UNSPECIFIED. ) 
 CURVE ( )  GEOMETRIC_REPRESENTATION_ITEM ( )  RATIONAL_B_SPLINE_CURVE ( ( 0.9999999999999962252, 0.8660254037844423713, 1.000000000000000000, 0.8660254037844385966, 1.000000000000000000, 0.8660254037844773434, 0.9999999999999612532 ) ) 
 REPRESENTATION_ITEM ( '' )  );
#2582 = VERTEX_POINT ( 'NONE', #3625 ) ;
#2583 = CARTESIAN_POINT ( 'NONE',  ( 18.29579325440319693, 1.531250000000000000, 0.8840675996966143035 ) ) ;
#2584 = CARTESIAN_POINT ( 'NONE',  ( -19.71117220689475147, 0.6232437763885585458, -1.176485069467058775 ) ) ;
#2585 = CARTESIAN_POINT ( 'NONE',  ( -20.00000000000000355, -1.500000000000000000, 0.000000000000000000 ) ) ;
#2586 = CARTESIAN_POINT ( 'NONE',  ( -19.55766560817563970, 8.368743863583045653E-17, 1.366719591217596896 ) ) ;
#2587 = CARTESIAN_POINT ( 'NONE',  ( -18.18266560817565036, 1.183613885844322366, 0.000000000000000000 ) ) ;
#2588 = CARTESIAN_POINT ( 'NONE',  ( -13.78683227484231466, 1.183613885844322144, -0.6833597956087991143 ) ) ;
#2589 = CARTESIAN_POINT ( 'NONE',  ( 13.70000000000000462, 1.370850573404189587, 0.4987713160515829802 ) ) ;
#2590 = CARTESIAN_POINT ( 'NONE',  ( -18.56529113742115911, 0.7656249999999990008, -1.326101399544922455 ) ) ;
#2591 = CARTESIAN_POINT ( 'NONE',  ( 14.35066772515768641, -0.5918069429221617384, -1.025039693413197783 ) ) ;
#2592 = CARTESIAN_POINT ( 'NONE',  ( 20.32749259282480025, -0.3508211798583251717, -1.530859302989467929 ) ) ;
#2593 = EDGE_LOOP ( 'NONE', ( #5717, #5050, #4519, #2569 ) ) ;
#2594 = CARTESIAN_POINT ( 'NONE',  ( -18.82849894150898251, 0.5918069429221604061, -1.025039693413198227 ) ) ;
#2595 = CARTESIAN_POINT ( 'NONE',  ( -15.19587341226347021, -1.531250000000000000, 1.875240411194384668E-16 ) ) ;
#2596 = FACE_OUTER_BOUND ( 'NONE', #5057, .T. ) ;
#2597 = CARTESIAN_POINT ( 'NONE',  ( 15.10550211698203960, -0.7500000000000006661, -1.299038105676658006 ) ) ;
#2598 = ORIENTED_EDGE ( 'NONE', *, *, #3810, .F. ) ;
#2599 = EDGE_CURVE ( 'NONE', #4357, #3449, #4069, .T. ) ;
#2600 = CARTESIAN_POINT ( 'NONE',  ( -20.00000000000000355, -1.500000000000000000, 0.000000000000000000 ) ) ;
#2601 = CARTESIAN_POINT ( 'NONE',  ( -19.92500000000006821, 3.611118645722996325E-34, 0.000000000000000000 ) ) ;
#2602 = DIRECTION ( 'NONE',  ( 1.000000000000000000, 4.814824860968088948E-33, 0.000000000000000000 ) ) ;
#2603 = FACE_OUTER_BOUND ( 'NONE', #1555, .T. ) ;
#2604 = CARTESIAN_POINT ( 'NONE',  ( -18.51116454968463998, 0.7500000000000115463, -1.299038105676680210 ) ) ;
#2605 = CARTESIAN_POINT ( 'NONE',  ( -14.68266560817564859, 1.183613885844322366, 0.000000000000000000 ) ) ;
#2606 = CARTESIAN_POINT ( 'NONE',  ( -17.67783121635129717, -1.500000000000000444, 1.836970198721030674E-16 ) ) ;
#2607 = ORIENTED_EDGE ( 'NONE', *, *, #5814, .F. ) ;
#2608 = CARTESIAN_POINT ( 'NONE',  ( 20.12678543350086713, -0.4538425738936965326, -1.980487605064819245 ) ) ;
#2609 = AXIS2_PLACEMENT_3D ( 'NONE', #5697, #3920, #3863 ) ;
#2610 = CARTESIAN_POINT ( 'NONE',  ( 17.31383545031530247, 1.500000000001262324, 0.8660254037837126218 ) ) ;
#2611 = CARTESIAN_POINT ( 'NONE',  ( -17.34449788301796147, 0.7500000000000017764, 1.299038105676660226 ) ) ;
#2612 = CARTESIAN_POINT ( 'NONE',  ( -19.59933227484231111, 0.5918069429221612943, 1.025039693413197783 ) ) ;
#2613 = EDGE_CURVE ( 'NONE', #3542, #3560, #5252, .T. ) ;
#2614 = CARTESIAN_POINT ( 'NONE',  ( -19.47433227484231821, -1.183613885844322366, 0.6833597956087990033 ) ) ;
#2615 = CARTESIAN_POINT ( 'NONE',  ( -15.95349894150898074, -1.183613885844322589, -0.6833597956087981151 ) ) ;
#2616 = CARTESIAN_POINT ( 'NONE',  ( -16.29166666666666785, -1.499999999999999778, 0.8660254037844391517 ) ) ;
#2617 = CARTESIAN_POINT ( 'NONE',  ( -18.23195780408782340, -1.531250000000000000, 1.875240411194384668E-16 ) ) ;
#2618 = CARTESIAN_POINT ( 'NONE',  ( 14.14233439182435248, 8.368743863583045653E-17, 1.366719591217596896 ) ) ;
#2619 = CARTESIAN_POINT ( 'NONE',  ( 16.72566772515768818, -1.183613885844322366, 0.6833597956087990033 ) ) ;
#2620 = CARTESIAN_POINT ( 'NONE',  ( 18.77216878364870212, 1.499999999999999556, 0.000000000000000000 ) ) ;
#2621 = CARTESIAN_POINT ( 'NONE',  ( -15.07087341226346844, -3.248011668595026887E-16, -1.768135199393228829 ) ) ;
#2622 = CARTESIAN_POINT ( 'NONE',  ( -20.00000000000000355, 1.124999999999997780, 1.948557158514986343 ) ) ;
#2623 = CYLINDRICAL_SURFACE ( 'NONE', #4115, 1.500000000000000000 ) ;
#2624 = ORIENTED_EDGE ( 'NONE', *, *, #530, .F. ) ;
#2625 = CARTESIAN_POINT ( 'NONE',  ( 16.57983439182435248, 8.368743863583045653E-17, 1.366719591217596896 ) ) ;
#2626 = CARTESIAN_POINT ( 'NONE',  ( -13.70000000000000639, 1.153170825224604235, -0.2667187256536399098 ) ) ;
#2627 = CARTESIAN_POINT ( 'NONE',  ( 20.00000000000000355, -2.249999999999998668, -7.511572993685794170E-16 ) ) ;
#2628 = CARTESIAN_POINT ( 'NONE',  ( -18.25000000000000000, -1.500000000000000000, 1.836970198721029934E-16 ) ) ;
#2629 = CARTESIAN_POINT ( 'NONE',  ( -13.70000000000000817, -1.390447797876808167, 0.5452003239948448599 ) ) ;
#2630 = VECTOR ( 'NONE', #581, 1000.000000000000000 ) ;
#2631 = CARTESIAN_POINT ( 'NONE',  ( -17.37016560817566457, -2.510623159074974586E-16, -1.366719591217629981 ) ) ;
#2632 = ORIENTED_EDGE ( 'NONE', *, *, #3796, .T. ) ;
#2633 = CARTESIAN_POINT ( 'NONE',  ( 13.74650105849101855, -1.183613885844322589, -0.6833597956087981151 ) ) ;
#2634 = DIRECTION ( 'NONE',  ( 0.000000000000000000, -1.000000000000000000, 0.000000000000000000 ) ) ;
#2635 = B_SPLINE_CURVE_WITH_KNOTS ( 'NONE', 3,
 ( #5857, #3512, #5321, #5797, #4412, #2273, #4944, #3093, #1264, #1824, #3064, #821, #401, #11, #2629, #3996 ),
 .UNSPECIFIED., .F., .F.,
 ( 4, 2, 2, 2, 2, 2, 2, 4 ),
 ( 0.000000000000000000, 0.0003842315573112542351, 0.0007684631146225082534, 0.001536926229245016290, 0.001921157786556270146, 0.002305389343867523567, 0.002689620901178777640, 0.003073852458490031712 ),
 .UNSPECIFIED. ) ;
#2636 = CARTESIAN_POINT ( 'NONE',  ( -19.12500000000000355, -3.181725716174720991E-16, -1.732050807568877193 ) ) ;
#2637 = CARTESIAN_POINT ( 'NONE',  ( -18.64099894150898251, 1.183613885844322366, 0.6833597956087983372 ) ) ;
#2638 = CARTESIAN_POINT ( 'NONE',  ( -19.51599894150898251, -0.5918069429221609612, 1.025039693413198005 ) ) ;
#2639 = CARTESIAN_POINT ( 'NONE',  ( -13.70349894150898074, 1.183613885844322589, 0.6833597956087983372 ) ) ;
#2640 = DIRECTION ( 'NONE',  ( -1.000000000000000000, -4.814824860968088948E-33, -0.000000000000000000 ) ) ;
#2641 = CARTESIAN_POINT ( 'NONE',  ( -13.84933227484231466, -0.5918069429221617384, -1.025039693413197783 ) ) ;
#2642 = ORIENTED_EDGE ( 'NONE', *, *, #2521, .F. ) ;
#2643 = EDGE_CURVE ( 'NONE', #1692, #4184, #1656, .T. ) ;
#2644 = CARTESIAN_POINT ( 'NONE',  ( 17.47566772515768463, 1.183613885844322144, -0.6833597956087991143 ) ) ;
#2645 = CARTESIAN_POINT ( 'NONE',  ( -19.45349894150898251, -1.183613885844322589, -0.6833597956087981151 ) ) ;
#2646 = CARTESIAN_POINT ( 'NONE',  ( -15.90420674559680414, 1.531250000000000000, 0.8840675996966143035 ) ) ;
#2647 = CARTESIAN_POINT ( 'NONE',  ( -20.00000000000000355, 0.000000000000000000, 0.000000000000000000 ) ) ;
#2648 = CARTESIAN_POINT ( 'NONE',  ( 15.27216878364868080, 1.500000000000000444, -5.945244296867390157E-13 ) ) ;
#2649 = ORIENTED_EDGE ( 'NONE', *, *, #4347, .F. ) ;
#2650 = CARTESIAN_POINT ( 'NONE',  ( 15.32983439182435603, -2.510623159074913942E-16, -1.366719591217596896 ) ) ;
#2651 = CARTESIAN_POINT ( 'NONE',  ( 15.22566772515768641, -1.183613885844322144, 0.6833597956087987813 ) ) ;
#2652 = DIRECTION ( 'NONE',  ( 0.000000000000000000, 1.000000000000000000, 0.000000000000000000 ) ) ;
#2653 = CARTESIAN_POINT ( 'NONE',  ( -16.67783121635129007, -1.499999999999999556, 1.836970198721029688E-16 ) ) ;
#2654 = CARTESIAN_POINT ( 'NONE',  ( 16.61666666666666003, 0.7499999999999990008, -1.299038105676658672 ) ) ;
#2655 = CARTESIAN_POINT ( 'NONE',  ( -16.95349894150899672, -1.183613885844351232, -0.6833597956088146574 ) ) ;
#2656 = CARTESIAN_POINT ( 'NONE',  ( 20.38470886257884374, -0.7656249999999996669, 1.326101399544921788 ) ) ;
#2657 = DIRECTION ( 'NONE',  ( -1.000000000000000000, -4.814824860968088948E-33, -0.000000000000000000 ) ) ;
#2658 = ORIENTED_EDGE ( 'NONE', *, *, #2372, .T. ) ;
#2659 = CARTESIAN_POINT ( 'NONE',  ( 18.50412658773652907, -1.531250000000000000, 1.875240411194384668E-16 ) ) ;
#2660 = CARTESIAN_POINT ( 'NONE',  ( 17.43883545031536997, -0.7500000000000007772, 1.299038105676659782 ) ) ;
#2661 = CARTESIAN_POINT ( 'NONE',  ( -19.98106444340220378, -2.249999999999998224, -0.4381466646733021553 ) ) ;
#2662 = EDGE_CURVE ( 'NONE', #732, #2055, #1232, .T. ) ;
#2663 = CARTESIAN_POINT ( 'NONE',  ( -18.89099894150898251, -1.183613885844322589, -0.6833597956087981151 ) ) ;
#2664 = AXIS2_PLACEMENT_3D ( 'NONE', #4470, #3632, #5437 ) ;
#2665 = CARTESIAN_POINT ( 'NONE',  ( -19.14099894150898251, 1.183613885844322589, 0.6833597956087983372 ) ) ;
#2666 = CARTESIAN_POINT ( 'NONE',  ( -14.99516560817564859, -1.183613885844322366, 1.449508956725610206E-16 ) ) ;
#2667 = CARTESIAN_POINT ( 'NONE',  ( 16.13470886257884374, 0.7656249999999990008, -1.326101399544922455 ) ) ;
#2668 = CARTESIAN_POINT ( 'NONE',  ( -19.92500000000004334, 0.8905880899801049688, 1.207001596513320063 ) ) ;
#2669 = CARTESIAN_POINT ( 'NONE',  ( -19.19029113742115911, -1.531250000000000444, -0.8840675996966138595 ) ) ;
#2670 = CARTESIAN_POINT ( 'NONE',  ( 13.93400105849101855, 0.5918069429221604061, -1.025039693413198227 ) ) ;
#2671 = CARTESIAN_POINT ( 'NONE',  ( 17.35066772515768818, -0.5918069429221617384, -1.025039693413197783 ) ) ;
#2672 = CARTESIAN_POINT ( 'NONE',  ( -19.53683227484231466, -1.183613885844322366, 0.6833597956087990033 ) ) ;
#2673 = CARTESIAN_POINT ( 'NONE',  ( -16.98754007893013451, 1.531249999999999556, -0.8840675996966153027 ) ) ;
#2674 = ADVANCED_FACE ( 'NONE', ( #2603 ), #5220, .F. ) ;
#2675 = CARTESIAN_POINT ( 'NONE',  ( 19.61382274566445005, -0.5272622555303397851, 1.072733230639085766 ) ) ;
#2676 = CARTESIAN_POINT ( 'NONE',  ( 17.37150105849100612, 0.5918069429221729516, -1.025039693413219988 ) ) ;
#2677 = CARTESIAN_POINT ( 'NONE',  ( 16.35550211698201295, 0.7500000000000244249, 1.299038105676699750 ) ) ;
#2678 = ORIENTED_EDGE ( 'NONE', *, *, #5723, .T. ) ;
#2679 =( BOUNDED_CURVE ( )  B_SPLINE_CURVE ( 2, ( #1291, #3537, #4497, #4914, #4465, #2220, #4080 ),
 .UNSPECIFIED., .F., .T. ) 
 B_SPLINE_CURVE_WITH_KNOTS ( ( 3, 2, 2, 3 ),
 ( 0.03724670716430453221, 0.03881659825799604890, 0.04038648935168755866, 0.04195638044537906147 ),
 .UNSPECIFIED. ) 
 CURVE ( )  GEOMETRIC_REPRESENTATION_ITEM ( )  RATIONAL_B_SPLINE_CURVE ( ( 0.9999999999999562572, 0.8660254037844824504, 1.000000000000000000, 0.8660254037844387076, 1.000000000000000000, 0.8660254037833929885, 1.000000000001045830 ) ) 
 REPRESENTATION_ITEM ( '' )  );
#2680 = CARTESIAN_POINT ( 'NONE',  ( 15.82983439182435070, -2.510623159074913942E-16, -1.366719591217596896 ) ) ;
#2681 = DIRECTION ( 'NONE',  ( 0.000000000000000000, -1.000000000000000000, 0.000000000000000000 ) ) ;
#2682 = CARTESIAN_POINT ( 'NONE',  ( 18.36666666666666714, -0.7499999999999996669, 1.299038105676658006 ) ) ;
#2683 = DIRECTION ( 'NONE',  ( 0.000000000000000000, -1.000000000000000000, 0.000000000000000000 ) ) ;
#2684 = CARTESIAN_POINT ( 'NONE',  ( -18.03683227484232887, -1.183613885844350788, 0.6833597956088155456 ) ) ;
#2685 = CARTESIAN_POINT ( 'NONE',  ( 19.86022993090466215, -2.066424524318477562, 1.405025455977997106 ) ) ;
#2686 = CARTESIAN_POINT ( 'NONE',  ( -13.69999999999999929, 0.9966333349035079170, -0.7553361019267847976 ) ) ;
#2687 = ORIENTED_EDGE ( 'NONE', *, *, #4083, .F. ) ;
#2688 = CARTESIAN_POINT ( 'NONE',  ( 18.75412658773652907, 1.531250000000000000, 0.000000000000000000 ) ) ;
#2689 = CARTESIAN_POINT ( 'NONE',  ( -14.75000000000000355, -1.500000000000000000, 1.836970198721029934E-16 ) ) ;
#2690 = CARTESIAN_POINT ( 'NONE',  ( -19.04166666666666785, 1.499999999999999778, -0.8660254037844394848 ) ) ;
#2691 = CARTESIAN_POINT ( 'NONE',  ( -17.89099894150897896, -1.183613885844322589, -0.6833597956087981151 ) ) ;
#2692 = CARTESIAN_POINT ( 'NONE',  ( 19.77216878364870567, 1.500000000000000444, 0.000000000000000000 ) ) ;
#2693 = ADVANCED_FACE ( 'NONE', ( #3913 ), #942, .T. ) ;
#2694 = CARTESIAN_POINT ( 'NONE',  ( 13.96804219591217588, -1.531250000000000000, 1.875240411194384668E-16 ) ) ;
#2695 = CARTESIAN_POINT ( 'NONE',  ( -18.45833333333333570, 1.499999999999999778, 0.8660254037844384856 ) ) ;
#2696 = CARTESIAN_POINT ( 'NONE',  ( -18.77362447075449481, -1.531249999999999556, 0.8840675996966148587 ) ) ;
#2697 = CARTESIAN_POINT ( 'NONE',  ( 15.97566772515768641, 1.183613885844322144, -0.6833597956087991143 ) ) ;
#2698 = CARTESIAN_POINT ( 'NONE',  ( 17.18400105849101678, -0.5918069429221609612, 1.025039693413198005 ) ) ;
#2699 = VERTEX_POINT ( 'NONE', #3825 ) ;
#2700 = CARTESIAN_POINT ( 'NONE',  ( -20.00000000000000355, -1.500000000000000000, 0.000000000000000000 ) ) ;
#2701 = CARTESIAN_POINT ( 'NONE',  ( -16.94587341226347021, 1.531250000000000000, 0.000000000000000000 ) ) ;
#2702 = CARTESIAN_POINT ( 'NONE',  ( 18.70483439182434182, -1.183613885844347235, 1.449508956725640775E-16 ) ) ;
#2703 = CARTESIAN_POINT ( 'NONE',  ( -18.59933227484231466, 0.5918069429221612943, 1.025039693413197783 ) ) ;
#2704 = VERTEX_POINT ( 'NONE', #5627 ) ;
#2705 = CARTESIAN_POINT ( 'NONE',  ( 14.78816772515768641, -0.5918069429221617384, -1.025039693413197783 ) ) ;
#2706 = CARTESIAN_POINT ( 'NONE',  ( 14.72566772515768463, -1.183613885844322144, 0.6833597956087987813 ) ) ;
#2707 = CARTESIAN_POINT ( 'NONE',  ( -15.54166666666667318, 1.499999999999999778, -0.8660254037844394848 ) ) ;
#2708 = CARTESIAN_POINT ( 'NONE',  ( -19.79903810567666156, 2.249999999999998668, -1.299038105676656896 ) ) ;
#2709 = CARTESIAN_POINT ( 'NONE',  ( -19.86022993090466215, -2.066424524318475786, -1.405025455977998217 ) ) ;
#2710 = CARTESIAN_POINT ( 'NONE',  ( -17.62016560817566102, 8.368743863583247799E-17, 1.366719591217629981 ) ) ;
#2711 = CARTESIAN_POINT ( 'NONE',  ( 19.28333333333333144, 0.7500000000000002220, 1.299038105676657784 ) ) ;
#2712 =( BOUNDED_CURVE ( )  B_SPLINE_CURVE ( 2, ( #4516, #457, #2266, #4072, #2, #1816, #3618 ),
 .UNSPECIFIED., .F., .T. ) 
 B_SPLINE_CURVE_WITH_KNOTS ( ( 3, 2, 2, 3 ),
 ( 0.04666550659473042012, 0.04823560660557320995, 0.04980570661641599284, 0.05137580662725879654 ),
 .UNSPECIFIED. ) 
 CURVE ( )  GEOMETRIC_REPRESENTATION_ITEM ( )  RATIONAL_B_SPLINE_CURVE ( ( 1.000000000001767919, 0.8660254037826708995, 1.000000000000000000, 0.8660254037844388186, 1.000000000000000000, 0.8660254037817974870, 1.000000000002641221 ) ) 
 REPRESENTATION_ITEM ( '' )  );
#2713 = CARTESIAN_POINT ( 'NONE',  ( -14.17783121635129717, -1.500000000000000444, 1.836970198721030674E-16 ) ) ;
#2714 = ORIENTED_EDGE ( 'NONE', *, *, #5224, .T. ) ;
#2715 = ADVANCED_FACE ( 'NONE', ( #4805 ), #2958, .F. ) ;
#2716 = AXIS2_PLACEMENT_3D ( 'NONE', #673, #192, #641 ) ;
#2717 = CARTESIAN_POINT ( 'NONE',  ( 15.91316772515768641, 1.183613885844322144, -0.6833597956087991143 ) ) ;
#2718 = CARTESIAN_POINT ( 'NONE',  ( -20.00000000000000355, 0.000000000000000000, 0.000000000000000000 ) ) ;
#2719 = CARTESIAN_POINT ( 'NONE',  ( 19.02216878364870922, -1.499999999999999556, 1.836970198721029688E-16 ) ) ;
#2720 = CARTESIAN_POINT ( 'NONE',  ( -15.93266560817564681, -1.183613885844322366, 1.449508956725610206E-16 ) ) ;
#2721 = CARTESIAN_POINT ( 'NONE',  ( -14.45833333333333570, 1.499999999999999778, 0.8660254037844384856 ) ) ;
#2722 = CARTESIAN_POINT ( 'NONE',  ( 16.30137552924550803, 0.7656250000000002220, 1.326101399544921566 ) ) ;
#2723 = CARTESIAN_POINT ( 'NONE',  ( -18.37500000000000355, 1.060575238724906915E-16, 1.732050807568877193 ) ) ;
#2724 = CARTESIAN_POINT ( 'NONE',  ( -17.31529113742115911, -0.7656249999999996669, 1.326101399544921788 ) ) ;
#2725 = CARTESIAN_POINT ( 'NONE',  ( 15.85066772515768641, -0.5918069429221617384, -1.025039693413197783 ) ) ;
#2726 = CARTESIAN_POINT ( 'NONE',  ( 17.72566772515768463, -1.183613885844322366, 0.6833597956087990033 ) ) ;
#2727 = VERTEX_POINT ( 'NONE', #268 ) ;
#2728 = CARTESIAN_POINT ( 'NONE',  ( -17.99516560817565036, -1.183613885844322366, 1.449508956725610206E-16 ) ) ;
#2729 = CARTESIAN_POINT ( 'NONE',  ( -14.07087341226347021, -3.248011668595026887E-16, -1.768135199393228829 ) ) ;
#2730 = LINE ( 'NONE', #843, #352 ) ;
#2731 = CARTESIAN_POINT ( 'NONE',  ( 19.28816772515767042, -0.5918069429221741728, -1.025039693413219322 ) ) ;
#2732 = CARTESIAN_POINT ( 'NONE',  ( -18.43266560817564681, -1.183613885844322366, 1.449508956725610206E-16 ) ) ;
#2733 = ORIENTED_EDGE ( 'NONE', *, *, #2735, .F. ) ;
#2734 = CARTESIAN_POINT ( 'NONE',  ( 16.91316772515768818, 1.183613885844322144, -0.6833597956087991143 ) ) ;
#2735 = EDGE_CURVE ( 'NONE', #985, #4117, #1833, .T. ) ;
#2736 = CARTESIAN_POINT ( 'NONE',  ( 14.56383545031537352, -1.500000000000003109, -0.8660254037844393737 ) ) ;
#2737 = CARTESIAN_POINT ( 'NONE',  ( -19.81405444566312113, -1.389054445663126414, 2.571172084990967001E-11 ) ) ;
#2738 = CARTESIAN_POINT ( 'NONE',  ( -17.55283121635129717, -3.181725716174723456E-16, -1.732050807568878747 ) ) ;
#2739 = CARTESIAN_POINT ( 'NONE',  ( 19.83186254971698048, 1.406862549716975108, 0.1151131350107514606 ) ) ;
#2740 = CARTESIAN_POINT ( 'NONE',  ( -17.82849894150899672, 0.5918069429221747280, -1.025039693413223096 ) ) ;
#2741 = DIRECTION ( 'NONE',  ( 0.4999999999999979461, 0.000000000000000000, 0.8660254037844397068 ) ) ;
#2742 = CARTESIAN_POINT ( 'NONE',  ( 19.51733439182435603, 1.183613885844322366, 0.000000000000000000 ) ) ;
#2743 = CARTESIAN_POINT ( 'NONE',  ( -13.70000000000000462, 0.3024463277680225493, -1.309278958746580734 ) ) ;
#2744 = EDGE_LOOP ( 'NONE', ( #4918, #4366, #5261 ) ) ;
#2745 = CARTESIAN_POINT ( 'NONE',  ( 14.49650105849101855, 1.183613885844322589, 0.6833597956087983372 ) ) ;
#2746 = CARTESIAN_POINT ( 'NONE',  ( -14.79166666666666963, -1.499999999999999778, 0.8660254037844391517 ) ) ;
#2747 = EDGE_CURVE ( 'NONE', #4273, #4779, #4439, .T. ) ;
#2748 = CARTESIAN_POINT ( 'NONE',  ( 20.00000000000000355, 0.000000000000000000, 0.000000000000000000 ) ) ;
#2749 = CARTESIAN_POINT ( 'NONE',  ( 15.00412658773653085, -1.531250000000000000, 1.875240411194384668E-16 ) ) ;
#2750 = CARTESIAN_POINT ( 'NONE',  ( -16.68266560817564681, 1.183613885844322366, 0.000000000000000000 ) ) ;
#2751 = CARTESIAN_POINT ( 'NONE',  ( -16.95833333333333570, 1.499999999999999778, 0.8660254037844384856 ) ) ;
#2752 = CARTESIAN_POINT ( 'NONE',  ( 14.17637552924550981, 1.531249999999999556, -0.8840675996966153027 ) ) ;
#2753 = ADVANCED_FACE ( 'NONE', ( #3536 ), #1823, .F. ) ;
#2754 = CARTESIAN_POINT ( 'NONE',  ( 0.000000000000000000, 0.000000000000000000, 0.000000000000000000 ) ) ;
#2755 = CARTESIAN_POINT ( 'NONE',  ( -15.77362447075448948, -1.531249999999999556, 0.8840675996966148587 ) ) ;
#2756 = AXIS2_PLACEMENT_3D ( 'NONE', #4942, #2165, #3091 ) ;
#2757 = CARTESIAN_POINT ( 'NONE',  ( 17.47566772515768463, 1.183613885844322144, -0.6833597956087991143 ) ) ;
#2758 = AXIS2_PLACEMENT_3D ( 'NONE', #1288, #1792, #962 ) ;
#2759 = CARTESIAN_POINT ( 'NONE',  ( 19.18400105849102033, -0.5918069429221609612, 1.025039693413198005 ) ) ;
#2760 = ORIENTED_EDGE ( 'NONE', *, *, #905, .F. ) ;
#2761 = CARTESIAN_POINT ( 'NONE',  ( -18.32849894150897896, 0.5918069429221604061, -1.025039693413198227 ) ) ;
#2762 = CARTESIAN_POINT ( 'NONE',  ( -14.48754007893013629, 1.531249999999999556, -0.8840675996966153027 ) ) ;
#2763 = CARTESIAN_POINT ( 'NONE',  ( 14.39716878364842501, 1.060575238725256849E-16, 1.732050807569449402 ) ) ;
#2764 = CARTESIAN_POINT ( 'NONE',  ( 19.16316772515767397, -1.183613885844347235, 0.6833597956088133252 ) ) ;
#2765 = CARTESIAN_POINT ( 'NONE',  ( -19.68266560817564681, 1.183613885844322366, 0.000000000000000000 ) ) ;
#2766 = CARTESIAN_POINT ( 'NONE',  ( 18.31383545031477666, 1.500000000010422330, 0.8660254037784721470 ) ) ;
#2767 = VERTEX_POINT ( 'NONE', #2628 ) ;
#2768 = CARTESIAN_POINT ( 'NONE',  ( 19.16316772515768463, -1.183613885844322366, 0.6833597956087990033 ) ) ;
#2769 = DIRECTION ( 'NONE',  ( 0.000000000000000000, 0.000000000000000000, 1.000000000000000000 ) ) ;
#2770 = B_SPLINE_CURVE_WITH_KNOTS ( 'NONE', 3,
 ( #701, #1199, #4292, #2941 ),
 .UNSPECIFIED., .F., .F.,
 ( 4, 4 ),
 ( 2.380746839936124298E-07, 0.001314652396222795597 ),
 .UNSPECIFIED. ) ;
#2771 = CARTESIAN_POINT ( 'NONE',  ( 19.92499999999678550, -1.422792206124831926, 0.4750393017222680481 ) ) ;
#2772 = FACE_OUTER_BOUND ( 'NONE', #293, .T. ) ;
#2773 = CARTESIAN_POINT ( 'NONE',  ( -15.78683227484233065, 1.183613885844350566, -0.6833597956088156566 ) ) ;
#2775 = EDGE_CURVE ( 'NONE', #5145, #4164, #1884, .T. ) ;
#2774 = FACE_OUTER_BOUND ( 'NONE', #4268, .T. ) ;
#2776 = CARTESIAN_POINT ( 'NONE',  ( 19.76733439182435248, -1.183613885844322366, 1.449508956725610206E-16 ) ) ;
#2777 = CARTESIAN_POINT ( 'NONE',  ( -13.70000000000000107, -0.3406584820756772825, -1.387291548783160744 ) ) ;
#2778 = DIRECTION ( 'NONE',  ( -1.000000000000000000, -4.814824860968088948E-33, -0.000000000000000000 ) ) ;
#2779 = ORIENTED_EDGE ( 'NONE', *, *, #5677, .T. ) ;
#2780 = CARTESIAN_POINT ( 'NONE',  ( 15.41316772515768641, 1.183613885844322144, -0.6833597956087991143 ) ) ;
#2781 = CARTESIAN_POINT ( 'NONE',  ( -19.79903810567666156, 2.249999999999998668, 1.299038105676658450 ) ) ;
#2782 = CARTESIAN_POINT ( 'NONE',  ( -19.21949788301795436, -1.499999999999998446, 0.8660254037844387076 ) ) ;
#2783 = CARTESIAN_POINT ( 'NONE',  ( 13.83745992106986478, 0.7656250000000002220, 1.326101399544921566 ) ) ;
#2784 = CARTESIAN_POINT ( 'NONE',  ( -15.14099894150898074, 1.183613885844322589, 0.6833597956087983372 ) ) ;
#2785 = CARTESIAN_POINT ( 'NONE',  ( 20.00000000000000355, 1.124999999999997780, 1.948557158514986343 ) ) ;
#2786 = CARTESIAN_POINT ( 'NONE',  ( 15.67637552924550626, 1.531249999999999556, -0.8840675996966153027 ) ) ;
#2787 = CARTESIAN_POINT ( 'NONE',  ( -19.60861388584432419, -0.1640733474812292869, 1.172186745962348731 ) ) ;
#2788 = CARTESIAN_POINT ( 'NONE',  ( -16.98195780408782696, 1.531250000000000000, 0.000000000000000000 ) ) ;
#2789 = CARTESIAN_POINT ( 'NONE',  ( 16.55900105849102033, 1.183613885844322589, 0.6833597956087983372 ) ) ;
#2790 = CARTESIAN_POINT ( 'NONE',  ( 18.22566772515768108, -1.183613885844322366, 0.6833597956087990033 ) ) ;
#2791 = VERTEX_POINT ( 'NONE', #3627 ) ;
#2792 = CARTESIAN_POINT ( 'NONE',  ( -18.20349894150897896, 1.183613885844322589, 0.6833597956087983372 ) ) ;
#2793 = CARTESIAN_POINT ( 'NONE',  ( -13.82087341226347021, 1.082670556198342378E-16, 1.768135199393228829 ) ) ;
#2794 = CARTESIAN_POINT ( 'NONE',  ( -14.21949788301795792, -1.499999999999998446, 0.8660254037844384856 ) ) ;
#2795 = CARTESIAN_POINT ( 'NONE',  ( -14.71949788301796147, -1.500000000000002665, 0.8660254037844409281 ) ) ;
#2796 = CARTESIAN_POINT ( 'NONE',  ( -18.84933227484231466, -0.5918069429221617384, -1.025039693413197783 ) ) ;
#2797 = CARTESIAN_POINT ( 'NONE',  ( -16.92783121635131849, 1.499999999999999112, -5.525579993559146617E-13 ) ) ;
#2798 = ORIENTED_EDGE ( 'NONE', *, *, #4327, .T. ) ;
#2799 = CARTESIAN_POINT ( 'NONE',  ( 17.62150105849102033, -0.5918069429221609612, 1.025039693413198005 ) ) ;
#2800 = CARTESIAN_POINT ( 'NONE',  ( 15.72566772515768641, -1.183613885844322144, 0.6833597956087987813 ) ) ;
#2801 = CARTESIAN_POINT ( 'NONE',  ( 19.66650685902836670, 0.1389163802872920295, 1.237160964118770190 ) ) ;
#2802 = CARTESIAN_POINT ( 'NONE',  ( 19.89255007976078105, 0.4125393794093305533, 1.427088756458164243 ) ) ;
#2803 = CARTESIAN_POINT ( 'NONE',  ( -16.12016560817566457, 8.368743863583247799E-17, 1.366719591217629981 ) ) ;
#2804 = CARTESIAN_POINT ( 'NONE',  ( 19.98075666599056888, -0.7433463941989663093, -2.168904970561402745 ) ) ;
#2805 = CARTESIAN_POINT ( 'NONE',  ( 19.22566772515768463, -1.183613885844322366, 0.6833597956087990033 ) ) ;
#2806 = B_SPLINE_CURVE_WITH_KNOTS ( 'NONE', 3,
 ( #92, #1522, #5013, #3258 ),
 .UNSPECIFIED., .F., .F.,
 ( 4, 4 ),
 ( 2.380746839935369909E-07, 0.001314652396222794079 ),
 .UNSPECIFIED. ) ;
#2807 = CARTESIAN_POINT ( 'NONE',  ( -19.67783121635129362, -1.500000000000000444, 1.836970198721030674E-16 ) ) ;
#2808 = CARTESIAN_POINT ( 'NONE',  ( -16.72433227484231466, 1.183613885844321922, -0.6833597956087991143 ) ) ;
#2809 = ORIENTED_EDGE ( 'NONE', *, *, #4831, .T. ) ;
#2810 = EDGE_CURVE ( 'NONE', #316, #2574, #5850, .T. ) ;
#2811 = CARTESIAN_POINT ( 'NONE',  ( 16.95483439182435248, 1.183613885844322366, 0.000000000000000000 ) ) ;
#2812 = AXIS2_PLACEMENT_3D ( 'NONE', #5867, #2258, #5011 ) ;
#2813 = CARTESIAN_POINT ( 'NONE',  ( 15.27216878364868080, 1.500000000000000444, -5.945244296867390157E-13 ) ) ;
#2814 = AXIS2_PLACEMENT_3D ( 'NONE', #3390, #1173, #2065 ) ;
#2815 = EDGE_CURVE ( 'NONE', #16, #198, #1351, .T. ) ;
#2816 = CARTESIAN_POINT ( 'NONE',  ( 14.12912658773653263, -3.248011668595026887E-16, -1.768135199393228829 ) ) ;
#2817 = CARTESIAN_POINT ( 'NONE',  ( -17.18266560817564681, 1.183613885844322366, 0.000000000000000000 ) ) ;
#2818 = CARTESIAN_POINT ( 'NONE',  ( -16.91666666666667140, 0.7500000000000002220, 1.299038105676657784 ) ) ;
#2819 = CARTESIAN_POINT ( 'NONE',  ( 17.88470886257884018, -0.7656249999999996669, 1.326101399544921788 ) ) ;
#2820 = CARTESIAN_POINT ( 'NONE',  ( -19.60861388584432774, 0.1472208109148193667, 1.184671395795791282 ) ) ;
#2821 = CARTESIAN_POINT ( 'NONE',  ( -16.44029113742115911, 1.531250000000000000, 0.8840675996966143035 ) ) ;
#2822 = CARTESIAN_POINT ( 'NONE',  ( 16.76733439182435248, -1.183613885844322366, 1.449508956725610206E-16 ) ) ;
#2823 = CARTESIAN_POINT ( 'NONE',  ( 19.35066772515768463, -0.5918069429221617384, -1.025039693413197783 ) ) ;
#2824 = ORIENTED_EDGE ( 'NONE', *, *, #4219, .T. ) ;
#2825 = CARTESIAN_POINT ( 'NONE',  ( -17.53683227484231466, -1.183613885844322366, 0.6833597956087990033 ) ) ;
#2826 = CARTESIAN_POINT ( 'NONE',  ( -19.41183227484231466, -0.5918069429221617384, -1.025039693413197783 ) ) ;
#2827 = CARTESIAN_POINT ( 'NONE',  ( -19.83993026561461193, 1.251413438488931495, 0.6670091521053775896 ) ) ;
#2828 = DIRECTION ( 'NONE',  ( 0.000000000000000000, 0.000000000000000000, 1.000000000000000000 ) ) ;
#2829 = CARTESIAN_POINT ( 'NONE',  ( -18.14099894150897896, 1.183613885844322589, 0.6833597956087983372 ) ) ;
#2830 = CARTESIAN_POINT ( 'NONE',  ( -17.01116454968462577, 0.7499999999999991118, -1.299038105676658894 ) ) ;
#2831 = EDGE_CURVE ( 'NONE', #585, #5692, #2038, .T. ) ;
#2832 = ORIENTED_EDGE ( 'NONE', *, *, #4083, .T. ) ;
#2833 = CARTESIAN_POINT ( 'NONE',  ( 18.16316772515768463, -1.183613885844322366, 0.6833597956087990033 ) ) ;
#2834 = CARTESIAN_POINT ( 'NONE',  ( 17.80900105849102033, -1.183613885844322589, -0.6833597956087981151 ) ) ;
#2835 = CARTESIAN_POINT ( 'NONE',  ( -18.17783121635132559, -1.500000000000000000, 6.926297974785416832E-13 ) ) ;
#2836 = DIRECTION ( 'NONE',  ( 1.000000000000000000, 0.000000000000000000, 0.000000000000000000 ) ) ;
#2837 = CARTESIAN_POINT ( 'NONE',  ( -19.98754007893013451, 1.531249999999999556, -0.8840675996966153027 ) ) ;
#2838 = CARTESIAN_POINT ( 'NONE',  ( -15.66183227484233420, 0.5918069429221756161, 1.025039693413222430 ) ) ;
#2839 = DIRECTION ( 'NONE',  ( 0.000000000000000000, -1.000000000000000000, 0.000000000000000000 ) ) ;
#2840 = CARTESIAN_POINT ( 'NONE',  ( 17.85066772515768463, -0.5918069429221617384, -1.025039693413197783 ) ) ;
#2841 = DIRECTION ( 'NONE',  ( -1.000000000000000000, -4.814824860968088948E-33, -0.000000000000000000 ) ) ;
#2842 = CARTESIAN_POINT ( 'NONE',  ( -16.43266560817564681, -1.183613885844322366, 1.449508956725610206E-16 ) ) ;
#2843 = VERTEX_POINT ( 'NONE', #907 ) ;
#2844 = CARTESIAN_POINT ( 'NONE',  ( 16.20483439182435248, -1.183613885844322366, 1.449508956725610206E-16 ) ) ;
#2845 = DIRECTION ( 'NONE',  ( -1.000000000000000000, -4.814824860968088948E-33, -0.000000000000000000 ) ) ;
#2846 = CARTESIAN_POINT ( 'NONE',  ( 15.42079325440319870, -0.7656249999999996669, 1.326101399544921788 ) ) ;
#2847 = CARTESIAN_POINT ( 'NONE',  ( -14.26599894150898074, 0.5918069429221604061, -1.025039693413198227 ) ) ;
#2848 = FACE_OUTER_BOUND ( 'NONE', #684, .T. ) ;
#2849 = CARTESIAN_POINT ( 'NONE',  ( 18.46804219591217588, -1.531250000000000000, 1.875240411194384668E-16 ) ) ;
#2850 = CARTESIAN_POINT ( 'NONE',  ( -18.25000000000000000, -1.500000000000000000, 1.836970198721029934E-16 ) ) ;
#2851 = EDGE_CURVE ( 'NONE', #5283, #773, #3893, .T. ) ;
#2852 = CARTESIAN_POINT ( 'NONE',  ( -17.44029113742115911, 1.531250000000000000, 0.8840675996966143035 ) ) ;
#2853 = CARTESIAN_POINT ( 'NONE',  ( 20.05900105849101678, 1.183613885844322589, 0.6833597956087983372 ) ) ;
#2854 = ORIENTED_EDGE ( 'NONE', *, *, #4861, .T. ) ;
#2855 = CARTESIAN_POINT ( 'NONE',  ( -18.03683227484231466, -1.183613885844322366, 0.6833597956087990033 ) ) ;
#2856 = CARTESIAN_POINT ( 'NONE',  ( -19.87016560817564681, -2.510623159074913942E-16, -1.366719591217596896 ) ) ;
#2857 = CONICAL_SURFACE ( 'NONE', #4089, 2.249999999999998668, 1.047197551196600074 ) ;
#2858 = CARTESIAN_POINT ( 'NONE',  ( -19.62406629571857053, -0.07345379593683737385, 1.200473996419885392 ) ) ;
#2859 = CARTESIAN_POINT ( 'NONE',  ( 19.45483439182434182, 1.183613885844347235, 0.000000000000000000 ) ) ;
#2860 = ORIENTED_EDGE ( 'NONE', *, *, #1028, .F. ) ;
#2861 = CARTESIAN_POINT ( 'NONE',  ( 18.66316772515768818, -1.183613885844322366, 0.6833597956087990033 ) ) ;
#2862 = CARTESIAN_POINT ( 'NONE',  ( 17.22566772515768818, -1.183613885844322144, 0.6833597956087987813 ) ) ;
#2863 = CARTESIAN_POINT ( 'NONE',  ( -20.00000000000000355, 1.500000000000000000, 1.836970198721029934E-16 ) ) ;
#2864 = CARTESIAN_POINT ( 'NONE',  ( 16.28333333333333499, 0.7500000000000002220, 1.299038105676657784 ) ) ;
#2865 = CARTESIAN_POINT ( 'NONE',  ( -14.37016560817566457, -2.510623159074974586E-16, -1.366719591217629981 ) ) ;
#2866 = CARTESIAN_POINT ( 'NONE',  ( 18.14233439182435603, 8.368743863583045653E-17, 1.366719591217596896 ) ) ;
#2867 = CARTESIAN_POINT ( 'NONE',  ( -18.88616454968527947, 1.500000000011440404, 0.8660254037778614133 ) ) ;
#2868 = CARTESIAN_POINT ( 'NONE',  ( -17.01599894150897896, -0.5918069429221609612, 1.025039693413198005 ) ) ;
#2869 = ORIENTED_EDGE ( 'NONE', *, *, #472, .T. ) ;
#2870 = CARTESIAN_POINT ( 'NONE',  ( 17.99650105849101678, 1.183613885844322589, 0.6833597956087983372 ) ) ;
#2871 =( BOUNDED_CURVE ( )  B_SPLINE_CURVE ( 2, ( #4239, #3274, #4682, #76, #171, #1507, #5496 ),
 .UNSPECIFIED., .F., .T. ) 
 B_SPLINE_CURVE_WITH_KNOTS ( ( 3, 2, 2, 3 ),
 ( 0.08225317401016406238, 0.09044968408419373773, 0.1023544459889556002, 0.1142592078937175737 ),
 .UNSPECIFIED. ) 
 CURVE ( )  GEOMETRIC_REPRESENTATION_ITEM ( )  RATIONAL_B_SPLINE_CURVE ( ( 0.9425342311809346008, 0.9077575732862284141, 1.000000000000000000, 0.8660254037844387076, 1.000000000000000000, 0.8660254037844387076, 1.000000000000000000 ) ) 
 REPRESENTATION_ITEM ( '' )  );
#2872 = CARTESIAN_POINT ( 'NONE',  ( 14.17079325440319693, 0.7656249999999990008, -1.326101399544922455 ) ) ;
#2873 = CARTESIAN_POINT ( 'NONE',  ( 16.03333333333333144, -0.7500000000000006661, -1.299038105676657784 ) ) ;
#2874 = CARTESIAN_POINT ( 'NONE',  ( 18.63470886257884018, 0.7656249999999990008, -1.326101399544922455 ) ) ;
#2875 = APPLICATION_PROTOCOL_DEFINITION ( 'international standard', 'config_control_design', 1994, #3620 ) ;
#2876 = CARTESIAN_POINT ( 'NONE',  ( -13.27362447075449303, -1.531249999999999556, 0.8840675996966148587 ) ) ;
#2877 = CARTESIAN_POINT ( 'NONE',  ( 19.47566772515768463, 1.183613885844322144, -0.6833597956087991143 ) ) ;
#2878 = ORIENTED_EDGE ( 'NONE', *, *, #5107, .T. ) ;
#2879 = CARTESIAN_POINT ( 'NONE',  ( -14.91183227484231466, -0.5918069429221617384, -1.025039693413197783 ) ) ;
#2880 = CARTESIAN_POINT ( 'NONE',  ( -17.03683227484231111, -1.183613885844322366, 0.6833597956087990033 ) ) ;
#2881 = CARTESIAN_POINT ( 'NONE',  ( 19.80312933100792705, 1.220728707265324564, -0.6624593733694275066 ) ) ;
#2882 = CARTESIAN_POINT ( 'NONE',  ( -14.16666666666666963, -0.7500000000000006661, -1.299038105676657784 ) ) ;
#2883 = CARTESIAN_POINT ( 'NONE',  ( -15.47433227484231466, -1.183613885844322366, 0.6833597956087990033 ) ) ;
#2884 = ORIENTED_EDGE ( 'NONE', *, *, #4939, .F. ) ;
#2885 = CARTESIAN_POINT ( 'NONE',  ( 19.07983439182435603, 8.368743863583045653E-17, 1.366719591217596896 ) ) ;
#2886 = CARTESIAN_POINT ( 'NONE',  ( 17.51733439182435248, 1.183613885844322366, 0.000000000000000000 ) ) ;
#2887 = ORIENTED_EDGE ( 'NONE', *, *, #3526, .F. ) ;
#2888 = FACE_OUTER_BOUND ( 'NONE', #4332, .T. ) ;
#2889 = CARTESIAN_POINT ( 'NONE',  ( -18.94587341226346666, 1.531250000000000000, 0.000000000000000000 ) ) ;
#2890 = CARTESIAN_POINT ( 'NONE',  ( -13.74516560817566635, 1.183613885844351010, 0.000000000000000000 ) ) ;
#2891 = CARTESIAN_POINT ( 'NONE',  ( 13.78333333333333144, 0.7500000000000002220, 1.299038105676657784 ) ) ;
#2892 = VERTEX_POINT ( 'NONE', #373 ) ;
#2893 = CARTESIAN_POINT ( 'NONE',  ( 19.92172769284587730, -0.3680687615027747883, 2.385571612819395781 ) ) ;
#2894 = CARTESIAN_POINT ( 'NONE',  ( -17.22433227484231466, 1.183613885844321922, -0.6833597956087991143 ) ) ;
#2895 = ORIENTED_EDGE ( 'NONE', *, *, #1137, .F. ) ;
#2896 = CARTESIAN_POINT ( 'NONE',  ( 17.16316772515768818, -1.183613885844322366, 0.6833597956087990033 ) ) ;
#2897 = CARTESIAN_POINT ( 'NONE',  ( 15.49650105849100612, 1.183613885844347458, 0.6833597956088126590 ) ) ;
#2898 = ADVANCED_FACE ( 'NONE', ( #3995 ), #10, .F. ) ;
#2899 = CARTESIAN_POINT ( 'NONE',  ( 16.00412658773652907, -1.531250000000000000, 1.875240411194384668E-16 ) ) ;
#2900 = CARTESIAN_POINT ( 'NONE',  ( -19.03683227484232887, -1.183613885844350788, 0.6833597956088155456 ) ) ;
#2901 = CARTESIAN_POINT ( 'NONE',  ( -19.90797947660952616, 0.4116556991237691476, 1.430828352264543080 ) ) ;
#2902 = CARTESIAN_POINT ( 'NONE',  ( 18.96804219591217233, -1.531250000000000000, 1.875240411194384668E-16 ) ) ;
#2903 = COORDINATED_UNIVERSAL_TIME_OFFSET ( 6, 0, .BEHIND. ) ;
#2904 = CARTESIAN_POINT ( 'NONE',  ( 20.00000000000000355, -2.249999999999999112, 1.299038105676656896 ) ) ;
#2905 =( BOUNDED_CURVE ( )  B_SPLINE_CURVE ( 2, ( #4601, #4571, #948, #5476, #2818, #2751, #4635 ),
 .UNSPECIFIED., .F., .T. ) 
 B_SPLINE_CURVE_WITH_KNOTS ( ( 3, 2, 2, 3 ),
 ( 0.5071163507404909954, 0.5190211126452528578, 0.5309258745500148313, 0.5428306364547768048 ),
 .UNSPECIFIED. ) 
 CURVE ( )  GEOMETRIC_REPRESENTATION_ITEM ( )  RATIONAL_B_SPLINE_CURVE ( ( 1.000000000000000000, 0.8660254037844387076, 1.000000000000000000, 0.8660254037844387076, 1.000000000000000000, 0.8660254037844387076, 1.000000000000000000 ) ) 
 REPRESENTATION_ITEM ( '' )  );
#2906 = VECTOR ( 'NONE', #5588, 1000.000000000000000 ) ;
#2907 = CC_DESIGN_PERSON_AND_ORGANIZATION_ASSIGNMENT ( #4839, #665, ( #3773 ) ) ;
#2908 = CARTESIAN_POINT ( 'NONE',  ( -15.46949788301822082, 1.500000000000637268, -0.8660254037846116804 ) ) ;
#2909 = VERTEX_POINT ( 'NONE', #2219 ) ;
#2910 = VECTOR ( 'NONE', #3605, 1000.000000000000000 ) ;
#2911 = CARTESIAN_POINT ( 'NONE',  ( -14.37016560817564859, -2.510623159074913942E-16, -1.366719591217596896 ) ) ;
#2912 = CARTESIAN_POINT ( 'NONE',  ( -17.49516560817565036, -1.183613885844322366, 1.449508956725610206E-16 ) ) ;
#2913 = CARTESIAN_POINT ( 'NONE',  ( 19.72445451090271362, -0.6022059259458415470, -1.154745761141623417 ) ) ;
#2914 = LINE ( 'NONE', #222, #2355 ) ;
#2915 = CARTESIAN_POINT ( 'NONE',  ( -15.39099894150898074, -1.183613885844322589, -0.6833597956087981151 ) ) ;
#2916 = ORIENTED_EDGE ( 'NONE', *, *, #2472, .F. ) ;
#2917 = CARTESIAN_POINT ( 'NONE',  ( 14.39233439182435426, -2.510623159074913942E-16, -1.366719591217596896 ) ) ;
#2918 = CARTESIAN_POINT ( 'NONE',  ( 16.43400105849102033, 0.5918069429221604061, -1.025039693413198227 ) ) ;
#2919 = ORIENTED_EDGE ( 'NONE', *, *, #5142, .T. ) ;
#2920 = CARTESIAN_POINT ( 'NONE',  ( -18.40420674559680236, 1.531250000000000000, 0.8840675996966143035 ) ) ;
#2921 = CYLINDRICAL_SURFACE ( 'NONE', #541, 1.500000000000000000 ) ;
#2922 = CARTESIAN_POINT ( 'NONE',  ( 18.11666666666666714, 0.7499999999999990008, -1.299038105676658672 ) ) ;
#2923 = ORIENTED_EDGE ( 'NONE', *, *, #977, .F. ) ;
#2924 = EDGE_CURVE ( 'NONE', #5181, #2540, #4023, .T. ) ;
#2925 = CARTESIAN_POINT ( 'NONE',  ( -19.91074498996844966, 0.3686825588085549943, -2.385217236779674455 ) ) ;
#2926 = CARTESIAN_POINT ( 'NONE',  ( -15.55766560817564681, 8.368743863583045653E-17, 1.366719591217596896 ) ) ;
#2927 = ORIENTED_EDGE ( 'NONE', *, *, #1236, .F. ) ;
#2928 =( BOUNDED_CURVE ( )  B_SPLINE_CURVE ( 2, ( #4371, #2908, #753, #4286, #4731, #4757, #4841 ),
 .UNSPECIFIED., .F., .F. ) 
 B_SPLINE_CURVE_WITH_KNOTS ( ( 3, 2, 2, 3 ),
 ( 0.03253631993561465624, 0.03410644901184462646, 0.03567657808807457587, 0.03724670716430453221 ),
 .UNSPECIFIED. ) 
 CURVE ( )  GEOMETRIC_REPRESENTATION_ITEM ( )  RATIONAL_B_SPLINE_CURVE ( ( 1.000000000000026201, 0.8660254037844125063, 1.000000000000000000, 0.8660254037844387076, 1.000000000000000000, 0.8660254037843961861, 1.000000000000042411 ) ) 
 REPRESENTATION_ITEM ( '' )  );
#2929 = CARTESIAN_POINT ( 'NONE',  ( 17.24650105849101678, -1.183613885844322589, -0.6833597956087981151 ) ) ;
#2930 = CARTESIAN_POINT ( 'NONE',  ( -18.38616454968466840, 1.500000000000063949, 0.8660254037844754560 ) ) ;
#2931 = CARTESIAN_POINT ( 'NONE',  ( 14.20483439182434005, -1.183613885844347235, 1.449508956725640775E-16 ) ) ;
#2932 = CARTESIAN_POINT ( 'NONE',  ( 16.83745992106986478, 0.7656250000000002220, 1.326101399544921566 ) ) ;
#2933 = ADVANCED_FACE ( 'NONE', ( #3968 ), #5769, .F. ) ;
#2934 = CARTESIAN_POINT ( 'NONE',  ( -13.93266560817564859, -1.183613885844322366, 1.449508956725610206E-16 ) ) ;
#2935 = CARTESIAN_POINT ( 'NONE',  ( -19.81405444566312113, -1.389054445663126414, 2.571172084990967001E-11 ) ) ;
#2936 = APPROVAL_ROLE ( '' ) ;
#2937 = CARTESIAN_POINT ( 'NONE',  ( -15.31529113742115911, -0.7656249999999996669, 1.326101399544921788 ) ) ;
#2938 = DIRECTION ( 'NONE',  ( 1.000000000000000000, 0.000000000000000000, 0.000000000000000000 ) ) ;
#2939 = CARTESIAN_POINT ( 'NONE',  ( -14.78683227484231466, 1.183613885844322144, -0.6833597956087991143 ) ) ;
#2940 = CARTESIAN_POINT ( 'NONE',  ( -17.78683227484231466, 1.183613885844322144, -0.6833597956087991143 ) ) ;
#2941 = CARTESIAN_POINT ( 'NONE',  ( 20.00000000000000355, -1.124999999999998224, -1.948557158514986565 ) ) ;
#2942 = CARTESIAN_POINT ( 'NONE',  ( 13.99166666666666359, -1.500000000000000222, -0.8660254037844381525 ) ) ;
#2943 = CARTESIAN_POINT ( 'NONE',  ( -16.14099894150898251, 1.183613885844322589, 0.6833597956087983372 ) ) ;
#2944 = ORIENTED_EDGE ( 'NONE', *, *, #2481, .T. ) ;
#2945 = CARTESIAN_POINT ( 'NONE',  ( 19.82983439182435248, -2.510623159074913942E-16, -1.366719591217596896 ) ) ;
#2946 = CARTESIAN_POINT ( 'NONE',  ( 18.05900105849102033, 1.183613885844322366, 0.6833597956087983372 ) ) ;
#2947 = VERTEX_POINT ( 'NONE', #5823 ) ;
#2948 = CARTESIAN_POINT ( 'NONE',  ( -20.00000000000000355, 0.000000000000000000, 0.000000000000000000 ) ) ;
#2949 = CARTESIAN_POINT ( 'NONE',  ( -18.15420674559679881, -1.531250000000000444, -0.8840675996966138595 ) ) ;
#2950 = CARTESIAN_POINT ( 'NONE',  ( -16.62500000000000355, -3.181725716174720991E-16, -1.732050807568877193 ) ) ;
#2951 = CARTESIAN_POINT ( 'NONE',  ( 13.82499999999999929, 1.060575238724906915E-16, 1.732050807568877193 ) ) ;
#2952 = ORIENTED_EDGE ( 'NONE', *, *, #2599, .T. ) ;
#2953 = CIRCLE ( 'NONE', #600, 2.249999999999998224 ) ;
#2954 = CARTESIAN_POINT ( 'NONE',  ( -19.17783121635129362, -1.500000000000000000, 1.836970198721029688E-16 ) ) ;
#2955 = CARTESIAN_POINT ( 'NONE',  ( -14.26599894150898074, 0.5918069429221604061, -1.025039693413198227 ) ) ;
#2956 = ORIENTED_EDGE ( 'NONE', *, *, #4278, .F. ) ;
#2957 = CARTESIAN_POINT ( 'NONE',  ( 17.45483439182435248, 1.183613885844322366, 0.000000000000000000 ) ) ;
#2958 = CYLINDRICAL_SURFACE ( 'NONE', #3998, 1.500000000000000000 ) ;
#2959 = EDGE_CURVE ( 'NONE', #2574, #5536, #4679, .T. ) ;
#2960 = CARTESIAN_POINT ( 'NONE',  ( 14.12150105849100434, -0.5918069429221735067, 1.025039693413219544 ) ) ;
#2961 = VERTEX_POINT ( 'NONE', #5528 ) ;
#2962 = CARTESIAN_POINT ( 'NONE',  ( 17.04579325440319337, -1.531250000000000444, -0.8840675996966138595 ) ) ;
#2963 = CARTESIAN_POINT ( 'NONE',  ( 16.27216878364870922, 1.499999999999999334, 0.000000000000000000 ) ) ;
#2964 = CARTESIAN_POINT ( 'NONE',  ( -14.62500000000000533, -3.181725716174720991E-16, -1.732050807568877193 ) ) ;
#2965 = PERSON_AND_ORGANIZATION ( #398, #5844 ) ;
#2966 = CARTESIAN_POINT ( 'NONE',  ( -13.98195780408782518, 1.531250000000000000, 0.000000000000000000 ) ) ;
#2967 = CARTESIAN_POINT ( 'NONE',  ( -13.70000000000000462, -1.500000000000000000, 0.000000000000000000 ) ) ;
#2968 = CARTESIAN_POINT ( 'NONE',  ( -14.12016560817565036, 8.368743863583045653E-17, 1.366719591217596896 ) ) ;
#2969 = CARTESIAN_POINT ( 'NONE',  ( -16.20349894150898251, 1.183613885844322589, 0.6833597956087983372 ) ) ;
#2970 = CYLINDRICAL_SURFACE ( 'NONE', #2814, 1.500000000000000000 ) ;
#2971 = CARTESIAN_POINT ( 'NONE',  ( -14.34933227484231466, -0.5918069429221617384, -1.025039693413197783 ) ) ;
#2972 = CIRCLE ( 'NONE', #3529, 1.575000000000000178 ) ;
#2973 = ORIENTED_EDGE ( 'NONE', *, *, #5618, .T. ) ;
#2974 = EDGE_CURVE ( 'NONE', #5784, #3067, #994, .T. ) ;
#2975 = CARTESIAN_POINT ( 'NONE',  ( 20.12150105849101678, -0.5918069429221609612, 1.025039693413198005 ) ) ;
#2976 = ORIENTED_EDGE ( 'NONE', *, *, #3359, .F. ) ;
#2977 = CARTESIAN_POINT ( 'NONE',  ( 18.10550211698204492, -0.7500000000000007772, -1.299038105676658228 ) ) ;
#2978 = CARTESIAN_POINT ( 'NONE',  ( -17.57087341226347021, -3.248011668595026887E-16, -1.768135199393228829 ) ) ;
#2979 = CARTESIAN_POINT ( 'NONE',  ( -20.00000000000000355, 1.500000000000000000, 1.836970198721029934E-16 ) ) ;
#2980 = CARTESIAN_POINT ( 'NONE',  ( 13.70000000000000107, 1.500000000000000000, 0.000000000000000000 ) ) ;
#2981 = ORIENTED_EDGE ( 'NONE', *, *, #5618, .F. ) ;
#2982 = CARTESIAN_POINT ( 'NONE',  ( 14.28333333333333144, 0.7500000000000002220, 1.299038105676657784 ) ) ;
#2983 = CARTESIAN_POINT ( 'NONE',  ( -14.55766560817564859, 8.368743863583045653E-17, 1.366719591217596896 ) ) ;
#2984 = VERTEX_POINT ( 'NONE', #556 ) ;
#2985 = CARTESIAN_POINT ( 'NONE',  ( 19.20483439182435603, -1.183613885844322366, 1.449508956725610206E-16 ) ) ;
#2986 = CARTESIAN_POINT ( 'NONE',  ( 19.14233439182435603, 8.368743863583045653E-17, 1.366719591217596896 ) ) ;
#2987 = CARTESIAN_POINT ( 'NONE',  ( 16.32983439182433827, -2.510623159074966697E-16, -1.366719591217625984 ) ) ;
#2988 = B_SPLINE_CURVE_WITH_KNOTS ( 'NONE', 3,
 ( #1067, #4329, #4684, #5683, #683, #1989 ),
 .UNSPECIFIED., .F., .F.,
 ( 4, 2, 4 ),
 ( 0.01435089293491969772, 0.01499661481099566311, 0.01564233668707162850 ),
 .UNSPECIFIED. ) ;
#2989 = ORIENTED_EDGE ( 'NONE', *, *, #2283, .F. ) ;
#2990 = CARTESIAN_POINT ( 'NONE',  ( 16.62912658773653263, -3.248011668595026887E-16, -1.768135199393228829 ) ) ;
#2991 = CARTESIAN_POINT ( 'NONE',  ( -19.75084707621610747, -0.4023159094486512544, -1.266233317432682526 ) ) ;
#2992 = SHAPE_DEFINITION_REPRESENTATION ( #325, #5411 ) ;
#2993 = CARTESIAN_POINT ( 'NONE',  ( -13.85695780408783051, 1.082670556198342378E-16, 1.768135199393228829 ) ) ;
#2994 = ADVANCED_FACE ( 'NONE', ( #2772 ), #1536, .F. ) ;
#2995 = CARTESIAN_POINT ( 'NONE',  ( 19.98054607680299100, 2.249999999999998668, 0.4427317056464576406 ) ) ;
#2996 = CARTESIAN_POINT ( 'NONE',  ( -15.66183227484231644, 0.5918069429221612943, 1.025039693413197783 ) ) ;
#2997 = CARTESIAN_POINT ( 'NONE',  ( -17.07849894150897896, -0.5918069429221609612, 1.025039693413198005 ) ) ;
#2998 = CARTESIAN_POINT ( 'NONE',  ( 13.70000000000000639, -0.7065369629240346727, 0.9770128842228448240 ) ) ;
#2999 = CARTESIAN_POINT ( 'NONE',  ( -15.64099894150898074, 1.183613885844322589, 0.6833597956087983372 ) ) ;
#3000 = CARTESIAN_POINT ( 'NONE',  ( 14.64233439182435248, 8.368743863583045653E-17, 1.366719591217596896 ) ) ;
#3001 = CARTESIAN_POINT ( 'NONE',  ( 13.72566772515768641, -1.183613885844322366, 0.6833597956087990033 ) ) ;
#3002 = ORIENTED_EDGE ( 'NONE', *, *, #4689, .F. ) ;
#3003 = CARTESIAN_POINT ( 'NONE',  ( 18.27216878364784236, 1.500000000000000000, -1.797562099167710686E-11 ) ) ;
#3004 = CARTESIAN_POINT ( 'NONE',  ( -17.32087341226347021, 1.082670556198342378E-16, 1.768135199393228829 ) ) ;
#3005 = ADVANCED_FACE ( 'NONE', ( #2401 ), #4208, .F. ) ;
#3006 = CARTESIAN_POINT ( 'NONE',  ( 13.70000000000000462, -0.7929205089077125956, 0.8787598632829284329 ) ) ;
#3007 = CARTESIAN_POINT ( 'NONE',  ( 16.27216878364870922, 1.499999999999999334, 0.000000000000000000 ) ) ;
#3008 = ORIENTED_EDGE ( 'NONE', *, *, #2053, .F. ) ;
#3009 = LOCAL_TIME ( 15, 29, 5.000000000000000000, #3861 ) ;
#3010 = CARTESIAN_POINT ( 'NONE',  ( 13.70483439182435248, -1.183613885844322366, 1.449508956725610206E-16 ) ) ;
#3011 = CARTESIAN_POINT ( 'NONE',  ( -20.00000000000000355, 0.000000000000000000, 0.000000000000000000 ) ) ;
#3012 = EDGE_CURVE ( 'NONE', #676, #1692, #4819, .T. ) ;
#3013 = CARTESIAN_POINT ( 'NONE',  ( -17.87500000000000355, 1.060575238724906915E-16, 1.732050807568877193 ) ) ;
#3014 = CARTESIAN_POINT ( 'NONE',  ( 19.60861388584432774, 0.4789447093878340111, 1.082383386842619810 ) ) ;
#3015 = CARTESIAN_POINT ( 'NONE',  ( 16.45483439182433827, 1.183613885844347235, 0.000000000000000000 ) ) ;
#3016 = CARTESIAN_POINT ( 'NONE',  ( 18.59304219591217233, -3.248011668595026887E-16, -1.768135199393228829 ) ) ;
#3017 = ORIENTED_EDGE ( 'NONE', *, *, #756, .T. ) ;
#3018 = CARTESIAN_POINT ( 'NONE',  ( 17.79579325440319693, 1.531250000000000000, 0.8840675996966143035 ) ) ;
#3019 = CARTESIAN_POINT ( 'NONE',  ( -19.75411924455883650, -0.4856603892361636143, -1.240158293361820485 ) ) ;
#3020 = CARTESIAN_POINT ( 'NONE',  ( 16.77216878364870212, 1.500000000000000000, -1.328936960476301019E-13 ) ) ;
#3021 = CARTESIAN_POINT ( 'NONE',  ( -18.30766560817565036, -2.510623159074913942E-16, -1.366719591217596896 ) ) ;
#3022 = CARTESIAN_POINT ( 'NONE',  ( -15.20349894150898074, 1.183613885844322589, 0.6833597956087983372 ) ) ;
#3023 = EDGE_CURVE ( 'NONE', #1800, #4836, #1955, .T. ) ;
#3024 = DIRECTION ( 'NONE',  ( -1.000000000000000000, -4.814824860968088948E-33, -0.000000000000000000 ) ) ;
#3025 = CARTESIAN_POINT ( 'NONE',  ( -19.10695780408782340, -3.248011668595026887E-16, -1.768135199393228829 ) ) ;
#3026 = VERTEX_POINT ( 'NONE', #3212 ) ;
#3027 = CARTESIAN_POINT ( 'NONE',  ( 19.95483439182435248, 1.183613885844322366, 0.000000000000000000 ) ) ;
#3028 = CARTESIAN_POINT ( 'NONE',  ( -19.03683227484231466, -1.183613885844322366, 0.6833597956087990033 ) ) ;
#3029 = CARTESIAN_POINT ( 'NONE',  ( -14.94587341226347021, 1.531250000000000000, 0.000000000000000000 ) ) ;
#3030 = DIRECTION ( 'NONE',  ( -1.000000000000000000, -4.814824860968088948E-33, -0.000000000000000000 ) ) ;
#3031 = ORIENTED_EDGE ( 'NONE', *, *, #1707, .F. ) ;
#3032 = DIRECTION ( 'NONE',  ( 0.000000000000000000, 0.000000000000000000, -1.000000000000000000 ) ) ;
#3033 =( BOUNDED_CURVE ( )  B_SPLINE_CURVE ( 2, ( #20, #2782, #2312, #1387, #3220, #4091, #5540 ),
 .UNSPECIFIED., .F., .F. ) 
 B_SPLINE_CURVE_WITH_KNOTS ( ( 3, 2, 2, 3 ),
 ( 0.1031835592980131638, 0.1047532084632277760, 0.1063228576284424021, 0.1078925067936570142 ),
 .UNSPECIFIED. ) 
 CURVE ( )  GEOMETRIC_REPRESENTATION_ITEM ( )  RATIONAL_B_SPLINE_CURVE ( ( 1.000000000000000000, 0.8660254037844388186, 1.000000000000000000, 0.8660254037844388186, 1.000000000000000000, 0.8660254037844656860, 0.9999999999999731326 ) ) 
 REPRESENTATION_ITEM ( '' )  );
#3034 = CARTESIAN_POINT ( 'NONE',  ( -13.80766560817565036, -2.510623159074913942E-16, -1.366719591217596896 ) ) ;
#3035 = CARTESIAN_POINT ( 'NONE',  ( -17.83333333333333570, -0.7499999999999996669, 1.299038105676658006 ) ) ;
#3036 = CARTESIAN_POINT ( 'NONE',  ( 19.22566772515768463, -1.183613885844322144, 0.6833597956087987813 ) ) ;
#3037 = CARTESIAN_POINT ( 'NONE',  ( 19.79903810567666156, -2.249999999999999112, 1.299038105676656674 ) ) ;
#3038 = CIRCLE ( 'NONE', #2758, 2.249999999999998668 ) ;
#3039 = ORIENTED_EDGE ( 'NONE', *, *, #5852, .T. ) ;
#3040 = EDGE_CURVE ( 'NONE', #4828, #116, #4323, .T. ) ;
#3041 = CARTESIAN_POINT ( 'NONE',  ( 18.79579325440320048, 1.531250000000000000, 0.8840675996966143035 ) ) ;
#3042 = AXIS2_PLACEMENT_3D ( 'NONE', #2024, #1160, #2525 ) ;
#3043 = CARTESIAN_POINT ( 'NONE',  ( -15.25000000000000178, -1.500000000000000000, 1.836970198721029934E-16 ) ) ;
#3044 = CARTESIAN_POINT ( 'NONE',  ( 19.79903810567673617, 2.249999999999998668, -1.299038105676767474 ) ) ;
#3045 = CARTESIAN_POINT ( 'NONE',  ( -17.43266560817565036, -1.183613885844322366, 1.449508956725610206E-16 ) ) ;
#3046 = CARTESIAN_POINT ( 'NONE',  ( -17.93266560817565036, -1.183613885844322366, 1.449508956725610206E-16 ) ) ;
#3047 = CARTESIAN_POINT ( 'NONE',  ( -15.41183227484231466, -0.5918069429221617384, -1.025039693413197783 ) ) ;
#3048 = CARTESIAN_POINT ( 'NONE',  ( 19.71825640118736089, -0.7469636377950291672, -1.059275774875228171 ) ) ;
#3049 = CARTESIAN_POINT ( 'NONE',  ( -19.23195780408782340, -1.531250000000000000, 1.875240411194384668E-16 ) ) ;
#3050 = ORIENTED_EDGE ( 'NONE', *, *, #5142, .F. ) ;
#3051 = CARTESIAN_POINT ( 'NONE',  ( 15.85066772515768641, -0.5918069429221617384, -1.025039693413197783 ) ) ;
#3052 = EDGE_CURVE ( 'NONE', #1544, #4416, #1489, .T. ) ;
#3053 = ORIENTED_EDGE ( 'NONE', *, *, #3414, .T. ) ;
#3054 = CARTESIAN_POINT ( 'NONE',  ( 15.64716878364870745, -3.181725716174720005E-16, -1.732050807568876971 ) ) ;
#3055 = CARTESIAN_POINT ( 'NONE',  ( -15.82087341226346844, 1.082670556198342378E-16, 1.768135199393228829 ) ) ;
#3056 = CARTESIAN_POINT ( 'NONE',  ( -19.79903810567666156, -1.620551435518700907E-15, 2.598076211353314680 ) ) ;
#3057 = CARTESIAN_POINT ( 'NONE',  ( 19.86022993090467992, 2.066424524318430489, -1.405025455978023530 ) ) ;
#3058 = ORIENTED_EDGE ( 'NONE', *, *, #1251, .F. ) ;
#3059 = CARTESIAN_POINT ( 'NONE',  ( 14.40833333333332966, -1.499999999999999778, 0.8660254037844391517 ) ) ;
#3060 = CARTESIAN_POINT ( 'NONE',  ( 19.14716878364835750, -3.181725716175993522E-16, -1.732050807569569972 ) ) ;
#3061 = CIRCLE ( 'NONE', #36, 1.500000000000000000 ) ;
#3062 = CARTESIAN_POINT ( 'NONE',  ( 19.60861388584432774, 0.3390534630603224131, 1.144283978751815978 ) ) ;
#3063 = CARTESIAN_POINT ( 'NONE',  ( 13.70000000000000107, -0.05466472521832779763, -1.407913238419825630 ) ) ;
#3064 = CARTESIAN_POINT ( 'NONE',  ( -13.70000000000000462, -0.8796215959558286723, 1.112888868218743887 ) ) ;
#3065 = CARTESIAN_POINT ( 'NONE',  ( -18.78683227484232887, 1.183613885844350566, -0.6833597956088156566 ) ) ;
#3066 = CARTESIAN_POINT ( 'NONE',  ( 19.92637552924550803, -1.531249999999999556, 0.8840675996966148587 ) ) ;
#3067 = VERTEX_POINT ( 'NONE', #1063 ) ;
#3068 = CARTESIAN_POINT ( 'NONE',  ( 18.96245992106986478, -1.531249999999999556, 0.8840675996966148587 ) ) ;
#3069 = CARTESIAN_POINT ( 'NONE',  ( -15.30283121635156363, 1.060575238725240209E-16, 1.732050807569421202 ) ) ;
#3070 = EDGE_CURVE ( 'NONE', #4357, #3836, #3785, .T. ) ;
#3071 = CARTESIAN_POINT ( 'NONE',  ( 13.89716878364867725, 1.060575238724945495E-16, 1.732050807568940476 ) ) ;
#3072 = DIRECTION ( 'NONE',  ( -1.000000000000000000, -4.814824860968088948E-33, -0.000000000000000000 ) ) ;
#3073 = CARTESIAN_POINT ( 'NONE',  ( -19.39099894150897896, -1.183613885844322589, -0.6833597956087981151 ) ) ;
#3074 = CARTESIAN_POINT ( 'NONE',  ( -14.37016560817564859, -2.510623159074913942E-16, -1.366719591217596896 ) ) ;
#3075 = CARTESIAN_POINT ( 'NONE',  ( -18.67783121635033083, -1.500000000000000000, -1.993387071016027013E-11 ) ) ;
#3076 = CARTESIAN_POINT ( 'NONE',  ( -13.38229007748070387, -0.9575792045233099126, -0.6956895125183376605 ) ) ;
#3077 = ORIENTED_EDGE ( 'NONE', *, *, #3885, .T. ) ;
#3078 = CARTESIAN_POINT ( 'NONE',  ( 16.97566772515768818, 1.183613885844322144, -0.6833597956087991143 ) ) ;
#3079 = EDGE_LOOP ( 'NONE', ( #5290, #1703, #1819, #5409 ) ) ;
#3080 = CIRCLE ( 'NONE', #2812, 2.249999999999998224 ) ;
#3081 = CARTESIAN_POINT ( 'NONE',  ( -19.49516560817564681, -1.183613885844322366, 1.449508956725610206E-16 ) ) ;
#3082 = CARTESIAN_POINT ( 'NONE',  ( -16.40420674559680592, 1.531250000000000000, 0.8840675996966143035 ) ) ;
#3083 = EDGE_CURVE ( 'NONE', #3393, #1651, #3702, .T. ) ;
#3084 = DIRECTION ( 'NONE',  ( 0.000000000000000000, -1.000000000000000000, 0.000000000000000000 ) ) ;
#3085 = CARTESIAN_POINT ( 'NONE',  ( 15.06383545031546412, -1.499999999998381073, -0.8660254037853729603 ) ) ;
#3086 = ORIENTED_EDGE ( 'NONE', *, *, #4235, .T. ) ;
#3087 =( BOUNDED_CURVE ( )  B_SPLINE_CURVE ( 2, ( #386, #5839, #3581, #2205, #4539, #1335, #4065 ),
 .UNSPECIFIED., .F., .F. ) 
 B_SPLINE_CURVE_WITH_KNOTS ( ( 3, 2, 2, 3 ),
 ( 0.01699424095334893178, 0.01856411650211404335, 0.02013399205087915145, 0.02170386759964427689 ),
 .UNSPECIFIED. ) 
 CURVE ( )  GEOMETRIC_REPRESENTATION_ITEM ( )  RATIONAL_B_SPLINE_CURVE ( ( 0.9999999999999650280, 0.8660254037844736796, 1.000000000000000000, 0.8660254037844387076, 1.000000000000000000, 0.8660254037844387076, 1.000000000000000000 ) ) 
 REPRESENTATION_ITEM ( '' )  );
#3088 = CARTESIAN_POINT ( 'NONE',  ( 15.20483439182435248, -1.183613885844322366, 1.449508956725610206E-16 ) ) ;
#3089 = VECTOR ( 'NONE', #2529, 1000.000000000000000 ) ;
#3090 = CARTESIAN_POINT ( 'NONE',  ( 14.80900105849102033, -1.183613885844322589, -0.6833597956087981151 ) ) ;
#3091 = DIRECTION ( 'NONE',  ( 0.000000000000000000, 0.000000000000000000, -1.000000000000000000 ) ) ;
#3092 = CARTESIAN_POINT ( 'NONE',  ( 20.00000000000000355, 2.249999999999998668, 1.299038105676658672 ) ) ;
#3093 = CARTESIAN_POINT ( 'NONE',  ( -13.69999999999999751, -0.4037779228964381573, 1.309863563132887876 ) ) ;
#3094 = APPROVAL_PERSON_ORGANIZATION ( #246, #2381, #751 ) ;
#3095 = CARTESIAN_POINT ( 'NONE',  ( -18.32849894150899672, 0.5918069429221747280, -1.025039693413223096 ) ) ;
#3097 = EDGE_CURVE ( 'NONE', #3836, #1184, #3127, .T. ) ;
#3096 = CARTESIAN_POINT ( 'NONE',  ( 20.30137552924550803, 0.7656250000000002220, 1.326101399544921566 ) ) ;
#3098 = CYLINDRICAL_SURFACE ( 'NONE', #2664, 1.500000000000000000 ) ;
#3099 = ORIENTED_EDGE ( 'NONE', *, *, #1643, .T. ) ;
#3100 = APPROVAL_PERSON_ORGANIZATION ( #4312, #197, #2936 ) ;
#3101 = CARTESIAN_POINT ( 'NONE',  ( 13.53816772515768641, 0.5918069429221612943, 1.025039693413197783 ) ) ;
#3102 = CARTESIAN_POINT ( 'NONE',  ( 17.39716878364870567, 1.060575238724908517E-16, 1.732050807568879636 ) ) ;
#3103 = CARTESIAN_POINT ( 'NONE',  ( 20.00000000000000355, 0.000000000000000000, 0.000000000000000000 ) ) ;
#3104 = CARTESIAN_POINT ( 'NONE',  ( -18.26599894150897896, 0.5918069429221604061, -1.025039693413198227 ) ) ;
#3105 = EDGE_CURVE ( 'NONE', #1631, #3386, #3846, .T. ) ;
#3106 = CARTESIAN_POINT ( 'NONE',  ( -18.26599894150897896, 0.5918069429221604061, -1.025039693413198227 ) ) ;
#3107 = CARTESIAN_POINT ( 'NONE',  ( -14.45349894150898074, -1.183613885844322589, -0.6833597956087981151 ) ) ;
#3108 = CARTESIAN_POINT ( 'NONE',  ( 14.00970886257884196, -1.531250000000000444, -0.8840675996966138595 ) ) ;
#3109 = CARTESIAN_POINT ( 'NONE',  ( -16.67783121635129007, -1.499999999999999556, 1.836970198721029688E-16 ) ) ;
#3110 = CARTESIAN_POINT ( 'NONE',  ( -13.64099894150898074, 1.183613885844322589, 0.6833597956087983372 ) ) ;
#3111 = CARTESIAN_POINT ( 'NONE',  ( 13.72566772515768641, -1.183613885844322366, 0.6833597956087990033 ) ) ;
#3112 = CARTESIAN_POINT ( 'NONE',  ( 17.14233439182435248, 8.368743863583045653E-17, 1.366719591217596896 ) ) ;
#3113 = ORIENTED_EDGE ( 'NONE', *, *, #3907, .F. ) ;
#3114 = CARTESIAN_POINT ( 'NONE',  ( -19.82849894150898251, 0.5918069429221604061, -1.025039693413198227 ) ) ;
#3115 = CARTESIAN_POINT ( 'NONE',  ( -14.69587341226347021, -1.531250000000000000, 1.875240411194384668E-16 ) ) ;
#3116 = CARTESIAN_POINT ( 'NONE',  ( 19.62844078325528940, -0.8378794552107656779, 0.8724992739298589317 ) ) ;
#3117 = CARTESIAN_POINT ( 'NONE',  ( 16.24650105849100612, -1.183613885844347680, -0.6833597956088124370 ) ) ;
#3118 = CARTESIAN_POINT ( 'NONE',  ( 20.00000000000000355, 1.124999999999999334, -1.948557158514985455 ) ) ;
#3119 = EDGE_LOOP ( 'NONE', ( #3505, #1020, #233, #679, #766, #4641 ) ) ;
#3120 = CARTESIAN_POINT ( 'NONE',  ( 15.66316772515768463, -1.183613885844322366, 0.6833597956087990033 ) ) ;
#3121 = CARTESIAN_POINT ( 'NONE',  ( -15.50000000000000178, 1.500000000000000000, 0.000000000000000000 ) ) ;
#3122 = CARTESIAN_POINT ( 'NONE',  ( 17.90833333333333499, -1.499999999999999778, 0.8660254037844391517 ) ) ;
#3123 = CARTESIAN_POINT ( 'NONE',  ( -20.00000000000000355, 0.000000000000000000, 0.000000000000000000 ) ) ;
#3124 = CARTESIAN_POINT ( 'NONE',  ( -20.00000000000000355, -1.315951922094011239, -1.838311014891731432 ) ) ;
#3125 = CARTESIAN_POINT ( 'NONE',  ( -16.87016560817566457, -2.510623159074974586E-16, -1.366719591217629981 ) ) ;
#3126 = CARTESIAN_POINT ( 'NONE',  ( -19.88431796986646560, 1.466761563273204727, 0.8852156241760960054 ) ) ;
#3127 =( BOUNDED_CURVE ( )  B_SPLINE_CURVE ( 2, ( #3690, #5495, #4795, #4824, #2014, #1623, #5210 ),
 .UNSPECIFIED., .F., .F. ) 
 B_SPLINE_CURVE_WITH_KNOTS ( ( 3, 2, 2, 3 ),
 ( 0.8285449221794318753, 0.8404496840841937377, 0.8523544459889556002, 0.8642592078937175737 ),
 .UNSPECIFIED. ) 
 CURVE ( )  GEOMETRIC_REPRESENTATION_ITEM ( )  RATIONAL_B_SPLINE_CURVE ( ( 1.000000000000000000, 0.8660254037844387076, 1.000000000000000000, 0.8660254037844387076, 1.000000000000000000, 0.8660254037844387076, 1.000000000000000000 ) ) 
 REPRESENTATION_ITEM ( '' )  );
#3128 = CARTESIAN_POINT ( 'NONE',  ( -19.75000000000000000, -1.500000000000000000, 1.836970198721029934E-16 ) ) ;
#3129 = ORIENTED_EDGE ( 'NONE', *, *, #4799, .F. ) ;
#3130 = EDGE_CURVE ( 'NONE', #3175, #3856, #300, .T. ) ;
#3131 = CARTESIAN_POINT ( 'NONE',  ( 19.67079325440320048, 0.7656249999999990008, -1.326101399544922455 ) ) ;
#3132 = CARTESIAN_POINT ( 'NONE',  ( -15.92783121635129184, 1.499999999999999334, 0.000000000000000000 ) ) ;
#3133 = CARTESIAN_POINT ( 'NONE',  ( -20.00000000000000355, -2.249999999999998668, -7.511572993685794170E-16 ) ) ;
#3134 = CARTESIAN_POINT ( 'NONE',  ( -17.51599894150897896, -0.5918069429221609612, 1.025039693413198005 ) ) ;
#3135 = VECTOR ( 'NONE', #3191, 1000.000000000000000 ) ;
#3136 = CARTESIAN_POINT ( 'NONE',  ( -18.64099894150897896, 1.183613885844322589, 0.6833597956087983372 ) ) ;
#3137 = CARTESIAN_POINT ( 'NONE',  ( -13.91183227484231466, -0.5918069429221617384, -1.025039693413197783 ) ) ;
#3138 = CARTESIAN_POINT ( 'NONE',  ( 16.09304219591217233, -3.248011668595026887E-16, -1.768135199393228829 ) ) ;
#3139 = CARTESIAN_POINT ( 'NONE',  ( -14.01116454968462577, 0.7499999999999986677, -1.299038105676658228 ) ) ;
#3140 = CARTESIAN_POINT ( 'NONE',  ( -19.60695780408783051, -3.248011668595026887E-16, -1.768135199393228829 ) ) ;
#3141 = CARTESIAN_POINT ( 'NONE',  ( 17.01733439182435248, 1.183613885844322366, 0.000000000000000000 ) ) ;
#3142 = CARTESIAN_POINT ( 'NONE',  ( 15.55900105849102033, 1.183613885844322589, 0.6833597956087983372 ) ) ;
#3143 = CARTESIAN_POINT ( 'NONE',  ( -18.70349894150898251, 1.183613885844322589, 0.6833597956087983372 ) ) ;
#3144 = CARTESIAN_POINT ( 'NONE',  ( -16.32087341226347021, 1.082670556198342378E-16, 1.768135199393228829 ) ) ;
#3145 = DIRECTION ( 'NONE',  ( 1.000000000000000000, 0.000000000000000000, 0.000000000000000000 ) ) ;
#3146 = CARTESIAN_POINT ( 'NONE',  ( 18.16316772515767042, -1.183613885844347235, 0.6833597956088133252 ) ) ;
#3147 = CARTESIAN_POINT ( 'NONE',  ( -19.22433227484231466, 1.183613885844322144, -0.6833597956087991143 ) ) ;
#3148 = EDGE_CURVE ( 'NONE', #2704, #4707, #5154, .T. ) ;
#3149 = EDGE_LOOP ( 'NONE', ( #3461, #687, #1852, #3297 ) ) ;
#3150 = CARTESIAN_POINT ( 'NONE',  ( 15.28816772515768641, -0.5918069429221617384, -1.025039693413197783 ) ) ;
#3151 = CARTESIAN_POINT ( 'NONE',  ( 14.68400105849102033, -0.5918069429221609612, 1.025039693413198005 ) ) ;
#3152 = DIRECTION ( 'NONE',  ( -4.814824860968088948E-33, 1.000000000000000000, 0.000000000000000000 ) ) ;
#3153 = CARTESIAN_POINT ( 'NONE',  ( -16.42783121635261523, 1.500000000000000000, -2.744604543629598203E-11 ) ) ;
#3154 = CARTESIAN_POINT ( 'NONE',  ( 19.52216878364870922, -1.499999999999999112, 5.613893746097986614E-14 ) ) ;
#3155 = CARTESIAN_POINT ( 'NONE',  ( -17.28683227484233242, 1.183613885844350566, -0.6833597956088156566 ) ) ;
#3156 = CARTESIAN_POINT ( 'NONE',  ( 15.44999999999999929, -1.500000000000000000, 1.836970198721029934E-16 ) ) ;
#3157 = CARTESIAN_POINT ( 'NONE',  ( 17.10550211698204137, -0.7500000000000013323, -1.299038105676659116 ) ) ;
#3158 = VERTEX_POINT ( 'NONE', #5733 ) ;
#3159 = CARTESIAN_POINT ( 'NONE',  ( 20.05450285744059968, -1.238819242840986101, -0.9000296917696030130 ) ) ;
#3160 = EDGE_CURVE ( 'NONE', #1041, #4688, #3935, .T. ) ;
#3161 = CARTESIAN_POINT ( 'NONE',  ( -17.01599894150897896, -0.5918069429221609612, 1.025039693413198005 ) ) ;
#3162 = CARTESIAN_POINT ( 'NONE',  ( -14.37500000000000000, 1.060575238724906915E-16, 1.732050807568877193 ) ) ;
#3163 = CARTESIAN_POINT ( 'NONE',  ( 15.25970886257884196, 1.531250000000000000, 0.8840675996966143035 ) ) ;
#3164 = EDGE_CURVE ( 'NONE', #4265, #2359, #4380, .T. ) ;
#3165 = CARTESIAN_POINT ( 'NONE',  ( -17.73195780408782696, -1.531250000000000000, 1.875240411194384668E-16 ) ) ;
#3166 = CARTESIAN_POINT ( 'NONE',  ( 16.47566772515768463, 1.183613885844322144, -0.6833597956087991143 ) ) ;
#3167 = CARTESIAN_POINT ( 'NONE',  ( 17.85066772515768463, -0.5918069429221617384, -1.025039693413197783 ) ) ;
#3168 =( BOUNDED_CURVE ( )  B_SPLINE_CURVE ( 2, ( #1266, #2249, #1323, #1354, #2196, #3126, #1239 ),
 .UNSPECIFIED., .F., .F. ) 
 B_SPLINE_CURVE_WITH_KNOTS ( ( 3, 2, 2, 3 ),
 ( 0.1126025371021553978, 0.1141727016815395762, 0.1157428662609237546, 0.1172524072807887147 ),
 .UNSPECIFIED. ) 
 CURVE ( )  GEOMETRIC_REPRESENTATION_ITEM ( )  RATIONAL_B_SPLINE_CURVE ( ( 1.000000000000009326, 0.8660254037844293817, 1.000000000000000000, 0.8660254037844387076, 1.000000000000000000, 0.8711981207176684450, 0.9900540000744093572 ) ) 
 REPRESENTATION_ITEM ( '' )  );
#3169 = EDGE_LOOP ( 'NONE', ( #816, #4242, #2391 ) ) ;
#3170 = CARTESIAN_POINT ( 'NONE',  ( -18.28683227484231466, 1.183613885844322144, -0.6833597956087991143 ) ) ;
#3171 = CARTESIAN_POINT ( 'NONE',  ( -19.16183227484231466, 0.5918069429221612943, 1.025039693413197783 ) ) ;
#3172 = CARTESIAN_POINT ( 'NONE',  ( -19.60861388584432419, 0.7144809482103977594, 0.9436412482547943403 ) ) ;
#3173 = CARTESIAN_POINT ( 'NONE',  ( 17.91316772515767042, 1.183613885844347013, -0.6833597956088134362 ) ) ;
#3174 = CARTESIAN_POINT ( 'NONE',  ( -17.76599894150897896, 0.5918069429221604061, -1.025039693413198227 ) ) ;
#3175 = VERTEX_POINT ( 'NONE', #3003 ) ;
#3176 = CARTESIAN_POINT ( 'NONE',  ( 14.99650105849102033, 1.183613885844322589, 0.6833597956087983372 ) ) ;
#3177 = CARTESIAN_POINT ( 'NONE',  ( 14.76733439182435248, -1.183613885844322366, 1.449508956725610206E-16 ) ) ;
#3178 = EDGE_CURVE ( 'NONE', #1204, #3217, #5745, .T. ) ;
#3179 = CARTESIAN_POINT ( 'NONE',  ( -19.91074498996844966, -0.3686825588085556049, 2.385217236779675343 ) ) ;
#3180 = CARTESIAN_POINT ( 'NONE',  ( -19.92172769284587730, 1.881931238497225323, -1.511542704210575350 ) ) ;
#3181 = CARTESIAN_POINT ( 'NONE',  ( 18.19999999999999574, 1.500000000000000000, 0.000000000000000000 ) ) ;
#3182 = CARTESIAN_POINT ( 'NONE',  ( -16.28683227484232887, 1.183613885844350566, -0.6833597956088156566 ) ) ;
#3183 = CARTESIAN_POINT ( 'NONE',  ( -15.95833333333333748, 1.499999999999999778, 0.8660254037844384856 ) ) ;
#3184 = CARTESIAN_POINT ( 'NONE',  ( 18.97566772515768818, 1.183613885844322144, -0.6833597956087991143 ) ) ;
#3185 = AXIS2_PLACEMENT_3D ( 'NONE', #2517, #5735, #3369 ) ;
#3186 = FACE_OUTER_BOUND ( 'NONE', #5352, .T. ) ;
#3187 = ORIENTED_EDGE ( 'NONE', *, *, #1083, .T. ) ;
#3188 = AXIS2_PLACEMENT_3D ( 'NONE', #2422, #5054, #3651 ) ;
#3189 = CARTESIAN_POINT ( 'NONE',  ( 16.70483439182435248, -1.183613885844322366, 1.449508956725610206E-16 ) ) ;
#3190 = DIRECTION ( 'NONE',  ( -1.000000000000000000, -4.814824860968088948E-33, -0.000000000000000000 ) ) ;
#3191 = DIRECTION ( 'NONE',  ( -1.000000000000000000, -4.814824860968088948E-33, -0.000000000000000000 ) ) ;
#3192 = CARTESIAN_POINT ( 'NONE',  ( 15.37912658773653085, 1.082670556198342378E-16, 1.768135199393228829 ) ) ;
#3193 = CARTESIAN_POINT ( 'NONE',  ( -15.68266560817564681, 1.183613885844322366, 0.000000000000000000 ) ) ;
#3194 = CARTESIAN_POINT ( 'NONE',  ( 15.94999999999999574, -1.500000000000000000, 1.836970198721029934E-16 ) ) ;
#3195 = CARTESIAN_POINT ( 'NONE',  ( 15.42637552924550803, -1.531249999999999556, 0.8840675996966148587 ) ) ;
#3196 = CARTESIAN_POINT ( 'NONE',  ( -17.04166666666667140, 1.499999999999999778, -0.8660254037844394848 ) ) ;
#3197 = CARTESIAN_POINT ( 'NONE',  ( -17.23195780408782696, -1.531250000000000000, 1.875240411194384668E-16 ) ) ;
#3198 = CARTESIAN_POINT ( 'NONE',  ( 15.22566772515768463, -1.183613885844322366, 0.6833597956087990033 ) ) ;
#3199 = CARTESIAN_POINT ( 'NONE',  ( -13.70000000000000462, -1.438461276204703765, 0.4252401167100016144 ) ) ;
#3200 = ADVANCED_FACE ( 'NONE', ( #5705 ), #4325, .F. ) ;
#3201 = ORIENTED_EDGE ( 'NONE', *, *, #5215, .T. ) ;
#3202 = CARTESIAN_POINT ( 'NONE',  ( -16.03683227484231466, -1.183613885844322366, 0.6833597956087990033 ) ) ;
#3203 = CARTESIAN_POINT ( 'NONE',  ( -13.98754007893013807, 1.531249999999999556, -0.8840675996966153027 ) ) ;
#3204 = CARTESIAN_POINT ( 'NONE',  ( 14.43883545031508753, -0.7500000000002471356, 1.299038105677086552 ) ) ;
#3205 = CARTESIAN_POINT ( 'NONE',  ( -20.00000000000000355, 0.000000000000000000, 0.000000000000000000 ) ) ;
#3206 = CARTESIAN_POINT ( 'NONE',  ( -19.51599894150898251, -0.5918069429221609612, 1.025039693413198005 ) ) ;
#3207 = CARTESIAN_POINT ( 'NONE',  ( 18.39716878364868435, 1.060575238724937976E-16, 1.732050807568927819 ) ) ;
#3208 = ORIENTED_EDGE ( 'NONE', *, *, #1960, .T. ) ;
#3209 = CARTESIAN_POINT ( 'NONE',  ( 19.45483439182435603, 1.183613885844322366, 0.000000000000000000 ) ) ;
#3210 = CARTESIAN_POINT ( 'NONE',  ( 14.60550211698204137, -0.7500000000000017764, -1.299038105676659782 ) ) ;
#3211 = CARTESIAN_POINT ( 'NONE',  ( -15.62500000000000355, -3.181725716174720991E-16, -1.732050807568877193 ) ) ;
#3212 = CARTESIAN_POINT ( 'NONE',  ( -19.17783121635129362, -1.500000000000000000, 1.836970198721029688E-16 ) ) ;
#3213 = CARTESIAN_POINT ( 'NONE',  ( -20.15420674559680236, -1.531250000000000444, -0.8840675996966138595 ) ) ;
#3214 = CARTESIAN_POINT ( 'NONE',  ( -13.70000000000000462, 0.9992873820530538964, 0.6343237019322631731 ) ) ;
#3215 = CARTESIAN_POINT ( 'NONE',  ( 17.97566772515768463, 1.183613885844322144, -0.6833597956087991143 ) ) ;
#3216 = CARTESIAN_POINT ( 'NONE',  ( -13.70000000000000284, 1.103487352368575980, -0.5221042423901833818 ) ) ;
#3217 = VERTEX_POINT ( 'NONE', #2132 ) ;
#3218 = CARTESIAN_POINT ( 'NONE',  ( 16.49650105849102033, 1.183613885844322589, 0.6833597956087983372 ) ) ;
#3219 = CARTESIAN_POINT ( 'NONE',  ( 17.44999999999999574, -1.500000000000000000, 1.836970198721029934E-16 ) ) ;
#3220 = CARTESIAN_POINT ( 'NONE',  ( -19.34449788301796147, 0.7499999999999998890, 1.299038105676657340 ) ) ;
#3221 = ADVANCED_FACE ( 'NONE', ( #2888 ), #1652, .F. ) ;
#3222 = CARTESIAN_POINT ( 'NONE',  ( 14.58745992106986478, -0.7656250000000006661, -1.326101399544921566 ) ) ;
#3223 = CARTESIAN_POINT ( 'NONE',  ( -15.30766560817564681, -2.510623159074913942E-16, -1.366719591217596896 ) ) ;
#3224 = CARTESIAN_POINT ( 'NONE',  ( 17.60550211698204137, -0.7500000000000008882, -1.299038105676658450 ) ) ;
#3225 = CARTESIAN_POINT ( 'NONE',  ( 14.46804219591217588, -1.531250000000000000, 1.875240411194384668E-16 ) ) ;
#3226 = CARTESIAN_POINT ( 'NONE',  ( -15.69029113742116088, -1.531250000000000444, -0.8840675996966138595 ) ) ;
#3227 = CONICAL_SURFACE ( 'NONE', #4947, 2.249999999999998668, 1.047197551196600074 ) ;
#3228 = CARTESIAN_POINT ( 'NONE',  ( 15.68400105849102033, -0.5918069429221609612, 1.025039693413198005 ) ) ;
#3229 = CARTESIAN_POINT ( 'NONE',  ( 18.93400105849102033, 0.5918069429221604061, -1.025039693413198227 ) ) ;
#3230 = ORIENTED_EDGE ( 'NONE', *, *, #1018, .T. ) ;
#3231 = CARTESIAN_POINT ( 'NONE',  ( -18.41183227484231466, -0.5918069429221617384, -1.025039693413197783 ) ) ;
#3232 = CARTESIAN_POINT ( 'NONE',  ( -19.28683227484231821, 1.183613885844322144, -0.6833597956087991143 ) ) ;
#3233 = CYLINDRICAL_SURFACE ( 'NONE', #356, 1.500000000000000000 ) ;
#3234 = CARTESIAN_POINT ( 'NONE',  ( 19.60861388584432774, -0.4087657049953949406, 1.110789102027524899 ) ) ;
#3235 = CARTESIAN_POINT ( 'NONE',  ( -17.55766560817565036, 8.368743863583045653E-17, 1.366719591217596896 ) ) ;
#3236 = CARTESIAN_POINT ( 'NONE',  ( -16.84449788301795792, 0.7499999999999997780, 1.299038105676657118 ) ) ;
#3237 = EDGE_LOOP ( 'NONE', ( #2013, #5222, #4324, #2086 ) ) ;
#3238 = CARTESIAN_POINT ( 'NONE',  ( 17.57983439182435248, 8.368743863583045653E-17, 1.366719591217596896 ) ) ;
#3239 = CARTESIAN_POINT ( 'NONE',  ( 17.85066772515768463, -0.5918069429221617384, -1.025039693413197783 ) ) ;
#3240 = CARTESIAN_POINT ( 'NONE',  ( 20.00000000000000355, -1.125000000000000222, 1.948557158514985010 ) ) ;
#3241 = CARTESIAN_POINT ( 'NONE',  ( -18.13616454968490643, -1.500000000001113998, -0.8660254037842837205 ) ) ;
#3242 = CARTESIAN_POINT ( 'NONE',  ( 19.92113270467420705, -0.3898688881109935722, 1.449132585556152986 ) ) ;
#3243 = CARTESIAN_POINT ( 'NONE',  ( -14.41183227484233065, -0.5918069429221760602, -1.025039693413222430 ) ) ;
#3244 = CARTESIAN_POINT ( 'NONE',  ( 20.00000000000000355, -1.124999999999998224, -1.948557158514986565 ) ) ;
#3245 = CARTESIAN_POINT ( 'NONE',  ( 18.43400105849102033, 0.5918069429221604061, -1.025039693413198227 ) ) ;
#3246 = CARTESIAN_POINT ( 'NONE',  ( -19.55283121635129362, -3.181725716174722470E-16, -1.732050807568878303 ) ) ;
#3247 = CARTESIAN_POINT ( 'NONE',  ( -18.47433227484231466, -1.183613885844322144, 0.6833597956087987813 ) ) ;
#3248 = EDGE_LOOP ( 'NONE', ( #1155, #1181, #160 ) ) ;
#3249 = CARTESIAN_POINT ( 'NONE',  ( 14.99650105849102033, 1.183613885844322589, 0.6833597956087983372 ) ) ;
#3250 = CARTESIAN_POINT ( 'NONE',  ( -19.75000000000000000, -1.500000000000000000, 1.836970198721029934E-16 ) ) ;
#3251 = CARTESIAN_POINT ( 'NONE',  ( 15.39716878364870745, 1.060575238724906915E-16, 1.732050807568877193 ) ) ;
#3252 = B_SPLINE_CURVE_WITH_KNOTS ( 'NONE', 3,
 ( #5721, #2533, #4258, #2093, #1195, #698 ),
 .UNSPECIFIED., .F., .F.,
 ( 4, 2, 4 ),
 ( 0.000000000000000000, 0.0004593191843064154778, 0.0009186383686128309555 ),
 .UNSPECIFIED. ) ;
#3253 = CARTESIAN_POINT ( 'NONE',  ( 15.17079325440319870, 0.7656249999999990008, -1.326101399544922455 ) ) ;
#3254 = EDGE_CURVE ( 'NONE', #3345, #4530, #5182, .T. ) ;
#3255 = CARTESIAN_POINT ( 'NONE',  ( -15.18266560817564681, 1.183613885844322366, 0.000000000000000000 ) ) ;
#3256 = CARTESIAN_POINT ( 'NONE',  ( 15.81383545031490456, 1.500000000008088641, 0.8660254037798105209 ) ) ;
#3257 = CARTESIAN_POINT ( 'NONE',  ( 16.92637552924551159, -1.531249999999999556, 0.8840675996966148587 ) ) ;
#3258 = CARTESIAN_POINT ( 'NONE',  ( -20.00000000000000355, -1.124999999999998224, -1.948557158514986565 ) ) ;
#3259 = CARTESIAN_POINT ( 'NONE',  ( -17.52362447075449126, 1.531249999999999556, -0.8840675996966153027 ) ) ;
#3260 = CARTESIAN_POINT ( 'NONE',  ( 15.30900105849102033, -1.183613885844322589, -0.6833597956087981151 ) ) ;
#3261 = CARTESIAN_POINT ( 'NONE',  ( 18.80900105849102033, -1.183613885844322589, -0.6833597956087981151 ) ) ;
#3262 = ORIENTED_EDGE ( 'NONE', *, *, #1517, .F. ) ;
#3263 = CARTESIAN_POINT ( 'NONE',  ( -16.41183227484231466, -0.5918069429221617384, -1.025039693413197783 ) ) ;
#3264 = CARTESIAN_POINT ( 'NONE',  ( -14.40420674559680414, 1.531250000000000000, 0.8840675996966143035 ) ) ;
#3265 = DIRECTION ( 'NONE',  ( -1.000000000000000000, -4.814824860968088948E-33, -0.000000000000000000 ) ) ;
#3266 = CARTESIAN_POINT ( 'NONE',  ( -14.80283121635129540, 1.060575238724909133E-16, 1.732050807568880746 ) ) ;
#3267 = CARTESIAN_POINT ( 'NONE',  ( -19.18266560817564681, 1.183613885844322366, 0.000000000000000000 ) ) ;
#3268 = CARTESIAN_POINT ( 'NONE',  ( -19.92499999999817462, 1.498870737529918840, 0.05819374683775747209 ) ) ;
#3269 = ORIENTED_EDGE ( 'NONE', *, *, #1890, .T. ) ;
#3270 = CARTESIAN_POINT ( 'NONE',  ( 16.95483439182435248, 1.183613885844322366, 0.000000000000000000 ) ) ;
#3271 = CARTESIAN_POINT ( 'NONE',  ( 16.85066772515768818, -0.5918069429221617384, -1.025039693413197783 ) ) ;
#3272 = DIRECTION ( 'NONE',  ( 0.000000000000000000, 0.000000000000000000, -1.000000000000000000 ) ) ;
#3273 = CARTESIAN_POINT ( 'NONE',  ( 13.70000000000001883, -1.167295010380135389, -0.4396990888972994171 ) ) ;
#3274 = CARTESIAN_POINT ( 'NONE',  ( 19.89403559372805574, -1.242640687105046826, 1.014611872362797040 ) ) ;
#3275 = B_SPLINE_CURVE_WITH_KNOTS ( 'NONE', 3,
 ( #4546, #4043, #5847, #423 ),
 .UNSPECIFIED., .F., .F.,
 ( 4, 4 ),
 ( 2.380746839930260977E-07, 0.001314652396222795597 ),
 .UNSPECIFIED. ) ;
#3276 = CARTESIAN_POINT ( 'NONE',  ( -15.32849894150899672, 0.5918069429221747280, -1.025039693413223096 ) ) ;
#3277 = FACE_OUTER_BOUND ( 'NONE', #2545, .T. ) ;
#3278 = CARTESIAN_POINT ( 'NONE',  ( 20.26733439182435248, -1.183613885844322366, 1.449508956725610206E-16 ) ) ;
#3279 = CARTESIAN_POINT ( 'NONE',  ( 20.00000000000000355, 2.249999999999998668, -1.299038105676656896 ) ) ;
#3280 = CARTESIAN_POINT ( 'NONE',  ( -15.76599894150898251, 0.5918069429221604061, -1.025039693413198227 ) ) ;
#3281 = ORIENTED_EDGE ( 'NONE', *, *, #4780, .F. ) ;
#3282 = CARTESIAN_POINT ( 'NONE',  ( 14.70483439182435248, -1.183613885844322366, 1.449508956725610206E-16 ) ) ;
#3283 = ADVANCED_FACE ( 'NONE', ( #5262 ), #3930, .T. ) ;
#3284 = VECTOR ( 'NONE', #2193, 1000.000000000000000 ) ;
#3285 = CARTESIAN_POINT ( 'NONE',  ( 16.03816772515767042, 0.5918069429221737288, 1.025039693413219322 ) ) ;
#3286 = CARTESIAN_POINT ( 'NONE',  ( -17.54166666666667140, 1.499999999999999778, -0.8660254037844394848 ) ) ;
#3287 =( BOUNDED_CURVE ( )  B_SPLINE_CURVE ( 2, ( #4859, #797, #2604, #4999, #4588, #2429, #936 ),
 .UNSPECIFIED., .F., .T. ) 
 B_SPLINE_CURVE_WITH_KNOTS ( ( 3, 2, 2, 3 ),
 ( 0.08905406490294774657, 0.09062376788474001132, 0.09219347086653228995, 0.09376317384832455470 ),
 .UNSPECIFIED. ) 
 CURVE ( )  GEOMETRIC_REPRESENTATION_ITEM ( )  RATIONAL_B_SPLINE_CURVE ( ( 1.000000000000000000, 0.8660254037844387076, 1.000000000000000000, 0.8660254037844387076, 1.000000000000000000, 0.8660254037864746346, 0.9999999999979640730 ) ) 
 REPRESENTATION_ITEM ( '' )  );
#3288 = AXIS2_PLACEMENT_3D ( 'NONE', #1085, #3361, #5642 ) ;
#3289 = CARTESIAN_POINT ( 'NONE',  ( 14.62912658773652907, -3.248011668595026887E-16, -1.768135199393228829 ) ) ;
#3290 = CARTESIAN_POINT ( 'NONE',  ( -16.34933227484231466, -0.5918069429221617384, -1.025039693413197783 ) ) ;
#3291 = CARTESIAN_POINT ( 'NONE',  ( -20.00000000000000355, -1.500000000000000000, 0.000000000000000000 ) ) ;
#3292 = CARTESIAN_POINT ( 'NONE',  ( 18.38470886257884018, -0.7656249999999996669, 1.326101399544921788 ) ) ;
#3293 = CYLINDRICAL_SURFACE ( 'NONE', #5666, 1.500000000000000000 ) ;
#3294 = CARTESIAN_POINT ( 'NONE',  ( -15.73195780408782518, -1.531250000000000000, 1.875240411194384668E-16 ) ) ;
#3295 = EDGE_CURVE ( 'NONE', #925, #707, #841, .T. ) ;
#3296 = CARTESIAN_POINT ( 'NONE',  ( 18.51733439182435248, 1.183613885844322366, 0.000000000000000000 ) ) ;
#3297 = ORIENTED_EDGE ( 'NONE', *, *, #52, .T. ) ;
#3298 = CARTESIAN_POINT ( 'NONE',  ( -16.32849894150898251, 0.5918069429221604061, -1.025039693413198227 ) ) ;
#3299 = CARTESIAN_POINT ( 'NONE',  ( -19.12016560817564681, 8.368743863583045653E-17, 1.366719591217596896 ) ) ;
#3300 = CARTESIAN_POINT ( 'NONE',  ( 19.78653739328992600, 0.9366041109822602628, -0.9919955105706038667 ) ) ;
#3301 = DIRECTION ( 'NONE',  ( 0.000000000000000000, 0.000000000000000000, 1.000000000000000000 ) ) ;
#3302 = CARTESIAN_POINT ( 'NONE',  ( -17.05766560817565036, 8.368743863583045653E-17, 1.366719591217596896 ) ) ;
#3303 = CARTESIAN_POINT ( 'NONE',  ( -16.92783121635131849, 1.499999999999999112, -5.525579993559146617E-13 ) ) ;
#3304 = ORIENTED_EDGE ( 'NONE', *, *, #3395, .T. ) ;
#3305 = CARTESIAN_POINT ( 'NONE',  ( 18.91316772515768463, 1.183613885844322144, -0.6833597956087991143 ) ) ;
#3306 = CARTESIAN_POINT ( 'NONE',  ( 16.64233439182435248, 8.368743863583045653E-17, 1.366719591217596896 ) ) ;
#3307 =( BOUNDED_CURVE ( )  B_SPLINE_CURVE ( 2, ( #4686, #2341, #81, #1477, #3372, #624, #4149 ),
 .UNSPECIFIED., .F., .F. ) 
 B_SPLINE_CURVE_WITH_KNOTS ( ( 3, 2, 2, 3 ),
 ( 0.01369715465969074432, 0.01526717526826013374, 0.01683719587682952143, 0.01840721648539892646 ),
 .UNSPECIFIED. ) 
 CURVE ( )  GEOMETRIC_REPRESENTATION_ITEM ( )  RATIONAL_B_SPLINE_CURVE ( ( 0.9999999999999474865, 0.8660254037844912212, 1.000000000000000000, 0.8660254037844387076, 1.000000000000000000, 0.8660254037844387076, 1.000000000000000000 ) ) 
 REPRESENTATION_ITEM ( '' )  );
#3308 = CARTESIAN_POINT ( 'NONE',  ( -13.70000000000001705, -0.8219994868806388411, -1.203439361893285264 ) ) ;
#3309 = CARTESIAN_POINT ( 'NONE',  ( 20.00000000000000355, 0.000000000000000000, 0.000000000000000000 ) ) ;
#3310 = CARTESIAN_POINT ( 'NONE',  ( -20.32087341226347021, 1.082670556198342378E-16, 1.768135199393228829 ) ) ;
#3311 = CARTESIAN_POINT ( 'NONE',  ( -15.16183227484233242, 0.5918069429221756161, 1.025039693413222430 ) ) ;
#3312 = CARTESIAN_POINT ( 'NONE',  ( 19.36666666666666359, -0.7499999999999996669, 1.299038105676658006 ) ) ;
#3313 = CARTESIAN_POINT ( 'NONE',  ( 18.68400105849102033, -0.5918069429221609612, 1.025039693413198005 ) ) ;
#3314 = CARTESIAN_POINT ( 'NONE',  ( -15.68266560817564681, 1.183613885844322366, 0.000000000000000000 ) ) ;
#3315 = ORIENTED_EDGE ( 'NONE', *, *, #3083, .T. ) ;
#3316 = CARTESIAN_POINT ( 'NONE',  ( 15.49650105849102033, 1.183613885844322589, 0.6833597956087983372 ) ) ;
#3317 = CARTESIAN_POINT ( 'NONE',  ( 14.28816772515767042, -0.5918069429221741728, -1.025039693413219322 ) ) ;
#3318 = CARTESIAN_POINT ( 'NONE',  ( 14.67079325440319870, 0.7656249999999990008, -1.326101399544922455 ) ) ;
#3319 = CARTESIAN_POINT ( 'NONE',  ( -14.34933227484231466, -0.5918069429221617384, -1.025039693413197783 ) ) ;
#3320 = LINE ( 'NONE', #5601, #1977 ) ;
#3321 = CARTESIAN_POINT ( 'NONE',  ( 18.55137552924551159, -0.7656250000000006661, -1.326101399544921566 ) ) ;
#3322 = CARTESIAN_POINT ( 'NONE',  ( -16.45833333333333925, 1.499999999999999778, 0.8660254037844384856 ) ) ;
#3323 = CARTESIAN_POINT ( 'NONE',  ( -13.81529113742115733, -0.7656249999999996669, 1.326101399544921788 ) ) ;
#3324 =( BOUNDED_CURVE ( )  B_SPLINE_CURVE ( 2, ( #908, #3596, #2654, #850, #374, #2194, #5770 ),
 .UNSPECIFIED., .F., .T. ) 
 B_SPLINE_CURVE_WITH_KNOTS ( ( 3, 2, 2, 3 ),
 ( 0.5428306364651460658, 0.5547353983699079283, 0.5666401602746699018, 0.5785449221794318753 ),
 .UNSPECIFIED. ) 
 CURVE ( )  GEOMETRIC_REPRESENTATION_ITEM ( )  RATIONAL_B_SPLINE_CURVE ( ( 1.000000000000000000, 0.8660254037844387076, 1.000000000000000000, 0.8660254037844387076, 1.000000000000000000, 0.8660254037844387076, 1.000000000000000000 ) ) 
 REPRESENTATION_ITEM ( '' )  );
#3325 = CARTESIAN_POINT ( 'NONE',  ( 19.89233439182434893, -2.510623159074913942E-16, -1.366719591217596896 ) ) ;
#3326 = VERTEX_POINT ( 'NONE', #4875 ) ;
#3327 = CARTESIAN_POINT ( 'NONE',  ( -15.62016560817564503, 8.368743863583045653E-17, 1.366719591217596896 ) ) ;
#3328 = CARTESIAN_POINT ( 'NONE',  ( -17.12016560817564681, 8.368743863583045653E-17, 1.366719591217596896 ) ) ;
#3329 = CIRCLE ( 'NONE', #869, 1.575000000000000178 ) ;
#3330 = CARTESIAN_POINT ( 'NONE',  ( 19.82248636047535228, 1.397486360475353573, -0.1724256938386033722 ) ) ;
#3331 = CARTESIAN_POINT ( 'NONE',  ( 14.11666666666666714, 0.7499999999999990008, -1.299038105676658672 ) ) ;
#3332 = DIRECTION ( 'NONE',  ( -1.000000000000000000, -4.814824860968088948E-33, -0.000000000000000000 ) ) ;
#3333 = ORIENTED_EDGE ( 'NONE', *, *, #4049, .F. ) ;
#3334 = CARTESIAN_POINT ( 'NONE',  ( 18.57983439182435603, 8.368743863583045653E-17, 1.366719591217596896 ) ) ;
#3335 = CARTESIAN_POINT ( 'NONE',  ( 15.93400105849102033, 0.5918069429221604061, -1.025039693413198227 ) ) ;
#3336 = CARTESIAN_POINT ( 'NONE',  ( -19.02920674559680236, 0.7656249999999990008, -1.326101399544922455 ) ) ;
#3337 =( BOUNDED_CURVE ( )  B_SPLINE_CURVE ( 2, ( #5832, #1774, #3575, #5384, #2611, #1221, #4840 ),
 .UNSPECIFIED., .F., .F. ) 
 B_SPLINE_CURVE_WITH_KNOTS ( ( 3, 2, 2, 3 ),
 ( 0.06550488072191405775, 0.06707498618192307693, 0.06864509164193208224, 0.07021519710194110142 ),
 .UNSPECIFIED. ) 
 CURVE ( )  GEOMETRIC_REPRESENTATION_ITEM ( )  RATIONAL_B_SPLINE_CURVE ( ( 1.000000000000001776, 0.8660254037844368202, 1.000000000000000000, 0.8660254037844387076, 1.000000000000000000, 0.8660254037844318242, 1.000000000000006883 ) ) 
 REPRESENTATION_ITEM ( '' )  );
#3338 = EDGE_CURVE ( 'NONE', #1466, #4993, #269, .T. ) ;
#3339 = CARTESIAN_POINT ( 'NONE',  ( -14.03683227484233065, -1.183613885844350788, 0.6833597956088155456 ) ) ;
#3340 = CARTESIAN_POINT ( 'NONE',  ( 17.94999999999999574, -1.500000000000000000, 1.836970198721029934E-16 ) ) ;
#3341 = ORIENTED_EDGE ( 'NONE', *, *, #447, .F. ) ;
#3342 = CARTESIAN_POINT ( 'NONE',  ( -19.63616454968462222, -1.499999999999940714, -0.8660254037844735686 ) ) ;
#3343 = CARTESIAN_POINT ( 'NONE',  ( -16.93266560817564681, -1.183613885844322366, 1.449508956725610206E-16 ) ) ;
#3345 = VERTEX_POINT ( 'NONE', #2620 ) ;
#3344 = B_SPLINE_CURVE_WITH_KNOTS ( 'NONE', 3,
 ( #5175, #2858, #640, #1980, #4611, #5148, #547, #4200, #1084, #1113, #2827, #5582, #5053, #2362 ),
 .UNSPECIFIED., .F., .F.,
 ( 4, 2, 2, 2, 2, 2, 4 ),
 ( 0.000000000000000000, 0.0002844486650318548055, 0.0005688973300637095026, 0.001137794660127417487, 0.001422243325159271588, 0.001706691990191125038, 0.002275589320254832806 ),
 .UNSPECIFIED. ) ;
#3346 = CARTESIAN_POINT ( 'NONE',  ( 19.66316772515768463, -1.183613885844322366, 0.6833597956087990033 ) ) ;
#3347 = CARTESIAN_POINT ( 'NONE',  ( 14.95483439182433827, 1.183613885844347235, 0.000000000000000000 ) ) ;
#3348 = CARTESIAN_POINT ( 'NONE',  ( 17.83745992106986478, 0.7656250000000002220, 1.326101399544921566 ) ) ;
#3349 = CARTESIAN_POINT ( 'NONE',  ( -14.51599894150898074, -0.5918069429221609612, 1.025039693413198005 ) ) ;
#3350 = CARTESIAN_POINT ( 'NONE',  ( -20.00000000000000355, 0.000000000000000000, 0.000000000000000000 ) ) ;
#3351 = CARTESIAN_POINT ( 'NONE',  ( 18.84304219591217588, 1.082670556198342378E-16, 1.768135199393228829 ) ) ;
#3352 = COORDINATED_UNIVERSAL_TIME_OFFSET ( 6, 0, .BEHIND. ) ;
#3353 = LINE ( 'NONE', #2904, #3834 ) ;
#3354 = AXIS2_PLACEMENT_3D ( 'NONE', #1473, #5033, #1441 ) ;
#3355 = DIRECTION ( 'NONE',  ( -1.000000000000000000, -0.000000000000000000, -0.000000000000000000 ) ) ;
#3356 = ORIENTED_EDGE ( 'NONE', *, *, #1236, .T. ) ;
#3357 = CARTESIAN_POINT ( 'NONE',  ( -15.41183227484231466, -0.5918069429221617384, -1.025039693413197783 ) ) ;
#3358 = CARTESIAN_POINT ( 'NONE',  ( -18.62016560817564681, 8.368743863583045653E-17, 1.366719591217596896 ) ) ;
#3359 = EDGE_CURVE ( 'NONE', #5692, #4151, #365, .T. ) ;
#3360 = CARTESIAN_POINT ( 'NONE',  ( 19.72754521394725913, -0.5257695026803032023, -1.194868579009479292 ) ) ;
#3361 = DIRECTION ( 'NONE',  ( -1.000000000000000000, -4.814824860968088948E-33, -0.000000000000000000 ) ) ;
#3362 = CARTESIAN_POINT ( 'NONE',  ( -15.76599894150898251, 0.5918069429221604061, -1.025039693413198227 ) ) ;
#3363 = ORIENTED_EDGE ( 'NONE', *, *, #210, .F. ) ;
#3364 = CARTESIAN_POINT ( 'NONE',  ( 15.01733439182435248, 1.183613885844322366, 0.000000000000000000 ) ) ;
#3365 = CARTESIAN_POINT ( 'NONE',  ( 16.55900105849102033, 1.183613885844322366, 0.6833597956087983372 ) ) ;
#3366 = ORIENTED_EDGE ( 'NONE', *, *, #2144, .T. ) ;
#3367 = CARTESIAN_POINT ( 'NONE',  ( -14.00000000000000178, 1.500000000000000000, 0.000000000000000000 ) ) ;
#3368 = CARTESIAN_POINT ( 'NONE',  ( -18.02920674559680236, 0.7656249999999990008, -1.326101399544922455 ) ) ;
#3369 = DIRECTION ( 'NONE',  ( 0.000000000000000000, -1.000000000000000000, 0.000000000000000000 ) ) ;
#3370 = DIRECTION ( 'NONE',  ( 1.000000000000000000, 0.000000000000000000, 0.000000000000000000 ) ) ;
#3371 = ORIENTED_EDGE ( 'NONE', *, *, #5005, .F. ) ;
#3372 = CARTESIAN_POINT ( 'NONE',  ( -14.59449788301795969, -0.7500000000000003331, -1.299038105676657562 ) ) ;
#3373 = CARTESIAN_POINT ( 'NONE',  ( -16.34933227484231466, -0.5918069429221617384, -1.025039693413197783 ) ) ;
#3374 = ORIENTED_EDGE ( 'NONE', *, *, #2496, .F. ) ;
#3375 = EDGE_CURVE ( 'NONE', #4608, #3820, #4121, .T. ) ;
#3376 = CARTESIAN_POINT ( 'NONE',  ( 17.49650105849102033, 1.183613885844322589, 0.6833597956087983372 ) ) ;
#3377 = CARTESIAN_POINT ( 'NONE',  ( 18.68400105849102033, -0.5918069429221609612, 1.025039693413198005 ) ) ;
#3378 = CARTESIAN_POINT ( 'NONE',  ( 15.74650105849100257, -1.183613885844347680, -0.6833597956088124370 ) ) ;
#3379 = CARTESIAN_POINT ( 'NONE',  ( 17.58745992106986478, -0.7656250000000006661, -1.326101399544921566 ) ) ;
#3380 = CARTESIAN_POINT ( 'NONE',  ( -14.30766560817564859, -2.510623159074913942E-16, -1.366719591217596896 ) ) ;
#3381 = CARTESIAN_POINT ( 'NONE',  ( -16.00000000000000000, 1.500000000000000000, 0.000000000000000000 ) ) ;
#3382 = CARTESIAN_POINT ( 'NONE',  ( -14.89862447075449303, 0.7656250000000002220, 1.326101399544921566 ) ) ;
#3383 = CIRCLE ( 'NONE', #5654, 2.249999999999998224 ) ;
#3384 = ADVANCED_FACE ( 'NONE', ( #3986 ), #2305, .T. ) ;
#3385 = CARTESIAN_POINT ( 'NONE',  ( 16.73050211698174294, 1.500000000000760503, -0.8660254037846272235 ) ) ;
#3386 = VERTEX_POINT ( 'NONE', #4310 ) ;
#3387 = CIRCLE ( 'NONE', #5751, 2.249999999999998224 ) ;
#3388 = CARTESIAN_POINT ( 'NONE',  ( -15.32849894150898074, 0.5918069429221604061, -1.025039693413198227 ) ) ;
#3389 = CARTESIAN_POINT ( 'NONE',  ( -17.62016560817564681, 8.368743863583045653E-17, 1.366719591217596896 ) ) ;
#3390 = CARTESIAN_POINT ( 'NONE',  ( -20.00000000000000355, 0.000000000000000000, 0.000000000000000000 ) ) ;
#3391 = CARTESIAN_POINT ( 'NONE',  ( -14.12500000000000000, -3.181725716174720991E-16, -1.732050807568877193 ) ) ;
#3392 = CARTESIAN_POINT ( 'NONE',  ( -15.93266560817564681, -1.183613885844322366, 1.449508956725610206E-16 ) ) ;
#3393 = VERTEX_POINT ( 'NONE', #2963 ) ;
#3394 = CARTESIAN_POINT ( 'NONE',  ( 19.91316772515768818, 1.183613885844322144, -0.6833597956087991143 ) ) ;
#3395 = EDGE_CURVE ( 'NONE', #427, #2213, #4808, .T. ) ;
#3396 = CARTESIAN_POINT ( 'NONE',  ( 18.10066772515768463, 0.5918069429221612943, 1.025039693413197783 ) ) ;
#3397 = ORIENTED_EDGE ( 'NONE', *, *, #393, .T. ) ;
#3398 = DIRECTION ( 'NONE',  ( -1.000000000000000000, -4.814824860968088948E-33, -0.000000000000000000 ) ) ;
#3399 = CARTESIAN_POINT ( 'NONE',  ( -19.40420674559680236, 1.531250000000000000, 0.8840675996966143035 ) ) ;
#3400 = CARTESIAN_POINT ( 'NONE',  ( -16.08333333333333925, 0.7499999999999990008, -1.299038105676658672 ) ) ;
#3401 = LINE ( 'NONE', #622, #1745 ) ;
#3402 = ORIENTED_EDGE ( 'NONE', *, *, #1189, .T. ) ;
#3403 = CARTESIAN_POINT ( 'NONE',  ( 13.87150105849101855, 0.5918069429221604061, -1.025039693413198227 ) ) ;
#3404 = CARTESIAN_POINT ( 'NONE',  ( -17.33333333333333215, -0.7499999999999996669, 1.299038105676658006 ) ) ;
#3405 = ORIENTED_EDGE ( 'NONE', *, *, #3891, .T. ) ;
#3406 = CARTESIAN_POINT ( 'NONE',  ( 18.03816772515768463, 0.5918069429221612943, 1.025039693413197783 ) ) ;
#3407 = CARTESIAN_POINT ( 'NONE',  ( 14.18883545031508930, 0.7500000000002448042, -1.299038105677084332 ) ) ;
#3408 = CARTESIAN_POINT ( 'NONE',  ( 14.87150105849100434, 0.5918069429221729516, -1.025039693413219988 ) ) ;
#3409 = ORIENTED_EDGE ( 'NONE', *, *, #737, .F. ) ;
#3410 = B_SPLINE_CURVE_WITH_KNOTS ( 'NONE', 3,
 ( #3244, #1000, #2804, #111, #5531, #1598 ),
 .UNSPECIFIED., .F., .F.,
 ( 4, 2, 4 ),
 ( 0.001314652396222795597, 0.001969405109320634169, 0.002624157822418472959 ),
 .UNSPECIFIED. ) ;
#3411 = CARTESIAN_POINT ( 'NONE',  ( 16.58745992106986478, -0.7656250000000006661, -1.326101399544921566 ) ) ;
#3412 = CARTESIAN_POINT ( 'NONE',  ( -14.18266560817564681, 1.183613885844322366, 0.000000000000000000 ) ) ;
#3413 = CARTESIAN_POINT ( 'NONE',  ( -14.54166666666666785, 1.499999999999999778, -0.8660254037844394848 ) ) ;
#3414 = EDGE_CURVE ( 'NONE', #1944, #4130, #2502, .T. ) ;
#3415 = CARTESIAN_POINT ( 'NONE',  ( -13.77362447075449303, -1.531249999999999556, 0.8840675996966148587 ) ) ;
#3416 = CARTESIAN_POINT ( 'NONE',  ( 14.78333333333333321, 0.7500000000000002220, 1.299038105676657784 ) ) ;
#3417 = CARTESIAN_POINT ( 'NONE',  ( -15.28683227484231466, 1.183613885844322144, -0.6833597956087991143 ) ) ;
#3418 = CARTESIAN_POINT ( 'NONE',  ( -16.41183227484231466, -0.5918069429221617384, -1.025039693413197783 ) ) ;
#3419 = CARTESIAN_POINT ( 'NONE',  ( 13.70000000000000817, 1.081268652531100605, 0.9273840577539511631 ) ) ;
#3420 = CARTESIAN_POINT ( 'NONE',  ( -16.72433227484231466, 1.183613885844322144, -0.6833597956087991143 ) ) ;
#3421 = ORIENTED_EDGE ( 'NONE', *, *, #497, .F. ) ;
#3422 = CARTESIAN_POINT ( 'NONE',  ( 20.22828256485220422, -1.183613885844322589, -0.3845649294651335426 ) ) ;
#3423 = ORIENTED_EDGE ( 'NONE', *, *, #1474, .F. ) ;
#3424 = CARTESIAN_POINT ( 'NONE',  ( -15.13616454968463465, -1.500000000000019318, -0.8660254037844304920 ) ) ;
#3425 = CARTESIAN_POINT ( 'NONE',  ( -17.65420674559680236, -1.531250000000000444, -0.8840675996966138595 ) ) ;
#3426 = LINE ( 'NONE', #738, #2445 ) ;
#3427 = CARTESIAN_POINT ( 'NONE',  ( 18.07499999999999929, -3.181725716174720991E-16, -1.732050807568877193 ) ) ;
#3428 = ORIENTED_EDGE ( 'NONE', *, *, #1414, .F. ) ;
#3429 = CARTESIAN_POINT ( 'NONE',  ( 14.03816772515768641, 0.5918069429221612943, 1.025039693413197783 ) ) ;
#3430 = CARTESIAN_POINT ( 'NONE',  ( 17.40833333333333499, -1.499999999999999778, 0.8660254037844391517 ) ) ;
#3431 = EDGE_LOOP ( 'NONE', ( #3497, #5428, #1500 ) ) ;
#3432 = CARTESIAN_POINT ( 'NONE',  ( 17.41316772515768463, 1.183613885844322144, -0.6833597956087991143 ) ) ;
#3433 = CARTESIAN_POINT ( 'NONE',  ( 19.10066772515768463, 0.5918069429221612943, 1.025039693413197783 ) ) ;
#3434 = CARTESIAN_POINT ( 'NONE',  ( 16.49650105849100612, 1.183613885844347458, 0.6833597956088126590 ) ) ;
#3435 = ADVANCED_FACE ( 'NONE', ( #1440, #1597 ), #4355, .T. ) ;
#3436 = ORIENTED_EDGE ( 'NONE', *, *, #2082, .F. ) ;
#3437 = CARTESIAN_POINT ( 'NONE',  ( 18.17079325440319693, 0.7656249999999990008, -1.326101399544922455 ) ) ;
#3438 = CARTESIAN_POINT ( 'NONE',  ( -19.76332745557019166, -0.7217549609951248168, -1.139909081748805564 ) ) ;
#3439 = APPROVAL_ROLE ( '' ) ;
#3440 = CARTESIAN_POINT ( 'NONE',  ( -14.02362447075449303, 1.531249999999999556, -0.8840675996966153027 ) ) ;
#3441 = CARTESIAN_POINT ( 'NONE',  ( -20.00000000000000355, 1.500000000000000000, 1.836970198721029934E-16 ) ) ;
#3442 = ADVANCED_FACE ( 'NONE', ( #4852 ), #2921, .F. ) ;
#3443 = CARTESIAN_POINT ( 'NONE',  ( -13.40864874225354164, -0.6542001915660629052, -1.113274408613704525 ) ) ;
#3444 = CARTESIAN_POINT ( 'NONE',  ( -18.12016560817565036, 8.368743863583045653E-17, 1.366719591217596896 ) ) ;
#3445 = CARTESIAN_POINT ( 'NONE',  ( -20.00000000000000355, 1.500000000000000000, 1.836970198721029934E-16 ) ) ;
#3446 = CARTESIAN_POINT ( 'NONE',  ( -15.80766560817564859, -2.510623159074913942E-16, -1.366719591217596896 ) ) ;
#3447 = CARTESIAN_POINT ( 'NONE',  ( 15.27216878364868080, 1.500000000000000444, -5.945244296867390157E-13 ) ) ;
#3448 = CARTESIAN_POINT ( 'NONE',  ( 19.62150105849102033, -0.5918069429221609612, 1.025039693413198005 ) ) ;
#3449 = VERTEX_POINT ( 'NONE', #2572 ) ;
#3450 = DIRECTION ( 'NONE',  ( -1.000000000000000000, -4.814824860968088948E-33, -0.000000000000000000 ) ) ;
#3451 = CARTESIAN_POINT ( 'NONE',  ( -19.77920674559680236, -0.7656249999999996669, 1.326101399544921788 ) ) ;
#3452 = DIRECTION ( 'NONE',  ( 0.000000000000000000, -0.5000000000000001110, 0.8660254037844385966 ) ) ;
#3453 = CARTESIAN_POINT ( 'NONE',  ( -20.00000000000000355, -1.500000000000000000, 0.000000000000000000 ) ) ;
#3454 = ORIENTED_EDGE ( 'NONE', *, *, #437, .F. ) ;
#3455 = CARTESIAN_POINT ( 'NONE',  ( 19.81383545031537352, 1.500000000000029088, 0.8660254037844272723 ) ) ;
#3456 = CARTESIAN_POINT ( 'NONE',  ( -14.39099894150898074, -1.183613885844322589, -0.6833597956087981151 ) ) ;
#3457 = CARTESIAN_POINT ( 'NONE',  ( 19.45483439182435603, 1.183613885844322366, 0.000000000000000000 ) ) ;
#3458 = CARTESIAN_POINT ( 'NONE',  ( 18.60066772515768463, 0.5918069429221612943, 1.025039693413197783 ) ) ;
#3459 = CARTESIAN_POINT ( 'NONE',  ( 17.03816772515767397, 0.5918069429221737288, 1.025039693413219322 ) ) ;
#3460 = CARTESIAN_POINT ( 'NONE',  ( 18.50970886257884018, -1.531250000000000444, -0.8840675996966138595 ) ) ;
#3461 = ORIENTED_EDGE ( 'NONE', *, *, #2815, .F. ) ;
#3462 = EDGE_CURVE ( 'NONE', #3393, #5399, #3426, .T. ) ;
#3463 = CARTESIAN_POINT ( 'NONE',  ( 17.71245992106986478, 1.531249999999999556, -0.8840675996966153027 ) ) ;
#3464 = CARTESIAN_POINT ( 'NONE',  ( -15.29166666666667140, -1.499999999999999778, 0.8660254037844391517 ) ) ;
#3465 = DATE_AND_TIME ( #5253, #5569 ) ;
#3466 = CARTESIAN_POINT ( 'NONE',  ( -19.16666666666666785, -0.7500000000000006661, -1.299038105676657784 ) ) ;
#3467 = CARTESIAN_POINT ( 'NONE',  ( 19.85969698631262759, 2.249999999999998668, 1.088909579293148910 ) ) ;
#3468 = CARTESIAN_POINT ( 'NONE',  ( -18.84933227484231466, -0.5918069429221617384, -1.025039693413197783 ) ) ;
#3469 = CARTESIAN_POINT ( 'NONE',  ( -15.53683227484231466, -1.183613885844322366, 0.6833597956087990033 ) ) ;
#3470 = FACE_OUTER_BOUND ( 'NONE', #3985, .T. ) ;
#3471 = CARTESIAN_POINT ( 'NONE',  ( -16.80766560817564681, -2.510623159074913942E-16, -1.366719591217596896 ) ) ;
#3472 = EDGE_LOOP ( 'NONE', ( #2343, #2041, #1683, #616, #4930, #5637, #960 ) ) ;
#3473 = CARTESIAN_POINT ( 'NONE',  ( 14.47566772515768641, 1.183613885844322144, -0.6833597956087991143 ) ) ;
#3474 = AXIS2_PLACEMENT_3D ( 'NONE', #4810, #1694, #2634 ) ;
#3475 = VERTEX_POINT ( 'NONE', #314 ) ;
#3476 = DIRECTION ( 'NONE',  ( -1.000000000000000000, -4.814824860968088948E-33, -0.000000000000000000 ) ) ;
#3477 = CARTESIAN_POINT ( 'NONE',  ( -15.94587341226346844, 1.531250000000000000, 0.000000000000000000 ) ) ;
#3478 = DIRECTION ( 'NONE',  ( 0.000000000000000000, 0.000000000000000000, -1.000000000000000000 ) ) ;
#3479 = EDGE_CURVE ( 'NONE', #4828, #740, #1568, .T. ) ;
#3480 = VERTEX_POINT ( 'NONE', #4300 ) ;
#3481 = CARTESIAN_POINT ( 'NONE',  ( 14.16316772515768641, -1.183613885844322366, 0.6833597956087990033 ) ) ;
#3482 = CARTESIAN_POINT ( 'NONE',  ( -14.14099894150898074, 1.183613885844322366, 0.6833597956087983372 ) ) ;
#3483 = B_SPLINE_CURVE_WITH_KNOTS ( 'NONE', 3,
 ( #3960, #1283, #1371, #5762, #1787, #1256, #2212, #3172 ),
 .UNSPECIFIED., .F., .F.,
 ( 4, 2, 2, 4 ),
 ( 0.008206727068229207472, 0.008484193570106841192, 0.008761660071984474912, 0.009316593075739742352 ),
 .UNSPECIFIED. ) ;
#3484 = CARTESIAN_POINT ( 'NONE',  ( 19.60861388584432774, 0.4789447093878340111, 1.082383386842619810 ) ) ;
#3485 = CARTESIAN_POINT ( 'NONE',  ( 14.02216878364870745, -1.499999999999999334, 1.836970198721029441E-16 ) ) ;
#3486 = CARTESIAN_POINT ( 'NONE',  ( 17.24650105849100612, -1.183613885844347680, -0.6833597956088124370 ) ) ;
#3487 = CARTESIAN_POINT ( 'NONE',  ( 20.25970886257884374, 1.531250000000000000, 0.8840675996966143035 ) ) ;
#3488 = ORIENTED_EDGE ( 'NONE', *, *, #802, .T. ) ;
#3489 = CARTESIAN_POINT ( 'NONE',  ( 14.32983439182435248, -2.510623159074913942E-16, -1.366719591217596896 ) ) ;
#3490 = CARTESIAN_POINT ( 'NONE',  ( -15.38616454968489045, 1.500000000000301759, 0.8660254037848084119 ) ) ;
#3491 = DIRECTION ( 'NONE',  ( 0.000000000000000000, -1.000000000000000000, 0.000000000000000000 ) ) ;
#3492 = CARTESIAN_POINT ( 'NONE',  ( -19.30766560817564681, -2.510623159074913942E-16, -1.366719591217596896 ) ) ;
#3493 = CARTESIAN_POINT ( 'NONE',  ( -19.97433227484231111, -1.183613885844322366, 0.6833597956087990033 ) ) ;
#3494 = CARTESIAN_POINT ( 'NONE',  ( -15.62016560817564503, 8.368743863583045653E-17, 1.366719591217596896 ) ) ;
#3495 = DIRECTION ( 'NONE',  ( 0.000000000000000000, 0.000000000000000000, -1.000000000000000000 ) ) ;
#3496 = CARTESIAN_POINT ( 'NONE',  ( -18.19029113742115911, -1.531250000000000444, -0.8840675996966138595 ) ) ;
#3497 = ORIENTED_EDGE ( 'NONE', *, *, #4790, .F. ) ;
#3498 = CARTESIAN_POINT ( 'NONE',  ( 16.55900105849102033, 1.183613885844322589, 0.6833597956087983372 ) ) ;
#3499 = DESIGN_CONTEXT ( 'detailed design', #3827, 'design' ) ;
#3500 = EDGE_LOOP ( 'NONE', ( #5765, #744, #1096 ) ) ;
#3501 = CARTESIAN_POINT ( 'NONE',  ( -20.24516560817564681, 1.183613885844322366, 0.000000000000000000 ) ) ;
#3502 = CARTESIAN_POINT ( 'NONE',  ( -16.57087341226347021, -3.248011668595026887E-16, -1.768135199393228829 ) ) ;
#3503 = CYLINDRICAL_SURFACE ( 'NONE', #63, 1.500000000000000000 ) ;
#3504 = CARTESIAN_POINT ( 'NONE',  ( 15.14716878364870745, -3.181725716174720991E-16, -1.732050807568877415 ) ) ;
#3505 = ORIENTED_EDGE ( 'NONE', *, *, #3740, .F. ) ;
#3506 =( BOUNDED_CURVE ( )  B_SPLINE_CURVE ( 2, ( #4157, #1836, #3641, #90, #1453, #3256, #5076 ),
 .UNSPECIFIED., .F., .T. ) 
 B_SPLINE_CURVE_WITH_KNOTS ( ( 3, 2, 2, 3 ),
 ( 0.07351080573044159461, 0.07508091221501042578, 0.07665101869957924308, 0.07822112518414807425 ),
 .UNSPECIFIED. ) 
 CURVE ( )  GEOMETRIC_REPRESENTATION_ITEM ( )  RATIONAL_B_SPLINE_CURVE ( ( 1.000000000001694200, 0.8660254037827446183, 1.000000000000000000, 0.8660254037844388186, 1.000000000000000000, 0.8660254037831931484, 1.000000000001245670 ) ) 
 REPRESENTATION_ITEM ( '' )  );
#3507 = CARTESIAN_POINT ( 'NONE',  ( 19.92500000000004334, -0.5009618943245239819, 1.413873113272515525 ) ) ;
#3508 = CARTESIAN_POINT ( 'NONE',  ( 19.02216878364870922, -1.499999999999999556, 1.836970198721029688E-16 ) ) ;
#3509 = EDGE_CURVE ( 'NONE', #5491, #4151, #4919, .T. ) ;
#3510 = CARTESIAN_POINT ( 'NONE',  ( 17.94999999999999574, -1.500000000000000000, 1.836970198721029934E-16 ) ) ;
#3511 = CARTESIAN_POINT ( 'NONE',  ( 13.70000000000000817, 0.3337787571108871698, -1.408750896263581076 ) ) ;
#3512 = CARTESIAN_POINT ( 'NONE',  ( -13.70000000000000284, 0.9434375257780842627, 0.7516271877459391737 ) ) ;
#3513 = CARTESIAN_POINT ( 'NONE',  ( -19.57849894150900028, -0.5918069429221752831, 1.025039693413222652 ) ) ;
#3514 = CARTESIAN_POINT ( 'NONE',  ( 20.42637552924550803, -1.531249999999999556, 0.8840675996966148587 ) ) ;
#3515 = CIRCLE ( 'NONE', #2115, 2.249999999999998224 ) ;
#3516 = ORIENTED_EDGE ( 'NONE', *, *, #5640, .T. ) ;
#3517 = CARTESIAN_POINT ( 'NONE',  ( 18.54579325440319693, -1.531250000000000444, -0.8840675996966138595 ) ) ;
#3518 = CARTESIAN_POINT ( 'NONE',  ( -19.78227875355767651, -1.109350641988964270, -0.8004165573483281726 ) ) ;
#3519 = DIRECTION ( 'NONE',  ( -1.000000000000000000, -4.814824860968088948E-33, -0.000000000000000000 ) ) ;
#3520 = CARTESIAN_POINT ( 'NONE',  ( -18.51599894150897896, -0.5918069429221609612, 1.025039693413198005 ) ) ;
#3521 = CARTESIAN_POINT ( 'NONE',  ( -20.05766560817564681, 8.368743863583045653E-17, 1.366719591217596896 ) ) ;
#3522 = CARTESIAN_POINT ( 'NONE',  ( -14.49516560817564859, -1.183613885844322366, 1.449508956725610206E-16 ) ) ;
#3523 = CARTESIAN_POINT ( 'NONE',  ( -19.73195780408782696, -1.531250000000000000, 1.875240411194384668E-16 ) ) ;
#3524 = VERTEX_POINT ( 'NONE', #3904 ) ;
#3525 = CARTESIAN_POINT ( 'NONE',  ( 16.76733439182435248, -1.183613885844322366, 1.449508956725610206E-16 ) ) ;
#3526 = EDGE_CURVE ( 'NONE', #3175, #4117, #288, .T. ) ;
#3527 = CARTESIAN_POINT ( 'NONE',  ( -19.74516560817564681, 1.183613885844322366, 0.000000000000000000 ) ) ;
#3528 = CARTESIAN_POINT ( 'NONE',  ( -15.02920674559680236, 0.7656249999999990008, -1.326101399544922455 ) ) ;
#3529 = AXIS2_PLACEMENT_3D ( 'NONE', #1826, #4146, #2839 ) ;
#3530 = FACE_OUTER_BOUND ( 'NONE', #3149, .T. ) ;
#3531 = ORIENTED_EDGE ( 'NONE', *, *, #5306, .F. ) ;
#3532 = CARTESIAN_POINT ( 'NONE',  ( 16.82983439182435248, -2.510623159074913942E-16, -1.366719591217596896 ) ) ;
#3533 = CARTESIAN_POINT ( 'NONE',  ( 15.14233439182435248, 8.368743863583045653E-17, 1.366719591217596896 ) ) ;
#3534 = VECTOR ( 'NONE', #5159, 1000.000000000000000 ) ;
#3535 = CARTESIAN_POINT ( 'NONE',  ( 16.52216878364870567, -1.500000000000000444, 1.836970198721030674E-16 ) ) ;
#3536 = FACE_OUTER_BOUND ( 'NONE', #5123, .T. ) ;
#3537 = CARTESIAN_POINT ( 'NONE',  ( -15.71949788301800410, -1.499999999999772404, 0.8660254037846342179 ) ) ;
#3538 = CARTESIAN_POINT ( 'NONE',  ( -17.45349894150899672, -1.183613885844351232, -0.6833597956088146574 ) ) ;
#3539 = CARTESIAN_POINT ( 'NONE',  ( 19.17637552924550803, 1.531249999999999556, -0.8840675996966153027 ) ) ;
#3540 = ADVANCED_FACE ( 'NONE', ( #2596 ), #682, .F. ) ;
#3541 = CARTESIAN_POINT ( 'NONE',  ( 17.23050211698197032, 1.499999999998740341, -0.8660254037851674580 ) ) ;
#3542 = VERTEX_POINT ( 'NONE', #3006 ) ;
#3543 = CARTESIAN_POINT ( 'NONE',  ( 19.42079325440319693, -0.7656249999999996669, 1.326101399544921788 ) ) ;
#3544 = B_SPLINE_CURVE_WITH_KNOTS ( 'NONE', 3,
 ( #1271, #408, #2175, #3946, #2200, #803 ),
 .UNSPECIFIED., .F., .F.,
 ( 4, 2, 4 ),
 ( 0.01040955385168555562, 0.01106647353282102196, 0.01172339321395648830 ),
 .UNSPECIFIED. ) ;
#3545 = CARTESIAN_POINT ( 'NONE',  ( 20.00000000000000355, 2.249999999999998668, -0.2199382128685004878 ) ) ;
#3546 = CARTESIAN_POINT ( 'NONE',  ( -19.26599894150898251, 0.5918069429221604061, -1.025039693413198227 ) ) ;
#3547 =( BOUNDED_CURVE ( )  B_SPLINE_CURVE ( 2, ( #5651, #173, #3788, #4272, #202, #3818, #5620 ),
 .UNSPECIFIED., .F., .F. ) 
 B_SPLINE_CURVE_WITH_KNOTS ( ( 3, 2, 2, 3 ),
 ( 0.7571163507508603674, 0.7690211126556223409, 0.7809258745603842033, 0.7928306364651460658 ),
 .UNSPECIFIED. ) 
 CURVE ( )  GEOMETRIC_REPRESENTATION_ITEM ( )  RATIONAL_B_SPLINE_CURVE ( ( 1.000000000000000000, 0.8660254037844387076, 1.000000000000000000, 0.8660254037844387076, 1.000000000000000000, 0.8660254037844387076, 1.000000000000000000 ) ) 
 REPRESENTATION_ITEM ( '' )  );
#3548 = CARTESIAN_POINT ( 'NONE',  ( -18.55766560817564326, 8.368743863583045653E-17, 1.366719591217596896 ) ) ;
#3549 = CARTESIAN_POINT ( 'NONE',  ( -14.74516560817564859, 1.183613885844322366, 0.000000000000000000 ) ) ;
#3550 = CARTESIAN_POINT ( 'NONE',  ( 14.92637552924550981, -1.531249999999999556, 0.8840675996966148587 ) ) ;
#3551 = CARTESIAN_POINT ( 'NONE',  ( -17.08333333333333570, 0.7499999999999990008, -1.299038105676658672 ) ) ;
#3552 = CARTESIAN_POINT ( 'NONE',  ( -19.31529113742115911, -0.7656249999999996669, 1.326101399544921788 ) ) ;
#3553 = ORIENTED_EDGE ( 'NONE', *, *, #2924, .T. ) ;
#3554 = CARTESIAN_POINT ( 'NONE',  ( 16.89233439182435248, -2.510623159074913942E-16, -1.366719591217596896 ) ) ;
#3555 = VECTOR ( 'NONE', #1313, 1000.000000000000000 ) ;
#3556 = CARTESIAN_POINT ( 'NONE',  ( 15.56383545031537530, -1.500000000000000222, -0.8660254037844381525 ) ) ;
#3557 = CARTESIAN_POINT ( 'NONE',  ( -15.40420674559680236, 1.531250000000000000, 0.8840675996966143035 ) ) ;
#3558 = CARTESIAN_POINT ( 'NONE',  ( 19.66056972727350072, -1.235569727273491569, 0.2460634857199646697 ) ) ;
#3559 = CARTESIAN_POINT ( 'NONE',  ( 15.23050211698201650, 1.499999999999656497, -0.8660254037846376596 ) ) ;
#3560 = VERTEX_POINT ( 'NONE', #5650 ) ;
#3561 = EDGE_CURVE ( 'NONE', #4360, #5737, #1669, .T. ) ;
#3562 = CARTESIAN_POINT ( 'NONE',  ( 15.07983439182435248, 8.368743863583045653E-17, 1.366719591217596896 ) ) ;
#3563 = VECTOR ( 'NONE', #4374, 1000.000000000000000 ) ;
#3564 = CARTESIAN_POINT ( 'NONE',  ( 14.01733439182435426, 1.183613885844322366, 0.000000000000000000 ) ) ;
#3565 = CARTESIAN_POINT ( 'NONE',  ( 20.12150105849101678, -0.5918069429221609612, 1.025039693413198005 ) ) ;
#3566 = DIRECTION ( 'NONE',  ( 0.000000000000000000, -1.000000000000000000, 0.000000000000000000 ) ) ;
#3567 = CARTESIAN_POINT ( 'NONE',  ( -20.00000000000000355, 0.000000000000000000, 0.000000000000000000 ) ) ;
#3568 = CARTESIAN_POINT ( 'NONE',  ( -18.37016560817566457, -2.510623159074974586E-16, -1.366719591217629981 ) ) ;
#3569 = CARTESIAN_POINT ( 'NONE',  ( 20.00970886257884018, -1.531250000000000444, -0.8840675996966138595 ) ) ;
#3570 = CARTESIAN_POINT ( 'NONE',  ( -13.70000000000000107, 0.4232397338471950432, -1.261122031768138640 ) ) ;
#3571 = EDGE_LOOP ( 'NONE', ( #5652, #3053, #3405, #2973, #876, #5556, #2308, #4407, #5452, #1716, #1983, #236, #5502, #712, #5241, #4171, #3356, #3804, #4106, #931, #2101, #565, #343, #2549, #3366, #2162, #626, #4909 ) ) ;
#3572 = CARTESIAN_POINT ( 'NONE',  ( 14.03816772515768641, 0.5918069429221612943, 1.025039693413197783 ) ) ;
#3573 = B_SPLINE_CURVE_WITH_KNOTS ( 'NONE', 3,
 ( #4697, #5511, #5479, #3707, #2354, #1014 ),
 .UNSPECIFIED., .F., .F.,
 ( 4, 2, 4 ),
 ( 0.009095255983103317510, 0.009752404917394437434, 0.01040955385168555562 ),
 .UNSPECIFIED. ) ;
#3574 = CARTESIAN_POINT ( 'NONE',  ( -15.00000000000000000, 1.500000000000000000, 0.000000000000000000 ) ) ;
#3575 = CARTESIAN_POINT ( 'NONE',  ( -17.26116454968462932, -0.7500000000000011102, 1.299038105676660448 ) ) ;
#3576 = CARTESIAN_POINT ( 'NONE',  ( -18.22433227484231466, 1.183613885844321922, -0.6833597956087991143 ) ) ;
#3577 = EDGE_CURVE ( 'NONE', #3326, #2110, #710, .T. ) ;
#3578 = CARTESIAN_POINT ( 'NONE',  ( -18.39099894150897896, -1.183613885844322589, -0.6833597956087981151 ) ) ;
#3579 = CARTESIAN_POINT ( 'NONE',  ( -14.41183227484231466, -0.5918069429221617384, -1.025039693413197783 ) ) ;
#3580 = CARTESIAN_POINT ( 'NONE',  ( 14.21804219591217588, 1.531250000000000000, 0.000000000000000000 ) ) ;
#3581 = CARTESIAN_POINT ( 'NONE',  ( 18.93883545031535220, -0.7500000000000205391, 1.299038105676694199 ) ) ;
#3582 = CARTESIAN_POINT ( 'NONE',  ( -18.81529113742115911, -0.7656249999999996669, 1.326101399544921788 ) ) ;
#3583 = CARTESIAN_POINT ( 'NONE',  ( 16.97566772515768818, 1.183613885844322144, -0.6833597956087991143 ) ) ;
#3584 = CARTESIAN_POINT ( 'NONE',  ( 17.64233439182435248, 8.368743863583045653E-17, 1.366719591217596896 ) ) ;
#3585 = EDGE_CURVE ( 'NONE', #1584, #2961, #790, .T. ) ;
#3586 = CARTESIAN_POINT ( 'NONE',  ( -18.78683227484231466, 1.183613885844322144, -0.6833597956087991143 ) ) ;
#3587 = CARTESIAN_POINT ( 'NONE',  ( -16.90420674559680592, 1.531250000000000000, 0.8840675996966143035 ) ) ;
#3588 = LINE ( 'NONE', #1759, #5559 ) ;
#3589 = CARTESIAN_POINT ( 'NONE',  ( 18.49650105849100967, 1.183613885844347458, 0.6833597956088126590 ) ) ;
#3590 = CARTESIAN_POINT ( 'NONE',  ( -17.18266560817564681, 1.183613885844322366, 0.000000000000000000 ) ) ;
#3591 = EDGE_LOOP ( 'NONE', ( #1054, #5134, #5644, #5266 ) ) ;
#3592 = CARTESIAN_POINT ( 'NONE',  ( 16.45483439182435248, 1.183613885844322366, 0.000000000000000000 ) ) ;
#3593 = CARTESIAN_POINT ( 'NONE',  ( 14.22566772515768641, -1.183613885844322144, 0.6833597956087987813 ) ) ;
#3594 = DIRECTION ( 'NONE',  ( 1.000000000000000000, 0.000000000000000000, 0.000000000000000000 ) ) ;
#3595 = DIRECTION ( 'NONE',  ( -1.000000000000000000, -4.814824860968088948E-33, -0.000000000000000000 ) ) ;
#3596 = CARTESIAN_POINT ( 'NONE',  ( 16.65833333333333144, 1.499999999999999778, -0.8660254037844394848 ) ) ;
#3597 = ADVANCED_FACE ( 'NONE', ( #4328 ), #3932, .F. ) ;
#3598 = CARTESIAN_POINT ( 'NONE',  ( -16.62016560817566102, 8.368743863583247799E-17, 1.366719591217629981 ) ) ;
#3599 = CARTESIAN_POINT ( 'NONE',  ( -18.92783121635224575, 1.500000000000000000, -1.977318309084155535E-11 ) ) ;
#3600 = CARTESIAN_POINT ( 'NONE',  ( -13.69999999999984475, 0.9234153835431998525, -0.8649659368869674347 ) ) ;
#3601 = ORIENTED_EDGE ( 'NONE', *, *, #5005, .T. ) ;
#3602 = CARTESIAN_POINT ( 'NONE',  ( 19.50412658773652907, -1.531250000000000000, 1.875240411194384668E-16 ) ) ;
#3603 = EDGE_CURVE ( 'NONE', #2843, #2324, #3383, .T. ) ;
#3604 = VECTOR ( 'NONE', #1059, 1000.000000000000000 ) ;
#3605 = DIRECTION ( 'NONE',  ( -1.000000000000000000, -4.814824860968088948E-33, -0.000000000000000000 ) ) ;
#3606 = CARTESIAN_POINT ( 'NONE',  ( 19.57499999999999929, -3.181725716174720991E-16, -1.732050807568877193 ) ) ;
#3607 = CARTESIAN_POINT ( 'NONE',  ( -17.14099894150897896, 1.183613885844322589, 0.6833597956087983372 ) ) ;
#3608 = CARTESIAN_POINT ( 'NONE',  ( -13.70000000000000462, 0.9992873820530538964, 0.6343237019322631731 ) ) ;
#3609 = CARTESIAN_POINT ( 'NONE',  ( 13.75970886257884196, 1.531250000000000000, 0.8840675996966143035 ) ) ;
#3610 = CYLINDRICAL_SURFACE ( 'NONE', #558, 1.500000000000000000 ) ;
#3611 = CARTESIAN_POINT ( 'NONE',  ( -18.52362447075449481, 1.531249999999999556, -0.8840675996966153027 ) ) ;
#3612 = CARTESIAN_POINT ( 'NONE',  ( 16.51733439182435248, 1.183613885844322366, 0.000000000000000000 ) ) ;
#3613 = ADVANCED_FACE ( 'NONE', ( #341 ), #646, .T. ) ;
#3614 = CARTESIAN_POINT ( 'NONE',  ( 16.85066772515768818, -0.5918069429221617384, -1.025039693413197783 ) ) ;
#3615 = ORIENTED_EDGE ( 'NONE', *, *, #4327, .F. ) ;
#3616 = CARTESIAN_POINT ( 'NONE',  ( -16.91183227484231466, -0.5918069429221617384, -1.025039693413197783 ) ) ;
#3617 = CARTESIAN_POINT ( 'NONE',  ( -18.74516560817564681, 1.183613885844322366, 0.000000000000000000 ) ) ;
#3618 = CARTESIAN_POINT ( 'NONE',  ( -16.42783121635261523, 1.500000000000000000, -2.744604543629598203E-11 ) ) ;
#3619 = CARTESIAN_POINT ( 'NONE',  ( 16.82983439182433827, -2.510623159074966697E-16, -1.366719591217625984 ) ) ;
#3620 = APPLICATION_CONTEXT ( 'configuration controlled 3d designs of mechanical parts and assemblies' ) ;
#3621 = CARTESIAN_POINT ( 'NONE',  ( -19.39099894150897896, -1.183613885844322589, -0.6833597956087981151 ) ) ;
#3622 = EDGE_LOOP ( 'NONE', ( #206, #70, #543, #623 ) ) ;
#3623 = ADVANCED_FACE ( 'NONE', ( #3530 ), #3503, .F. ) ;
#3624 = CARTESIAN_POINT ( 'NONE',  ( 15.45483439182435248, 1.183613885844322366, 0.000000000000000000 ) ) ;
#3625 = CARTESIAN_POINT ( 'NONE',  ( 19.92500000000004334, -0.5009618943245239819, 1.413873113272515525 ) ) ;
#3626 = CARTESIAN_POINT ( 'NONE',  ( -19.98054607680298389, 2.249999999999998668, 0.4427317056464570300 ) ) ;
#3627 = CARTESIAN_POINT ( 'NONE',  ( 17.52216878364870922, -1.500000000000000000, 1.836970198721030181E-16 ) ) ;
#3628 = CARTESIAN_POINT ( 'NONE',  ( -19.98075666599056888, -1.506653605801030027, -1.728209346468569940 ) ) ;
#3629 = CARTESIAN_POINT ( 'NONE',  ( -17.70349894150899672, 1.183613885844351010, 0.6833597956088148795 ) ) ;
#3630 = DIRECTION ( 'NONE',  ( 0.000000000000000000, -1.000000000000000000, 0.000000000000000000 ) ) ;
#3631 = CARTESIAN_POINT ( 'NONE',  ( 17.89233439182435248, -2.510623159074913942E-16, -1.366719591217596896 ) ) ;
#3632 = DIRECTION ( 'NONE',  ( -1.000000000000000000, -4.814824860968088948E-33, -0.000000000000000000 ) ) ;
#3633 = ORIENTED_EDGE ( 'NONE', *, *, #3585, .F. ) ;
#3634 = CARTESIAN_POINT ( 'NONE',  ( 16.62150105849102033, -0.5918069429221609612, 1.025039693413198005 ) ) ;
#3635 = CARTESIAN_POINT ( 'NONE',  ( -20.00000000000000355, 1.500000000000000000, 1.836970198721029934E-16 ) ) ;
#3636 = CARTESIAN_POINT ( 'NONE',  ( -17.62500000000000355, -3.181725716174720991E-16, -1.732050807568877193 ) ) ;
#3637 = EDGE_CURVE ( 'NONE', #3856, #840, #4087, .T. ) ;
#3638 =( BOUNDED_CURVE ( )  B_SPLINE_CURVE ( 2, ( #3303, #5584, #2830, #3781, #4136, #4647, #550 ),
 .UNSPECIFIED., .F., .F. ) 
 B_SPLINE_CURVE_WITH_KNOTS ( ( 3, 2, 2, 3 ),
 ( 0.06079483439692767027, 0.06236484983858980174, 0.06393486528025194016, 0.06550488072191405775 ),
 .UNSPECIFIED. ) 
 CURVE ( )  GEOMETRIC_REPRESENTATION_ITEM ( )  RATIONAL_B_SPLINE_CURVE ( ( 0.9999999999999512612, 0.8660254037844874464, 1.000000000000000000, 0.8660254037844387076, 1.000000000000000000, 0.8660254037844405950, 0.9999999999999981126 ) ) 
 REPRESENTATION_ITEM ( '' )  );
#3639 = CARTESIAN_POINT ( 'NONE',  ( 14.25412658773653263, 1.531250000000000000, 0.000000000000000000 ) ) ;
#3640 = CARTESIAN_POINT ( 'NONE',  ( -15.76599894150898251, 0.5918069429221604061, -1.025039693413198227 ) ) ;
#3641 = CARTESIAN_POINT ( 'NONE',  ( 15.93883545031535576, -0.7500000000000180966, 1.299038105676689980 ) ) ;
#3642 = CARTESIAN_POINT ( 'NONE',  ( 14.84304219591217411, 1.082670556198342378E-16, 1.768135199393228829 ) ) ;
#3643 = CARTESIAN_POINT ( 'NONE',  ( -14.09449788301795969, -0.7500000000000003331, -1.299038105676657340 ) ) ;
#3644 = CARTESIAN_POINT ( 'NONE',  ( -15.52362447075449126, 1.531249999999999556, -0.8840675996966153027 ) ) ;
#3645 = CARTESIAN_POINT ( 'NONE',  ( 16.05900105849102033, 1.183613885844322589, 0.6833597956087983372 ) ) ;
#3646 = CARTESIAN_POINT ( 'NONE',  ( 20.38999259282480025, -0.3508211798583251717, -1.530859302989467929 ) ) ;
#3647 = ORIENTED_EDGE ( 'NONE', *, *, #3776, .F. ) ;
#3648 = CARTESIAN_POINT ( 'NONE',  ( -17.32849894150897896, 0.5918069429221604061, -1.025039693413198227 ) ) ;
#3649 = CARTESIAN_POINT ( 'NONE',  ( -19.99516560817564681, -1.183613885844322366, 1.449508956725610206E-16 ) ) ;
#3650 = CARTESIAN_POINT ( 'NONE',  ( 14.48050211698175538, -1.500000000000502709, 0.8660254037847203712 ) ) ;
#3651 = DIRECTION ( 'NONE',  ( 0.000000000000000000, -1.000000000000000000, 0.000000000000000000 ) ) ;
#3652 = CARTESIAN_POINT ( 'NONE',  ( -18.76599894150898251, 0.5918069429221604061, -1.025039693413198227 ) ) ;
#3653 = CARTESIAN_POINT ( 'NONE',  ( 18.43883545031535220, -0.7500000000000217604, 1.299038105676696420 ) ) ;
#3654 = EDGE_LOOP ( 'NONE', ( #3017, #4986, #5338 ) ) ;
#3655 = CARTESIAN_POINT ( 'NONE',  ( 15.41316772515768641, 1.183613885844322144, -0.6833597956087991143 ) ) ;
#3656 = CARTESIAN_POINT ( 'NONE',  ( 14.35066772515768641, -0.5918069429221617384, -1.025039693413197783 ) ) ;
#3657 = DIRECTION ( 'NONE',  ( 0.000000000000000000, 0.000000000000000000, 1.000000000000000000 ) ) ;
#3658 = CARTESIAN_POINT ( 'NONE',  ( 13.70000000000000284, -1.128151432539765464, -0.5666018523711568999 ) ) ;
#3659 = DIRECTION ( 'NONE',  ( 1.000000000000000000, 0.000000000000000000, 0.000000000000000000 ) ) ;
#3660 = CARTESIAN_POINT ( 'NONE',  ( -18.49516560817566457, -1.183613885844351010, 1.449508956725645212E-16 ) ) ;
#3661 = CARTESIAN_POINT ( 'NONE',  ( 19.24166666666666359, 1.499999999999999778, 0.8660254037844384856 ) ) ;
#3662 = CARTESIAN_POINT ( 'NONE',  ( 19.35066772515768463, -0.5918069429221617384, -1.025039693413197783 ) ) ;
#3663 = CARTESIAN_POINT ( 'NONE',  ( -13.70000000000010054, 1.138735691869636746, -0.3960108227545207082 ) ) ;
#3664 = EDGE_LOOP ( 'NONE', ( #647, #5851, #761, #715 ) ) ;
#3665 =( BOUNDED_CURVE ( )  B_SPLINE_CURVE ( 2, ( #966, #1925, #1471, #5128, #2864, #4209, #5062 ),
 .UNSPECIFIED., .F., .T. ) 
 B_SPLINE_CURVE_WITH_KNOTS ( ( 3, 2, 2, 3 ),
 ( 0.5785449221794318753, 0.5904496840841937377, 0.6023544459889556002, 0.6142592078937174627 ),
 .UNSPECIFIED. ) 
 CURVE ( )  GEOMETRIC_REPRESENTATION_ITEM ( )  RATIONAL_B_SPLINE_CURVE ( ( 1.000000000000000000, 0.8660254037844387076, 1.000000000000000000, 0.8660254037844387076, 1.000000000000000000, 0.8660254037844387076, 1.000000000000000000 ) ) 
 REPRESENTATION_ITEM ( '' )  );
#3666 = CARTESIAN_POINT ( 'NONE',  ( 16.74650105849102388, -1.183613885844322589, -0.6833597956087981151 ) ) ;
#3667 = CARTESIAN_POINT ( 'NONE',  ( 16.77216878364870212, 1.500000000000000000, -1.328936960476301019E-13 ) ) ;
#3668 = CARTESIAN_POINT ( 'NONE',  ( 15.43883545031537352, -0.7499999999999996669, 1.299038105676658006 ) ) ;
#3669 = CARTESIAN_POINT ( 'NONE',  ( 13.42079325440319870, -0.7656249999999996669, 1.326101399544921788 ) ) ;
#3670 = CARTESIAN_POINT ( 'NONE',  ( -16.72433227484231466, 1.183613885844322144, -0.6833597956087991143 ) ) ;
#3671 = DIRECTION ( 'NONE',  ( 0.000000000000000000, -1.000000000000000000, 0.000000000000000000 ) ) ;
#3672 = CARTESIAN_POINT ( 'NONE',  ( 15.13470886257884196, 0.7656249999999990008, -1.326101399544922455 ) ) ;
#3673 = CARTESIAN_POINT ( 'NONE',  ( -16.05283121635130428, -3.181725716174779663E-16, -1.732050807568909612 ) ) ;
#3674 = CARTESIAN_POINT ( 'NONE',  ( -16.19029113742115911, -1.531250000000000444, -0.8840675996966138595 ) ) ;
#3675 = CARTESIAN_POINT ( 'NONE',  ( 16.35066772515768818, -0.5918069429221617384, -1.025039693413197783 ) ) ;
#3676 = CARTESIAN_POINT ( 'NONE',  ( 19.85066772515768463, -0.5918069429221617384, -1.025039693413197783 ) ) ;
#3677 = UNCERTAINTY_MEASURE_WITH_UNIT (LENGTH_MEASURE( 1.000000000000000082E-05 ), #5112, 'distance_accuracy_value', 'NONE');
#3678 = VERTEX_POINT ( 'NONE', #5341 ) ;
#3679 = CARTESIAN_POINT ( 'NONE',  ( -16.28683227484231466, 1.183613885844322144, -0.6833597956087991143 ) ) ;
#3680 = CARTESIAN_POINT ( 'NONE',  ( -13.94587341226347021, 1.531250000000000000, 0.000000000000000000 ) ) ;
#3681 = CARTESIAN_POINT ( 'NONE',  ( 20.00000000000000355, 0.000000000000000000, 0.000000000000000000 ) ) ;
#3682 = CARTESIAN_POINT ( 'NONE',  ( 20.00000000000000355, 2.249999999999998668, -1.299038105676656896 ) ) ;
#3683 = CARTESIAN_POINT ( 'NONE',  ( -17.89099894150897896, -1.183613885844322589, -0.6833597956087981151 ) ) ;
#3684 = CARTESIAN_POINT ( 'NONE',  ( -20.00000000000000355, 1.500000000000000000, 1.836970198721029934E-16 ) ) ;
#3685 = ORIENTED_EDGE ( 'NONE', *, *, #3819, .F. ) ;
#3686 = CARTESIAN_POINT ( 'NONE',  ( 18.95483439182435603, 1.183613885844322366, 0.000000000000000000 ) ) ;
#3687 = CARTESIAN_POINT ( 'NONE',  ( 16.30900105849102033, -1.183613885844322589, -0.6833597956087981151 ) ) ;
#3688 = B_SPLINE_CURVE_WITH_KNOTS ( 'NONE', 3,
 ( #5805, #4475, #3975, #2661, #858, #3133 ),
 .UNSPECIFIED., .F., .F.,
 ( 4, 2, 4 ),
 ( 0.01305989971618580665, 0.01370539632555275306, 0.01435089293491969772 ),
 .UNSPECIFIED. ) ;
#3689 = CARTESIAN_POINT ( 'NONE',  ( -20.00000000000000355, 0.000000000000000000, 0.000000000000000000 ) ) ;
#3690 = CARTESIAN_POINT ( 'NONE',  ( 14.70000000000000107, 1.500000000000000000, 0.000000000000000000 ) ) ;
#3691 = CARTESIAN_POINT ( 'NONE',  ( -20.27920674559680236, -0.7656249999999996669, 1.326101399544921788 ) ) ;
#3692 = CARTESIAN_POINT ( 'NONE',  ( -14.87016560817566635, -2.510623159074974586E-16, -1.366719591217629981 ) ) ;
#3693 = CARTESIAN_POINT ( 'NONE',  ( -15.87500000000000000, 1.060575238724906915E-16, 1.732050807568877193 ) ) ;
#3694 = CARTESIAN_POINT ( 'NONE',  ( 18.47566772515768463, 1.183613885844322144, -0.6833597956087991143 ) ) ;
#3695 = CARTESIAN_POINT ( 'NONE',  ( -19.79903810567666156, 9.584552466975145460E-16, -2.598076211353313791 ) ) ;
#3696 = CARTESIAN_POINT ( 'NONE',  ( -17.55766560817565036, 8.368743863583045653E-17, 1.366719591217596896 ) ) ;
#3697 = ORIENTED_EDGE ( 'NONE', *, *, #187, .F. ) ;
#3698 = EDGE_CURVE ( 'NONE', #2791, #4707, #5315, .T. ) ;
#3699 = CARTESIAN_POINT ( 'NONE',  ( 15.24650105849101855, -1.183613885844322589, -0.6833597956087981151 ) ) ;
#3700 = CARTESIAN_POINT ( 'NONE',  ( -20.00000000000000355, 0.000000000000000000, 0.000000000000000000 ) ) ;
#3701 = CARTESIAN_POINT ( 'NONE',  ( 18.70000000000000284, 1.500000000000000000, 0.000000000000000000 ) ) ;
#3702 =( BOUNDED_CURVE ( )  B_SPLINE_CURVE ( 2, ( #2302, #4110, #40, #1856, #2336, #4143, #75 ),
 .UNSPECIFIED., .F., .F. ) 
 B_SPLINE_CURVE_WITH_KNOTS ( ( 3, 2, 2, 3 ),
 ( 0.06880164523494647355, 0.07037136540011150465, 0.07194108556527654963, 0.07351080573044159461 ),
 .UNSPECIFIED. ) 
 CURVE ( )  GEOMETRIC_REPRESENTATION_ITEM ( )  RATIONAL_B_SPLINE_CURVE ( ( 1.000000000000000000, 0.8660254037844387076, 1.000000000000000000, 0.8660254037844387076, 1.000000000000000000, 0.8660254037861329079, 0.9999999999983057997 ) ) 
 REPRESENTATION_ITEM ( '' )  );
#3703 = CARTESIAN_POINT ( 'NONE',  ( 13.50412658773653085, -1.531250000000000000, 1.875240411194384668E-16 ) ) ;
#3704 = CARTESIAN_POINT ( 'NONE',  ( -16.47433227484231111, -1.183613885844322366, 0.6833597956087990033 ) ) ;
#3705 = CARTESIAN_POINT ( 'NONE',  ( 19.98075666599056888, 0.7433463941989659762, 2.168904970561404078 ) ) ;
#3706 = CARTESIAN_POINT ( 'NONE',  ( 16.71804219591217588, 1.531250000000000000, 0.000000000000000000 ) ) ;
#3707 = CARTESIAN_POINT ( 'NONE',  ( 19.98054607680298389, -2.249999999999999556, 0.4427317056464551981 ) ) ;
#3708 = CARTESIAN_POINT ( 'NONE',  ( -16.73195780408782696, -1.531250000000000000, 1.875240411194384668E-16 ) ) ;
#3709 = AXIS2_PLACEMENT_3D ( 'NONE', #4078, #39, #3152 ) ;
#3710 = CARTESIAN_POINT ( 'NONE',  ( 16.60066772515768818, 0.5918069429221612943, 1.025039693413197783 ) ) ;
#3711 = EDGE_CURVE ( 'NONE', #1829, #2009, #3483, .T. ) ;
#3712 = CARTESIAN_POINT ( 'NONE',  ( 18.55900105849102033, 1.183613885844322589, 0.6833597956087983372 ) ) ;
#3713 = ORIENTED_EDGE ( 'NONE', *, *, #551, .T. ) ;
#3714 = CARTESIAN_POINT ( 'NONE',  ( -16.74516560817564681, 1.183613885844322366, 0.000000000000000000 ) ) ;
#3715 = CARTESIAN_POINT ( 'NONE',  ( -19.78683227484231466, 1.183613885844322144, -0.6833597956087991143 ) ) ;
#3716 = CARTESIAN_POINT ( 'NONE',  ( -14.38616454968464531, 1.500000000000338174, 0.8660254037842419761 ) ) ;
#3717 = CARTESIAN_POINT ( 'NONE',  ( 19.41316772515766687, 1.183613885844347013, -0.6833597956088134362 ) ) ;
#3718 = CARTESIAN_POINT ( 'NONE',  ( -18.51599894150897896, -0.5918069429221609612, 1.025039693413198005 ) ) ;
#3719 = ORIENTED_EDGE ( 'NONE', *, *, #4421, .F. ) ;
#3720 = CARTESIAN_POINT ( 'NONE',  ( 17.03816772515768818, 0.5918069429221612943, 1.025039693413197783 ) ) ;
#3721 = EDGE_CURVE ( 'NONE', #2727, #3524, #5688, .T. ) ;
#3722 = CARTESIAN_POINT ( 'NONE',  ( 17.30900105849101678, -1.183613885844322589, -0.6833597956087981151 ) ) ;
#3723 = CARTESIAN_POINT ( 'NONE',  ( -20.00000000000000711, 2.249999999999998668, 0.2200149673497405478 ) ) ;
#3724 = CARTESIAN_POINT ( 'NONE',  ( 19.92172769284587730, 0.3680687615027737891, -2.385571612819395781 ) ) ;
#3725 = CARTESIAN_POINT ( 'NONE',  ( 19.84845294379627134, 1.310620978612836218, 0.5673899953323676693 ) ) ;
#3726 = CARTESIAN_POINT ( 'NONE',  ( -16.20349894150899672, 1.183613885844351010, 0.6833597956088148795 ) ) ;
#3727 = DIRECTION ( 'NONE',  ( 1.000000000000000000, 0.000000000000000000, 0.000000000000000000 ) ) ;
#3728 = CARTESIAN_POINT ( 'NONE',  ( 20.14233439182435248, 8.368743863583045653E-17, 1.366719591217596896 ) ) ;
#3729 = CARTESIAN_POINT ( 'NONE',  ( -19.46949788301795436, 1.500000000000173861, -0.8660254037843395647 ) ) ;
#3730 = CARTESIAN_POINT ( 'NONE',  ( -16.01599894150898251, -0.5918069429221609612, 1.025039693413198005 ) ) ;
#3731 = ORIENTED_EDGE ( 'NONE', *, *, #725, .T. ) ;
#3732 = CARTESIAN_POINT ( 'NONE',  ( 14.74650105849102033, -1.183613885844322589, -0.6833597956087981151 ) ) ;
#3733 = CARTESIAN_POINT ( 'NONE',  ( 15.03816772515767042, 0.5918069429221737288, 1.025039693413219322 ) ) ;
#3734 = EDGE_CURVE ( 'NONE', #1041, #1060, #2730, .T. ) ;
#3735 = CARTESIAN_POINT ( 'NONE',  ( 19.69999999999999574, 1.500000000000000000, 0.000000000000000000 ) ) ;
#3736 = CARTESIAN_POINT ( 'NONE',  ( 13.71245992106986300, 1.531249999999999556, -0.8840675996966153027 ) ) ;
#3737 = CARTESIAN_POINT ( 'NONE',  ( -17.55766560817565036, 8.368743863583045653E-17, 1.366719591217596896 ) ) ;
#3738 = CARTESIAN_POINT ( 'NONE',  ( 17.64716878364870922, -3.181725716174721484E-16, -1.732050807568877637 ) ) ;
#3739 = CARTESIAN_POINT ( 'NONE',  ( 17.09304219591217233, -3.248011668595026887E-16, -1.768135199393228829 ) ) ;
#3740 = EDGE_CURVE ( 'NONE', #4273, #5612, #3275, .T. ) ;
#3741 =( NAMED_UNIT ( * ) PLANE_ANGLE_UNIT ( ) SI_UNIT ( $, .RADIAN. ) );
#3742 = CARTESIAN_POINT ( 'NONE',  ( -16.39862447075449126, 0.7656250000000002220, 1.326101399544921566 ) ) ;
#3743 =( BOUNDED_CURVE ( )  B_SPLINE_CURVE ( 2, ( #3043, #3464, #4368, #302, #3944, #4030, #828 ),
 .UNSPECIFIED., .F., .T. ) 
 B_SPLINE_CURVE_WITH_KNOTS ( ( 3, 2, 2, 3 ),
 ( 0.2928306364547766938, 0.3047353983595386673, 0.3166401602643005297, 0.3285449221690623922 ),
 .UNSPECIFIED. ) 
 CURVE ( )  GEOMETRIC_REPRESENTATION_ITEM ( )  RATIONAL_B_SPLINE_CURVE ( ( 1.000000000000000000, 0.8660254037844387076, 1.000000000000000000, 0.8660254037844387076, 1.000000000000000000, 0.8660254037844387076, 1.000000000000000000 ) ) 
 REPRESENTATION_ITEM ( '' )  );
#3744 = CARTESIAN_POINT ( 'NONE',  ( 17.60066772515768463, 0.5918069429221612943, 1.025039693413197783 ) ) ;
#3745 = CARTESIAN_POINT ( 'NONE',  ( 19.97566772515768818, 1.183613885844322144, -0.6833597956087991143 ) ) ;
#3746 = ORIENTED_EDGE ( 'NONE', *, *, #5470, .T. ) ;
#3747 = CARTESIAN_POINT ( 'NONE',  ( -16.66183227484231466, 0.5918069429221612943, 1.025039693413197783 ) ) ;
#3748 = CARTESIAN_POINT ( 'NONE',  ( -13.69587341226347021, -1.531250000000000000, 1.875240411194384668E-16 ) ) ;
#3749 = DIRECTION ( 'NONE',  ( -1.000000000000000000, -4.814824860968088948E-33, -0.000000000000000000 ) ) ;
#3750 = CARTESIAN_POINT ( 'NONE',  ( 14.15833333333333144, 1.499999999999999778, -0.8660254037844394848 ) ) ;
#3751 = CARTESIAN_POINT ( 'NONE',  ( -16.84933227484231466, -0.5918069429221617384, -1.025039693413197783 ) ) ;
#3752 = CYLINDRICAL_SURFACE ( 'NONE', #2202, 1.500000000000000000 ) ;
#3753 = ORIENTED_EDGE ( 'NONE', *, *, #4831, .F. ) ;
#3754 = CARTESIAN_POINT ( 'NONE',  ( 19.32983439182435959, -2.510623159074913942E-16, -1.366719591217596896 ) ) ;
#3755 = CARTESIAN_POINT ( 'NONE',  ( 16.18400105849102033, -0.5918069429221609612, 1.025039693413198005 ) ) ;
#3756 = CARTESIAN_POINT ( 'NONE',  ( -13.70000000000000817, -1.132619107599861064, -0.9731055858865316210 ) ) ;
#3757 = CARTESIAN_POINT ( 'NONE',  ( 19.82810889132455756, 1.403108891324555518, 0.000000000000000000 ) ) ;
#3758 =( BOUNDED_SURFACE ( )  B_SPLINE_SURFACE ( 1, 2, ( 
 ( #4853, #4018, #791, #5370, #1315, #4937, #874, #2242, #4045, #5849, #1789, #5398, #2765, #5022, #516, #1345, #3206, #4548, #4646, #3621, #5489, #5086, #1025, #3147, #3267, #901, #4169, #5426, #4966, #4518, #2296, #4202, #2796, #958, #3652, #4104, #33, #4581, #2703, #2329, #3718, #1885, #2732, #4135, #1431, #1373, #68, #1917, #2268, #2829, #4613, #5456, #1849, #459, #4074, #3683, #487, #4, #3174, #102, #5521, #549, #4992, #3235, #930, #583, #5055, #990, #2396, #2364, #135, #1464, #3590, #1818, #1402, #3302, #5120, #5554, #1949, #1498, #3751, #3471, #731, #3420, #4264, #3925, #5205, #5258, #1590, #4818, #2097, #4706, #4293, #2128, #642, #2537, #2452, #2943, #5611, #5177, #1146, #758, #3392, #1174, #4737, #3446, #3362, #193, #2008, #2999, #3809, #1200, #1560, #2883, #3841, #2915, #675, #1115, #1619, #5674, #2477, #3869, #5727, #4789, #223, #2068, #4320, #5233, #2036, #2508, #5643, #1674, #4763, #4349, #4375, #308, #703, #2565, #254, #5282, #2971, #281, #3897, #5701, #1648, #417, #837, #1278, #5781, #1726, #4452, #4845, #2641, #1336, #5362, #361, #387, #3110, #4871, #2206, #5391, #5756, #893, #2233, #3076 ),
 ( #2261, #783, #4425, #1248, #1702, #1753, #3523, #4037, #5334, #3140, #4066, #5870, #4929, #1306, #865, #5841, #3552, #4900, #3049, #2669, #4011, #3025, #1779, #3952, #5308, #5810, #4959, #4483, #3582, #2696, #4509, #2180, #450, #1808, #2590, #3611, #4399, #1226, #335, #2155, #3981, #810, #2617, #3496, #4161, #2356, #5449, #539, #4668, #1456, #1365, #4604, #982, #93, #3165, #5047, #508, #608, #1394, #3259, #1052, #2852, #4983, #5113, #2724, #127, #3197, #921, #478, #4127, #158, #4638, #2788, #5480, #58, #1875, #1908, #4540, #3708, #5546, #5512, #4574, #5078, #1015, #5014, #2821, #3742, #4096, #2416, #575, #1423, #3674, #2287, #24, #2388, #2320, #1840, #950, #1940, #1488, #4193, #2755, #3294, #3226, #4225, #1973, #5418, #3644, #4784, #1194, #2060, #303, #2937, #2532, #216, #5604, #3862, #2470, #5577, #4341, #635, #2001, #3382, #5696, #1168, #276, #5198, #4285, #1108, #5667, #4313, #2029, #2091, #2560, #3890, #4370, #1613, #248, #5143, #4812, #3833, #1641, #5635, #3440, #2966, #1523, #5170, #2993, #3323, #3415, #1078, #1582, #2444, #185, #1139, #5254, #4756, #5228, #1553, #752, #4257, #2876, #3774, #697, #4698 ) ),
 .UNSPECIFIED., .F., .F., .F. ) 
 B_SPLINE_SURFACE_WITH_KNOTS ( ( 2, 2 ),
 ( 3, 2, 2, 2, 2, 2, 2, 2, 2, 2, 2, 2, 2, 2, 2, 2, 2, 2, 2, 2, 2, 2, 2, 2, 2, 2, 2, 2, 2, 2, 2, 2, 2, 2, 2, 2, 2, 2, 2, 2, 2, 2, 2, 2, 2, 2, 2, 2, 2, 2, 2, 2, 2, 2, 2, 2, 2, 2, 2, 2, 2, 2, 2, 2, 2, 2, 2, 2, 2, 2, 2, 2, 2, 2, 2, 2, 2, 2, 2, 2, 2, 2, 3 ),
 ( 0.000000000000000000, 1.000000000000000000 ),
 ( 0.000000000000000000, 0.01190476190476190410, 0.02380952380952380820, 0.03571428571428571230, 0.04761904761904761640, 0.05952380952380952051, 0.07142857142857142461, 0.08333333333333332871, 0.09523809523809523281, 0.1071428571428571369, 0.1190476190476190410, 0.1309523809523809590, 0.1428571428571428492, 0.1547619047619047672, 0.1666666666666666574, 0.1785714285714285754, 0.1904761904761904656, 0.2023809523809523836, 0.2142857142857142738, 0.2261904761904761918, 0.2380952380952380820, 0.2500000000000000000, 0.2619047619047619180, 0.2738095238095238360, 0.2857142857142856984, 0.2976190476190476164, 0.3095238095238095344, 0.3214285714285714524, 0.3333333333333333148, 0.3452380952380952328, 0.3571428571428571508, 0.3690476190476190688, 0.3809523809523809312, 0.3928571428571428492, 0.4047619047619047672, 0.4166666666666666852, 0.4285714285714285476, 0.4404761904761904656, 0.4523809523809523836, 0.4642857142857143016, 0.4761904761904761640, 0.4880952380952380820, 0.5000000000000000000, 0.5119047619047618625, 0.5238095238095238360, 0.5357142857142856984, 0.5476190476190476719, 0.5595238095238095344, 0.5714285714285713969, 0.5833333333333333703, 0.5952380952380952328, 0.6071428571428570953, 0.6190476190476190688, 0.6309523809523809312, 0.6428571428571429047, 0.6547619047619047672, 0.6666666666666666297, 0.6785714285714286031, 0.6904761904761904656, 0.7023809523809523281, 0.7142857142857143016, 0.7261904761904761640, 0.7380952380952381375, 0.7500000000000000000, 0.7619047619047618625, 0.7738095238095238360, 0.7857142857142856984, 0.7976190476190476719, 0.8095238095238095344, 0.8214285714285713969, 0.8333333333333333703, 0.8452380952380952328, 0.8571428571428570953, 0.8690476190476190688, 0.8809523809523809312, 0.8928571428571429047, 0.9047619047619047672, 0.9166666666666666297, 0.9285714285714286031, 0.9404761904761904656, 0.9523809523809523281, 0.9642857142857143016, 0.9714020650262052969 ),
 .UNSPECIFIED. ) 
 GEOMETRIC_REPRESENTATION_ITEM ( )  RATIONAL_B_SPLINE_SURFACE ( (
 ( 1.000000000000000000, 0.8660254037844387076, 1.000000000000000000, 0.8660254037844387076, 1.000000000000000000, 0.8660254037844387076, 1.000000000000000000, 0.8660254037844387076, 1.000000000000000000, 0.8660254037844387076, 1.000000000000000000, 0.8660254037844387076, 1.000000000000000000, 0.8660254037844387076, 1.000000000000000000, 0.8660254037844387076, 1.000000000000000000, 0.8660254037844387076, 1.000000000000000000, 0.8660254037844387076, 1.000000000000000000, 0.8660254037844387076, 1.000000000000000000, 0.8660254037844387076, 1.000000000000000000, 0.8660254037844387076, 1.000000000000000000, 0.8660254037844387076, 1.000000000000000000, 0.8660254037844387076, 1.000000000000000000, 0.8660254037844387076, 1.000000000000000000, 0.8660254037844387076, 1.000000000000000000, 0.8660254037844387076, 1.000000000000000000, 0.8660254037844387076, 1.000000000000000000, 0.8660254037844387076, 1.000000000000000000, 0.8660254037844387076, 1.000000000000000000, 0.8660254037844387076, 1.000000000000000000, 0.8660254037844387076, 1.000000000000000000, 0.8660254037844387076, 1.000000000000000000, 0.8660254037844387076, 1.000000000000000000, 0.8660254037844387076, 1.000000000000000000, 0.8660254037844387076, 1.000000000000000000, 0.8660254037844387076, 1.000000000000000000, 0.8660254037844387076, 1.000000000000000000, 0.8660254037844387076, 1.000000000000000000, 0.8660254037844387076, 1.000000000000000000, 0.8660254037844387076, 1.000000000000000000, 0.8660254037844387076, 1.000000000000000000, 0.8660254037844387076, 1.000000000000000000, 0.8660254037844387076, 1.000000000000000000, 0.8660254037844387076, 1.000000000000000000, 0.8660254037844387076, 1.000000000000000000, 0.8660254037844387076, 1.000000000000000000, 0.8660254037844387076, 1.000000000000000000, 0.8660254037844387076, 1.000000000000000000, 0.8660254037844387076, 1.000000000000000000, 0.8660254037844387076, 1.000000000000000000, 0.8660254037844387076, 1.000000000000000000, 0.8660254037844387076, 1.000000000000000000, 0.8660254037844387076, 1.000000000000000000, 0.8660254037844387076, 1.000000000000000000, 0.8660254037844387076, 1.000000000000000000, 0.8660254037844387076, 1.000000000000000000, 0.8660254037844387076, 1.000000000000000000, 0.8660254037844387076, 1.000000000000000000, 0.8660254037844387076, 1.000000000000000000, 0.8660254037844387076, 1.000000000000000000, 0.8660254037844387076, 1.000000000000000000, 0.8660254037844387076, 1.000000000000000000, 0.8660254037844387076, 1.000000000000000000, 0.8660254037844387076, 1.000000000000000000, 0.8660254037844387076, 1.000000000000000000, 0.8660254037844387076, 1.000000000000000000, 0.8660254037844387076, 1.000000000000000000, 0.8660254037844387076, 1.000000000000000000, 0.8660254037844387076, 1.000000000000000000, 0.8660254037844387076, 1.000000000000000000, 0.8660254037844387076, 1.000000000000000000, 0.8660254037844387076, 1.000000000000000000, 0.8660254037844387076, 1.000000000000000000, 0.8660254037844387076, 1.000000000000000000, 0.8660254037844387076, 1.000000000000000000, 0.8660254037844387076, 1.000000000000000000, 0.8660254037844387076, 1.000000000000000000, 0.8660254037844387076, 1.000000000000000000, 0.8660254037844387076, 1.000000000000000000, 0.8660254037844387076, 1.000000000000000000, 0.8660254037844387076, 1.000000000000000000, 0.8660254037844387076, 1.000000000000000000, 0.8660254037844387076, 1.000000000000000000, 0.8660254037844387076, 1.000000000000000000, 0.8660254037844387076, 1.000000000000000000, 0.8660254037844387076, 1.000000000000000000, 0.8660254037844387076, 1.000000000000000000, 0.8660254037844387076, 1.000000000000000000, 0.8660254037844387076, 1.000000000000000000, 0.9199135417732100528, 0.9355742023657473982),
 ( 1.000000000000000000, 0.8660254037844387076, 1.000000000000000000, 0.8660254037844387076, 1.000000000000000000, 0.8660254037844387076, 1.000000000000000000, 0.8660254037844387076, 1.000000000000000000, 0.8660254037844387076, 1.000000000000000000, 0.8660254037844387076, 1.000000000000000000, 0.8660254037844387076, 1.000000000000000000, 0.8660254037844387076, 1.000000000000000000, 0.8660254037844387076, 1.000000000000000000, 0.8660254037844387076, 1.000000000000000000, 0.8660254037844387076, 1.000000000000000000, 0.8660254037844387076, 1.000000000000000000, 0.8660254037844387076, 1.000000000000000000, 0.8660254037844387076, 1.000000000000000000, 0.8660254037844387076, 1.000000000000000000, 0.8660254037844387076, 1.000000000000000000, 0.8660254037844387076, 1.000000000000000000, 0.8660254037844387076, 1.000000000000000000, 0.8660254037844387076, 1.000000000000000000, 0.8660254037844387076, 1.000000000000000000, 0.8660254037844387076, 1.000000000000000000, 0.8660254037844387076, 1.000000000000000000, 0.8660254037844387076, 1.000000000000000000, 0.8660254037844387076, 1.000000000000000000, 0.8660254037844387076, 1.000000000000000000, 0.8660254037844387076, 1.000000000000000000, 0.8660254037844387076, 1.000000000000000000, 0.8660254037844387076, 1.000000000000000000, 0.8660254037844387076, 1.000000000000000000, 0.8660254037844387076, 1.000000000000000000, 0.8660254037844387076, 1.000000000000000000, 0.8660254037844387076, 1.000000000000000000, 0.8660254037844387076, 1.000000000000000000, 0.8660254037844387076, 1.000000000000000000, 0.8660254037844387076, 1.000000000000000000, 0.8660254037844387076, 1.000000000000000000, 0.8660254037844387076, 1.000000000000000000, 0.8660254037844387076, 1.000000000000000000, 0.8660254037844387076, 1.000000000000000000, 0.8660254037844387076, 1.000000000000000000, 0.8660254037844387076, 1.000000000000000000, 0.8660254037844387076, 1.000000000000000000, 0.8660254037844387076, 1.000000000000000000, 0.8660254037844387076, 1.000000000000000000, 0.8660254037844387076, 1.000000000000000000, 0.8660254037844387076, 1.000000000000000000, 0.8660254037844387076, 1.000000000000000000, 0.8660254037844387076, 1.000000000000000000, 0.8660254037844387076, 1.000000000000000000, 0.8660254037844387076, 1.000000000000000000, 0.8660254037844387076, 1.000000000000000000, 0.8660254037844387076, 1.000000000000000000, 0.8660254037844387076, 1.000000000000000000, 0.8660254037844387076, 1.000000000000000000, 0.8660254037844387076, 1.000000000000000000, 0.8660254037844387076, 1.000000000000000000, 0.8660254037844387076, 1.000000000000000000, 0.8660254037844387076, 1.000000000000000000, 0.8660254037844387076, 1.000000000000000000, 0.8660254037844387076, 1.000000000000000000, 0.8660254037844387076, 1.000000000000000000, 0.8660254037844387076, 1.000000000000000000, 0.8660254037844387076, 1.000000000000000000, 0.8660254037844387076, 1.000000000000000000, 0.8660254037844387076, 1.000000000000000000, 0.8660254037844387076, 1.000000000000000000, 0.8660254037844387076, 1.000000000000000000, 0.8660254037844387076, 1.000000000000000000, 0.8660254037844387076, 1.000000000000000000, 0.8660254037844387076, 1.000000000000000000, 0.8660254037844387076, 1.000000000000000000, 0.8660254037844387076, 1.000000000000000000, 0.8660254037844387076, 1.000000000000000000, 0.8660254037844387076, 1.000000000000000000, 0.8660254037844387076, 1.000000000000000000, 0.8660254037844387076, 1.000000000000000000, 0.8660254037844387076, 1.000000000000000000, 0.8660254037844387076, 1.000000000000000000, 0.8660254037844387076, 1.000000000000000000, 0.8660254037844387076, 1.000000000000000000, 0.8660254037844387076, 1.000000000000000000, 0.9199135417732100528, 0.9355742023657473982) ) ) 
 REPRESENTATION_ITEM ( '' )  SURFACE ( )  );
#3759 = CARTESIAN_POINT ( 'NONE',  ( -14.66183227484233065, 0.5918069429221756161, 1.025039693413222430 ) ) ;
#3761 = ADVANCED_FACE ( 'NONE', ( #4488 ), #367, .F. ) ;
#3760 = CARTESIAN_POINT ( 'NONE',  ( 19.52216878364870922, -1.499999999999999112, 5.613893746097986614E-14 ) ) ;
#3762 = CARTESIAN_POINT ( 'NONE',  ( 18.80900105849102033, -1.183613885844322589, -0.6833597956087981151 ) ) ;
#3763 = LINE ( 'NONE', #4626, #1721 ) ;
#3764 = CARTESIAN_POINT ( 'NONE',  ( -17.14099894150897896, 1.183613885844322366, 0.6833597956087983372 ) ) ;
#3765 = ORIENTED_EDGE ( 'NONE', *, *, #832, .F. ) ;
#3766 = CARTESIAN_POINT ( 'NONE',  ( 14.41316772515768818, 1.183613885844322144, -0.6833597956087991143 ) ) ;
#3767 = AXIS2_PLACEMENT_3D ( 'NONE', #4298, #3398, #4768 ) ;
#3768 = CARTESIAN_POINT ( 'NONE',  ( 16.12150105849100612, -0.5918069429221735067, 1.025039693413219544 ) ) ;
#3769 = CARTESIAN_POINT ( 'NONE',  ( 15.46245992106986478, -1.531249999999999556, 0.8840675996966148587 ) ) ;
#3770 = CARTESIAN_POINT ( 'NONE',  ( -19.60861388584432419, -0.1640733474812292869, 1.172186745962348731 ) ) ;
#3771 = DIRECTION ( 'NONE',  ( 0.000000000000000000, 0.8660254037844390407, -0.4999999999999993339 ) ) ;
#3772 = CARTESIAN_POINT ( 'NONE',  ( 18.21804219591217588, 1.531250000000000000, 0.000000000000000000 ) ) ;
#3773 = PRODUCT_DEFINITION_FORMATION_WITH_SPECIFIED_SOURCE ( 'ANY', '', #5622, .NOT_KNOWN. ) ;
#3774 = CARTESIAN_POINT ( 'NONE',  ( -13.23195780408782696, -1.531250000000000000, 1.875240411194384668E-16 ) ) ;
#3775 = CARTESIAN_POINT ( 'NONE',  ( 19.22566772515768463, -1.183613885844322366, 0.6833597956087990033 ) ) ;
#3776 = EDGE_CURVE ( 'NONE', #4688, #255, #3588, .T. ) ;
#3777 = ORIENTED_EDGE ( 'NONE', *, *, #2551, .F. ) ;
#3778 = CARTESIAN_POINT ( 'NONE',  ( -13.99516560817564859, -1.183613885844322366, 1.449508956725610206E-16 ) ) ;
#3779 = CARTESIAN_POINT ( 'NONE',  ( -16.82849894150898251, 0.5918069429221604061, -1.025039693413198227 ) ) ;
#3780 = CARTESIAN_POINT ( 'NONE',  ( 19.37150105849100612, 0.5918069429221729516, -1.025039693413219988 ) ) ;
#3781 = CARTESIAN_POINT ( 'NONE',  ( -17.05283121635129362, -3.181725716174720991E-16, -1.732050807568877193 ) ) ;
#3782 = ORIENTED_EDGE ( 'NONE', *, *, #363, .F. ) ;
#3783 = CARTESIAN_POINT ( 'NONE',  ( 17.87150105849102033, 0.5918069429221604061, -1.025039693413198227 ) ) ;
#3784 = CARTESIAN_POINT ( 'NONE',  ( 16.60066772515768818, 0.5918069429221612943, 1.025039693413197783 ) ) ;
#3785 = LINE ( 'NONE', #2863, #2906 ) ;
#3786 = CARTESIAN_POINT ( 'NONE',  ( -20.19587341226347021, -1.531250000000000000, 1.875240411194384668E-16 ) ) ;
#3787 = CARTESIAN_POINT ( 'NONE',  ( -14.20349894150899672, 1.183613885844351010, 0.6833597956088148795 ) ) ;
#3788 = CARTESIAN_POINT ( 'NONE',  ( 15.11666666666666714, 0.7499999999999990008, -1.299038105676658672 ) ) ;
#3789 = VERTEX_POINT ( 'NONE', #5788 ) ;
#3790 = DIRECTION ( 'NONE',  ( 0.000000000000000000, -1.000000000000000000, 0.000000000000000000 ) ) ;
#3791 = CARTESIAN_POINT ( 'NONE',  ( -16.80766560817564681, -2.510623159074913942E-16, -1.366719591217596896 ) ) ;
#3792 = ORIENTED_EDGE ( 'NONE', *, *, #4243, .F. ) ;
#3793 =( BOUNDED_CURVE ( )  B_SPLINE_CURVE ( 2, ( #1180, #5213, #3905, #711, #4301, #3877, #289 ),
 .UNSPECIFIED., .F., .F. ) 
 B_SPLINE_CURVE_WITH_KNOTS ( ( 3, 2, 2, 3 ),
 ( 0.09235022543153192931, 0.09392033038315561466, 0.09549043533477930001, 0.09706054028640298537 ),
 .UNSPECIFIED. ) 
 CURVE ( )  GEOMETRIC_REPRESENTATION_ITEM ( )  RATIONAL_B_SPLINE_CURVE ( ( 1.000000000000250466, 0.8660254037841881303, 1.000000000000000000, 0.8660254037844385966, 1.000000000000000000, 0.8660254037844336006, 1.000000000000005107 ) ) 
 REPRESENTATION_ITEM ( '' )  );
#3794 = CARTESIAN_POINT ( 'NONE',  ( 19.57983439182434893, 8.368743863583045653E-17, 1.366719591217596896 ) ) ;
#3795 = CARTESIAN_POINT ( 'NONE',  ( 15.32983439182433827, -2.510623159074966697E-16, -1.366719591217625984 ) ) ;
#3796 = EDGE_CURVE ( 'NONE', #2324, #773, #742, .T. ) ;
#3797 = CARTESIAN_POINT ( 'NONE',  ( 17.96245992106986833, -1.531249999999999556, 0.8840675996966148587 ) ) ;
#3798 = CARTESIAN_POINT ( 'NONE',  ( -19.07849894150899672, -0.5918069429221752831, 1.025039693413222652 ) ) ;
#3799 = CARTESIAN_POINT ( 'NONE',  ( -19.88898356571707282, -0.1200694418797657592, 1.465063293451300375 ) ) ;
#3800 = CARTESIAN_POINT ( 'NONE',  ( 18.75970886257884018, 1.531250000000000000, 0.8840675996966143035 ) ) ;
#3801 = DIRECTION ( 'NONE',  ( 1.000000000000000000, 0.000000000000000000, 0.000000000000000000 ) ) ;
#3802 = CARTESIAN_POINT ( 'NONE',  ( 15.70000000000000284, 1.500000000000000000, 0.000000000000000000 ) ) ;
#3803 = CARTESIAN_POINT ( 'NONE',  ( 16.60550211698172873, -0.7500000000002722267, -1.299038105677128296 ) ) ;
#3804 = ORIENTED_EDGE ( 'NONE', *, *, #905, .T. ) ;
#3805 = CARTESIAN_POINT ( 'NONE',  ( -14.20349894150898074, 1.183613885844322589, 0.6833597956087983372 ) ) ;
#3806 = CARTESIAN_POINT ( 'NONE',  ( -17.45349894150897896, -1.183613885844322589, -0.6833597956087981151 ) ) ;
#3807 = CARTESIAN_POINT ( 'NONE',  ( 19.74440948298790133, -0.1121136216356653087, -1.326195482389635583 ) ) ;
#3808 = CARTESIAN_POINT ( 'NONE',  ( -19.00000000000000355, 1.500000000000000000, 0.000000000000000000 ) ) ;
#3809 = CARTESIAN_POINT ( 'NONE',  ( -15.59933227484231466, 0.5918069429221612943, 1.025039693413197783 ) ) ;
#3810 = EDGE_CURVE ( 'NONE', #2699, #1072, #1167, .T. ) ;
#3811 = EDGE_LOOP ( 'NONE', ( #5687, #3972, #388, #1227 ) ) ;
#3812 = CARTESIAN_POINT ( 'NONE',  ( 18.45483439182435248, 1.183613885844322366, 0.000000000000000000 ) ) ;
#3813 = CARTESIAN_POINT ( 'NONE',  ( 17.60066772515768463, 0.5918069429221612943, 1.025039693413197783 ) ) ;
#3814 = ORIENTED_EDGE ( 'NONE', *, *, #5744, .T. ) ;
#3815 = CARTESIAN_POINT ( 'NONE',  ( -15.09449788301796147, -0.7500000000000019984, -1.299038105676660004 ) ) ;
#3816 = CARTESIAN_POINT ( 'NONE',  ( -18.23754007893013807, -1.531249999999999556, 0.8840675996966148587 ) ) ;
#3817 = CARTESIAN_POINT ( 'NONE',  ( -16.25000000000000000, -1.500000000000000000, 1.836970198721029934E-16 ) ) ;
#3818 = CARTESIAN_POINT ( 'NONE',  ( 14.99166666666666892, -1.500000000000000222, -0.8660254037844381525 ) ) ;
#3819 = EDGE_CURVE ( 'NONE', #854, #585, #2712, .T. ) ;
#3820 = VERTEX_POINT ( 'NONE', #1400 ) ;
#3821 = CARTESIAN_POINT ( 'NONE',  ( 16.94999999999999574, -1.500000000000000000, 1.836970198721029934E-16 ) ) ;
#3822 = CARTESIAN_POINT ( 'NONE',  ( -15.64099894150898074, 1.183613885844322366, 0.6833597956087983372 ) ) ;
#3823 = ORIENTED_EDGE ( 'NONE', *, *, #5723, .F. ) ;
#3824 = CARTESIAN_POINT ( 'NONE',  ( 18.24650105849102033, -1.183613885844322589, -0.6833597956087981151 ) ) ;
#3825 = CARTESIAN_POINT ( 'NONE',  ( 19.66961524227066960, -1.244615242270667554, 1.524214072616781073E-16 ) ) ;
#3826 = CARTESIAN_POINT ( 'NONE',  ( 14.03816772515767219, 0.5918069429221737288, 1.025039693413219322 ) ) ;
#3827 = APPLICATION_CONTEXT ( 'configuration controlled 3d designs of mechanical parts and assemblies' ) ;
#3828 = CARTESIAN_POINT ( 'NONE',  ( 16.87912658773653263, 1.082670556198342378E-16, 1.768135199393228829 ) ) ;
#3829 = CARTESIAN_POINT ( 'NONE',  ( -13.68266560817564859, 1.183613885844322366, 0.000000000000000000 ) ) ;
#3830 = CARTESIAN_POINT ( 'NONE',  ( -19.87952496703114136, -0.3797062523738562456, 1.410335167833218106 ) ) ;
#3831 = PERSON_AND_ORGANIZATION_ROLE ( 'design_owner' ) ;
#3832 = EDGE_CURVE ( 'NONE', #3449, #732, #482, .T. ) ;
#3833 = CARTESIAN_POINT ( 'NONE',  ( -14.14862447075449303, -0.7656250000000006661, -1.326101399544921566 ) ) ;
#3834 = VECTOR ( 'NONE', #2501, 1000.000000000000000 ) ;
#3835 = CARTESIAN_POINT ( 'NONE',  ( 19.69999999999999574, 1.500000000000000000, 0.000000000000000000 ) ) ;
#3836 = VERTEX_POINT ( 'NONE', #5020 ) ;
#3837 = CARTESIAN_POINT ( 'NONE',  ( -15.87016560817564859, -2.510623159074913942E-16, -1.366719591217596896 ) ) ;
#3838 = CARTESIAN_POINT ( 'NONE',  ( -16.70349894150898251, 1.183613885844322589, 0.6833597956087983372 ) ) ;
#3839 = CARTESIAN_POINT ( 'NONE',  ( 16.19999999999999574, 1.500000000000000000, 0.000000000000000000 ) ) ;
#3840 = CARTESIAN_POINT ( 'NONE',  ( 20.00000000000000355, -1.575000000000000178, 1.928818708657081591E-16 ) ) ;
#3841 = CARTESIAN_POINT ( 'NONE',  ( -15.43266560817564681, -1.183613885844322366, 1.449508956725610206E-16 ) ) ;
#3842 = VERTEX_POINT ( 'NONE', #485 ) ;
#3843 = CARTESIAN_POINT ( 'NONE',  ( 15.30900105849102033, -1.183613885844322589, -0.6833597956087981151 ) ) ;
#3844 = CARTESIAN_POINT ( 'NONE',  ( 18.18400105849102033, -0.5918069429221609612, 1.025039693413198005 ) ) ;
#3845 = ORIENTED_EDGE ( 'NONE', *, *, #437, .T. ) ;
#3846 = LINE ( 'NONE', #229, #2066 ) ;
#3847 = CARTESIAN_POINT ( 'NONE',  ( -17.82087341226347021, 1.082670556198342378E-16, 1.768135199393228829 ) ) ;
#3848 = CARTESIAN_POINT ( 'NONE',  ( 20.00000000000000355, 9.144215405900934919E-16, -2.598076211353313791 ) ) ;
#3849 = ORIENTED_EDGE ( 'NONE', *, *, #1018, .F. ) ;
#3850 = CARTESIAN_POINT ( 'NONE',  ( 13.74650105849101855, -1.183613885844322589, -0.6833597956087981151 ) ) ;
#3851 = CARTESIAN_POINT ( 'NONE',  ( -15.05766560817564859, 8.368743863583045653E-17, 1.366719591217596896 ) ) ;
#3852 = ORIENTED_EDGE ( 'NONE', *, *, #5542, .T. ) ;
#3853 = CARTESIAN_POINT ( 'NONE',  ( 17.78816772515768463, -0.5918069429221617384, -1.025039693413197783 ) ) ;
#3854 = CARTESIAN_POINT ( 'NONE',  ( 19.18400105849102033, -0.5918069429221609612, 1.025039693413198005 ) ) ;
#3855 = CARTESIAN_POINT ( 'NONE',  ( 13.91316772515767042, 1.183613885844347013, -0.6833597956088134362 ) ) ;
#3856 = VERTEX_POINT ( 'NONE', #31 ) ;
#3857 = AXIS2_PLACEMENT_3D ( 'NONE', #3848, #3452, #5264 ) ;
#3858 = CARTESIAN_POINT ( 'NONE',  ( 16.50412658773652907, -1.531250000000000000, 1.875240411194384668E-16 ) ) ;
#3859 = CARTESIAN_POINT ( 'NONE',  ( -14.64099894150897896, 1.183613885844322589, 0.6833597956087983372 ) ) ;
#3860 = FACE_OUTER_BOUND ( 'NONE', #3119, .T. ) ;
#3861 = COORDINATED_UNIVERSAL_TIME_OFFSET ( 6, 0, .BEHIND. ) ;
#3862 = CARTESIAN_POINT ( 'NONE',  ( -15.14862447075449126, -0.7656250000000006661, -1.326101399544921566 ) ) ;
#3863 = DIRECTION ( 'NONE',  ( 0.000000000000000000, 0.8660254037844383745, 0.5000000000000004441 ) ) ;
#3864 = LOCAL_TIME ( 15, 29, 5.000000000000000000, #1640 ) ;
#3865 = CARTESIAN_POINT ( 'NONE',  ( -13.66183227484231466, 0.5918069429221612943, 1.025039693413197783 ) ) ;
#3866 = CARTESIAN_POINT ( 'NONE',  ( -17.91183227484231466, -0.5918069429221617384, -1.025039693413197783 ) ) ;
#3867 = CARTESIAN_POINT ( 'NONE',  ( 20.00000000000000355, 0.000000000000000000, 0.000000000000000000 ) ) ;
#3868 = LINE ( 'NONE', #2035, #2349 ) ;
#3869 = CARTESIAN_POINT ( 'NONE',  ( -15.14099894150898074, 1.183613885844322589, 0.6833597956087983372 ) ) ;
#3870 = VERTEX_POINT ( 'NONE', #4053 ) ;
#3871 = CARTESIAN_POINT ( 'NONE',  ( 19.78816772515768463, -0.5918069429221617384, -1.025039693413197783 ) ) ;
#3872 = ADVANCED_FACE ( 'NONE', ( #3969 ), #4886, .F. ) ;
#3873 = ORIENTED_EDGE ( 'NONE', *, *, #1935, .T. ) ;
#3874 = CARTESIAN_POINT ( 'NONE',  ( 18.02216878364870567, -1.499999999999999556, 1.836970198721029688E-16 ) ) ;
#3875 = CARTESIAN_POINT ( 'NONE',  ( -17.73754007893013807, -1.531249999999999556, 0.8840675996966148587 ) ) ;
#3876 = DIRECTION ( 'NONE',  ( -1.000000000000000000, -4.814824860968088948E-33, -0.000000000000000000 ) ) ;
#3877 = CARTESIAN_POINT ( 'NONE',  ( 14.81383545031537530, 1.500000000000035527, 0.8660254037844217212 ) ) ;
#3878 = ORIENTED_EDGE ( 'NONE', *, *, #2188, .F. ) ;
#3879 = CARTESIAN_POINT ( 'NONE',  ( 13.49650105849102033, 1.183613885844322589, 0.6833597956087983372 ) ) ;
#3880 = DIRECTION ( 'NONE',  ( -1.000000000000000000, -4.814824860968088948E-33, -0.000000000000000000 ) ) ;
#3881 = ORIENTED_EDGE ( 'NONE', *, *, #1647, .T. ) ;
#3882 = CARTESIAN_POINT ( 'NONE',  ( 17.37150105849102033, 0.5918069429221604061, -1.025039693413198227 ) ) ;
#3883 = CARTESIAN_POINT ( 'NONE',  ( 19.05900105849102033, 1.183613885844322366, 0.6833597956087983372 ) ) ;
#3884 = CARTESIAN_POINT ( 'NONE',  ( 17.07983439182433827, 8.368743863583221914E-17, 1.366719591217625984 ) ) ;
#3885 = EDGE_CURVE ( 'NONE', #2110, #552, #3324, .T. ) ;
#3886 = ORIENTED_EDGE ( 'NONE', *, *, #4939, .T. ) ;
#3887 = CARTESIAN_POINT ( 'NONE',  ( 17.21245992106986833, 1.531249999999999556, -0.8840675996966153027 ) ) ;
#3888 = DIRECTION ( 'NONE',  ( -1.000000000000000000, 0.000000000000000000, 0.000000000000000000 ) ) ;
#3889 = PERSON_AND_ORGANIZATION ( #398, #5844 ) ;
#3890 = CARTESIAN_POINT ( 'NONE',  ( -14.39862447075449303, 0.7656250000000002220, 1.326101399544921566 ) ) ;
#3891 = EDGE_CURVE ( 'NONE', #4130, #2189, #2635, .T. ) ;
#3892 = CARTESIAN_POINT ( 'NONE',  ( 19.79903810567666156, 2.249999999999998668, 1.299038105676658672 ) ) ;
#3893 = B_SPLINE_CURVE_WITH_KNOTS ( 'NONE', 3,
 ( #2708, #3180, #4524, #4998 ),
 .UNSPECIFIED., .F., .F.,
 ( 4, 4 ),
 ( 2.380746839935051478E-07, 0.001314652396222794947 ),
 .UNSPECIFIED. ) ;
#3894 = CARTESIAN_POINT ( 'NONE',  ( -13.57849894150898074, -0.5918069429221609612, 1.025039693413198005 ) ) ;
#3895 = CARTESIAN_POINT ( 'NONE',  ( -18.07849894150897896, -0.5918069429221609612, 1.025039693413198005 ) ) ;
#3896 = CARTESIAN_POINT ( 'NONE',  ( 19.70476766922255152, -0.9979695368317624826, -0.8195528383146480911 ) ) ;
#3897 = CARTESIAN_POINT ( 'NONE',  ( -14.26599894150898074, 0.5918069429221604061, -1.025039693413198227 ) ) ;
#3898 = ORIENTED_EDGE ( 'NONE', *, *, #1267, .T. ) ;
#3899 = CARTESIAN_POINT ( 'NONE',  ( 14.76733439182435248, -1.183613885844322366, 1.449508956725610206E-16 ) ) ;
#3900 =( BOUNDED_CURVE ( )  B_SPLINE_CURVE ( 2, ( #4838, #750, #2660, #3102, #1667, #2610, #1270 ),
 .UNSPECIFIED., .F., .T. ) 
 B_SPLINE_CURVE_WITH_KNOTS ( ( 3, 2, 2, 3 ),
 ( 0.04525247488423243813, 0.04682257751399091644, 0.04839268014374938781, 0.04996278277350788000 ),
 .UNSPECIFIED. ) 
 CURVE ( )  GEOMETRIC_REPRESENTATION_ITEM ( )  RATIONAL_B_SPLINE_CURVE ( ( 1.000000000000000000, 0.8660254037844387076, 1.000000000000000000, 0.8660254037844387076, 1.000000000000000000, 0.8660254037842437524, 1.000000000000194955 ) ) 
 REPRESENTATION_ITEM ( '' )  );
#3901 = EDGE_LOOP ( 'NONE', ( #1356, #2760, #4460, #2944 ) ) ;
#3902 = CARTESIAN_POINT ( 'NONE',  ( -13.91666666666666963, 0.7500000000000002220, 1.299038105676657784 ) ) ;
#3903 = CARTESIAN_POINT ( 'NONE',  ( -19.07087341226346666, -3.248011668595026887E-16, -1.768135199393228829 ) ) ;
#3904 = CARTESIAN_POINT ( 'NONE',  ( -20.00000000000000355, 1.124999999999997780, 1.948557158514986343 ) ) ;
#3905 = CARTESIAN_POINT ( 'NONE',  ( 14.93883545031537352, -0.7500000000000012212, 1.299038105676660670 ) ) ;
#3906 = ORIENTED_EDGE ( 'NONE', *, *, #3577, .T. ) ;
#3907 = EDGE_CURVE ( 'NONE', #116, #5214, #1738, .T. ) ;
#3908 = VECTOR ( 'NONE', #4614, 1000.000000000000000 ) ;
#3909 = CARTESIAN_POINT ( 'NONE',  ( 14.12150105849101855, -0.5918069429221609612, 1.025039693413198005 ) ) ;
#3910 = CARTESIAN_POINT ( 'NONE',  ( -14.51599894150898074, -0.5918069429221609612, 1.025039693413198005 ) ) ;
#3911 = ORIENTED_EDGE ( 'NONE', *, *, #4160, .T. ) ;
#3912 = CARTESIAN_POINT ( 'NONE',  ( 19.37150105849102033, 0.5918069429221604061, -1.025039693413198227 ) ) ;
#3913 = FACE_OUTER_BOUND ( 'NONE', #511, .T. ) ;
#3914 = CARTESIAN_POINT ( 'NONE',  ( 17.32983439182433827, -2.510623159074966697E-16, -1.366719591217625984 ) ) ;
#3915 = CARTESIAN_POINT ( 'NONE',  ( 16.46804219591217233, -1.531250000000000000, 1.875240411194384668E-16 ) ) ;
#3916 = EDGE_LOOP ( 'NONE', ( #3374, #2432, #1413, #2098, #2919, #4297, #324, #1761 ) ) ;
#3917 = CARTESIAN_POINT ( 'NONE',  ( 17.87912658773653263, 1.082670556198342378E-16, 1.768135199393228829 ) ) ;
#3918 = CARTESIAN_POINT ( 'NONE',  ( -19.98106444340220733, 2.249999999999999112, -0.4381466646733017112 ) ) ;
#3919 = FACE_OUTER_BOUND ( 'NONE', #3500, .T. ) ;
#3920 = DIRECTION ( 'NONE',  ( 0.000000000000000000, 0.5000000000000004441, -0.8660254037844383745 ) ) ;
#3921 = EDGE_CURVE ( 'NONE', #2984, #4807, #2679, .T. ) ;
#3922 = CARTESIAN_POINT ( 'NONE',  ( -19.22433227484231466, 1.183613885844322144, -0.6833597956087991143 ) ) ;
#3923 = CARTESIAN_POINT ( 'NONE',  ( -13.37250676241133718, -0.3508077534353677418, -1.530862125777819660 ) ) ;
#3924 = CARTESIAN_POINT ( 'NONE',  ( -20.00000000000000355, 0.000000000000000000, 0.000000000000000000 ) ) ;
#3925 = CARTESIAN_POINT ( 'NONE',  ( -16.64099894150898251, 1.183613885844322589, 0.6833597956087983372 ) ) ;
#3926 = CARTESIAN_POINT ( 'NONE',  ( 14.72566772515768818, -1.183613885844322366, 0.6833597956087990033 ) ) ;
#3927 = CARTESIAN_POINT ( 'NONE',  ( 20.20483439182435248, -1.183613885844322366, 1.449508956725610206E-16 ) ) ;
#3928 = AXIS2_PLACEMENT_3D ( 'NONE', #465, #3595, #347 ) ;
#3929 = ORIENTED_EDGE ( 'NONE', *, *, #3178, .F. ) ;
#3930 = PLANE ( 'NONE',  #1685 ) ;
#3931 = CARTESIAN_POINT ( 'NONE',  ( -18.32087341226347021, 1.082670556198342378E-16, 1.768135199393228829 ) ) ;
#3932 = CYLINDRICAL_SURFACE ( 'NONE', #3185, 1.500000000000000000 ) ;
#3933 = LINE ( 'NONE', #5736, #514 ) ;
#3934 = ORIENTED_EDGE ( 'NONE', *, *, #3976, .F. ) ;
#3935 =( BOUNDED_CURVE ( )  B_SPLINE_CURVE ( 2, ( #1595, #1679, #2103, #4269, #3815, #3424, #2074 ),
 .UNSPECIFIED., .F., .T. ) 
 B_SPLINE_CURVE_WITH_KNOTS ( ( 3, 2, 2, 3 ),
 ( 0.02311752666629672548, 0.02468724342649477113, 0.02625696018669282719, 0.02782667694689087284 ),
 .UNSPECIFIED. ) 
 CURVE ( )  GEOMETRIC_REPRESENTATION_ITEM ( )  RATIONAL_B_SPLINE_CURVE ( ( 0.9999999999999937828, 0.8660254037844448138, 1.000000000000000000, 0.8660254037844385966, 1.000000000000000000, 0.8660254037844360431, 1.000000000000002442 ) ) 
 REPRESENTATION_ITEM ( '' )  );
#3936 = CARTESIAN_POINT ( 'NONE',  ( 14.24650105849101855, -1.183613885844322589, -0.6833597956087981151 ) ) ;
#3937 = CARTESIAN_POINT ( 'NONE',  ( -17.45833333333333570, 1.499999999999999778, 0.8660254037844384856 ) ) ;
#3938 = CARTESIAN_POINT ( 'NONE',  ( 19.78816772515768463, -0.5918069429221617384, -1.025039693413197783 ) ) ;
#3939 = CARTESIAN_POINT ( 'NONE',  ( -18.17783121635132559, -1.500000000000000000, 6.926297974785416832E-13 ) ) ;
#3940 = CARTESIAN_POINT ( 'NONE',  ( 17.28816772515767397, -0.5918069429221741728, -1.025039693413219322 ) ) ;
#3941 = CARTESIAN_POINT ( 'NONE',  ( 19.63470886257884374, 0.7656249999999990008, -1.326101399544922455 ) ) ;
#3942 = EDGE_LOOP ( 'NONE', ( #5249, #396, #529, #5188 ) ) ;
#3943 = CARTESIAN_POINT ( 'NONE',  ( 14.28816772515768641, -0.5918069429221617384, -1.025039693413197783 ) ) ;
#3944 = CARTESIAN_POINT ( 'NONE',  ( -15.41666666666666963, 0.7500000000000002220, 1.299038105676657784 ) ) ;
#3945 = APPROVAL_DATE_TIME ( #4284, #1861 ) ;
#3946 = CARTESIAN_POINT ( 'NONE',  ( 19.91112159315240149, -2.249999999999998224, -0.8716338185438924357 ) ) ;
#3947 = CARTESIAN_POINT ( 'NONE',  ( -19.60861388584432419, 0.7144809482103977594, 0.9436412482547943403 ) ) ;
#3948 = CARTESIAN_POINT ( 'NONE',  ( -19.43266560817564681, -1.183613885844322366, 1.449508956725610206E-16 ) ) ;
#3949 = CARTESIAN_POINT ( 'NONE',  ( -14.12016560817565036, 8.368743863583045653E-17, 1.366719591217596896 ) ) ;
#3950 = CARTESIAN_POINT ( 'NONE',  ( 15.65833333333333321, 1.499999999999999778, -0.8660254037844394848 ) ) ;
#3951 = AXIS2_PLACEMENT_3D ( 'NONE', #1969, #3970, #5139 ) ;
#3952 = CARTESIAN_POINT ( 'NONE',  ( -19.02362447075449126, 1.531249999999999556, -0.8840675996966153027 ) ) ;
#3953 = CARTESIAN_POINT ( 'NONE',  ( 14.47566772515768641, 1.183613885844322144, -0.6833597956087991143 ) ) ;
#3954 = ADVANCED_FACE ( 'NONE', ( #5824 ), #1766, .F. ) ;
#3955 = CARTESIAN_POINT ( 'NONE',  ( 14.89233439182435248, -2.510623159074913942E-16, -1.366719591217596896 ) ) ;
#3956 = VECTOR ( 'NONE', #2254, 1000.000000000000000 ) ;
#3957 = ORIENTED_EDGE ( 'NONE', *, *, #1503, .F. ) ;
#3958 = CARTESIAN_POINT ( 'NONE',  ( -19.25000000000000355, -1.500000000000000000, 1.836970198721029934E-16 ) ) ;
#3959 = CARTESIAN_POINT ( 'NONE',  ( -15.36254007893013807, 0.7656250000000002220, 1.326101399544921566 ) ) ;
#3960 = CARTESIAN_POINT ( 'NONE',  ( -19.65556079660839117, 1.230560796608387575, 0.000000000000000000 ) ) ;
#3961 = DIRECTION ( 'NONE',  ( -1.000000000000000000, -4.814824860968088948E-33, -0.000000000000000000 ) ) ;
#3962 = ORIENTED_EDGE ( 'NONE', *, *, #560, .T. ) ;
#3963 = EDGE_CURVE ( 'NONE', #2324, #2961, #377, .T. ) ;
#3964 = DIRECTION ( 'NONE',  ( 0.000000000000000000, -1.000000000000000000, 0.000000000000000000 ) ) ;
#3965 = CC_DESIGN_PERSON_AND_ORGANIZATION_ASSIGNMENT ( #2965, #5695, ( #1878 ) ) ;
#3966 = DIRECTION ( 'NONE',  ( 0.000000000000000000, 0.000000000000000000, 1.000000000000000000 ) ) ;
#3967 = CARTESIAN_POINT ( 'NONE',  ( 20.16316772515768818, -1.183613885844322366, 0.6833597956087990033 ) ) ;
#3968 = FACE_OUTER_BOUND ( 'NONE', #4002, .T. ) ;
#3969 = FACE_OUTER_BOUND ( 'NONE', #2593, .T. ) ;
#3970 = DIRECTION ( 'NONE',  ( -1.000000000000000000, -4.814824860968088948E-33, -0.000000000000000000 ) ) ;
#3971 = CARTESIAN_POINT ( 'NONE',  ( 15.28333333333333144, 0.7500000000000002220, 1.299038105676657784 ) ) ;
#3972 = ORIENTED_EDGE ( 'NONE', *, *, #152, .F. ) ;
#3973 = CARTESIAN_POINT ( 'NONE',  ( 19.46245992106986122, -1.531249999999999556, 0.8840675996966148587 ) ) ;
#3974 = CARTESIAN_POINT ( 'NONE',  ( -14.75000000000000355, -1.500000000000000000, 1.836970198721029934E-16 ) ) ;
#3975 = CARTESIAN_POINT ( 'NONE',  ( -19.91112159315241215, -2.249999999999998224, -0.8716338185438915476 ) ) ;
#3976 = EDGE_CURVE ( 'NONE', #4265, #4711, #4954, .T. ) ;
#3977 = CARTESIAN_POINT ( 'NONE',  ( -18.09933227484231466, 0.5918069429221612943, 1.025039693413197783 ) ) ;
#3978 = CARTESIAN_POINT ( 'NONE',  ( -18.01599894150897896, -0.5918069429221609612, 1.025039693413198005 ) ) ;
#3979 = CARTESIAN_POINT ( 'NONE',  ( -14.87016560817565036, -2.510623159074913942E-16, -1.366719591217596896 ) ) ;
#3980 = CARTESIAN_POINT ( 'NONE',  ( -16.25000000000000000, -1.500000000000000000, 1.836970198721029934E-16 ) ) ;
#3981 = CARTESIAN_POINT ( 'NONE',  ( -18.31529113742115911, -0.7656249999999996669, 1.326101399544921788 ) ) ;
#3982 = ORIENTED_EDGE ( 'NONE', *, *, #5483, .T. ) ;
#3983 = CARTESIAN_POINT ( 'NONE',  ( 16.10066772515768818, 0.5918069429221612943, 1.025039693413197783 ) ) ;
#3984 = AXIS2_PLACEMENT_3D ( 'NONE', #4522, #5374, #2769 ) ;
#3985 = EDGE_LOOP ( 'NONE', ( #4501, #3898, #4287, #1459 ) ) ;
#3986 = FACE_OUTER_BOUND ( 'NONE', #3237, .T. ) ;
#3987 = CARTESIAN_POINT ( 'NONE',  ( -15.52920674559680414, 0.7656249999999990008, -1.326101399544922455 ) ) ;
#3988 = EDGE_CURVE ( 'NONE', #4184, #5606, #3287, .T. ) ;
#3989 = DIRECTION ( 'NONE',  ( 0.000000000000000000, 0.000000000000000000, -1.000000000000000000 ) ) ;
#3990 = CARTESIAN_POINT ( 'NONE',  ( 18.52216878364959740, -1.500000000000000444, -1.847903445868657300E-11 ) ) ;
#3991 = ORIENTED_EDGE ( 'NONE', *, *, #875, .F. ) ;
#3992 = CARTESIAN_POINT ( 'NONE',  ( 14.41316772515768818, 1.183613885844322144, -0.6833597956087991143 ) ) ;
#3993 = CARTESIAN_POINT ( 'NONE',  ( -17.25000000000000355, -1.500000000000000000, 1.836970198721029934E-16 ) ) ;
#3994 = DIRECTION ( 'NONE',  ( 0.000000000000000000, -3.338476886082577816E-16, 1.000000000000000000 ) ) ;
#3995 = FACE_OUTER_BOUND ( 'NONE', #610, .T. ) ;
#3996 = CARTESIAN_POINT ( 'NONE',  ( -13.70000000000000462, -1.438461276204703765, 0.4252401167100016144 ) ) ;
#3997 = CARTESIAN_POINT ( 'NONE',  ( -16.99516560817566457, -1.183613885844351010, 1.449508956725645212E-16 ) ) ;
#3998 = AXIS2_PLACEMENT_3D ( 'NONE', #1576, #746, #295 ) ;
#3999 = CARTESIAN_POINT ( 'NONE',  ( 19.34304219591217233, 1.082670556198342378E-16, 1.768135199393228829 ) ) ;
#4000 = AXIS2_PLACEMENT_3D ( 'NONE', #5023, #2365, #488 ) ;
#4001 = CARTESIAN_POINT ( 'NONE',  ( -19.92500000000004334, 0.8905880899801050798, 1.207001596513320063 ) ) ;
#4002 = EDGE_LOOP ( 'NONE', ( #5163, #5081, #3852, #1742 ) ) ;
#4003 = CARTESIAN_POINT ( 'NONE',  ( 18.58745992106986478, -0.7656250000000006661, -1.326101399544921566 ) ) ;
#4004 = DIRECTION ( 'NONE',  ( 0.000000000000000000, -1.000000000000000000, 0.000000000000000000 ) ) ;
#4005 = CARTESIAN_POINT ( 'NONE',  ( 13.81383545031533799, 1.500000000000053513, 0.8660254037844703490 ) ) ;
#4006 = CARTESIAN_POINT ( 'NONE',  ( -19.18266560817564681, 1.183613885844322366, 0.000000000000000000 ) ) ;
#4007 = CARTESIAN_POINT ( 'NONE',  ( -19.55766560817564681, 8.368743863583045653E-17, 1.366719591217596896 ) ) ;
#4008 = CARTESIAN_POINT ( 'NONE',  ( -14.53683227484231644, -1.183613885844322366, 0.6833597956087990033 ) ) ;
#4009 = ADVANCED_FACE ( 'NONE', ( #4557 ), #109, .F. ) ;
#4010 = CARTESIAN_POINT ( 'NONE',  ( -20.00000000000000355, 1.500000000000000000, 1.836970198721029934E-16 ) ) ;
#4011 = CARTESIAN_POINT ( 'NONE',  ( -19.14862447075449481, -0.7656250000000006661, -1.326101399544921566 ) ) ;
#4012 = FACE_OUTER_BOUND ( 'NONE', #3942, .T. ) ;
#4013 = CARTESIAN_POINT ( 'NONE',  ( 16.30900105849102033, -1.183613885844322589, -0.6833597956087981151 ) ) ;
#4014 = CARTESIAN_POINT ( 'NONE',  ( 15.60550211698204137, -0.7500000000000005551, -1.299038105676657784 ) ) ;
#4015 = CARTESIAN_POINT ( 'NONE',  ( -16.27920674559680236, -0.7656249999999996669, 1.326101399544921788 ) ) ;
#4016 = CLOSED_SHELL ( 'NONE', ( #5448, #5259, #1328, #2568, #1773, #139, #4512, #4953, #3597, #4880, #1338, #5325, #4758, #3221, #3761, #2310, #5827, #1100, #2933, #1046, #1874, #2580, #4394, #2409, #2044, #654, #2674, #1786, #3200, #1763, #4569, #117, #2394, #1662, #5193, #4848, #441, #5379, #18, #4009, #3005, #3954, #5287, #4654, #1286, #2753, #2898, #247, #2715, #5657, #3623, #3872, #2994, #3442, #4251, #5571, #3540, #1968, #4459, #2322, #1552, #1743, #3613, #1628, #2442, #5027, #317, #4931, #3283, #2531, #2217, #2693, #4474, #1450, #1032, #892, #629, #1696, #1448, #3435, #690, #3384, #4137, #26, #2172, #1434 ) ) ;
#4017 = DIRECTION ( 'NONE',  ( 0.000000000000000000, -1.000000000000000000, 0.000000000000000000 ) ) ;
#4018 = CARTESIAN_POINT ( 'NONE',  ( -20.14099894150898251, 1.183613885844322589, 0.6833597956087983372 ) ) ;
#4019 = ORIENTED_EDGE ( 'NONE', *, *, #5107, .F. ) ;
#4020 = CARTESIAN_POINT ( 'NONE',  ( 14.37150105849101855, 0.5918069429221604061, -1.025039693413198227 ) ) ;
#4021 = CARTESIAN_POINT ( 'NONE',  ( 13.89233439182435426, -2.510623159074913942E-16, -1.366719591217596896 ) ) ;
#4022 = DIRECTION ( 'NONE',  ( -1.000000000000000000, -4.814824860968088948E-33, -0.000000000000000000 ) ) ;
#4023 = LINE ( 'NONE', #2166, #3284 ) ;
#4024 = CARTESIAN_POINT ( 'NONE',  ( -20.00000000000000355, -1.500000000000000000, 0.000000000000000000 ) ) ;
#4025 = CARTESIAN_POINT ( 'NONE',  ( -17.78683227484233242, 1.183613885844350566, -0.6833597956088156566 ) ) ;
#4026 = CARTESIAN_POINT ( 'NONE',  ( 20.49149036890554143, -1.531250000000000222, -0.4975144803723279274 ) ) ;
#4027 = FACE_OUTER_BOUND ( 'NONE', #4854, .T. ) ;
#4028 = VERTEX_POINT ( 'NONE', #2402 ) ;
#4029 = CARTESIAN_POINT ( 'NONE',  ( 13.57983439182435248, 8.368743863583045653E-17, 1.366719591217596896 ) ) ;
#4030 = CARTESIAN_POINT ( 'NONE',  ( -15.45833333333333570, 1.499999999999999778, 0.8660254037844384856 ) ) ;
#4031 = CARTESIAN_POINT ( 'NONE',  ( 19.85987873311671947, 2.249999999999997780, -1.088279989895549082 ) ) ;
#4032 =( BOUNDED_CURVE ( )  B_SPLINE_CURVE ( 2, ( #5767, #292, #4331, #3060, #2080, #1711, #3508 ),
 .UNSPECIFIED., .F., .T. ) 
 B_SPLINE_CURVE_WITH_KNOTS ( ( 3, 2, 2, 3 ),
 ( 0.01228384529655278043, 0.01385397718215149350, 0.01542410906775020484, 0.01699424095334893178 ),
 .UNSPECIFIED. ) 
 CURVE ( )  GEOMETRIC_REPRESENTATION_ITEM ( )  RATIONAL_B_SPLINE_CURVE ( ( 1.000000000000038636, 0.8660254037843999608, 1.000000000000000000, 0.8660254037844387076, 1.000000000000000000, 0.8660254037844049568, 1.000000000000033751 ) ) 
 REPRESENTATION_ITEM ( '' )  );
#4033 = CARTESIAN_POINT ( 'NONE',  ( -18.59933227484231466, 0.5918069429221612943, 1.025039693413197783 ) ) ;
#4034 = CARTESIAN_POINT ( 'NONE',  ( -15.49516560817564681, -1.183613885844322366, 1.449508956725610206E-16 ) ) ;
#4035 = CARTESIAN_POINT ( 'NONE',  ( 16.17637552924550803, 1.531249999999999556, -0.8840675996966153027 ) ) ;
#4036 = DIRECTION ( 'NONE',  ( 0.000000000000000000, -1.000000000000000000, 0.000000000000000000 ) ) ;
#4037 = CARTESIAN_POINT ( 'NONE',  ( -19.69029113742115911, -1.531250000000000444, -0.8840675996966138595 ) ) ;
#4038 = CARTESIAN_POINT ( 'NONE',  ( 16.85066772515768818, -0.5918069429221617384, -1.025039693413197783 ) ) ;
#4039 = CARTESIAN_POINT ( 'NONE',  ( 15.89233439182435248, -2.510623159074913942E-16, -1.366719591217596896 ) ) ;
#4040 = AXIS2_PLACEMENT_3D ( 'NONE', #5463, #5030, #4238 ) ;
#4041 = CARTESIAN_POINT ( 'NONE',  ( -19.12016560817564681, 8.368743863583045653E-17, 1.366719591217596896 ) ) ;
#4042 = CARTESIAN_POINT ( 'NONE',  ( -16.15420674559680236, -1.531250000000000444, -0.8840675996966138595 ) ) ;
#4043 = CARTESIAN_POINT ( 'NONE',  ( 19.92172769284587730, 1.881931238497224879, 1.511542704210576904 ) ) ;
#4044 = CARTESIAN_POINT ( 'NONE',  ( 18.45483439182434182, 1.183613885844347235, 0.000000000000000000 ) ) ;
#4045 = CARTESIAN_POINT ( 'NONE',  ( -19.84933227484231111, -0.5918069429221617384, -1.025039693413197783 ) ) ;
#4046 = ORIENTED_EDGE ( 'NONE', *, *, #4196, .T. ) ;
#4047 = CARTESIAN_POINT ( 'NONE',  ( 16.07983439182435248, 8.368743863583045653E-17, 1.366719591217596896 ) ) ;
#4048 = AXIS2_PLACEMENT_3D ( 'NONE', #3205, #1058, #3301 ) ;
#4049 = EDGE_CURVE ( 'NONE', #552, #5399, #3665, .T. ) ;
#4050 = CARTESIAN_POINT ( 'NONE',  ( 14.14233439182435248, 8.368743863583045653E-17, 1.366719591217596896 ) ) ;
#4051 = CARTESIAN_POINT ( 'NONE',  ( 17.74166666666666359, 1.499999999999999778, 0.8660254037844384856 ) ) ;
#4052 = CARTESIAN_POINT ( 'NONE',  ( 18.19999999999999574, 1.500000000000000000, 0.000000000000000000 ) ) ;
#4053 = CARTESIAN_POINT ( 'NONE',  ( -17.17783121635129717, -1.499999999999999556, 1.836970198721029688E-16 ) ) ;
#4054 = CARTESIAN_POINT ( 'NONE',  ( -16.82849894150900028, 0.5918069429221747280, -1.025039693413223096 ) ) ;
#4055 = CARTESIAN_POINT ( 'NONE',  ( 19.67637552924550803, 1.531249999999999556, -0.8840675996966153027 ) ) ;
#4056 = CARTESIAN_POINT ( 'NONE',  ( -19.83333333333333925, -0.7499999999999996669, 1.299038105676658006 ) ) ;
#4057 = EDGE_LOOP ( 'NONE', ( #2887, #3428, #2798, #2031 ) ) ;
#4058 = CARTESIAN_POINT ( 'NONE',  ( 18.83745992106986478, 0.7656250000000002220, 1.326101399544921566 ) ) ;
#4059 = LINE ( 'NONE', #439, #920 ) ;
#4060 = EDGE_CURVE ( 'NONE', #2582, #1790, #4550, .T. ) ;
#4061 = CARTESIAN_POINT ( 'NONE',  ( 19.61666666666666359, 0.7499999999999990008, -1.299038105676658672 ) ) ;
#4062 = CARTESIAN_POINT ( 'NONE',  ( -17.43266560817565036, -1.183613885844322366, 1.449508956725610206E-16 ) ) ;
#4063 = CARTESIAN_POINT ( 'NONE',  ( -20.00000000000000355, -1.500000000000000000, 0.000000000000000000 ) ) ;
#4064 = CARTESIAN_POINT ( 'NONE',  ( 15.30137552924550803, 0.7656250000000002220, 1.326101399544921566 ) ) ;
#4065 = CARTESIAN_POINT ( 'NONE',  ( 18.77216878364870212, 1.499999999999999556, 0.000000000000000000 ) ) ;
#4066 = CARTESIAN_POINT ( 'NONE',  ( -19.56529113742115911, 0.7656249999999990008, -1.326101399544922455 ) ) ;
#4067 = CARTESIAN_POINT ( 'NONE',  ( 15.01733439182435248, 1.183613885844322366, 0.000000000000000000 ) ) ;
#4068 = CARTESIAN_POINT ( 'NONE',  ( 16.26733439182435248, -1.183613885844322366, 1.449508956725610206E-16 ) ) ;
#4069 =( BOUNDED_CURVE ( )  B_SPLINE_CURVE ( 2, ( #1318, #4585, #4077, #2271, #3210, #2736, #5028 ),
 .UNSPECIFIED., .F., .F. ) 
 B_SPLINE_CURVE_WITH_KNOTS ( ( 3, 2, 2, 3 ),
 ( 0.09706054028640298537, 0.09863025692332480499, 0.1001999735602466385, 0.1017696901971684581 ),
 .UNSPECIFIED. ) 
 CURVE ( )  GEOMETRIC_REPRESENTATION_ITEM ( )  RATIONAL_B_SPLINE_CURVE ( ( 0.9999999999999950040, 0.8660254037844437036, 1.000000000000000000, 0.8660254037844387076, 1.000000000000000000, 0.8660254037844387076, 1.000000000000000000 ) ) 
 REPRESENTATION_ITEM ( '' )  );
#4070 = DIRECTION ( 'NONE',  ( -1.000000000000000000, -4.814824860968088948E-33, -0.000000000000000000 ) ) ;
#4071 = CARTESIAN_POINT ( 'NONE',  ( -19.24516560817564681, 1.183613885844322366, 0.000000000000000000 ) ) ;
#4072 = CARTESIAN_POINT ( 'NONE',  ( -16.30283121635130783, 1.060575238724927376E-16, 1.732050807568910278 ) ) ;
#4073 = CARTESIAN_POINT ( 'NONE',  ( 18.78816772515766687, -0.5918069429221741728, -1.025039693413219322 ) ) ;
#4074 = CARTESIAN_POINT ( 'NONE',  ( -17.93266560817565036, -1.183613885844322366, 1.449508956725610206E-16 ) ) ;
#4075 = ORIENTED_EDGE ( 'NONE', *, *, #1574, .F. ) ;
#4076 = CARTESIAN_POINT ( 'NONE',  ( 15.53816772515768641, 0.5918069429221612943, 1.025039693413197783 ) ) ;
#4077 = CARTESIAN_POINT ( 'NONE',  ( 14.68883545031537174, 0.7500000000000001110, -1.299038105676660448 ) ) ;
#4078 = CARTESIAN_POINT ( 'NONE',  ( 13.70000000000000462, 6.980486755139912122E-16, 0.000000000000000000 ) ) ;
#4079 = CARTESIAN_POINT ( 'NONE',  ( 18.32499999999999929, 1.060575238724906915E-16, 1.732050807568877193 ) ) ;
#4080 = CARTESIAN_POINT ( 'NONE',  ( -15.92783121635129184, 1.499999999999999334, 0.000000000000000000 ) ) ;
#4081 = CARTESIAN_POINT ( 'NONE',  ( -16.45349894150900028, -1.183613885844351232, -0.6833597956088146574 ) ) ;
#4083 = EDGE_CURVE ( 'NONE', #5625, #2359, #2871, .T. ) ;
#4082 = CARTESIAN_POINT ( 'NONE',  ( 19.43883545031502535, -0.7500000000003022027, 1.299038105677182031 ) ) ;
#4084 = CARTESIAN_POINT ( 'NONE',  ( 18.10066772515768463, 0.5918069429221612943, 1.025039693413197783 ) ) ;
#4085 = CARTESIAN_POINT ( 'NONE',  ( -19.65556079660839117, 1.230560796608387575, 0.000000000000000000 ) ) ;
#4086 = ORIENTED_EDGE ( 'NONE', *, *, #5295, .T. ) ;
#4087 =( BOUNDED_CURVE ( )  B_SPLINE_CURVE ( 2, ( #4907, #1708, #5424, #2240, #394, #4432, #4990 ),
 .UNSPECIFIED., .F., .T. ) 
 B_SPLINE_CURVE_WITH_KNOTS ( ( 3, 2, 2, 3 ),
 ( 0.03583342701977473843, 0.03740307910932107877, 0.03897273119886739828, 0.04054238328841372474 ),
 .UNSPECIFIED. ) 
 CURVE ( )  GEOMETRIC_REPRESENTATION_ITEM ( )  RATIONAL_B_SPLINE_CURVE ( ( 1.000000000000000000, 0.8660254037844385966, 1.000000000000000000, 0.8660254037844385966, 1.000000000000000000, 0.8660254037833378105, 1.000000000001100675 ) ) 
 REPRESENTATION_ITEM ( '' )  );
#4088 = CARTESIAN_POINT ( 'NONE',  ( 16.53816772515768818, 0.5918069429221612943, 1.025039693413197783 ) ) ;
#4089 = AXIS2_PLACEMENT_3D ( 'NONE', #74, #3594, #3657 ) ;
#4090 = DIRECTION ( 'NONE',  ( -1.000000000000000000, -4.814824860968088948E-33, -0.000000000000000000 ) ) ;
#4091 = CARTESIAN_POINT ( 'NONE',  ( -19.38616454968461866, 1.499999999999825695, 0.8660254037845381836 ) ) ;
#4092 = CARTESIAN_POINT ( 'NONE',  ( -16.01599894150898251, -0.5918069429221609612, 1.025039693413198005 ) ) ;
#4093 = CARTESIAN_POINT ( 'NONE',  ( -20.00000000000000355, -1.500000000000000000, 0.000000000000000000 ) ) ;
#4094 = CARTESIAN_POINT ( 'NONE',  ( 13.92637552924550626, -1.531249999999999556, 0.8840675996966148587 ) ) ;
#4095 = CARTESIAN_POINT ( 'NONE',  ( -13.80283121635129184, 1.060575238724907038E-16, 1.732050807568877193 ) ) ;
#4096 = CARTESIAN_POINT ( 'NONE',  ( -16.35695780408782696, 1.082670556198342378E-16, 1.768135199393228829 ) ) ;
#4097 = CARTESIAN_POINT ( 'NONE',  ( 16.89233439182435248, -2.510623159074913942E-16, -1.366719591217596896 ) ) ;
#4098 = CARTESIAN_POINT ( 'NONE',  ( 20.18400105849101678, -0.5918069429221609612, 1.025039693413198005 ) ) ;
#4099 = EDGE_CURVE ( 'NONE', #1627, #1544, #826, .T. ) ;
#4100 = VERTEX_POINT ( 'NONE', #4144 ) ;
#4101 = CARTESIAN_POINT ( 'NONE',  ( -16.16183227484231821, 0.5918069429221612943, 1.025039693413197783 ) ) ;
#4102 = CARTESIAN_POINT ( 'NONE',  ( -20.20349894150897896, 1.183613885844322589, 0.6833597956087983372 ) ) ;
#4103 = CARTESIAN_POINT ( 'NONE',  ( 19.03816772515767042, 0.5918069429221737288, 1.025039693413219322 ) ) ;
#4104 = CARTESIAN_POINT ( 'NONE',  ( -18.72433227484231821, 1.183613885844322144, -0.6833597956087991143 ) ) ;
#4105 = CARTESIAN_POINT ( 'NONE',  ( -19.92500000000006821, 1.500000000000000000, 1.836970198721029934E-16 ) ) ;
#4106 = ORIENTED_EDGE ( 'NONE', *, *, #3040, .T. ) ;
#4107 = CARTESIAN_POINT ( 'NONE',  ( 15.12150105849102033, -0.5918069429221609612, 1.025039693413198005 ) ) ;
#4108 = CARTESIAN_POINT ( 'NONE',  ( 14.89233439182435248, -2.510623159074913942E-16, -1.366719591217596896 ) ) ;
#4109 = PLANE ( 'NONE',  #3709 ) ;
#4110 = CARTESIAN_POINT ( 'NONE',  ( 16.23050211698202006, 1.500000000000036415, -0.8660254037844608010 ) ) ;
#4111 = CARTESIAN_POINT ( 'NONE',  ( -18.70349894150899317, 1.183613885844351010, 0.6833597956088148795 ) ) ;
#4112 = CARTESIAN_POINT ( 'NONE',  ( -20.00000000000000355, 0.000000000000000000, 0.000000000000000000 ) ) ;
#4113 = B_SPLINE_CURVE_WITH_KNOTS ( 'NONE', 3,
 ( #5739, #5268, #1262, #1687, #3062, #3484 ),
 .UNSPECIFIED., .F., .F.,
 ( 4, 2, 4 ),
 ( 0.000000000000000000, 0.0004582819026483288022, 0.0009165638052966576044 ),
 .UNSPECIFIED. ) ;
#4114 = CARTESIAN_POINT ( 'NONE',  ( 18.05900105849102033, 1.183613885844322589, 0.6833597956087983372 ) ) ;
#4115 = AXIS2_PLACEMENT_3D ( 'NONE', #4433, #3961, #1709 ) ;
#4116 = DIRECTION ( 'NONE',  ( -1.000000000000000000, -4.814824860968088948E-33, -0.000000000000000000 ) ) ;
#4117 = VERTEX_POINT ( 'NONE', #3181 ) ;
#4118 = CARTESIAN_POINT ( 'NONE',  ( 15.37150105849102033, 0.5918069429221604061, -1.025039693413198227 ) ) ;
#4119 = CARTESIAN_POINT ( 'NONE',  ( 20.00000000000000355, 0.000000000000000000, 0.000000000000000000 ) ) ;
#4120 = CYLINDRICAL_SURFACE ( 'NONE', #1340, 1.500000000000000000 ) ;
#4121 =( BOUNDED_CURVE ( )  B_SPLINE_CURVE ( 2, ( #3958, #1814, #2184, #788, #5339, #5285, #5366 ),
 .UNSPECIFIED., .F., .T. ) 
 B_SPLINE_CURVE_WITH_KNOTS ( ( 3, 2, 2, 3 ),
 ( 0.8642592078833482017, 0.8761639697881100641, 0.8880687316928719266, 0.8999734935976339001 ),
 .UNSPECIFIED. ) 
 CURVE ( )  GEOMETRIC_REPRESENTATION_ITEM ( )  RATIONAL_B_SPLINE_CURVE ( ( 1.000000000000000000, 0.8660254037844387076, 1.000000000000000000, 0.8660254037844387076, 1.000000000000000000, 0.8660254037844387076, 1.000000000000000000 ) ) 
 REPRESENTATION_ITEM ( '' )  );
#4122 = CARTESIAN_POINT ( 'NONE',  ( 15.75412658773652907, 1.531250000000000000, 0.000000000000000000 ) ) ;
#4123 = CARTESIAN_POINT ( 'NONE',  ( -16.05766560817564681, 8.368743863583045653E-17, 1.366719591217596896 ) ) ;
#4124 = CARTESIAN_POINT ( 'NONE',  ( 20.00000000000000355, 0.9340480779059847638, 2.058803302138241254 ) ) ;
#4125 = CARTESIAN_POINT ( 'NONE',  ( 14.13470886257884018, 0.7656249999999990008, -1.326101399544922455 ) ) ;
#4126 = CARTESIAN_POINT ( 'NONE',  ( -16.17783121635034149, -1.499999999999999556, -1.973802736861560734E-11 ) ) ;
#4127 = CARTESIAN_POINT ( 'NONE',  ( -17.10695780408782696, -3.248011668595026887E-16, -1.768135199393228829 ) ) ;
#4128 = CARTESIAN_POINT ( 'NONE',  ( 15.55900105849102033, 1.183613885844322589, 0.6833597956087983372 ) ) ;
#4129 = CARTESIAN_POINT ( 'NONE',  ( 19.60066772515768463, 0.5918069429221612943, 1.025039693413197783 ) ) ;
#4130 = VERTEX_POINT ( 'NONE', #1892 ) ;
#4131 = CARTESIAN_POINT ( 'NONE',  ( -16.24516560817564681, 1.183613885844322366, 0.000000000000000000 ) ) ;
#4132 = CARTESIAN_POINT ( 'NONE',  ( -19.66183227484231111, 0.5918069429221612943, 1.025039693413197783 ) ) ;
#4133 = FACE_OUTER_BOUND ( 'NONE', #3431, .T. ) ;
#4134 = CARTESIAN_POINT ( 'NONE',  ( -14.84449788301796502, 0.7500000000000019984, 1.299038105676660670 ) ) ;
#4135 = CARTESIAN_POINT ( 'NONE',  ( -18.39099894150897896, -1.183613885844322589, -0.6833597956087981151 ) ) ;
#4136 = CARTESIAN_POINT ( 'NONE',  ( -17.09449788301795792, -0.7500000000000007772, -1.299038105676658006 ) ) ;
#4137 = ADVANCED_FACE ( 'NONE', ( #5095 ), #4535, .T. ) ;
#4138 = ORIENTED_EDGE ( 'NONE', *, *, #3734, .T. ) ;
#4139 = CARTESIAN_POINT ( 'NONE',  ( 17.20483439182435248, -1.183613885844322366, 1.449508956725610206E-16 ) ) ;
#4140 = CARTESIAN_POINT ( 'NONE',  ( 14.55900105849102033, 1.183613885844322366, 0.6833597956087983372 ) ) ;
#4141 =( BOUNDED_CURVE ( )  B_SPLINE_CURVE ( 2, ( #319, #3430, #4386, #4437, #5292, #5217, #2576 ),
 .UNSPECIFIED., .F., .T. ) 
 B_SPLINE_CURVE_WITH_KNOTS ( ( 3, 2, 2, 3 ),
 ( 0.4356877793222889705, 0.4475925412270508330, 0.4594973031318128065, 0.4714020650365746690 ),
 .UNSPECIFIED. ) 
 CURVE ( )  GEOMETRIC_REPRESENTATION_ITEM ( )  RATIONAL_B_SPLINE_CURVE ( ( 1.000000000000000000, 0.8660254037844387076, 1.000000000000000000, 0.8660254037844387076, 1.000000000000000000, 0.8660254037844387076, 1.000000000000000000 ) ) 
 REPRESENTATION_ITEM ( '' )  );
#4142 = CARTESIAN_POINT ( 'NONE',  ( -15.70833333333333748, -1.500000000000000222, -0.8660254037844381525 ) ) ;
#4143 = CARTESIAN_POINT ( 'NONE',  ( 16.06383545031596327, -1.499999999989086064, -0.8660254037907824110 ) ) ;
#4144 = CARTESIAN_POINT ( 'NONE',  ( -16.92783121635131849, 1.499999999999999112, -5.525579993559146617E-13 ) ) ;
#4145 = CARTESIAN_POINT ( 'NONE',  ( -15.91183227484233420, -0.5918069429221760602, -1.025039693413222430 ) ) ;
#4146 = DIRECTION ( 'NONE',  ( -1.000000000000000000, -4.814824860968088948E-33, -0.000000000000000000 ) ) ;
#4147 = CARTESIAN_POINT ( 'NONE',  ( 20.01733439182435248, 1.183613885844322366, 0.000000000000000000 ) ) ;
#4148 = AXIS2_PLACEMENT_3D ( 'NONE', #3567, #5377, #1321 ) ;
#4149 = CARTESIAN_POINT ( 'NONE',  ( -14.67783121635129362, -1.500000000000000000, 1.836970198721030181E-16 ) ) ;
#4150 = CARTESIAN_POINT ( 'NONE',  ( -17.76599894150897896, 0.5918069429221604061, -1.025039693413198227 ) ) ;
#4151 = VERTEX_POINT ( 'NONE', #571 ) ;
#4152 = CARTESIAN_POINT ( 'NONE',  ( 15.82983439182435070, -2.510623159074913942E-16, -1.366719591217596896 ) ) ;
#4153 = FACE_OUTER_BOUND ( 'NONE', #1931, .T. ) ;
#4154 = CARTESIAN_POINT ( 'NONE',  ( 18.82499999999999929, 1.060575238724906915E-16, 1.732050807568877193 ) ) ;
#4155 = CARTESIAN_POINT ( 'NONE',  ( 13.75412658773653085, 1.531250000000000000, 0.000000000000000000 ) ) ;
#4156 = CARTESIAN_POINT ( 'NONE',  ( -17.47433227484231466, -1.183613885844322366, 0.6833597956087990033 ) ) ;
#4157 = CARTESIAN_POINT ( 'NONE',  ( 16.02216878364961872, -1.500000000000000000, -1.890569316705135513E-11 ) ) ;
#4158 = CARTESIAN_POINT ( 'NONE',  ( 14.63470886257884196, 0.7656249999999990008, -1.326101399544922455 ) ) ;
#4159 = CARTESIAN_POINT ( 'NONE',  ( -20.00000000000000355, 0.000000000000000000, 0.000000000000000000 ) ) ;
#4160 = EDGE_CURVE ( 'NONE', #5612, #4700, #1010, .T. ) ;
#4161 = CARTESIAN_POINT ( 'NONE',  ( -18.14862447075449126, -0.7656250000000006661, -1.326101399544921566 ) ) ;
#4162 = CARTESIAN_POINT ( 'NONE',  ( 15.93400105849102033, 0.5918069429221604061, -1.025039693413198227 ) ) ;
#4163 = CARTESIAN_POINT ( 'NONE',  ( 18.60066772515768463, 0.5918069429221612943, 1.025039693413197783 ) ) ;
#4164 = VERTEX_POINT ( 'NONE', #4980 ) ;
#4165 = CARTESIAN_POINT ( 'NONE',  ( -16.99516560817564681, -1.183613885844322366, 1.449508956725610206E-16 ) ) ;
#4166 = CARTESIAN_POINT ( 'NONE',  ( -13.77920674559680414, -0.7656249999999996669, 1.326101399544921788 ) ) ;
#4167 = DIRECTION ( 'NONE',  ( 0.000000000000000000, -1.000000000000000000, 0.000000000000000000 ) ) ;
#4168 = CARTESIAN_POINT ( 'NONE',  ( 18.95483439182434182, 1.183613885844347235, 0.000000000000000000 ) ) ;
#4169 = CARTESIAN_POINT ( 'NONE',  ( -19.09933227484231466, 0.5918069429221612943, 1.025039693413197783 ) ) ;
#4170 = CARTESIAN_POINT ( 'NONE',  ( 13.70000000000000107, 1.500000000000000000, 0.000000000000000000 ) ) ;
#4171 = ORIENTED_EDGE ( 'NONE', *, *, #1137, .T. ) ;
#4172 = CARTESIAN_POINT ( 'NONE',  ( 17.53816772515768463, 0.5918069429221612943, 1.025039693413197783 ) ) ;
#4173 = CARTESIAN_POINT ( 'NONE',  ( 16.80900105849102033, -1.183613885844322589, -0.6833597956087981151 ) ) ;
#4174 = EDGE_CURVE ( 'NONE', #4151, #3158, #2905, .T. ) ;
#4175 = CARTESIAN_POINT ( 'NONE',  ( -20.00000000000000355, 1.500000000000000000, 1.836970198721029934E-16 ) ) ;
#4176 = CARTESIAN_POINT ( 'NONE',  ( -17.67783121635129717, -1.500000000000000444, 1.836970198721030674E-16 ) ) ;
#4177 = CARTESIAN_POINT ( 'NONE',  ( -20.00000000000000355, 0.000000000000000000, 0.000000000000000000 ) ) ;
#4178 =( BOUNDED_CURVE ( )  B_SPLINE_CURVE ( 2, ( #765, #1208, #342, #5289, #1231, #4827, #3990 ),
 .UNSPECIFIED., .F., .F. ) 
 B_SPLINE_CURVE_WITH_KNOTS ( ( 3, 2, 2, 3 ),
 ( 0.02170386759964427689, 0.02327359398648829597, 0.02484332037333233240, 0.02641304676017635147 ),
 .UNSPECIFIED. ) 
 CURVE ( )  GEOMETRIC_REPRESENTATION_ITEM ( )  RATIONAL_B_SPLINE_CURVE ( ( 1.000000000000000000, 0.8660254037844385966, 1.000000000000000000, 0.8660254037844385966, 1.000000000000000000, 0.8660254037860953824, 0.9999999999983432142 ) ) 
 REPRESENTATION_ITEM ( '' )  );
#4179 = CARTESIAN_POINT ( 'NONE',  ( -14.74516560817566457, 1.183613885844351010, 0.000000000000000000 ) ) ;
#4180 = CARTESIAN_POINT ( 'NONE',  ( -15.75000000000000355, -1.500000000000000000, 1.836970198721029934E-16 ) ) ;
#4181 = CARTESIAN_POINT ( 'NONE',  ( 18.35066772515768463, -0.5918069429221617384, -1.025039693413197783 ) ) ;
#4182 = DIRECTION ( 'NONE',  ( 0.000000000000000000, -0.000000000000000000, -1.000000000000000000 ) ) ;
#4183 = CARTESIAN_POINT ( 'NONE',  ( -14.76599894150898074, 0.5918069429221604061, -1.025039693413198227 ) ) ;
#4184 = VERTEX_POINT ( 'NONE', #4537 ) ;
#4185 = CARTESIAN_POINT ( 'NONE',  ( 15.45483439182435248, 1.183613885844322366, 0.000000000000000000 ) ) ;
#4186 = CARTESIAN_POINT ( 'NONE',  ( 14.99650105849100434, 1.183613885844347458, 0.6833597956088126590 ) ) ;
#4187 = CARTESIAN_POINT ( 'NONE',  ( -17.50000000000000000, 1.500000000000000000, 0.000000000000000000 ) ) ;
#4188 = CARTESIAN_POINT ( 'NONE',  ( 14.29579325440319515, 1.531250000000000000, 0.8840675996966143035 ) ) ;
#4189 = CARTESIAN_POINT ( 'NONE',  ( -16.09933227484231821, 0.5918069429221612943, 1.025039693413197783 ) ) ;
#4190 = CARTESIAN_POINT ( 'NONE',  ( 19.79903810567666156, -1.620551435518700907E-15, 2.598076211353314680 ) ) ;
#4191 = CARTESIAN_POINT ( 'NONE',  ( 18.09304219591217588, -3.248011668595026887E-16, -1.768135199393228829 ) ) ;
#4192 = CARTESIAN_POINT ( 'NONE',  ( -18.12500000000000355, -3.181725716174720991E-16, -1.732050807568877193 ) ) ;
#4193 = CARTESIAN_POINT ( 'NONE',  ( -15.81529113742115911, -0.7656249999999996669, 1.326101399544921788 ) ) ;
#4194 = CARTESIAN_POINT ( 'NONE',  ( 17.55900105849101678, 1.183613885844322589, 0.6833597956087983372 ) ) ;
#4195 = CARTESIAN_POINT ( 'NONE',  ( 19.80900105849101678, -1.183613885844322589, -0.6833597956087981151 ) ) ;
#4196 = EDGE_CURVE ( 'NONE', #3524, #1526, #3080, .T. ) ;
#4197 = ORIENTED_EDGE ( 'NONE', *, *, #3395, .F. ) ;
#4198 = CARTESIAN_POINT ( 'NONE',  ( -18.16183227484231466, 0.5918069429221612943, 1.025039693413197783 ) ) ;
#4199 = CARTESIAN_POINT ( 'NONE',  ( -18.87016560817564326, -2.510623159074913942E-16, -1.366719591217596896 ) ) ;
#4200 = CARTESIAN_POINT ( 'NONE',  ( -19.78721613923880440, 0.9910023114513973885, 0.9393155836186432017 ) ) ;
#4201 = CARTESIAN_POINT ( 'NONE',  ( 14.19999999999999929, 1.500000000000000000, 0.000000000000000000 ) ) ;
#4202 = CARTESIAN_POINT ( 'NONE',  ( -18.89099894150898251, -1.183613885844322589, -0.6833597956087981151 ) ) ;
#4203 = DIRECTION ( 'NONE',  ( -1.000000000000000000, -4.814824860968088948E-33, -0.000000000000000000 ) ) ;
#4204 = VERTEX_POINT ( 'NONE', #3194 ) ;
#4205 = CARTESIAN_POINT ( 'NONE',  ( 19.24650105849102033, -1.183613885844322589, -0.6833597956087981151 ) ) ;
#4206 = CARTESIAN_POINT ( 'NONE',  ( 16.39233439182435248, -2.510623159074913942E-16, -1.366719591217596896 ) ) ;
#4207 = CARTESIAN_POINT ( 'NONE',  ( 19.15833333333333144, 1.499999999999999778, -0.8660254037844394848 ) ) ;
#4208 = CYLINDRICAL_SURFACE ( 'NONE', #442, 1.500000000000000000 ) ;
#4209 = CARTESIAN_POINT ( 'NONE',  ( 16.24166666666666714, 1.499999999999999778, 0.8660254037844384856 ) ) ;
#4210 = CARTESIAN_POINT ( 'NONE',  ( -15.12016560817566457, 8.368743863583247799E-17, 1.366719591217629981 ) ) ;
#4211 = CARTESIAN_POINT ( 'NONE',  ( -20.00000000000000355, 0.000000000000000000, 0.000000000000000000 ) ) ;
#4212 = CARTESIAN_POINT ( 'NONE',  ( 20.22566772515768463, -1.183613885844322366, 0.6833597956087990033 ) ) ;
#4213 = CARTESIAN_POINT ( 'NONE',  ( 16.90833333333333499, -1.499999999999999778, 0.8660254037844391517 ) ) ;
#4214 = CARTESIAN_POINT ( 'NONE',  ( -16.55766560817564681, 8.368743863583045653E-17, 1.366719591217596896 ) ) ;
#4215 = ORIENTED_EDGE ( 'NONE', *, *, #1890, .F. ) ;
#4216 = CARTESIAN_POINT ( 'NONE',  ( 14.45483439182435426, 1.183613885844322366, 0.000000000000000000 ) ) ;
#4217 = CARTESIAN_POINT ( 'NONE',  ( 14.49650105849100434, 1.183613885844347458, 0.6833597956088126590 ) ) ;
#4218 = CARTESIAN_POINT ( 'NONE',  ( -16.71949788301751028, -1.500000000008139711, 0.8660254037797384674 ) ) ;
#4219 = EDGE_CURVE ( 'NONE', #3856, #825, #2385, .T. ) ;
#4220 = CARTESIAN_POINT ( 'NONE',  ( 13.67079325440319693, 0.7656249999999990008, -1.326101399544922455 ) ) ;
#4221 = CARTESIAN_POINT ( 'NONE',  ( -19.16183227484232887, 0.5918069429221756161, 1.025039693413222430 ) ) ;
#4222 = CARTESIAN_POINT ( 'NONE',  ( 18.65833333333333144, 1.499999999999999778, -0.8660254037844394848 ) ) ;
#4223 = CARTESIAN_POINT ( 'NONE',  ( 16.42637552924550803, -1.531249999999999556, 0.8840675996966148587 ) ) ;
#4224 = CARTESIAN_POINT ( 'NONE',  ( -15.96949788301834872, 1.499999999993267608, -0.8660254037883585720 ) ) ;
#4225 = CARTESIAN_POINT ( 'NONE',  ( -15.64862447075449126, -0.7656250000000006661, -1.326101399544921566 ) ) ;
#4226 = PRODUCT_DEFINITION ( 'UNKNOWN', '', #3773, #3499 ) ;
#4227 = CARTESIAN_POINT ( 'NONE',  ( 18.85066772515768463, -0.5918069429221617384, -1.025039693413197783 ) ) ;
#4228 = ORIENTED_EDGE ( 'NONE', *, *, #2225, .F. ) ;
#4229 = CARTESIAN_POINT ( 'NONE',  ( -17.37016560817564681, -2.510623159074913942E-16, -1.366719591217596896 ) ) ;
#4230 = CARTESIAN_POINT ( 'NONE',  ( -16.37016560817564681, -2.510623159074913942E-16, -1.366719591217596896 ) ) ;
#4231 = CARTESIAN_POINT ( 'NONE',  ( 19.76501205918396664, 0.4089035949406196746, -1.287913259475727434 ) ) ;
#4232 = CARTESIAN_POINT ( 'NONE',  ( -18.66666666666667140, -0.7500000000000006661, -1.299038105676657784 ) ) ;
#4233 = CARTESIAN_POINT ( 'NONE',  ( -20.00000000000000355, -1.500000000000000000, 0.000000000000000000 ) ) ;
#4234 = ORIENTED_EDGE ( 'NONE', *, *, #1638, .T. ) ;
#4235 = EDGE_CURVE ( 'NONE', #840, #2791, #62, .T. ) ;
#4236 = CARTESIAN_POINT ( 'NONE',  ( 18.53816772515768463, 0.5918069429221612943, 1.025039693413197783 ) ) ;
#4237 = CARTESIAN_POINT ( 'NONE',  ( 17.26733439182435248, -1.183613885844322366, 1.449508956725610206E-16 ) ) ;
#4238 = DIRECTION ( 'NONE',  ( 0.000000000000000000, -1.000000000000000000, 0.000000000000000000 ) ) ;
#4239 = CARTESIAN_POINT ( 'NONE',  ( 19.92499999999678550, -1.422792206124831926, 0.4750393017222679926 ) ) ;
#4240 = CARTESIAN_POINT ( 'NONE',  ( -15.07849894150899850, -0.5918069429221752831, 1.025039693413222652 ) ) ;
#4241 = DIRECTION ( 'NONE',  ( -1.000000000000000000, -4.814824860968088948E-33, -0.000000000000000000 ) ) ;
#4242 = ORIENTED_EDGE ( 'NONE', *, *, #2851, .T. ) ;
#4243 = EDGE_CURVE ( 'NONE', #4720, #4130, #1583, .T. ) ;
#4244 = CARTESIAN_POINT ( 'NONE',  ( 18.52216878364959740, -1.500000000000000444, -1.847903445868657300E-11 ) ) ;
#4245 = CARTESIAN_POINT ( 'NONE',  ( -16.39099894150898251, -1.183613885844322589, -0.6833597956087981151 ) ) ;
#4246 = ORIENTED_EDGE ( 'NONE', *, *, #5041, .T. ) ;
#4247 = CARTESIAN_POINT ( 'NONE',  ( 18.57983439182435603, 8.368743863583045653E-17, 1.366719591217596896 ) ) ;
#4248 = VECTOR ( 'NONE', #3476, 1000.000000000000000 ) ;
#4249 = CARTESIAN_POINT ( 'NONE',  ( 14.16316772515767042, -1.183613885844347235, 0.6833597956088133252 ) ) ;
#4250 = CARTESIAN_POINT ( 'NONE',  ( 15.54579325440319870, -1.531250000000000444, -0.8840675996966138595 ) ) ;
#4251 = ADVANCED_FACE ( 'NONE', ( #889 ), #2285, .F. ) ;
#4252 = CARTESIAN_POINT ( 'NONE',  ( -13.55766560817564859, 8.368743863583045653E-17, 1.366719591217596896 ) ) ;
#4253 = LINE ( 'NONE', #3291, #3089 ) ;
#4254 = CARTESIAN_POINT ( 'NONE',  ( 16.55137552924550803, -0.7656250000000006661, -1.326101399544921566 ) ) ;
#4255 = CARTESIAN_POINT ( 'NONE',  ( -18.04166666666667140, 1.499999999999999778, -0.8660254037844394848 ) ) ;
#4256 = VECTOR ( 'NONE', #5046, 1000.000000000000000 ) ;
#4257 = CARTESIAN_POINT ( 'NONE',  ( -13.31529113742115911, -0.7656249999999996669, 1.326101399544921788 ) ) ;
#4258 = CARTESIAN_POINT ( 'NONE',  ( 13.70000000000000107, -1.131435761159431674, 0.3793727066367223455 ) ) ;
#4259 = ORIENTED_EDGE ( 'NONE', *, *, #3832, .T. ) ;
#4260 = CARTESIAN_POINT ( 'NONE',  ( -15.82849894150898251, 0.5918069429221604061, -1.025039693413198227 ) ) ;
#4261 = CARTESIAN_POINT ( 'NONE',  ( -17.53683227484231466, -1.183613885844322366, 0.6833597956087990033 ) ) ;
#4262 = LINE ( 'NONE', #4735, #2630 ) ;
#4263 = FACE_OUTER_BOUND ( 'NONE', #290, .T. ) ;
#4264 = CARTESIAN_POINT ( 'NONE',  ( -16.68266560817564681, 1.183613885844322366, 0.000000000000000000 ) ) ;
#4265 = VERTEX_POINT ( 'NONE', #2692 ) ;
#4266 = CARTESIAN_POINT ( 'NONE',  ( 17.95483439182435248, 1.183613885844322366, 0.000000000000000000 ) ) ;
#4267 = CARTESIAN_POINT ( 'NONE',  ( 17.35066772515768818, -0.5918069429221617384, -1.025039693413197783 ) ) ;
#4268 = EDGE_LOOP ( 'NONE', ( #1733, #3002, #1608, #3269 ) ) ;
#4269 = CARTESIAN_POINT ( 'NONE',  ( -15.05283121635129717, -3.181725716174726414E-16, -1.732050807568880746 ) ) ;
#4270 = CARTESIAN_POINT ( 'NONE',  ( -18.69587341226346666, -1.531250000000000000, 1.875240411194384668E-16 ) ) ;
#4271 = CARTESIAN_POINT ( 'NONE',  ( -15.87016560817566457, -2.510623159074974586E-16, -1.366719591217629981 ) ) ;
#4272 = CARTESIAN_POINT ( 'NONE',  ( 15.07499999999999396, -3.181725716174720991E-16, -1.732050807568877193 ) ) ;
#4273 = VERTEX_POINT ( 'NONE', #5415 ) ;
#4274 = CARTESIAN_POINT ( 'NONE',  ( -18.84449788301797213, 0.7500000000000122125, 1.299038105676678656 ) ) ;
#4275 = CARTESIAN_POINT ( 'NONE',  ( -17.09933227484231466, 0.5918069429221612943, 1.025039693413197783 ) ) ;
#4276 = ORIENTED_EDGE ( 'NONE', *, *, #2372, .F. ) ;
#4277 = CARTESIAN_POINT ( 'NONE',  ( 18.66316772515768818, -1.183613885844322366, 0.6833597956087990033 ) ) ;
#4278 = EDGE_CURVE ( 'NONE', #4836, #2909, #1515, .T. ) ;
#4279 = CARTESIAN_POINT ( 'NONE',  ( 15.66316772515766864, -1.183613885844347235, 0.6833597956088133252 ) ) ;
#4280 = B_SPLINE_CURVE_WITH_KNOTS ( 'NONE', 3,
 ( #1718, #5748, #3918, #1242, #5275, #4922 ),
 .UNSPECIFIED., .F., .F.,
 ( 4, 2, 4 ),
 ( 0.01040955385168555736, 0.01106647353282102196, 0.01172339321395648656 ),
 .UNSPECIFIED. ) ;
#4281 = CARTESIAN_POINT ( 'NONE',  ( 18.46245992106986122, -1.531249999999999556, 0.8840675996966148587 ) ) ;
#4282 = CARTESIAN_POINT ( 'NONE',  ( -13.31000740717520436, -0.3508211798580854746, -1.530859302989518334 ) ) ;
#4283 = CARTESIAN_POINT ( 'NONE',  ( 18.45000000000000284, -1.500000000000000000, 1.836970198721029934E-16 ) ) ;
#4284 = DATE_AND_TIME ( #1581, #3009 ) ;
#4285 = CARTESIAN_POINT ( 'NONE',  ( -14.69029113742116088, -1.531250000000000444, -0.8840675996966138595 ) ) ;
#4286 = CARTESIAN_POINT ( 'NONE',  ( -15.55283121635156363, -3.181725716175713477E-16, -1.732050807569417650 ) ) ;
#4287 = ORIENTED_EDGE ( 'NONE', *, *, #5461, .T. ) ;
#4288 =( BOUNDED_CURVE ( )  B_SPLINE_CURVE ( 2, ( #1587, #3950, #5755, #4788, #1646, #2096, #4761 ),
 .UNSPECIFIED., .F., .F. ) 
 B_SPLINE_CURVE_WITH_KNOTS ( ( 3, 2, 2, 3 ),
 ( 0.6856877793222889705, 0.6975925412270508330, 0.7094973031318128065, 0.7214020650365746690 ),
 .UNSPECIFIED. ) 
 CURVE ( )  GEOMETRIC_REPRESENTATION_ITEM ( )  RATIONAL_B_SPLINE_CURVE ( ( 1.000000000000000000, 0.8660254037844387076, 1.000000000000000000, 0.8660254037844387076, 1.000000000000000000, 0.8660254037844387076, 1.000000000000000000 ) ) 
 REPRESENTATION_ITEM ( '' )  );
#4289 = CARTESIAN_POINT ( 'NONE',  ( -15.45349894150898251, -1.183613885844322589, -0.6833597956087981151 ) ) ;
#4290 = CARTESIAN_POINT ( 'NONE',  ( -17.82849894150897896, 0.5918069429221604061, -1.025039693413198227 ) ) ;
#4291 = VECTOR ( 'NONE', #1923, 1000.000000000000000 ) ;
#4292 = CARTESIAN_POINT ( 'NONE',  ( 20.00000000000000355, -1.508335473232664814, -1.727238319854173865 ) ) ;
#4293 = CARTESIAN_POINT ( 'NONE',  ( -16.34933227484231466, -0.5918069429221617384, -1.025039693413197783 ) ) ;
#4294 = ORIENTED_EDGE ( 'NONE', *, *, #2974, .F. ) ;
#4295 = CARTESIAN_POINT ( 'NONE',  ( 15.22566772515768463, -1.183613885844322366, 0.6833597956087990033 ) ) ;
#4296 = CARTESIAN_POINT ( 'NONE',  ( 18.01733439182435248, 1.183613885844322366, 0.000000000000000000 ) ) ;
#4297 = ORIENTED_EDGE ( 'NONE', *, *, #4060, .T. ) ;
#4298 = CARTESIAN_POINT ( 'NONE',  ( -20.00000000000000355, 0.000000000000000000, 0.000000000000000000 ) ) ;
#4299 = CARTESIAN_POINT ( 'NONE',  ( -18.57087341226346666, -3.248011668595026887E-16, -1.768135199393228829 ) ) ;
#4300 = CARTESIAN_POINT ( 'NONE',  ( -19.00000000000000355, 1.500000000000000000, 0.000000000000000000 ) ) ;
#4301 = CARTESIAN_POINT ( 'NONE',  ( 14.85550211698203604, 0.7500000000000016653, 1.299038105676660226 ) ) ;
#4302 = ORIENTED_EDGE ( 'NONE', *, *, #5833, .F. ) ;
#4303 = CARTESIAN_POINT ( 'NONE',  ( 19.88878016813007577, 0.1509950793352870801, 1.644873757868345443 ) ) ;
#4304 = CARTESIAN_POINT ( 'NONE',  ( -15.14099894150897896, 1.183613885844322366, 0.6833597956087983372 ) ) ;
#4305 = ORIENTED_EDGE ( 'NONE', *, *, #4174, .F. ) ;
#4306 = CARTESIAN_POINT ( 'NONE',  ( 17.32983439182435248, -2.510623159074913942E-16, -1.366719591217596896 ) ) ;
#4307 = CARTESIAN_POINT ( 'NONE',  ( 19.01733439182435603, 1.183613885844322366, 0.000000000000000000 ) ) ;
#4308 = CARTESIAN_POINT ( 'NONE',  ( 15.78816772515767219, -0.5918069429221741728, -1.025039693413219322 ) ) ;
#4309 = CARTESIAN_POINT ( 'NONE',  ( 17.50412658773653263, -1.531250000000000000, 1.875240411194384668E-16 ) ) ;
#4310 = CARTESIAN_POINT ( 'NONE',  ( -20.00000000000000355, -1.575000000000000178, 0.000000000000000000 ) ) ;
#4311 = CARTESIAN_POINT ( 'NONE',  ( 18.53333333333333144, -0.7500000000000006661, -1.299038105676657784 ) ) ;
#4312 = PERSON_AND_ORGANIZATION ( #398, #5844 ) ;
#4313 = CARTESIAN_POINT ( 'NONE',  ( -14.56529113742115911, 0.7656249999999990008, -1.326101399544922455 ) ) ;
#4314 = CIRCLE ( 'NONE', #5067, 2.249999999999998224 ) ;
#4315 = CARTESIAN_POINT ( 'NONE',  ( 20.00000000000000355, 2.249999999999997780, 0.2200149673497412139 ) ) ;
#4316 = CARTESIAN_POINT ( 'NONE',  ( -14.99516560817564859, -1.183613885844322366, 1.449508956725610206E-16 ) ) ;
#4317 = CARTESIAN_POINT ( 'NONE',  ( -16.74516560817564681, 1.183613885844322366, 0.000000000000000000 ) ) ;
#4318 = CARTESIAN_POINT ( 'NONE',  ( 13.70000000000000462, -0.2584918214778598178, 1.233822045296157466 ) ) ;
#4319 = CARTESIAN_POINT ( 'NONE',  ( -18.95833333333333925, 1.499999999999999778, 0.8660254037844384856 ) ) ;
#4320 = CARTESIAN_POINT ( 'NONE',  ( -14.93266560817564859, -1.183613885844322366, 1.449508956725610206E-16 ) ) ;
#4321 = ORIENTED_EDGE ( 'NONE', *, *, #3023, .T. ) ;
#4322 = CARTESIAN_POINT ( 'NONE',  ( 14.26733439182435426, -1.183613885844322366, 1.449508956725610206E-16 ) ) ;
#4323 =( BOUNDED_CURVE ( )  B_SPLINE_CURVE ( 2, ( #5094, #4620, #1034, #2738, #1506, #2370, #4176 ),
 .UNSPECIFIED., .F., .T. ) 
 B_SPLINE_CURVE_WITH_KNOTS ( ( 3, 2, 2, 3 ),
 ( 0.07021519710194110142, 0.07178491971312526976, 0.07335464232430943810, 0.07492436493549360643 ),
 .UNSPECIFIED. ) 
 CURVE ( )  GEOMETRIC_REPRESENTATION_ITEM ( )  RATIONAL_B_SPLINE_CURVE ( ( 0.9999999999999931166, 0.8660254037844455910, 1.000000000000000000, 0.8660254037844387076, 1.000000000000000000, 0.8660254037844387076, 1.000000000000000000 ) ) 
 REPRESENTATION_ITEM ( '' )  );
#4324 = ORIENTED_EDGE ( 'NONE', *, *, #4243, .T. ) ;
#4325 = CYLINDRICAL_SURFACE ( 'NONE', #3767, 1.500000000000000000 ) ;
#4326 = CARTESIAN_POINT ( 'NONE',  ( -19.15420674559679881, -1.531250000000000444, -0.8840675996966138595 ) ) ;
#4327 = EDGE_CURVE ( 'NONE', #2037, #985, #475, .T. ) ;
#4328 = FACE_OUTER_BOUND ( 'NONE', #4583, .T. ) ;
#4329 = CARTESIAN_POINT ( 'NONE',  ( -20.00000000000000355, -2.249999999999999112, 0.2200149673497400205 ) ) ;
#4330 = ORIENTED_EDGE ( 'NONE', *, *, #756, .F. ) ;
#4331 = CARTESIAN_POINT ( 'NONE',  ( 19.18883545031502535, 0.7500000000002990941, -1.299038105677178034 ) ) ;
#4332 = EDGE_LOOP ( 'NONE', ( #2331, #2237, #3886, #3421 ) ) ;
#4333 = CARTESIAN_POINT ( 'NONE',  ( 19.16316772515768463, -1.183613885844322366, 0.6833597956087990033 ) ) ;
#4334 = DIRECTION ( 'NONE',  ( 0.000000000000000000, 0.000000000000000000, -1.000000000000000000 ) ) ;
#4335 = CARTESIAN_POINT ( 'NONE',  ( 17.41316772515767042, 1.183613885844347013, -0.6833597956088134362 ) ) ;
#4336 = EDGE_LOOP ( 'NONE', ( #2116, #5017, #4562, #3615 ) ) ;
#4337 = AXIS2_PLACEMENT_3D ( 'NONE', #3309, #2836, #2428 ) ;
#4338 = CARTESIAN_POINT ( 'NONE',  ( 16.37912658773652907, 1.082670556198342378E-16, 1.768135199393228829 ) ) ;
#4339 = CARTESIAN_POINT ( 'NONE',  ( -19.92500000000004334, 0.8905880899801049688, 1.207001596513320063 ) ) ;
#4340 = COORDINATED_UNIVERSAL_TIME_OFFSET ( 6, 0, .BEHIND. ) ;
#4341 = CARTESIAN_POINT ( 'NONE',  ( -15.02362447075449481, 1.531249999999999556, -0.8840675996966153027 ) ) ;
#4342 = AXIS2_PLACEMENT_3D ( 'NONE', #4418, #380, #4473 ) ;
#4343 = CARTESIAN_POINT ( 'NONE',  ( 14.70000000000000107, 1.500000000000000000, 0.000000000000000000 ) ) ;
#4344 = CC_DESIGN_APPROVAL ( #197, ( #4226 ) ) ;
#4345 = CARTESIAN_POINT ( 'NONE',  ( -14.03683227484231466, -1.183613885844322366, 0.6833597956087990033 ) ) ;
#4346 = CARTESIAN_POINT ( 'NONE',  ( -16.03683227484231466, -1.183613885844322366, 0.6833597956087990033 ) ) ;
#4347 = EDGE_CURVE ( 'NONE', #1651, #1466, #3506, .T. ) ;
#4348 = CARTESIAN_POINT ( 'NONE',  ( 13.70000000000000462, 0.1252870652666353279, 1.297963185103694350 ) ) ;
#4349 = CARTESIAN_POINT ( 'NONE',  ( -14.64099894150897896, 1.183613885844322589, 0.6833597956087983372 ) ) ;
#4350 = ORIENTED_EDGE ( 'NONE', *, *, #3338, .T. ) ;
#4351 = CARTESIAN_POINT ( 'NONE',  ( 13.93400105849101855, 0.5918069429221604061, -1.025039693413198227 ) ) ;
#4352 = EDGE_LOOP ( 'NONE', ( #1665, #1027, #3397, #1770 ) ) ;
#4353 = CARTESIAN_POINT ( 'NONE',  ( -13.75000000000000355, -1.500000000000000000, 1.836970198721029934E-16 ) ) ;
#4354 = CARTESIAN_POINT ( 'NONE',  ( -17.90420674559680236, 1.531250000000000000, 0.8840675996966143035 ) ) ;
#4355 = PLANE ( 'NONE',  #1211 ) ;
#4356 = CARTESIAN_POINT ( 'NONE',  ( 17.27216878364870922, 1.500000000000000444, 0.000000000000000000 ) ) ;
#4357 = VERTEX_POINT ( 'NONE', #2058 ) ;
#4358 = CARTESIAN_POINT ( 'NONE',  ( 13.57983439182435248, 8.368743863583045653E-17, 1.366719591217596896 ) ) ;
#4359 = CARTESIAN_POINT ( 'NONE',  ( 20.00000000000000355, -1.575000000000000178, 1.928818708657081591E-16 ) ) ;
#4360 = VERTEX_POINT ( 'NONE', #3381 ) ;
#4361 = EDGE_CURVE ( 'NONE', #1993, #652, #1999, .T. ) ;
#4362 = CARTESIAN_POINT ( 'NONE',  ( 18.45483439182435248, 1.183613885844322366, 0.000000000000000000 ) ) ;
#4363 = CARTESIAN_POINT ( 'NONE',  ( -18.21949788301803963, -1.499999999999364508, 0.8660254037848792441 ) ) ;
#4364 = CARTESIAN_POINT ( 'NONE',  ( 17.99650105849100612, 1.183613885844347458, 0.6833597956088126590 ) ) ;
#4365 = CARTESIAN_POINT ( 'NONE',  ( 17.59304219591217588, -3.248011668595026887E-16, -1.768135199393228829 ) ) ;
#4366 = ORIENTED_EDGE ( 'NONE', *, *, #1532, .T. ) ;
#4367 = CARTESIAN_POINT ( 'NONE',  ( 16.46245992106986478, -1.531249999999999556, 0.8840675996966148587 ) ) ;
#4368 = CARTESIAN_POINT ( 'NONE',  ( -15.33333333333333570, -0.7499999999999996669, 1.299038105676658006 ) ) ;
#4369 =( BOUNDED_CURVE ( )  B_SPLINE_CURVE ( 2, ( #2227, #2690, #1747, #2636, #3466, #4952, #5776 ),
 .UNSPECIFIED., .F., .F. ) 
 B_SPLINE_CURVE_WITH_KNOTS ( ( 3, 2, 2, 3 ),
 ( 0.8285449221690623922, 0.8404496840738243657, 0.8523544459785862282, 0.8642592078833482017 ),
 .UNSPECIFIED. ) 
 CURVE ( )  GEOMETRIC_REPRESENTATION_ITEM ( )  RATIONAL_B_SPLINE_CURVE ( ( 1.000000000000000000, 0.8660254037844387076, 1.000000000000000000, 0.8660254037844387076, 1.000000000000000000, 0.8660254037844387076, 1.000000000000000000 ) ) 
 REPRESENTATION_ITEM ( '' )  );
#4370 = CARTESIAN_POINT ( 'NONE',  ( -14.35695780408782696, 1.082670556198342378E-16, 1.768135199393228829 ) ) ;
#4371 = CARTESIAN_POINT ( 'NONE',  ( -15.42783121635129895, 1.499999999999999556, -1.538769112130450809E-13 ) ) ;
#4372 = CARTESIAN_POINT ( 'NONE',  ( -14.53683227484231644, -1.183613885844322366, 0.6833597956087990033 ) ) ;
#4373 = CARTESIAN_POINT ( 'NONE',  ( -15.07849894150898074, -0.5918069429221609612, 1.025039693413198005 ) ) ;
#4374 = DIRECTION ( 'NONE',  ( -1.000000000000000000, -4.814824860968088948E-33, -0.000000000000000000 ) ) ;
#4375 = CARTESIAN_POINT ( 'NONE',  ( -14.59933227484231466, 0.5918069429221612943, 1.025039693413197783 ) ) ;
#4376 = CARTESIAN_POINT ( 'NONE',  ( 13.64233439182435426, 8.368743863583045653E-17, 1.366719591217596896 ) ) ;
#4377 = CARTESIAN_POINT ( 'NONE',  ( 14.55900105849102033, 1.183613885844322589, 0.6833597956087983372 ) ) ;
#4378 = ORIENTED_EDGE ( 'NONE', *, *, #5247, .T. ) ;
#4379 = CONICAL_SURFACE ( 'NONE', #4663, 1.500000000000000000, 0.7853981633978747157 ) ;
#4380 = LINE ( 'NONE', #2541, #4248 ) ;
#4381 = CARTESIAN_POINT ( 'NONE',  ( -17.27920674559680592, -0.7656249999999996669, 1.326101399544921788 ) ) ;
#4382 = CARTESIAN_POINT ( 'NONE',  ( -16.20833333333333925, -1.500000000000000222, -0.8660254037844381525 ) ) ;
#4383 = CARTESIAN_POINT ( 'NONE',  ( -15.16666666666666785, -0.7500000000000006661, -1.299038105676657784 ) ) ;
#4384 = ORIENTED_EDGE ( 'NONE', *, *, #1118, .F. ) ;
#4385 = DIRECTION ( 'NONE',  ( 1.000000000000000000, 0.000000000000000000, 0.000000000000000000 ) ) ;
#4386 = CARTESIAN_POINT ( 'NONE',  ( 17.36666666666666359, -0.7499999999999996669, 1.299038105676658006 ) ) ;
#4387 = CARTESIAN_POINT ( 'NONE',  ( 17.69999999999999574, 1.500000000000000000, 0.000000000000000000 ) ) ;
#4388 = CARTESIAN_POINT ( 'NONE',  ( 19.55900105849102033, 1.183613885844322366, 0.6833597956087983372 ) ) ;
#4389 = CARTESIAN_POINT ( 'NONE',  ( 16.20483439182433827, -1.183613885844347235, 1.449508956725640775E-16 ) ) ;
#4390 = CARTESIAN_POINT ( 'NONE',  ( 15.19999999999999751, 1.500000000000000000, 0.000000000000000000 ) ) ;
#4391 = ORIENTED_EDGE ( 'NONE', *, *, #1851, .F. ) ;
#4392 = CARTESIAN_POINT ( 'NONE',  ( 14.16316772515768641, -1.183613885844322366, 0.6833597956087990033 ) ) ;
#4393 = CARTESIAN_POINT ( 'NONE',  ( -19.69411234890222318, 0.9266719401860902261, -0.8713895257081901713 ) ) ;
#4394 = ADVANCED_FACE ( 'NONE', ( #2848 ), #4666, .F. ) ;
#4395 = CARTESIAN_POINT ( 'NONE',  ( -13.70000000000002061, -1.217526595471262629, -0.8761443883973448754 ) ) ;
#4396 = CARTESIAN_POINT ( 'NONE',  ( -19.14099894150898606, 1.183613885844322366, 0.6833597956087983372 ) ) ;
#4397 = CARTESIAN_POINT ( 'NONE',  ( -17.80766560817565036, -2.510623159074913942E-16, -1.366719591217596896 ) ) ;
#4398 = CARTESIAN_POINT ( 'NONE',  ( -13.62016560817564859, 8.368743863583045653E-17, 1.366719591217596896 ) ) ;
#4399 = CARTESIAN_POINT ( 'NONE',  ( -18.48195780408782340, 1.531250000000000000, 0.000000000000000000 ) ) ;
#4400 = CARTESIAN_POINT ( 'NONE',  ( 13.85066772515768641, -0.5918069429221617384, -1.025039693413197783 ) ) ;
#4401 = CARTESIAN_POINT ( 'NONE',  ( 14.72566772515768818, -1.183613885844322366, 0.6833597956087990033 ) ) ;
#4402 = EDGE_LOOP ( 'NONE', ( #5579, #2649, #1622, #5218 ) ) ;
#4403 = CARTESIAN_POINT ( 'NONE',  ( -20.12016560817565036, 8.368743863583045653E-17, 1.366719591217596896 ) ) ;
#4404 = CARTESIAN_POINT ( 'NONE',  ( -16.02920674559680236, 0.7656249999999990008, -1.326101399544922455 ) ) ;
#4405 = DIRECTION ( 'NONE',  ( 0.000000000000000000, 0.000000000000000000, -1.000000000000000000 ) ) ;
#4406 = CARTESIAN_POINT ( 'NONE',  ( -15.04166666666666785, 1.499999999999999778, -0.8660254037844394848 ) ) ;
#4407 = ORIENTED_EDGE ( 'NONE', *, *, #4921, .T. ) ;
#4408 = DIRECTION ( 'NONE',  ( 0.000000000000000000, 0.000000000000000000, -1.000000000000000000 ) ) ;
#4409 = DIRECTION ( 'NONE',  ( -1.000000000000000000, -4.814824860968088948E-33, -0.000000000000000000 ) ) ;
#4410 = CARTESIAN_POINT ( 'NONE',  ( 17.78333333333333499, 0.7500000000000002220, 1.299038105676657784 ) ) ;
#4411 = CARTESIAN_POINT ( 'NONE',  ( -16.55283121635129362, -3.181725716174720991E-16, -1.732050807568877193 ) ) ;
#4412 = CARTESIAN_POINT ( 'NONE',  ( -13.70000000000000817, 0.5847012417036522303, 1.117665734123259202 ) ) ;
#4413 = CARTESIAN_POINT ( 'NONE',  ( -13.89099894150897896, -1.183613885844322589, -0.6833597956087981151 ) ) ;
#4415 = EDGE_CURVE ( 'NONE', #4530, #985, #1102, .T. ) ;
#4414 = CARTESIAN_POINT ( 'NONE',  ( 19.46804219591217233, -1.531250000000000000, 1.875240411194384668E-16 ) ) ;
#4416 = VERTEX_POINT ( 'NONE', #722 ) ;
#4417 = CARTESIAN_POINT ( 'NONE',  ( 19.21245992106986478, 1.531249999999999556, -0.8840675996966153027 ) ) ;
#4418 = CARTESIAN_POINT ( 'NONE',  ( -20.00000000000000355, 0.000000000000000000, 0.000000000000000000 ) ) ;
#4419 = DIRECTION ( 'NONE',  ( -1.000000000000000000, -4.814824860968088948E-33, -0.000000000000000000 ) ) ;
#4420 = CARTESIAN_POINT ( 'NONE',  ( -18.84933227484231466, -0.5918069429221617384, -1.025039693413197783 ) ) ;
#4421 = EDGE_CURVE ( 'NONE', #2984, #4577, #4253, .T. ) ;
#4422 = CARTESIAN_POINT ( 'NONE',  ( -19.18266560817564681, 1.183613885844322366, 0.000000000000000000 ) ) ;
#4423 = CARTESIAN_POINT ( 'NONE',  ( -15.24516560817564681, 1.183613885844322366, 0.000000000000000000 ) ) ;
#4424 = CARTESIAN_POINT ( 'NONE',  ( -13.96949788301835227, 1.499999999992940092, -0.8660254037885147804 ) ) ;
#4425 = CARTESIAN_POINT ( 'NONE',  ( -19.89862447075449126, 0.7656250000000002220, 1.326101399544921566 ) ) ;
#4426 = CARTESIAN_POINT ( 'NONE',  ( 14.22566772515768641, -1.183613885844322366, 0.6833597956087990033 ) ) ;
#4427 = CARTESIAN_POINT ( 'NONE',  ( 17.97566772515768463, 1.183613885844322144, -0.6833597956087991143 ) ) ;
#4428 = EDGE_CURVE ( 'NONE', #5399, #4204, #5326, .T. ) ;
#4429 = AXIS2_PLACEMENT_3D ( 'NONE', #3350, #156, #663 ) ;
#4430 = CARTESIAN_POINT ( 'NONE',  ( 15.77216878364803421, 1.500000000000000000, -1.394684367992874647E-11 ) ) ;
#4431 = CARTESIAN_POINT ( 'NONE',  ( -17.07087341226347021, -3.248011668595026887E-16, -1.768135199393228829 ) ) ;
#4432 = CARTESIAN_POINT ( 'NONE',  ( 17.81383545031498272, 1.500000000007116085, 0.8660254037803311045 ) ) ;
#4433 = CARTESIAN_POINT ( 'NONE',  ( -20.00000000000000355, 0.000000000000000000, 0.000000000000000000 ) ) ;
#4434 = ORIENTED_EDGE ( 'NONE', *, *, #551, .F. ) ;
#4435 = AXIS2_PLACEMENT_3D ( 'NONE', #3924, #1247, #416 ) ;
#4436 = CARTESIAN_POINT ( 'NONE',  ( 16.70483439182435248, -1.183613885844322366, 1.449508956725610206E-16 ) ) ;
#4437 = CARTESIAN_POINT ( 'NONE',  ( 17.32499999999999574, 1.060575238724906915E-16, 1.732050807568877193 ) ) ;
#4438 = PLANE ( 'NONE',  #963 ) ;
#4439 = LINE ( 'NONE', #3092, #4467 ) ;
#4440 = DIRECTION ( 'NONE',  ( -1.000000000000000000, -4.814824860968088948E-33, -0.000000000000000000 ) ) ;
#4441 = CARTESIAN_POINT ( 'NONE',  ( -17.95349894150899672, -1.183613885844351232, -0.6833597956088146574 ) ) ;
#4442 = CARTESIAN_POINT ( 'NONE',  ( 20.09304219591217233, -3.248011668595026887E-16, -1.768135199393228829 ) ) ;
#4443 = ORIENTED_EDGE ( 'NONE', *, *, #875, .T. ) ;
#4444 = EDGE_CURVE ( 'NONE', #5621, #1631, #1093, .T. ) ;
#4445 = CARTESIAN_POINT ( 'NONE',  ( 20.00412658773652907, -1.531250000000000000, 1.875240411194384668E-16 ) ) ;
#4446 = FACE_OUTER_BOUND ( 'NONE', #4862, .T. ) ;
#4447 = CARTESIAN_POINT ( 'NONE',  ( 19.91112159315239438, 2.249999999999998668, -0.8716338185439319597 ) ) ;
#4448 = CARTESIAN_POINT ( 'NONE',  ( -17.59933227484231466, 0.5918069429221612943, 1.025039693413197783 ) ) ;
#4449 = CARTESIAN_POINT ( 'NONE',  ( -17.76599894150897896, 0.5918069429221604061, -1.025039693413198227 ) ) ;
#4450 = CARTESIAN_POINT ( 'NONE',  ( -15.82849894150898251, 0.5918069429221604061, -1.025039693413198227 ) ) ;
#4451 = LINE ( 'NONE', #4010, #1300 ) ;
#4452 = CARTESIAN_POINT ( 'NONE',  ( -13.93266560817564859, -1.183613885844322366, 1.449508956725610206E-16 ) ) ;
#4453 = ORIENTED_EDGE ( 'NONE', *, *, #3976, .T. ) ;
#4454 = CARTESIAN_POINT ( 'NONE',  ( 15.68400105849102033, -0.5918069429221609612, 1.025039693413198005 ) ) ;
#4455 = CARTESIAN_POINT ( 'NONE',  ( -19.95349894150898251, -1.183613885844322589, -0.6833597956087981151 ) ) ;
#4456 = CARTESIAN_POINT ( 'NONE',  ( -15.98754007893013451, 1.531249999999999556, -0.8840675996966153027 ) ) ;
#4457 = CARTESIAN_POINT ( 'NONE',  ( 19.64975764978110817, -1.148822815752517990, 0.4901933657754495299 ) ) ;
#4458 = CARTESIAN_POINT ( 'NONE',  ( 19.98075666599057243, 1.506653605801012263, -1.728209346468580154 ) ) ;
#4459 = ADVANCED_FACE ( 'NONE', ( #3860 ), #274, .F. ) ;
#4460 = ORIENTED_EDGE ( 'NONE', *, *, #5802, .T. ) ;
#4461 = CARTESIAN_POINT ( 'NONE',  ( 14.66316772515768641, -1.183613885844322366, 0.6833597956087990033 ) ) ;
#4462 = CARTESIAN_POINT ( 'NONE',  ( 15.26733439182435248, -1.183613885844322366, 1.449508956725610206E-16 ) ) ;
#4463 = CARTESIAN_POINT ( 'NONE',  ( 20.22828292051026722, -1.183613885844322589, -0.3845707624832248039 ) ) ;
#4464 = DIRECTION ( 'NONE',  ( 0.000000000000000000, -1.000000000000000000, 0.000000000000000000 ) ) ;
#4465 = CARTESIAN_POINT ( 'NONE',  ( -15.84449788301799167, 0.7500000000000279776, 1.299038105676705745 ) ) ;
#4466 = CARTESIAN_POINT ( 'NONE',  ( -18.07849894150899672, -0.5918069429221752831, 1.025039693413222652 ) ) ;
#4467 = VECTOR ( 'NONE', #820, 1000.000000000000000 ) ;
#4468 = CARTESIAN_POINT ( 'NONE',  ( 20.00000000000000355, -1.125000000000000222, 1.948557158514985010 ) ) ;
#4469 = VECTOR ( 'NONE', #1482, 1000.000000000000000 ) ;
#4470 = CARTESIAN_POINT ( 'NONE',  ( -20.00000000000000355, 0.000000000000000000, 0.000000000000000000 ) ) ;
#4471 = ORIENTED_EDGE ( 'NONE', *, *, #2521, .T. ) ;
#4472 = CARTESIAN_POINT ( 'NONE',  ( 19.54579325440320048, -1.531250000000000444, -0.8840675996966138595 ) ) ;
#4473 = DIRECTION ( 'NONE',  ( 0.000000000000000000, -1.000000000000000000, 0.000000000000000000 ) ) ;
#4474 = ADVANCED_FACE ( 'NONE', ( #695 ), #5840, .T. ) ;
#4475 = CARTESIAN_POINT ( 'NONE',  ( -19.85987873311674434, -2.249999999999997780, -1.088279989895500677 ) ) ;
#4476 = CARTESIAN_POINT ( 'NONE',  ( -17.89099894150897896, -1.183613885844322589, -0.6833597956087981151 ) ) ;
#4477 =( BOUNDED_CURVE ( )  B_SPLINE_CURVE ( 2, ( #1417, #121, #3668, #3251, #5073, #5042, #2813 ),
 .UNSPECIFIED., .F., .F. ) 
 B_SPLINE_CURVE_WITH_KNOTS ( ( 3, 2, 2, 3 ),
 ( 0.08293119327624706716, 0.08450084503495791655, 0.08607049679366876593, 0.08764014855237961532 ),
 .UNSPECIFIED. ) 
 CURVE ( )  GEOMETRIC_REPRESENTATION_ITEM ( )  RATIONAL_B_SPLINE_CURVE ( ( 1.000000000000000000, 0.8660254037844387076, 1.000000000000000000, 0.8660254037844387076, 1.000000000000000000, 0.8660254037843856390, 1.000000000000053069 ) ) 
 REPRESENTATION_ITEM ( '' )  );
#4478 = CARTESIAN_POINT ( 'NONE',  ( -18.51599894150897896, -0.5918069429221609612, 1.025039693413198005 ) ) ;
#4479 = CARTESIAN_POINT ( 'NONE',  ( -13.49516560817564859, -1.183613885844322366, 1.449508956725610206E-16 ) ) ;
#4480 = CARTESIAN_POINT ( 'NONE',  ( 13.84304219591217588, 1.082670556198342378E-16, 1.768135199393228829 ) ) ;
#4481 = CARTESIAN_POINT ( 'NONE',  ( -20.00000000000000355, 0.000000000000000000, 0.000000000000000000 ) ) ;
#4482 = EDGE_CURVE ( 'NONE', #1573, #3217, #3320, .T. ) ;
#4483 = CARTESIAN_POINT ( 'NONE',  ( -18.85695780408782340, 1.082670556198342378E-16, 1.768135199393228829 ) ) ;
#4484 = ORIENTED_EDGE ( 'NONE', *, *, #3040, .F. ) ;
#4485 = CARTESIAN_POINT ( 'NONE',  ( 17.55900105849101678, 1.183613885844322589, 0.6833597956087983372 ) ) ;
#4486 = CARTESIAN_POINT ( 'NONE',  ( -19.37016560817565036, -2.510623159074913942E-16, -1.366719591217596896 ) ) ;
#4487 = CARTESIAN_POINT ( 'NONE',  ( -16.73754007893013807, -1.531249999999999556, 0.8840675996966148587 ) ) ;
#4488 = FACE_OUTER_BOUND ( 'NONE', #1445, .T. ) ;
#4489 = CARTESIAN_POINT ( 'NONE',  ( 18.20483439182433827, -1.183613885844347235, 1.449508956725640775E-16 ) ) ;
#4490 = CARTESIAN_POINT ( 'NONE',  ( -15.25000000000000178, -1.500000000000000000, 1.836970198721029934E-16 ) ) ;
#4491 = EDGE_LOOP ( 'NONE', ( #4228, #3553, #2513, #3719 ) ) ;
#4492 = CARTESIAN_POINT ( 'NONE',  ( 15.03816772515768463, 0.5918069429221612943, 1.025039693413197783 ) ) ;
#4493 = CARTESIAN_POINT ( 'NONE',  ( 13.93400105849101855, 0.5918069429221604061, -1.025039693413198227 ) ) ;
#4494 = EDGE_CURVE ( 'NONE', #2909, #2892, #4741, .T. ) ;
#4495 = CARTESIAN_POINT ( 'NONE',  ( 20.32749323758869764, -0.3508077534353677418, -1.530862125777819660 ) ) ;
#4496 = CARTESIAN_POINT ( 'NONE',  ( 18.40833333333333144, -1.499999999999999778, 0.8660254037844391517 ) ) ;
#4497 = CARTESIAN_POINT ( 'NONE',  ( -15.76116454968465952, -0.7500000000000273115, 1.299038105676705968 ) ) ;
#4498 = CARTESIAN_POINT ( 'NONE',  ( -18.66183227484232887, 0.5918069429221756161, 1.025039693413222430 ) ) ;
#4499 = CARTESIAN_POINT ( 'NONE',  ( 20.34304219591217588, 1.082670556198342378E-16, 1.768135199393228829 ) ) ;
#4500 = CARTESIAN_POINT ( 'NONE',  ( 17.02216878364870567, -1.499999999999999556, 4.215012735070259712E-14 ) ) ;
#4501 = ORIENTED_EDGE ( 'NONE', *, *, #3338, .F. ) ;
#4502 =( BOUNDED_CURVE ( )  B_SPLINE_CURVE ( 2, ( #5719, #5300, #4865, #3069, #5251, #3490, #2199 ),
 .UNSPECIFIED., .F., .T. ) 
 B_SPLINE_CURVE_WITH_KNOTS ( ( 3, 2, 2, 3 ),
 ( 0.02782667694689087284, 0.02939655794313212819, 0.03096643893937340089, 0.03253631993561465624 ),
 .UNSPECIFIED. ) 
 CURVE ( )  GEOMETRIC_REPRESENTATION_ITEM ( )  RATIONAL_B_SPLINE_CURVE ( ( 0.9999999999999987788, 0.8660254037844399289, 1.000000000000000000, 0.8660254037844387076, 1.000000000000000000, 0.8660254037844649089, 0.9999999999999737987 ) ) 
 REPRESENTATION_ITEM ( '' )  );
#4503 = CARTESIAN_POINT ( 'NONE',  ( 19.87912658773653263, 1.082670556198342378E-16, 1.768135199393228829 ) ) ;
#4504 = DIRECTION ( 'NONE',  ( 0.000000000000000000, -1.000000000000000000, 0.000000000000000000 ) ) ;
#4505 = CARTESIAN_POINT ( 'NONE',  ( -14.93266560817564859, -1.183613885844322366, 1.449508956725610206E-16 ) ) ;
#4506 = CARTESIAN_POINT ( 'NONE',  ( -14.25000000000000178, -1.500000000000000000, 1.836970198721029934E-16 ) ) ;
#4507 = CARTESIAN_POINT ( 'NONE',  ( 16.21804219591217233, 1.531250000000000000, 0.000000000000000000 ) ) ;
#4508 = FACE_OUTER_BOUND ( 'NONE', #4402, .T. ) ;
#4509 = CARTESIAN_POINT ( 'NONE',  ( -18.73195780408782340, -1.531250000000000000, 1.875240411194384668E-16 ) ) ;
#4510 = CARTESIAN_POINT ( 'NONE',  ( 17.14233439182435248, 8.368743863583045653E-17, 1.366719591217596896 ) ) ;
#4511 = CARTESIAN_POINT ( 'NONE',  ( 15.47566772515768463, 1.183613885844322144, -0.6833597956087991143 ) ) ;
#4512 = ADVANCED_FACE ( 'NONE', ( #327 ), #2558, .F. ) ;
#4513 = VECTOR ( 'NONE', #3450, 1000.000000000000000 ) ;
#4514 = CARTESIAN_POINT ( 'NONE',  ( -19.20349894150897896, 1.183613885844322589, 0.6833597956087983372 ) ) ;
#4515 = CARTESIAN_POINT ( 'NONE',  ( -16.44587341226347021, 1.531250000000000000, 0.000000000000000000 ) ) ;
#4516 = CARTESIAN_POINT ( 'NONE',  ( -16.17783121635034149, -1.499999999999999556, -1.973802736861560734E-11 ) ) ;
#4517 = CARTESIAN_POINT ( 'NONE',  ( 18.74650105849100257, -1.183613885844347680, -0.6833597956088124370 ) ) ;
#4518 = CARTESIAN_POINT ( 'NONE',  ( -18.97433227484231466, -1.183613885844322366, 0.6833597956087990033 ) ) ;
#4519 = ORIENTED_EDGE ( 'NONE', *, *, #1975, .T. ) ;
#4520 = CARTESIAN_POINT ( 'NONE',  ( 16.66316772515768463, -1.183613885844322366, 0.6833597956087990033 ) ) ;
#4521 = CONICAL_SURFACE ( 'NONE', #4048, 2.249999999999998668, 1.047197551196600074 ) ;
#4522 = CARTESIAN_POINT ( 'NONE',  ( -20.00000000000000355, 0.000000000000000000, 0.000000000000000000 ) ) ;
#4523 = CARTESIAN_POINT ( 'NONE',  ( -15.58333333333333393, 0.7499999999999990008, -1.299038105676658672 ) ) ;
#4524 = CARTESIAN_POINT ( 'NONE',  ( -20.00000000000000355, 1.508335473232665924, -1.727238319854172977 ) ) ;
#4525 = CARTESIAN_POINT ( 'NONE',  ( 19.77216878364870567, 1.500000000000000444, 0.000000000000000000 ) ) ;
#4526 = CC_DESIGN_SECURITY_CLASSIFICATION ( #1878, ( #3773 ) ) ;
#4527 = CARTESIAN_POINT ( 'NONE',  ( -16.78683227484233242, 1.183613885844350566, -0.6833597956088156566 ) ) ;
#4528 = CYLINDRICAL_SURFACE ( 'NONE', #2510, 1.500000000000000000 ) ;
#4529 = CARTESIAN_POINT ( 'NONE',  ( -19.87499999999999645, 1.060575238724906915E-16, 1.732050807568877193 ) ) ;
#4530 = VERTEX_POINT ( 'NONE', #1298 ) ;
#4531 = CARTESIAN_POINT ( 'NONE',  ( 14.62150105849102033, -0.5918069429221609612, 1.025039693413198005 ) ) ;
#4532 = CARTESIAN_POINT ( 'NONE',  ( -20.00000000000000355, 1.500000000000000000, 1.836970198721029934E-16 ) ) ;
#4533 = LINE ( 'NONE', #5442, #3135 ) ;
#4534 = EDGE_CURVE ( 'NONE', #2791, #469, #3900, .T. ) ;
#4535 =( BOUNDED_SURFACE ( )  B_SPLINE_SURFACE ( 1, 2, ( 
 ( #5464, #1409, #4621, #3310, #3691, #1064, #3786, #3213, #557, #5589, #5031, #2837, #1035, #4653, #763, #2571, #3451, #5238, #709, #5680, #5211, #1596, #200, #2458, #4796, #3399, #4713, #2542, #4825, #2516, #5649, #4326, #4743, #3903, #3336, #736, #2889, #2015, #313, #2484, #649, #1152, #4270, #4769, #259, #4299, #1123, #1624, #5157, #2920, #1092, #3931, #681, #3816, #230, #2949, #1567, #5617, #3368, #2043, #2133, #4354, #5183, #3847, #2075, #3875, #287, #3425, #1178, #2978, #2104, #5706, #1653, #5263, #1206, #3004, #4381, #1537, #5395, #871, #1730, #4431, #366, #2673, #2701, #3587, #340, #392, #5734, #4487, #422, #1706, #4906, #3502, #1680, #5314, #4515, #3082, #2239, #3144, #4015, #2265, #842, #4042, #2185, #1255, #4404, #4456, #3477, #2646, #5367, #3055, #1282, #5286, #4876, #5846, #5761, #456, #3987, #1342, #4963, #3557, #3959, #813, #1229, #5787, #2595, #2211, #5817, #2621, #3528, #1758, #3029, #5340, #4851, #789, #1311, #2159, #3115, #4935, #1785, #898, #4989, #2762, #4672, #3264, #1370, #927, #987, #5052, #1461, #1399, #1881, #2729, #2361, #3203, #3680, #98, #1845, #2793, #4166, #132, #3748, #5083, #65, #4579, #513 ),
 ( #1495, #4102, #4545, #4610, #2326, #955, #3649, #5019, #1815, #2856, #1914, #3715, #5518, #5551, #4132, #5454, #1022, #1056, #612, #5486, #2826, #1428, #546, #3232, #4071, #484, #3171, #3299, #4643, #5118, #580, #1, #2393, #4199, #30, #1946, #3617, #2293, #5423, #3358, #1979, #5699, #2505, #671, #4703, #5256, #5147, #639, #2005, #5608, #1528, #3444, #3895, #2449, #1586, #2063, #3866, #2033, #4290, #2940, #279, #220, #2095, #3389, #251, #4261, #2912, #3806, #5671, #5174, #2475, #1082, #1645, #1198, #4734, #3328, #2997, #2880, #1616, #190, #1557, #1112, #3779, #4816, #4317, #3838, #5639, #2420, #5202, #1143, #4760, #700, #3418, #4230, #162, #5231, #1172, #2969, #4787, #728, #2535, #4346, #5581, #2615, #413, #1723, #4450, #781, #1246, #333, #385, #3494, #4869, #3469, #4034, #1777, #3047, #5725, #5837, #1224, #4423, #3022, #861, #5358, #4373, #2178, #2666, #1303, #359, #3979, #807, #2153, #3549, #5779, #2204, #5754, #306, #4008, #3522, #3107, #3579, #3074, #5388, #1672, #4843, #5332, #1275, #3949, #1333, #4897, #835, #5808, #3137, #5280, #1750, #2588, #1699, #2639, #755, #4398, #5305, #4926, #4479, #2230, #2563, #2125, #3923 ) ),
 .UNSPECIFIED., .F., .F., .T. ) 
 B_SPLINE_SURFACE_WITH_KNOTS ( ( 2, 2 ),
 ( 3, 2, 2, 2, 2, 2, 2, 2, 2, 2, 2, 2, 2, 2, 2, 2, 2, 2, 2, 2, 2, 2, 2, 2, 2, 2, 2, 2, 2, 2, 2, 2, 2, 2, 2, 2, 2, 2, 2, 2, 2, 2, 2, 2, 2, 2, 2, 2, 2, 2, 2, 2, 2, 2, 2, 2, 2, 2, 2, 2, 2, 2, 2, 2, 2, 2, 2, 2, 2, 2, 2, 2, 2, 2, 2, 2, 2, 2, 2, 2, 2, 2, 2, 3 ),
 ( 0.000000000000000000, 1.000000000000000000 ),
 ( 0.000000000000000000, 0.01190476190476190410, 0.02380952380952380820, 0.03571428571428571230, 0.04761904761904761640, 0.05952380952380952051, 0.07142857142857142461, 0.08333333333333332871, 0.09523809523809523281, 0.1071428571428571369, 0.1190476190476190410, 0.1309523809523809590, 0.1428571428571428492, 0.1547619047619047672, 0.1666666666666666574, 0.1785714285714285754, 0.1904761904761904656, 0.2023809523809523836, 0.2142857142857142738, 0.2261904761904761918, 0.2380952380952380820, 0.2500000000000000000, 0.2619047619047619180, 0.2738095238095238360, 0.2857142857142856984, 0.2976190476190476164, 0.3095238095238095344, 0.3214285714285714524, 0.3333333333333333148, 0.3452380952380952328, 0.3571428571428571508, 0.3690476190476190688, 0.3809523809523809312, 0.3928571428571428492, 0.4047619047619047672, 0.4166666666666666852, 0.4285714285714285476, 0.4404761904761904656, 0.4523809523809523836, 0.4642857142857143016, 0.4761904761904761640, 0.4880952380952380820, 0.5000000000000000000, 0.5119047619047618625, 0.5238095238095238360, 0.5357142857142856984, 0.5476190476190476719, 0.5595238095238095344, 0.5714285714285713969, 0.5833333333333333703, 0.5952380952380952328, 0.6071428571428570953, 0.6190476190476190688, 0.6309523809523809312, 0.6428571428571429047, 0.6547619047619047672, 0.6666666666666666297, 0.6785714285714286031, 0.6904761904761904656, 0.7023809523809523281, 0.7142857142857143016, 0.7261904761904761640, 0.7380952380952381375, 0.7500000000000000000, 0.7619047619047618625, 0.7738095238095238360, 0.7857142857142856984, 0.7976190476190476719, 0.8095238095238095344, 0.8214285714285713969, 0.8333333333333333703, 0.8452380952380952328, 0.8571428571428570953, 0.8690476190476190688, 0.8809523809523809312, 0.8928571428571429047, 0.9047619047619047672, 0.9166666666666666297, 0.9285714285714286031, 0.9404761904761904656, 0.9523809523809523281, 0.9642857142857143016, 0.9714021643412262819, 0.9811161859846385669 ),
 .UNSPECIFIED. ) 
 GEOMETRIC_REPRESENTATION_ITEM ( )  RATIONAL_B_SPLINE_SURFACE ( (
 ( 1.000000000000000000, 0.8660254037844387076, 1.000000000000000000, 0.8660254037844387076, 1.000000000000000000, 0.8660254037844387076, 1.000000000000000000, 0.8660254037844387076, 1.000000000000000000, 0.8660254037844387076, 1.000000000000000000, 0.8660254037844387076, 1.000000000000000000, 0.8660254037844387076, 1.000000000000000000, 0.8660254037844387076, 1.000000000000000000, 0.8660254037844387076, 1.000000000000000000, 0.8660254037844387076, 1.000000000000000000, 0.8660254037844387076, 1.000000000000000000, 0.8660254037844387076, 1.000000000000000000, 0.8660254037844387076, 1.000000000000000000, 0.8660254037844387076, 1.000000000000000000, 0.8660254037844387076, 1.000000000000000000, 0.8660254037844387076, 1.000000000000000000, 0.8660254037844387076, 1.000000000000000000, 0.8660254037844387076, 1.000000000000000000, 0.8660254037844387076, 1.000000000000000000, 0.8660254037844387076, 1.000000000000000000, 0.8660254037844387076, 1.000000000000000000, 0.8660254037844387076, 1.000000000000000000, 0.8660254037844387076, 1.000000000000000000, 0.8660254037844387076, 1.000000000000000000, 0.8660254037844387076, 1.000000000000000000, 0.8660254037844387076, 1.000000000000000000, 0.8660254037844387076, 1.000000000000000000, 0.8660254037844387076, 1.000000000000000000, 0.8660254037844387076, 1.000000000000000000, 0.8660254037844387076, 1.000000000000000000, 0.8660254037844387076, 1.000000000000000000, 0.8660254037844387076, 1.000000000000000000, 0.8660254037844387076, 1.000000000000000000, 0.8660254037844387076, 1.000000000000000000, 0.8660254037844387076, 1.000000000000000000, 0.8660254037844387076, 1.000000000000000000, 0.8660254037844387076, 1.000000000000000000, 0.8660254037844387076, 1.000000000000000000, 0.8660254037844387076, 1.000000000000000000, 0.8660254037844387076, 1.000000000000000000, 0.8660254037844387076, 1.000000000000000000, 0.8660254037844387076, 1.000000000000000000, 0.8660254037844387076, 1.000000000000000000, 0.8660254037844387076, 1.000000000000000000, 0.8660254037844387076, 1.000000000000000000, 0.8660254037844387076, 1.000000000000000000, 0.8660254037844387076, 1.000000000000000000, 0.8660254037844387076, 1.000000000000000000, 0.8660254037844387076, 1.000000000000000000, 0.8660254037844387076, 1.000000000000000000, 0.8660254037844387076, 1.000000000000000000, 0.8660254037844387076, 1.000000000000000000, 0.8660254037844387076, 1.000000000000000000, 0.8660254037844387076, 1.000000000000000000, 0.8660254037844387076, 1.000000000000000000, 0.8660254037844387076, 1.000000000000000000, 0.8660254037844387076, 1.000000000000000000, 0.8660254037844387076, 1.000000000000000000, 0.8660254037844387076, 1.000000000000000000, 0.8660254037844387076, 1.000000000000000000, 0.8660254037844387076, 1.000000000000000000, 0.8660254037844387076, 1.000000000000000000, 0.8660254037844387076, 1.000000000000000000, 0.8660254037844387076, 1.000000000000000000, 0.8660254037844387076, 1.000000000000000000, 0.8660254037844387076, 1.000000000000000000, 0.8660254037844387076, 1.000000000000000000, 0.8660254037844387076, 1.000000000000000000, 0.8660254037844387076, 1.000000000000000000, 0.8660254037844387076, 1.000000000000000000, 0.8660254037844387076, 1.000000000000000000, 0.8660254037844387076, 1.000000000000000000, 0.8660254037844387076, 1.000000000000000000, 0.8660254037844387076, 1.000000000000000000, 0.8660254037844387076, 1.000000000000000000, 0.8660254037844387076, 1.000000000000000000, 0.8660254037844387076, 1.000000000000000000, 0.8660254037844387076, 1.000000000000000000, 0.8660254037844387076, 1.000000000000000000, 0.8660254037844387076, 1.000000000000000000, 0.8660254037844387076, 1.000000000000000000, 0.9199124240952638587, 0.9355746395013653238, 0.9355746395013653238, 0.9355746395013653238),
 ( 1.000000000000000000, 0.8660254037844387076, 1.000000000000000000, 0.8660254037844387076, 1.000000000000000000, 0.8660254037844387076, 1.000000000000000000, 0.8660254037844387076, 1.000000000000000000, 0.8660254037844387076, 1.000000000000000000, 0.8660254037844387076, 1.000000000000000000, 0.8660254037844387076, 1.000000000000000000, 0.8660254037844387076, 1.000000000000000000, 0.8660254037844387076, 1.000000000000000000, 0.8660254037844387076, 1.000000000000000000, 0.8660254037844387076, 1.000000000000000000, 0.8660254037844387076, 1.000000000000000000, 0.8660254037844387076, 1.000000000000000000, 0.8660254037844387076, 1.000000000000000000, 0.8660254037844387076, 1.000000000000000000, 0.8660254037844387076, 1.000000000000000000, 0.8660254037844387076, 1.000000000000000000, 0.8660254037844387076, 1.000000000000000000, 0.8660254037844387076, 1.000000000000000000, 0.8660254037844387076, 1.000000000000000000, 0.8660254037844387076, 1.000000000000000000, 0.8660254037844387076, 1.000000000000000000, 0.8660254037844387076, 1.000000000000000000, 0.8660254037844387076, 1.000000000000000000, 0.8660254037844387076, 1.000000000000000000, 0.8660254037844387076, 1.000000000000000000, 0.8660254037844387076, 1.000000000000000000, 0.8660254037844387076, 1.000000000000000000, 0.8660254037844387076, 1.000000000000000000, 0.8660254037844387076, 1.000000000000000000, 0.8660254037844387076, 1.000000000000000000, 0.8660254037844387076, 1.000000000000000000, 0.8660254037844387076, 1.000000000000000000, 0.8660254037844387076, 1.000000000000000000, 0.8660254037844387076, 1.000000000000000000, 0.8660254037844387076, 1.000000000000000000, 0.8660254037844387076, 1.000000000000000000, 0.8660254037844387076, 1.000000000000000000, 0.8660254037844387076, 1.000000000000000000, 0.8660254037844387076, 1.000000000000000000, 0.8660254037844387076, 1.000000000000000000, 0.8660254037844387076, 1.000000000000000000, 0.8660254037844387076, 1.000000000000000000, 0.8660254037844387076, 1.000000000000000000, 0.8660254037844387076, 1.000000000000000000, 0.8660254037844387076, 1.000000000000000000, 0.8660254037844387076, 1.000000000000000000, 0.8660254037844387076, 1.000000000000000000, 0.8660254037844387076, 1.000000000000000000, 0.8660254037844387076, 1.000000000000000000, 0.8660254037844387076, 1.000000000000000000, 0.8660254037844387076, 1.000000000000000000, 0.8660254037844387076, 1.000000000000000000, 0.8660254037844387076, 1.000000000000000000, 0.8660254037844387076, 1.000000000000000000, 0.8660254037844387076, 1.000000000000000000, 0.8660254037844387076, 1.000000000000000000, 0.8660254037844387076, 1.000000000000000000, 0.8660254037844387076, 1.000000000000000000, 0.8660254037844387076, 1.000000000000000000, 0.8660254037844387076, 1.000000000000000000, 0.8660254037844387076, 1.000000000000000000, 0.8660254037844387076, 1.000000000000000000, 0.8660254037844387076, 1.000000000000000000, 0.8660254037844387076, 1.000000000000000000, 0.8660254037844387076, 1.000000000000000000, 0.8660254037844387076, 1.000000000000000000, 0.8660254037844387076, 1.000000000000000000, 0.8660254037844387076, 1.000000000000000000, 0.8660254037844387076, 1.000000000000000000, 0.8660254037844387076, 1.000000000000000000, 0.8660254037844387076, 1.000000000000000000, 0.8660254037844387076, 1.000000000000000000, 0.8660254037844387076, 1.000000000000000000, 0.8660254037844387076, 1.000000000000000000, 0.8660254037844387076, 1.000000000000000000, 0.8660254037844387076, 1.000000000000000000, 0.8660254037844387076, 1.000000000000000000, 0.8660254037844387076, 1.000000000000000000, 0.8660254037844387076, 1.000000000000000000, 0.8660254037844387076, 1.000000000000000000, 0.9199124240952638587, 0.9355746395013653238, 0.9355746395013653238, 0.9355746395013653238) ) ) 
 REPRESENTATION_ITEM ( '' )  SURFACE ( )  );
#4536 = CARTESIAN_POINT ( 'NONE',  ( -15.84933227484231644, -0.5918069429221617384, -1.025039693413197783 ) ) ;
#4537 = CARTESIAN_POINT ( 'NONE',  ( -18.42783121635129007, 1.500000000000000000, 0.000000000000000000 ) ) ;
#4538 = CARTESIAN_POINT ( 'NONE',  ( 16.34304219591217233, 1.082670556198342378E-16, 1.768135199393228829 ) ) ;
#4539 = CARTESIAN_POINT ( 'NONE',  ( 18.85550211698201295, 0.7500000000000209832, 1.299038105676693977 ) ) ;
#4540 = CARTESIAN_POINT ( 'NONE',  ( -16.77362447075449126, -1.531249999999999556, 0.8840675996966148587 ) ) ;
#4541 = CARTESIAN_POINT ( 'NONE',  ( 16.26733439182435248, -1.183613885844322366, 1.449508956725610206E-16 ) ) ;
#4542 = CARTESIAN_POINT ( 'NONE',  ( 15.39233439182435426, -2.510623159074913942E-16, -1.366719591217596896 ) ) ;
#4543 = ORIENTED_EDGE ( 'NONE', *, *, #5865, .F. ) ;
#4544 = CARTESIAN_POINT ( 'NONE',  ( -17.57849894150897896, -0.5918069429221609612, 1.025039693413198005 ) ) ;
#4545 = CARTESIAN_POINT ( 'NONE',  ( -20.16183227484231466, 0.5918069429221612943, 1.025039693413197783 ) ) ;
#4546 = CARTESIAN_POINT ( 'NONE',  ( 19.79903810567666156, 2.249999999999998668, 1.299038105676658672 ) ) ;
#4547 = FACE_OUTER_BOUND ( 'NONE', #3169, .T. ) ;
#4548 = CARTESIAN_POINT ( 'NONE',  ( -19.47433227484231821, -1.183613885844322366, 0.6833597956087990033 ) ) ;
#4549 = DIRECTION ( 'NONE',  ( 0.000000000000000000, -1.000000000000000000, 0.000000000000000000 ) ) ;
#4550 = B_SPLINE_CURVE_WITH_KNOTS ( 'NONE', 3,
 ( #998, #3242, #1857, #41, #143, #2802, #495, #1956, #620, #2371, #1439, #3725, #2337, #5562, #2739, #3757 ),
 .UNSPECIFIED., .F., .F.,
 ( 4, 2, 2, 2, 2, 2, 2, 4 ),
 ( 0.0009566344231807353974, 0.001303073290682678527, 0.001649512158184621331, 0.002342389893188507374, 0.002688828760690450612, 0.003035267628192393416, 0.003381706495694336654, 0.003728145363196279458 ),
 .UNSPECIFIED. ) ;
#4551 = EDGE_LOOP ( 'NONE', ( #5439, #3685, #5155, #4800 ) ) ;
#4552 = CARTESIAN_POINT ( 'NONE',  ( 15.16316772515768463, -1.183613885844322366, 0.6833597956087990033 ) ) ;
#4553 = CARTESIAN_POINT ( 'NONE',  ( 14.05900105849101855, 1.183613885844322366, 0.6833597956087983372 ) ) ;
#4554 = CARTESIAN_POINT ( 'NONE',  ( 19.07499999999999574, -3.181725716174720991E-16, -1.732050807568877193 ) ) ;
#4555 = CONICAL_SURFACE ( 'NONE', #3984, 2.249999999999998668, 1.047197551196600074 ) ;
#4556 = CARTESIAN_POINT ( 'NONE',  ( 13.70000000000000462, -0.6560971289900486836, -1.173103358832425780 ) ) ;
#4557 = FACE_OUTER_BOUND ( 'NONE', #3664, .T. ) ;
#4558 = CARTESIAN_POINT ( 'NONE',  ( -18.57849894150899317, -0.5918069429221752831, 1.025039693413222652 ) ) ;
#4559 = CARTESIAN_POINT ( 'NONE',  ( 19.19999999999999929, 1.500000000000000000, 0.000000000000000000 ) ) ;
#4560 = CARTESIAN_POINT ( 'NONE',  ( 19.55900105849102388, 1.183613885844322589, 0.6833597956087983372 ) ) ;
#4561 = CARTESIAN_POINT ( 'NONE',  ( -20.00000000000000355, 0.000000000000000000, 0.000000000000000000 ) ) ;
#4562 = ORIENTED_EDGE ( 'NONE', *, *, #4415, .T. ) ;
#4563 = CARTESIAN_POINT ( 'NONE',  ( 14.66316772515768641, -1.183613885844322366, 0.6833597956087990033 ) ) ;
#4564 = AXIS2_PLACEMENT_3D ( 'NONE', #4561, #4116, #5035 ) ;
#4565 = CARTESIAN_POINT ( 'NONE',  ( -14.83333333333333570, -0.7499999999999996669, 1.299038105676658006 ) ) ;
#4566 = FACE_OUTER_BOUND ( 'NONE', #285, .T. ) ;
#4567 = VECTOR ( 'NONE', #1737, 1000.000000000000000 ) ;
#4568 = CARTESIAN_POINT ( 'NONE',  ( 15.62912658773652907, -3.248011668595026887E-16, -1.768135199393228829 ) ) ;
#4569 = ADVANCED_FACE ( 'NONE', ( #5354 ), #5328, .F. ) ;
#4570 = CARTESIAN_POINT ( 'NONE',  ( -17.39099894150897896, -1.183613885844322589, -0.6833597956087981151 ) ) ;
#4571 = CARTESIAN_POINT ( 'NONE',  ( -16.79166666666666785, -1.499999999999999778, 0.8660254037844391517 ) ) ;
#4572 = CARTESIAN_POINT ( 'NONE',  ( 14.50970886257884551, -1.531250000000000444, -0.8840675996966138595 ) ) ;
#4573 = CARTESIAN_POINT ( 'NONE',  ( -19.60861388584433129, 0.4482107242443014172, 1.106448114398304927 ) ) ;
#4574 = CARTESIAN_POINT ( 'NONE',  ( -16.60695780408782696, -3.248011668595026887E-16, -1.768135199393228829 ) ) ;
#4575 = CARTESIAN_POINT ( 'NONE',  ( 15.39233439182435426, -2.510623159074913942E-16, -1.366719591217596896 ) ) ;
#4576 = CARTESIAN_POINT ( 'NONE',  ( -20.00000000000000355, -1.508335473232666590, 1.727238319854172977 ) ) ;
#4577 = VERTEX_POINT ( 'NONE', #2147 ) ;
#4578 = CARTESIAN_POINT ( 'NONE',  ( -17.45349894150897896, -1.183613885844322589, -0.6833597956087981151 ) ) ;
#4579 = CARTESIAN_POINT ( 'NONE',  ( -13.60935585452927477, -0.8463309083673414834, -1.440258648417211296 ) ) ;
#4580 = CARTESIAN_POINT ( 'NONE',  ( 19.24650105849100257, -1.183613885844347680, -0.6833597956088124370 ) ) ;
#4581 = CARTESIAN_POINT ( 'NONE',  ( -18.64099894150897896, 1.183613885844322589, 0.6833597956087983372 ) ) ;
#4582 = LINE ( 'NONE', #4105, #5598 ) ;
#4583 = EDGE_LOOP ( 'NONE', ( #4302, #2809, #4938, #5421 ) ) ;
#4584 = CARTESIAN_POINT ( 'NONE',  ( 19.53816772515768463, 0.5918069429221612943, 1.025039693413197783 ) ) ;
#4585 = CARTESIAN_POINT ( 'NONE',  ( 14.73050211698203604, 1.499999999999969580, -0.8660254037844593578 ) ) ;
#4586 = CARTESIAN_POINT ( 'NONE',  ( -19.98075666599056888, -0.7433463941989685297, 2.168904970561403633 ) ) ;
#4587 = CARTESIAN_POINT ( 'NONE',  ( 19.79903810567666156, 9.705254661958883258E-16, -2.598076211353313791 ) ) ;
#4588 = CARTESIAN_POINT ( 'NONE',  ( -18.59449788301797568, -0.7500000000000131006, -1.299038105676679322 ) ) ;
#4589 = CARTESIAN_POINT ( 'NONE',  ( -14.91183227484233242, -0.5918069429221760602, -1.025039693413222430 ) ) ;
#4590 = DIRECTION ( 'NONE',  ( 0.000000000000000000, 0.000000000000000000, -1.000000000000000000 ) ) ;
#4591 = CARTESIAN_POINT ( 'NONE',  ( 19.80900105849101678, -1.183613885844322589, -0.6833597956087981151 ) ) ;
#4592 = CIRCLE ( 'NONE', #1565, 2.249999999999998224 ) ;
#4593 = CARTESIAN_POINT ( 'NONE',  ( -17.76116454968487091, -0.7500000000002120526, 1.299038105677026156 ) ) ;
#4594 = CARTESIAN_POINT ( 'NONE',  ( -17.47433227484231466, -1.183613885844322144, 0.6833597956087987813 ) ) ;
#4595 = ORIENTED_EDGE ( 'NONE', *, *, #1851, .T. ) ;
#4596 = CARTESIAN_POINT ( 'NONE',  ( 16.07983439182435248, 8.368743863583045653E-17, 1.366719591217596896 ) ) ;
#4597 = EDGE_CURVE ( 'NONE', #1756, #5283, #4280, .T. ) ;
#4598 = CARTESIAN_POINT ( 'NONE',  ( -19.68348945400728311, 1.074062280977156059, -0.6614500127770555071 ) ) ;
#4599 = CARTESIAN_POINT ( 'NONE',  ( 14.50412658773653085, -1.531250000000000000, 1.875240411194384668E-16 ) ) ;
#4600 = CARTESIAN_POINT ( 'NONE',  ( -15.97433227484231466, -1.183613885844322366, 0.6833597956087990033 ) ) ;
#4601 = CARTESIAN_POINT ( 'NONE',  ( -16.75000000000000355, -1.500000000000000000, 1.836970198721029934E-16 ) ) ;
#4602 = CARTESIAN_POINT ( 'NONE',  ( 15.71804219591217766, 1.531250000000000000, 0.000000000000000000 ) ) ;
#4603 = CARTESIAN_POINT ( 'NONE',  ( -19.60861388584432419, 0.5896216244421064179, 1.038178879164703750 ) ) ;
#4604 = CARTESIAN_POINT ( 'NONE',  ( -17.85695780408782696, 1.082670556198342378E-16, 1.768135199393228829 ) ) ;
#4605 = CARTESIAN_POINT ( 'NONE',  ( 15.05900105849102033, 1.183613885844322589, 0.6833597956087983372 ) ) ;
#4606 = EDGE_CURVE ( 'NONE', #4688, #5181, #4502, .T. ) ;
#4607 = CARTESIAN_POINT ( 'NONE',  ( 18.35066772515768463, -0.5918069429221617384, -1.025039693413197783 ) ) ;
#4608 = VERTEX_POINT ( 'NONE', #5775 ) ;
#4609 = CARTESIAN_POINT ( 'NONE',  ( -17.70349894150897896, 1.183613885844322589, 0.6833597956087983372 ) ) ;
#4610 = CARTESIAN_POINT ( 'NONE',  ( -20.12016560817565036, 8.368743863583045653E-17, 1.366719591217596896 ) ) ;
#4611 = CARTESIAN_POINT ( 'NONE',  ( -19.68338760535374377, 0.3018383337992652793, 1.225178619862450580 ) ) ;
#4612 = CARTESIAN_POINT ( 'NONE',  ( -18.62500000000000355, -3.181725716174720991E-16, -1.732050807568877193 ) ) ;
#4613 = CARTESIAN_POINT ( 'NONE',  ( -18.09933227484231466, 0.5918069429221612943, 1.025039693413197783 ) ) ;
#4614 = DIRECTION ( 'NONE',  ( -1.000000000000000000, -4.814824860968088948E-33, -0.000000000000000000 ) ) ;
#4615 = ORIENTED_EDGE ( 'NONE', *, *, #2120, .T. ) ;
#4616 = CARTESIAN_POINT ( 'NONE',  ( 18.07983439182435603, 8.368743863583045653E-17, 1.366719591217596896 ) ) ;
#4617 = CARTESIAN_POINT ( 'NONE',  ( 16.76733439182435248, -1.183613885844322366, 1.449508956725610206E-16 ) ) ;
#4618 = AXIS2_PLACEMENT_3D ( 'NONE', #5349, #4440, #2683 ) ;
#4619 = CARTESIAN_POINT ( 'NONE',  ( 19.68136333140917671, 0.04586380943762118773, 1.258924937316789672 ) ) ;
#4620 = CARTESIAN_POINT ( 'NONE',  ( -17.46949788301796502, 1.499999999999956479, -0.8660254037844660191 ) ) ;
#4621 = CARTESIAN_POINT ( 'NONE',  ( -20.36254007893013451, 0.7656250000000002220, 1.326101399544921566 ) ) ;
#4622 = CARTESIAN_POINT ( 'NONE',  ( -15.24516560817566457, 1.183613885844351010, 0.000000000000000000 ) ) ;
#4623 = CYLINDRICAL_SURFACE ( 'NONE', #5526, 1.500000000000000000 ) ;
#4624 = CARTESIAN_POINT ( 'NONE',  ( 18.18400105849102033, -0.5918069429221609612, 1.025039693413198005 ) ) ;
#4625 = AXIS2_PLACEMENT_3D ( 'NONE', #1401, #957, #2828 ) ;
#4626 = CARTESIAN_POINT ( 'NONE',  ( -20.00000000000000355, -1.500000000000000000, 0.000000000000000000 ) ) ;
#4627 = CARTESIAN_POINT ( 'NONE',  ( -15.93266560817564681, -1.183613885844322366, 1.449508956725610206E-16 ) ) ;
#4628 = ORIENTED_EDGE ( 'NONE', *, *, #674, .F. ) ;
#4629 = CARTESIAN_POINT ( 'NONE',  ( 16.99650105849101678, 1.183613885844322589, 0.6833597956087983372 ) ) ;
#4630 = CARTESIAN_POINT ( 'NONE',  ( 19.44999999999999929, -1.500000000000000000, 1.836970198721029934E-16 ) ) ;
#4631 = CYLINDRICAL_SURFACE ( 'NONE', #2288, 1.500000000000000000 ) ;
#4632 = EDGE_CURVE ( 'NONE', #255, #2540, #3743, .T. ) ;
#4633 = CARTESIAN_POINT ( 'NONE',  ( 14.04579325440319693, -1.531250000000000444, -0.8840675996966138595 ) ) ;
#4634 = CARTESIAN_POINT ( 'NONE',  ( -17.09933227484231466, 0.5918069429221612943, 1.025039693413197783 ) ) ;
#4635 = CARTESIAN_POINT ( 'NONE',  ( -17.00000000000000000, 1.500000000000000000, 0.000000000000000000 ) ) ;
#4636 = CARTESIAN_POINT ( 'NONE',  ( 17.96804219591217588, -1.531250000000000000, 1.875240411194384668E-16 ) ) ;
#4637 = CARTESIAN_POINT ( 'NONE',  ( -18.16666666666667140, -0.7500000000000006661, -1.299038105676657784 ) ) ;
#4638 = CARTESIAN_POINT ( 'NONE',  ( -17.02362447075449481, 1.531249999999999556, -0.8840675996966153027 ) ) ;
#4639 = CARTESIAN_POINT ( 'NONE',  ( 15.76733439182435248, -1.183613885844322366, 1.449508956725610206E-16 ) ) ;
#4640 = CARTESIAN_POINT ( 'NONE',  ( 19.39233439182435248, -2.510623159074913942E-16, -1.366719591217596896 ) ) ;
#4641 = ORIENTED_EDGE ( 'NONE', *, *, #4160, .F. ) ;
#4642 = CARTESIAN_POINT ( 'NONE',  ( -17.20349894150897896, 1.183613885844322589, 0.6833597956087983372 ) ) ;
#4643 = CARTESIAN_POINT ( 'NONE',  ( -19.07849894150898251, -0.5918069429221609612, 1.025039693413198005 ) ) ;
#4644 = DIRECTION ( 'NONE',  ( 0.000000000000000000, 0.000000000000000000, -1.000000000000000000 ) ) ;
#4645 = CARTESIAN_POINT ( 'NONE',  ( 19.53816772515767042, 0.5918069429221737288, 1.025039693413219322 ) ) ;
#4646 = CARTESIAN_POINT ( 'NONE',  ( -19.43266560817564681, -1.183613885844322366, 1.449508956725610206E-16 ) ) ;
#4647 = CARTESIAN_POINT ( 'NONE',  ( -17.13616454968462577, -1.499999999999988454, -0.8660254037844452579 ) ) ;
#4648 = ORIENTED_EDGE ( 'NONE', *, *, #5470, .F. ) ;
#4649 = CARTESIAN_POINT ( 'NONE',  ( 18.78816772515768463, -0.5918069429221617384, -1.025039693413197783 ) ) ;
#4650 = CARTESIAN_POINT ( 'NONE',  ( 16.05900105849102033, 1.183613885844322366, 0.6833597956087983372 ) ) ;
#4651 = CARTESIAN_POINT ( 'NONE',  ( 19.03333333333332789, -0.7500000000000006661, -1.299038105676657784 ) ) ;
#4652 = CARTESIAN_POINT ( 'NONE',  ( 13.70000000000000284, -0.4285352045718530123, -1.300626626914179296 ) ) ;
#4653 = CARTESIAN_POINT ( 'NONE',  ( -19.90420674559680592, 1.531250000000000000, 0.8840675996966143035 ) ) ;
#4654 = ADVANCED_FACE ( 'NONE', ( #4446 ), #354, .F. ) ;
#4655 = CARTESIAN_POINT ( 'NONE',  ( -16.24516560817566102, 1.183613885844351010, 0.000000000000000000 ) ) ;
#4656 = LINE ( 'NONE', #5097, #410 ) ;
#4657 = CARTESIAN_POINT ( 'NONE',  ( 19.01733439182435603, 1.183613885844322366, 0.000000000000000000 ) ) ;
#4658 = CARTESIAN_POINT ( 'NONE',  ( 17.02216878364870567, -1.499999999999999556, 4.215012735070259712E-14 ) ) ;
#4659 = CARTESIAN_POINT ( 'NONE',  ( -17.34933227484231466, -0.5918069429221617384, -1.025039693413197783 ) ) ;
#4660 = ORIENTED_EDGE ( 'NONE', *, *, #462, .F. ) ;
#4661 = CARTESIAN_POINT ( 'NONE',  ( 15.70483439182435248, -1.183613885844322366, 1.449508956725610206E-16 ) ) ;
#4662 = CARTESIAN_POINT ( 'NONE',  ( 14.41316772515767042, 1.183613885844347013, -0.6833597956088134362 ) ) ;
#4663 = AXIS2_PLACEMENT_3D ( 'NONE', #1982, #3332, #4549 ) ;
#4664 = CARTESIAN_POINT ( 'NONE',  ( 13.62912658773653085, -3.248011668595026887E-16, -1.768135199393228829 ) ) ;
#4665 = CARTESIAN_POINT ( 'NONE',  ( -13.43266560817564859, -1.183613885844322366, 1.449508956725610206E-16 ) ) ;
#4666 = CYLINDRICAL_SURFACE ( 'NONE', #4429, 1.500000000000000000 ) ;
#4667 = CARTESIAN_POINT ( 'NONE',  ( 17.63470886257884018, 0.7656249999999990008, -1.326101399544922455 ) ) ;
#4668 = CARTESIAN_POINT ( 'NONE',  ( -17.98195780408782340, 1.531250000000000000, 0.000000000000000000 ) ) ;
#4669 = CARTESIAN_POINT ( 'NONE',  ( 19.64233439182435248, 8.368743863583045653E-17, 1.366719591217596896 ) ) ;
#4670 = ORIENTED_EDGE ( 'NONE', *, *, #2082, .T. ) ;
#4671 = CARTESIAN_POINT ( 'NONE',  ( -18.12016560817565036, 8.368743863583045653E-17, 1.366719591217596896 ) ) ;
#4672 = CARTESIAN_POINT ( 'NONE',  ( -14.44587341226347021, 1.531250000000000000, 0.000000000000000000 ) ) ;
#4673 = EDGE_CURVE ( 'NONE', #1631, #1829, #1781, .T. ) ;
#4674 = CARTESIAN_POINT ( 'NONE',  ( -14.42783121635131849, 1.500000000000000444, -5.875300246315987119E-13 ) ) ;
#4675 = CARTESIAN_POINT ( 'NONE',  ( -18.50000000000000000, 1.500000000000000000, 0.000000000000000000 ) ) ;
#4676 = DIRECTION ( 'NONE',  ( -1.000000000000000000, -4.814824860968088948E-33, -0.000000000000000000 ) ) ;
#4677 = ORIENTED_EDGE ( 'NONE', *, *, #4482, .T. ) ;
#4678 = CARTESIAN_POINT ( 'NONE',  ( 17.41316772515768463, 1.183613885844322144, -0.6833597956087991143 ) ) ;
#4679 = B_SPLINE_CURVE_WITH_KNOTS ( 'NONE', 3,
 ( #1290, #1765, #1713, #4943, #3511, #5320, #3063, #4885, #4652, #4556, #1924, #590, #619, #3658, #3273, #997, #108, #5156 ),
 .UNSPECIFIED., .F., .F.,
 ( 4, 2, 2, 2, 2, 2, 2, 2, 4 ),
 ( 0.0003409603186006594875, 0.0007292560324534706415, 0.001117551746306281795, 0.001505847460159092949, 0.001894143174011904103, 0.002282438887864715257, 0.002670734601717526628, 0.003059030315570337132, 0.003447326029423148502 ),
 .UNSPECIFIED. ) ;
#4680 = CARTESIAN_POINT ( 'NONE',  ( 17.39233439182435248, -2.510623159074913942E-16, -1.366719591217596896 ) ) ;
#4681 = CARTESIAN_POINT ( 'NONE',  ( -18.17783121635132559, -1.500000000000000000, 6.926297974785416832E-13 ) ) ;
#4682 = CARTESIAN_POINT ( 'NONE',  ( 19.86666666666666714, -0.7499999999999996669, 1.299038105676658006 ) ) ;
#4683 = CARTESIAN_POINT ( 'NONE',  ( -15.99516560817566102, -1.183613885844351010, 1.449508956725645212E-16 ) ) ;
#4684 = CARTESIAN_POINT ( 'NONE',  ( -19.98054607680299100, -2.249999999999998668, 0.4427317056464565859 ) ) ;
#4685 = CARTESIAN_POINT ( 'NONE',  ( 19.47566772515768463, 1.183613885844322144, -0.6833597956087991143 ) ) ;
#4686 = CARTESIAN_POINT ( 'NONE',  ( -14.42783121635131849, 1.500000000000000444, -5.875300246315987119E-13 ) ) ;
#4687 = CARTESIAN_POINT ( 'NONE',  ( -16.51599894150898251, -0.5918069429221609612, 1.025039693413198005 ) ) ;
#4688 = VERTEX_POINT ( 'NONE', #5040 ) ;
#4689 = EDGE_CURVE ( 'NONE', #1993, #3326, #1700, .T. ) ;
#4690 = CARTESIAN_POINT ( 'NONE',  ( 18.70483439182435603, -1.183613885844322366, 1.449508956725610206E-16 ) ) ;
#4691 = CARTESIAN_POINT ( 'NONE',  ( 14.57983439182433472, 8.368743863583221914E-17, 1.366719591217625984 ) ) ;
#4692 = EDGE_CURVE ( 'NONE', #585, #5491, #2380, .T. ) ;
#4693 = CARTESIAN_POINT ( 'NONE',  ( 14.54579325440319870, -1.531250000000000444, -0.8840675996966138595 ) ) ;
#4694 = CARTESIAN_POINT ( 'NONE',  ( -14.14099894150898074, 1.183613885844322589, 0.6833597956087983372 ) ) ;
#4695 = CARTESIAN_POINT ( 'NONE',  ( 15.94999999999999574, -1.500000000000000000, 1.836970198721029934E-16 ) ) ;
#4696 = CARTESIAN_POINT ( 'NONE',  ( 18.67637552924550803, 1.531249999999999556, -0.8840675996966153027 ) ) ;
#4697 = CARTESIAN_POINT ( 'NONE',  ( 19.79903810567666156, -2.249999999999999112, 1.299038105676656674 ) ) ;
#4698 = CARTESIAN_POINT ( 'NONE',  ( -13.18158227339287869, -1.238827268303251294, -0.9000186452559219008 ) ) ;
#4699 = CARTESIAN_POINT ( 'NONE',  ( 18.47566772515768463, 1.183613885844322144, -0.6833597956087991143 ) ) ;
#4700 = VERTEX_POINT ( 'NONE', #944 ) ;
#4701 =( BOUNDED_CURVE ( )  B_SPLINE_CURVE ( 2, ( #1559, #2507, #4762, #3391, #2882, #1618, #1145 ),
 .UNSPECIFIED., .F., .F. ) 
 B_SPLINE_CURVE_WITH_KNOTS ( ( 3, 2, 2, 3 ),
 ( 0.1142592078833482017, 0.1261639697881100641, 0.1380687316928719266, 0.1499734935976339001 ),
 .UNSPECIFIED. ) 
 CURVE ( )  GEOMETRIC_REPRESENTATION_ITEM ( )  RATIONAL_B_SPLINE_CURVE ( ( 1.000000000000000000, 0.8660254037844387076, 1.000000000000000000, 0.8660254037844387076, 1.000000000000000000, 0.8660254037844387076, 1.000000000000000000 ) ) 
 REPRESENTATION_ITEM ( '' )  );
#4702 = CARTESIAN_POINT ( 'NONE',  ( -14.49516560817564859, -1.183613885844322366, 1.449508956725610206E-16 ) ) ;
#4703 = CARTESIAN_POINT ( 'NONE',  ( -18.41183227484231466, -0.5918069429221617384, -1.025039693413197783 ) ) ;
#4704 = FACE_OUTER_BOUND ( 'NONE', #3811, .T. ) ;
#4705 = CYLINDRICAL_SURFACE ( 'NONE', #3288, 1.500000000000000000 ) ;
#4706 = CARTESIAN_POINT ( 'NONE',  ( -16.39099894150898251, -1.183613885844322589, -0.6833597956087981151 ) ) ;
#4707 = VERTEX_POINT ( 'NONE', #3219 ) ;
#4708 = CARTESIAN_POINT ( 'NONE',  ( 19.41316772515768463, 1.183613885844322144, -0.6833597956087991143 ) ) ;
#4709 = EDGE_CURVE ( 'NONE', #2892, #1060, #691, .T. ) ;
#4710 = CARTESIAN_POINT ( 'NONE',  ( 15.47566772515768463, 1.183613885844321922, -0.6833597956087991143 ) ) ;
#4711 = VERTEX_POINT ( 'NONE', #5383 ) ;
#4712 = CARTESIAN_POINT ( 'NONE',  ( -13.87500000000000355, 1.060575238724906915E-16, 1.732050807568877193 ) ) ;
#4713 = CARTESIAN_POINT ( 'NONE',  ( -19.36254007893013807, 0.7656250000000002220, 1.326101399544921566 ) ) ;
#4714 = CARTESIAN_POINT ( 'NONE',  ( -14.95349894150899672, -1.183613885844351232, -0.6833597956088146574 ) ) ;
#4715 = DIRECTION ( 'NONE',  ( 0.000000000000000000, -1.000000000000000000, 0.000000000000000000 ) ) ;
#4716 = ORIENTED_EDGE ( 'NONE', *, *, #4689, .T. ) ;
#4717 = CARTESIAN_POINT ( 'NONE',  ( 20.00000000000000355, -0.7416645267673340758, 2.169875997175798155 ) ) ;
#4718 =( BOUNDED_CURVE ( )  B_SPLINE_CURVE ( 2, ( #3735, #2255, #4061, #3606, #5413, #1359, #153 ),
 .UNSPECIFIED., .F., .F. ) 
 B_SPLINE_CURVE_WITH_KNOTS ( ( 3, 2, 2, 3 ),
 ( 0.1142592078937175737, 0.1261639697984794362, 0.1380687317032412986, 0.1499734936080032721 ),
 .UNSPECIFIED. ) 
 CURVE ( )  GEOMETRIC_REPRESENTATION_ITEM ( )  RATIONAL_B_SPLINE_CURVE ( ( 1.000000000000000000, 0.8660254037844387076, 1.000000000000000000, 0.8660254037844387076, 1.000000000000000000, 0.8660254037844387076, 1.000000000000000000 ) ) 
 REPRESENTATION_ITEM ( '' )  );
#4719 = CARTESIAN_POINT ( 'NONE',  ( -16.14099894150898251, 1.183613885844322366, 0.6833597956087983372 ) ) ;
#4720 = VERTEX_POINT ( 'NONE', #5831 ) ;
#4721 = CARTESIAN_POINT ( 'NONE',  ( 17.66316772515768463, -1.183613885844322366, 0.6833597956087990033 ) ) ;
#4722 = AXIS2_PLACEMENT_3D ( 'NONE', #5619, #5184, #1124 ) ;
#4723 = DIRECTION ( 'NONE',  ( 0.000000000000000000, -1.000000000000000000, 0.000000000000000000 ) ) ;
#4724 = CONICAL_SURFACE ( 'NONE', #4625, 2.249999999999998668, 1.047197551196600074 ) ;
#4725 = CARTESIAN_POINT ( 'NONE',  ( 16.04579325440319693, -1.531250000000000444, -0.8840675996966138595 ) ) ;
#4726 = CARTESIAN_POINT ( 'NONE',  ( -14.59933227484231466, 0.5918069429221612943, 1.025039693413197783 ) ) ;
#4727 = CARTESIAN_POINT ( 'NONE',  ( -19.85265957278972593, -1.044139182171528679, 0.9827157757722586595 ) ) ;
#4728 = CARTESIAN_POINT ( 'NONE',  ( 19.00970886257884374, -1.531250000000000444, -0.8840675996966138595 ) ) ;
#4729 = APPROVAL_DATE_TIME ( #3465, #197 ) ;
#4730 = CARTESIAN_POINT ( 'NONE',  ( 14.27216878364869856, 1.499999999999999556, -1.363908985751985877E-13 ) ) ;
#4731 = CARTESIAN_POINT ( 'NONE',  ( -15.59449788301822970, -0.7500000000002347011, -1.299038105677063459 ) ) ;
#4732 = ORIENTED_EDGE ( 'NONE', *, *, #1812, .F. ) ;
#4733 = CARTESIAN_POINT ( 'NONE',  ( -14.07849894150898074, -0.5918069429221609612, 1.025039693413198005 ) ) ;
#4734 = CARTESIAN_POINT ( 'NONE',  ( -17.16183227484231466, 0.5918069429221612943, 1.025039693413197783 ) ) ;
#4735 = CARTESIAN_POINT ( 'NONE',  ( -20.00000000000000355, -1.500000000000000000, 0.000000000000000000 ) ) ;
#4736 = CARTESIAN_POINT ( 'NONE',  ( -17.75000000000000355, -1.500000000000000000, 1.836970198721029934E-16 ) ) ;
#4737 = CARTESIAN_POINT ( 'NONE',  ( -15.84933227484231644, -0.5918069429221617384, -1.025039693413197783 ) ) ;
#4738 = ORIENTED_EDGE ( 'NONE', *, *, #3052, .F. ) ;
#4739 = CARTESIAN_POINT ( 'NONE',  ( 15.10066772515768641, 0.5918069429221612943, 1.025039693413197783 ) ) ;
#4740 = CARTESIAN_POINT ( 'NONE',  ( 15.68400105849102033, -0.5918069429221609612, 1.025039693413198005 ) ) ;
#4741 =( BOUNDED_CURVE ( )  B_SPLINE_CURVE ( 2, ( #1611, #3413, #5226, #2964, #4783, #801, #3974 ),
 .UNSPECIFIED., .F., .T. ) 
 B_SPLINE_CURVE_WITH_KNOTS ( ( 3, 2, 2, 3 ),
 ( 0.1856877793119195985, 0.1975925412166814610, 0.2094973031214434345, 0.2214020650262052969 ),
 .UNSPECIFIED. ) 
 CURVE ( )  GEOMETRIC_REPRESENTATION_ITEM ( )  RATIONAL_B_SPLINE_CURVE ( ( 1.000000000000000000, 0.8660254037844387076, 1.000000000000000000, 0.8660254037844387076, 1.000000000000000000, 0.8660254037844387076, 1.000000000000000000 ) ) 
 REPRESENTATION_ITEM ( '' )  );
#4742 = ORIENTED_EDGE ( 'NONE', *, *, #2643, .F. ) ;
#4743 = CARTESIAN_POINT ( 'NONE',  ( -19.11254007893013807, -0.7656250000000006661, -1.326101399544921566 ) ) ;
#4744 = CARTESIAN_POINT ( 'NONE',  ( -13.70000000000002061, -1.217526595471262629, -0.8761443883973448754 ) ) ;
#4745 = ORIENTED_EDGE ( 'NONE', *, *, #3721, .T. ) ;
#4746 = DIRECTION ( 'NONE',  ( -1.000000000000000000, -4.814824860968088948E-33, -0.000000000000000000 ) ) ;
#4747 = CARTESIAN_POINT ( 'NONE',  ( -15.26599894150898074, 0.5918069429221604061, -1.025039693413198227 ) ) ;
#4748 = ORIENTED_EDGE ( 'NONE', *, *, #1638, .F. ) ;
#4749 = CARTESIAN_POINT ( 'NONE',  ( 19.03816772515768463, 0.5918069429221612943, 1.025039693413197783 ) ) ;
#4750 = CARTESIAN_POINT ( 'NONE',  ( 19.60066772515768463, 0.5918069429221612943, 1.025039693413197783 ) ) ;
#4751 = CARTESIAN_POINT ( 'NONE',  ( 14.37150105849100612, 0.5918069429221729516, -1.025039693413219988 ) ) ;
#4752 = CARTESIAN_POINT ( 'NONE',  ( 15.96245992106986478, -1.531249999999999556, 0.8840675996966148587 ) ) ;
#4753 = CARTESIAN_POINT ( 'NONE',  ( -14.89099894150898251, -1.183613885844322589, -0.6833597956087981151 ) ) ;
#4754 = CARTESIAN_POINT ( 'NONE',  ( 20.00000000000000355, 2.249999999999998668, 1.299038105676658672 ) ) ;
#4755 = APPROVAL_STATUS ( 'not_yet_approved' ) ;
#4756 = CARTESIAN_POINT ( 'NONE',  ( -13.48195780408782696, 1.531250000000000000, 0.000000000000000000 ) ) ;
#4757 = CARTESIAN_POINT ( 'NONE',  ( -15.63616454968490999, -1.500000000000743183, -0.8660254037845498409 ) ) ;
#4758 = ADVANCED_FACE ( 'NONE', ( #1772 ), #1831, .F. ) ;
#4759 = CARTESIAN_POINT ( 'NONE',  ( -14.62016560817564681, 8.368743863583045653E-17, 1.366719591217596896 ) ) ;
#4760 = CARTESIAN_POINT ( 'NONE',  ( -16.49516560817564681, -1.183613885844322366, 1.449508956725610206E-16 ) ) ;
#4761 = CARTESIAN_POINT ( 'NONE',  ( 15.44999999999999929, -1.500000000000000000, 1.836970198721029934E-16 ) ) ;
#4762 = CARTESIAN_POINT ( 'NONE',  ( -14.08333333333333570, 0.7499999999999990008, -1.299038105676658672 ) ) ;
#4763 = CARTESIAN_POINT ( 'NONE',  ( -14.68266560817564859, 1.183613885844322366, 0.000000000000000000 ) ) ;
#4764 = ORIENTED_EDGE ( 'NONE', *, *, #1189, .F. ) ;
#4765 = CARTESIAN_POINT ( 'NONE',  ( 14.60066772515768641, 0.5918069429221612943, 1.025039693413197783 ) ) ;
#4766 = CARTESIAN_POINT ( 'NONE',  ( 18.22566772515768463, -1.183613885844322144, 0.6833597956087987813 ) ) ;
#4767 = ORIENTED_EDGE ( 'NONE', *, *, #1083, .F. ) ;
#4768 = DIRECTION ( 'NONE',  ( 0.000000000000000000, -1.000000000000000000, 0.000000000000000000 ) ) ;
#4769 = CARTESIAN_POINT ( 'NONE',  ( -18.65420674559680236, -1.531250000000000444, -0.8840675996966138595 ) ) ;
#4770 = CARTESIAN_POINT ( 'NONE',  ( -16.16666666666666785, -0.7500000000000006661, -1.299038105676657784 ) ) ;
#4771 = CARTESIAN_POINT ( 'NONE',  ( 18.03333333333333499, -0.7500000000000006661, -1.299038105676657784 ) ) ;
#4772 = VERTEX_POINT ( 'NONE', #1358 ) ;
#4773 = CARTESIAN_POINT ( 'NONE',  ( 13.53816772515768641, 0.5918069429221612943, 1.025039693413197783 ) ) ;
#4774 = CARTESIAN_POINT ( 'NONE',  ( -13.76599894150898074, 0.5918069429221604061, -1.025039693413198227 ) ) ;
#4775 = ORIENTED_EDGE ( 'NONE', *, *, #1724, .F. ) ;
#4776 = CARTESIAN_POINT ( 'NONE',  ( 17.95483439182435248, 1.183613885844322366, 0.000000000000000000 ) ) ;
#4777 = CARTESIAN_POINT ( 'NONE',  ( 18.51733439182435248, 1.183613885844322366, 0.000000000000000000 ) ) ;
#4778 = CARTESIAN_POINT ( 'NONE',  ( 14.53816772515767219, 0.5918069429221737288, 1.025039693413219322 ) ) ;
#4779 = VERTEX_POINT ( 'NONE', #2781 ) ;
#4780 = EDGE_CURVE ( 'NONE', #4184, #4890, #4059, .T. ) ;
#4781 = CARTESIAN_POINT ( 'NONE',  ( 17.00412658773653263, -1.531250000000000000, 1.875240411194384668E-16 ) ) ;
#4782 = CARTESIAN_POINT ( 'NONE',  ( -14.72433227484231644, 1.183613885844322144, -0.6833597956087991143 ) ) ;
#4783 = CARTESIAN_POINT ( 'NONE',  ( -14.66666666666666963, -0.7500000000000006661, -1.299038105676657784 ) ) ;
#4784 = CARTESIAN_POINT ( 'NONE',  ( -15.48195780408782518, 1.531250000000000000, 0.000000000000000000 ) ) ;
#4785 = FACE_OUTER_BOUND ( 'NONE', #3472, .T. ) ;
#4786 = CARTESIAN_POINT ( 'NONE',  ( -15.37016560817564681, -2.510623159074913942E-16, -1.366719591217596896 ) ) ;
#4787 = CARTESIAN_POINT ( 'NONE',  ( -16.16183227484231821, 0.5918069429221612943, 1.025039693413197783 ) ) ;
#4788 = CARTESIAN_POINT ( 'NONE',  ( 15.57500000000000107, -3.181725716174720991E-16, -1.732050807568877193 ) ) ;
#4789 = CARTESIAN_POINT ( 'NONE',  ( -15.05766560817564503, 8.368743863583045653E-17, 1.366719591217596896 ) ) ;
#4790 = EDGE_CURVE ( 'NONE', #1296, #3067, #3387, .T. ) ;
#4791 = ORIENTED_EDGE ( 'NONE', *, *, #4060, .F. ) ;
#4792 = AXIS2_PLACEMENT_3D ( 'NONE', #713, #1234, #3032 ) ;
#4793 = CARTESIAN_POINT ( 'NONE',  ( 20.07983439182434893, 8.368743863583045653E-17, 1.366719591217596896 ) ) ;
#4794 = EDGE_LOOP ( 'NONE', ( #578, #3697 ) ) ;
#4795 = CARTESIAN_POINT ( 'NONE',  ( 14.61666666666666536, 0.7499999999999990008, -1.299038105676658672 ) ) ;
#4796 = CARTESIAN_POINT ( 'NONE',  ( -19.44587341226347021, 1.531250000000000000, 0.000000000000000000 ) ) ;
#4797 = CARTESIAN_POINT ( 'NONE',  ( -16.54166666666667140, 1.499999999999999778, -0.8660254037844394848 ) ) ;
#4798 = DIRECTION ( 'NONE',  ( -1.000000000000000000, -4.814824860968088948E-33, -0.000000000000000000 ) ) ;
#4799 = EDGE_CURVE ( 'NONE', #732, #2473, #19, .T. ) ;
#4800 = ORIENTED_EDGE ( 'NONE', *, *, #5764, .T. ) ;
#4801 = CARTESIAN_POINT ( 'NONE',  ( -19.13616454968463287, -1.499999999999999334, -0.8660254037844372643 ) ) ;
#4802 = CARTESIAN_POINT ( 'NONE',  ( -13.89099894150898074, -1.183613885844322589, -0.6833597956087981151 ) ) ;
#4803 = ORIENTED_EDGE ( 'NONE', *, *, #805, .F. ) ;
#4804 = CARTESIAN_POINT ( 'NONE',  ( 19.32983439182435959, -2.510623159074913942E-16, -1.366719591217596896 ) ) ;
#4805 = FACE_OUTER_BOUND ( 'NONE', #137, .T. ) ;
#4806 = CARTESIAN_POINT ( 'NONE',  ( 17.62150105849100612, -0.5918069429221735067, 1.025039693413219544 ) ) ;
#4807 = VERTEX_POINT ( 'NONE', #3132 ) ;
#4808 = CIRCLE ( 'NONE', #3951, 1.500000000000000000 ) ;
#4809 = CARTESIAN_POINT ( 'NONE',  ( 18.21245992106986122, 1.531249999999999556, -0.8840675996966153027 ) ) ;
#4810 = CARTESIAN_POINT ( 'NONE',  ( -20.00000000000000355, 0.000000000000000000, 0.000000000000000000 ) ) ;
#4811 = EDGE_CURVE ( 'NONE', #3820, #166, #5516, .T. ) ;
#4812 = CARTESIAN_POINT ( 'NONE',  ( -14.19029113742115911, -1.531250000000000444, -0.8840675996966138595 ) ) ;
#4813 = AXIS2_PLACEMENT_3D ( 'NONE', #4754, #2089, #3771 ) ;
#4814 = CARTESIAN_POINT ( 'NONE',  ( 20.00000000000000355, 2.249999999999998668, 0.000000000000000000 ) ) ;
#4815 = CARTESIAN_POINT ( 'NONE',  ( -15.03683227484231644, -1.183613885844322366, 0.6833597956087990033 ) ) ;
#4816 = CARTESIAN_POINT ( 'NONE',  ( -16.78683227484231466, 1.183613885844322144, -0.6833597956087991143 ) ) ;
#4817 = CARTESIAN_POINT ( 'NONE',  ( 13.70000000000000107, 1.500000000000000000, 0.000000000000000000 ) ) ;
#4818 = CARTESIAN_POINT ( 'NONE',  ( -16.47433227484231111, -1.183613885844322366, 0.6833597956087990033 ) ) ;
#4819 =( BOUNDED_CURVE ( )  B_SPLINE_CURVE ( 2, ( #965, #170, #1438, #5061, #5127, #3241, #4681 ),
 .UNSPECIFIED., .F., .T. ) 
 B_SPLINE_CURVE_WITH_KNOTS ( ( 3, 2, 2, 3 ),
 ( 0.07963398451247369336, 0.08120411321001100302, 0.08277424190754829880, 0.08434437060508559458 ),
 .UNSPECIFIED. ) 
 CURVE ( )  GEOMETRIC_REPRESENTATION_ITEM ( )  RATIONAL_B_SPLINE_CURVE ( ( 1.000000000000022427, 0.8660254037844161701, 1.000000000000000000, 0.8660254037844387076, 1.000000000000000000, 0.8660254037843319042, 1.000000000000106803 ) ) 
 REPRESENTATION_ITEM ( '' )  );
#4820 = CARTESIAN_POINT ( 'NONE',  ( 14.68400105849102033, -0.5918069429221609612, 1.025039693413198005 ) ) ;
#4821 = CARTESIAN_POINT ( 'NONE',  ( 13.85066772515768641, -0.5918069429221617384, -1.025039693413197783 ) ) ;
#4822 = B_SPLINE_CURVE_WITH_KNOTS ( 'NONE', 3,
 ( #5161, #2893, #4717, #563 ),
 .UNSPECIFIED., .F., .F.,
 ( 4, 4 ),
 ( 2.380746839936248971E-07, 0.001314652396222794947 ),
 .UNSPECIFIED. ) ;
#4823 = ORIENTED_EDGE ( 'NONE', *, *, #3105, .T. ) ;
#4824 = CARTESIAN_POINT ( 'NONE',  ( 14.57500000000000107, -3.181725716174720991E-16, -1.732050807568877193 ) ) ;
#4825 = CARTESIAN_POINT ( 'NONE',  ( -19.27920674559680236, -0.7656249999999996669, 1.326101399544921788 ) ) ;
#4826 = CARTESIAN_POINT ( 'NONE',  ( -16.00000000000000000, 1.500000000000000000, 0.000000000000000000 ) ) ;
#4827 = CARTESIAN_POINT ( 'NONE',  ( 18.56383545031594551, -1.499999999989334754, -0.8660254037906464086 ) ) ;
#4828 = VERTEX_POINT ( 'NONE', #2346 ) ;
#4829 = CARTESIAN_POINT ( 'NONE',  ( 14.44999999999999929, -1.500000000000000000, 1.836970198721029934E-16 ) ) ;
#4830 = CARTESIAN_POINT ( 'NONE',  ( -17.37500000000000000, 1.060575238724906915E-16, 1.732050807568877193 ) ) ;
#4831 = EDGE_CURVE ( 'NONE', #4807, #4360, #886, .T. ) ;
#4832 = CARTESIAN_POINT ( 'NONE',  ( 17.82499999999999929, 1.060575238724906915E-16, 1.732050807568877193 ) ) ;
#4833 = CARTESIAN_POINT ( 'NONE',  ( 18.80900105849102033, -1.183613885844322589, -0.6833597956087981151 ) ) ;
#4834 = CARTESIAN_POINT ( 'NONE',  ( 16.87150105849100257, 0.5918069429221729516, -1.025039693413219988 ) ) ;
#4835 = CARTESIAN_POINT ( 'NONE',  ( 19.05137552924550803, -0.7656250000000006661, -1.326101399544921566 ) ) ;
#4836 = VERTEX_POINT ( 'NONE', #914 ) ;
#4837 = CARTESIAN_POINT ( 'NONE',  ( 18.25412658773653263, 1.531250000000000000, 0.000000000000000000 ) ) ;
#4838 = CARTESIAN_POINT ( 'NONE',  ( 17.52216878364870922, -1.500000000000000000, 1.836970198721030181E-16 ) ) ;
#4839 = PERSON_AND_ORGANIZATION ( #398, #5844 ) ;
#4840 = CARTESIAN_POINT ( 'NONE',  ( -17.42783121635129362, 1.499999999999999556, 0.000000000000000000 ) ) ;
#4841 = CARTESIAN_POINT ( 'NONE',  ( -15.67783121635129007, -1.499999999999999334, 1.836970198721029194E-16 ) ) ;
#4842 = CARTESIAN_POINT ( 'NONE',  ( -20.18266560817564681, 1.183613885844322366, 0.000000000000000000 ) ) ;
#4843 = CARTESIAN_POINT ( 'NONE',  ( -14.24516560817564681, 1.183613885844322366, 0.000000000000000000 ) ) ;
#4844 = CARTESIAN_POINT ( 'NONE',  ( 13.70000000000000817, -0.003349559259281759040, 1.289826335412928460 ) ) ;
#4845 = CARTESIAN_POINT ( 'NONE',  ( -13.89099894150897896, -1.183613885844322589, -0.6833597956087981151 ) ) ;
#4846 = VERTEX_POINT ( 'NONE', #4630 ) ;
#4847 = CARTESIAN_POINT ( 'NONE',  ( 14.05900105849102033, 1.183613885844322589, 0.6833597956087983372 ) ) ;
#4848 = ADVANCED_FACE ( 'NONE', ( #4153 ), #2281, .F. ) ;
#4849 = CONICAL_SURFACE ( 'NONE', #2756, 2.249999999999998668, 1.047197551196600074 ) ;
#4850 = CARTESIAN_POINT ( 'NONE',  ( -18.74516560817564681, 1.183613885844322366, 0.000000000000000000 ) ) ;
#4851 = CARTESIAN_POINT ( 'NONE',  ( -14.86254007893013807, 0.7656250000000002220, 1.326101399544921566 ) ) ;
#4852 = FACE_OUTER_BOUND ( 'NONE', #1188, .T. ) ;
#4853 = CARTESIAN_POINT ( 'NONE',  ( -20.18266560817564681, 1.183613885844322366, 0.000000000000000000 ) ) ;
#4854 = EDGE_LOOP ( 'NONE', ( #4648, #2181, #2435, #4543, #4276, #3782 ) ) ;
#4855 = DIRECTION ( 'NONE',  ( -1.000000000000000000, -4.814824860968088948E-33, -0.000000000000000000 ) ) ;
#4856 = DIRECTION ( 'NONE',  ( 0.7071067811862460362, -0.7071067811868489983, 8.659560562358624481E-17 ) ) ;
#4857 = CARTESIAN_POINT ( 'NONE',  ( -20.00000000000000355, 0.000000000000000000, 0.000000000000000000 ) ) ;
#4858 = CARTESIAN_POINT ( 'NONE',  ( 19.35066772515768463, -0.5918069429221617384, -1.025039693413197783 ) ) ;
#4859 = CARTESIAN_POINT ( 'NONE',  ( -18.42783121635129007, 1.500000000000000000, 0.000000000000000000 ) ) ;
#4860 = CARTESIAN_POINT ( 'NONE',  ( 15.36666666666666536, -0.7499999999999996669, 1.299038105676658006 ) ) ;
#4861 = EDGE_CURVE ( 'NONE', #5536, #1072, #896, .T. ) ;
#4862 = EDGE_LOOP ( 'NONE', ( #5801, #174, #5024, #3187 ) ) ;
#4863 =( BOUNDED_CURVE ( )  B_SPLINE_CURVE ( 2, ( #3510, #3122, #2218, #4832, #4410, #4051, #4387 ),
 .UNSPECIFIED., .F., .T. ) 
 B_SPLINE_CURVE_WITH_KNOTS ( ( 3, 2, 2, 3 ),
 ( 0.3642592078937175737, 0.3761639697984794362, 0.3880687317032412986, 0.3999734936080032721 ),
 .UNSPECIFIED. ) 
 CURVE ( )  GEOMETRIC_REPRESENTATION_ITEM ( )  RATIONAL_B_SPLINE_CURVE ( ( 1.000000000000000000, 0.8660254037844387076, 1.000000000000000000, 0.8660254037844387076, 1.000000000000000000, 0.8660254037844387076, 1.000000000000000000 ) ) 
 REPRESENTATION_ITEM ( '' )  );
#4864 = CARTESIAN_POINT ( 'NONE',  ( 19.04579325440319693, -1.531250000000000444, -0.8840675996966138595 ) ) ;
#4865 = CARTESIAN_POINT ( 'NONE',  ( -15.26116454968489933, -0.7500000000002352563, 1.299038105677066346 ) ) ;
#4866 = CARTESIAN_POINT ( 'NONE',  ( 13.85550211698200762, 0.7500000000000274225, 1.299038105676705079 ) ) ;
#4867 = CARTESIAN_POINT ( 'NONE',  ( -17.39099894150897896, -1.183613885844322589, -0.6833597956087981151 ) ) ;
#4868 = CARTESIAN_POINT ( 'NONE',  ( -19.09933227484231466, 0.5918069429221612943, 1.025039693413197783 ) ) ;
#4869 = CARTESIAN_POINT ( 'NONE',  ( -15.57849894150898074, -0.5918069429221609612, 1.025039693413198005 ) ) ;
#4870 = CARTESIAN_POINT ( 'NONE',  ( 19.68310915336699551, -1.221116826609019324, -0.3485728803270328746 ) ) ;
#4871 = CARTESIAN_POINT ( 'NONE',  ( -13.59933227484231466, 0.5918069429221612943, 1.025039693413197783 ) ) ;
#4872 = AXIS2_PLACEMENT_3D ( 'NONE', #79, #5498, #3630 ) ;
#4873 = CARTESIAN_POINT ( 'NONE',  ( 13.55900105849102033, 1.183613885844322589, 0.6833597956087983372 ) ) ;
#4874 = CARTESIAN_POINT ( 'NONE',  ( 17.93400105849102033, 0.5918069429221604061, -1.025039693413198227 ) ) ;
#4875 = CARTESIAN_POINT ( 'NONE',  ( 16.77216878364870212, 1.500000000000000000, -1.328936960476301019E-13 ) ) ;
#4876 = CARTESIAN_POINT ( 'NONE',  ( -15.69587341226346844, -1.531250000000000000, 1.875240411194384668E-16 ) ) ;
#4877 = CARTESIAN_POINT ( 'NONE',  ( -20.00000000000000355, 0.7416645267673315223, 2.169875997175799043 ) ) ;
#4878 = DIRECTION ( 'NONE',  ( 0.000000000000000000, 0.000000000000000000, -1.000000000000000000 ) ) ;
#4879 = ORIENTED_EDGE ( 'NONE', *, *, #1201, .F. ) ;
#4880 = ADVANCED_FACE ( 'NONE', ( #5520 ), #582, .F. ) ;
#4881 = CARTESIAN_POINT ( 'NONE',  ( 16.28816772515768818, -0.5918069429221617384, -1.025039693413197783 ) ) ;
#4882 = FACE_OUTER_BOUND ( 'NONE', #953, .T. ) ;
#4883 = AXIS2_PLACEMENT_3D ( 'NONE', #2503, #5278, #2123 ) ;
#4884 = DIRECTION ( 'NONE',  ( 1.000000000000000000, 0.000000000000000000, 0.000000000000000000 ) ) ;
#4885 = CARTESIAN_POINT ( 'NONE',  ( 13.70000000000000462, -0.3082469104247477776, -1.347583919979979061 ) ) ;
#4886 = CYLINDRICAL_SURFACE ( 'NONE', #4618, 1.500000000000000000 ) ;
#4887 =( BOUNDED_CURVE ( )  B_SPLINE_CURVE ( 2, ( #1364, #1393, #5360, #2723, #4898, #2695, #5390 ),
 .UNSPECIFIED., .F., .T. ) 
 B_SPLINE_CURVE_WITH_KNOTS ( ( 3, 2, 2, 3 ),
 ( 0.7214020650262052969, 0.7333068269309672704, 0.7452115888357291329, 0.7571163507404909954 ),
 .UNSPECIFIED. ) 
 CURVE ( )  GEOMETRIC_REPRESENTATION_ITEM ( )  RATIONAL_B_SPLINE_CURVE ( ( 1.000000000000000000, 0.8660254037844387076, 1.000000000000000000, 0.8660254037844387076, 1.000000000000000000, 0.8660254037844387076, 1.000000000000000000 ) ) 
 REPRESENTATION_ITEM ( '' )  );
#4888 = CARTESIAN_POINT ( 'NONE',  ( -17.16183227484233242, 0.5918069429221756161, 1.025039693413222430 ) ) ;
#4889 = CARTESIAN_POINT ( 'NONE',  ( 20.13470886257884374, 0.7656249999999990008, -1.326101399544922455 ) ) ;
#4890 = VERTEX_POINT ( 'NONE', #2295 ) ;
#4891 = CARTESIAN_POINT ( 'NONE',  ( 13.70483439182435248, -1.183613885844322366, 1.449508956725610206E-16 ) ) ;
#4892 = LINE ( 'NONE', #1719, #492 ) ;
#4893 = CARTESIAN_POINT ( 'NONE',  ( -18.55766560817564326, 8.368743863583045653E-17, 1.366719591217596896 ) ) ;
#4894 =( BOUNDED_CURVE ( )  B_SPLINE_CURVE ( 2, ( #3128, #1295, #4056, #4529, #940, #5468, #4001 ),
 .UNSPECIFIED., .F., .F. ) 
 B_SPLINE_CURVE_WITH_KNOTS ( ( 3, 2, 2, 3 ),
 ( 0.9356877793119195985, 0.9475925412166814610, 0.9594973031214434345, 0.9608132295657690891 ),
 .UNSPECIFIED. ) 
 CURVE ( )  GEOMETRIC_REPRESENTATION_ITEM ( )  RATIONAL_B_SPLINE_CURVE ( ( 1.000000000000000000, 0.8660254037844387076, 1.000000000000000000, 0.8660254037844387076, 1.000000000000000000, 0.9851907400216555200, 0.9736554467101457000 ) ) 
 REPRESENTATION_ITEM ( '' )  );
#4895 = VECTOR ( 'NONE', #348, 1000.000000000000000 ) ;
#4896 = CARTESIAN_POINT ( 'NONE',  ( -20.14099894150898251, 1.183613885844322589, 0.6833597956087983372 ) ) ;
#4897 = CARTESIAN_POINT ( 'NONE',  ( -14.03683227484231466, -1.183613885844322366, 0.6833597956087990033 ) ) ;
#4898 = CARTESIAN_POINT ( 'NONE',  ( -18.41666666666667140, 0.7500000000000002220, 1.299038105676657784 ) ) ;
#4899 = AXIS2_PLACEMENT_3D ( 'NONE', #4177, #591, #523 ) ;
#4900 = CARTESIAN_POINT ( 'NONE',  ( -19.27362447075449481, -1.531249999999999556, 0.8840675996966148587 ) ) ;
#4901 = CYLINDRICAL_SURFACE ( 'NONE', #237, 1.500000000000000000 ) ;
#4902 = CARTESIAN_POINT ( 'NONE',  ( 17.43400105849102033, 0.5918069429221604061, -1.025039693413198227 ) ) ;
#4903 = VECTOR ( 'NONE', #3024, 1000.000000000000000 ) ;
#4904 = ORIENTED_EDGE ( 'NONE', *, *, #5041, .F. ) ;
#4905 = CARTESIAN_POINT ( 'NONE',  ( 15.73050211698159195, 1.499999999991947330, -0.8660254037890884327 ) ) ;
#4906 = CARTESIAN_POINT ( 'NONE',  ( -16.61254007893013451, -0.7656250000000006661, -1.326101399544921566 ) ) ;
#4907 = CARTESIAN_POINT ( 'NONE',  ( 18.02216878364870567, -1.499999999999999556, 1.836970198721029688E-16 ) ) ;
#4908 = CARTESIAN_POINT ( 'NONE',  ( 15.02216878364870567, -1.500000000000000000, 1.836970198721029934E-16 ) ) ;
#4909 = ORIENTED_EDGE ( 'NONE', *, *, #99, .T. ) ;
#4910 = CARTESIAN_POINT ( 'NONE',  ( 14.62150105849102033, -0.5918069429221609612, 1.025039693413198005 ) ) ;
#4911 = CARTESIAN_POINT ( 'NONE',  ( 15.18400105849102033, -0.5918069429221609612, 1.025039693413198005 ) ) ;
#4912 = CARTESIAN_POINT ( 'NONE',  ( 19.60861388584432774, 0.4789447093878340111, 1.082383386842619810 ) ) ;
#4913 = DIRECTION ( 'NONE',  ( -1.000000000000000000, -4.814824860968088948E-33, -0.000000000000000000 ) ) ;
#4914 = CARTESIAN_POINT ( 'NONE',  ( -15.80283121635132559, 1.060575238724945988E-16, 1.732050807568941364 ) ) ;
#4915 = CARTESIAN_POINT ( 'NONE',  ( -18.74516560817566102, 1.183613885844351010, 0.000000000000000000 ) ) ;
#4916 = CARTESIAN_POINT ( 'NONE',  ( 20.46804219591217588, -1.531250000000000000, 1.875240411194384668E-16 ) ) ;
#4917 = CARTESIAN_POINT ( 'NONE',  ( -20.00000000000000355, 0.000000000000000000, 0.000000000000000000 ) ) ;
#4918 = ORIENTED_EDGE ( 'NONE', *, *, #2188, .T. ) ;
#4919 =( BOUNDED_CURVE ( )  B_SPLINE_CURVE ( 2, ( #2543, #4797, #1207, #2950, #5239, #2485, #2105 ),
 .UNSPECIFIED., .F., .T. ) 
 B_SPLINE_CURVE_WITH_KNOTS ( ( 3, 2, 2, 3 ),
 ( 0.4714020650262052969, 0.4833068269309672149, 0.4952115888357291329, 0.5071163507404909954 ),
 .UNSPECIFIED. ) 
 CURVE ( )  GEOMETRIC_REPRESENTATION_ITEM ( )  RATIONAL_B_SPLINE_CURVE ( ( 1.000000000000000000, 0.8660254037844387076, 1.000000000000000000, 0.8660254037844387076, 1.000000000000000000, 0.8660254037844387076, 1.000000000000000000 ) ) 
 REPRESENTATION_ITEM ( '' )  );
#4920 = CARTESIAN_POINT ( 'NONE',  ( 19.58745992106986478, -0.7656250000000006661, -1.326101399544921566 ) ) ;
#4921 = EDGE_CURVE ( 'NONE', #3842, #1041, #863, .T. ) ;
#4922 = CARTESIAN_POINT ( 'NONE',  ( -19.79903810567666156, 2.249999999999998668, -1.299038105676656896 ) ) ;
#4923 = DIRECTION ( 'NONE',  ( -1.000000000000000000, 0.000000000000000000, 0.000000000000000000 ) ) ;
#4924 = CARTESIAN_POINT ( 'NONE',  ( -19.01599894150898251, -0.5918069429221609612, 1.025039693413198005 ) ) ;
#4925 = CARTESIAN_POINT ( 'NONE',  ( -18.14099894150897896, 1.183613885844322589, 0.6833597956087983372 ) ) ;
#4926 = CARTESIAN_POINT ( 'NONE',  ( -13.53683227484231644, -1.183613885844322366, 0.6833597956087990033 ) ) ;
#4927 = CARTESIAN_POINT ( 'NONE',  ( 15.75970886257884196, 1.531250000000000000, 0.8840675996966143035 ) ) ;
#4928 = CARTESIAN_POINT ( 'NONE',  ( -13.73234935486986075, -1.268673506665759954, 0.9995818169816547138 ) ) ;
#4929 = CARTESIAN_POINT ( 'NONE',  ( -19.48195780408782696, 1.531250000000000000, 0.000000000000000000 ) ) ;
#4930 = ORIENTED_EDGE ( 'NONE', *, *, #1607, .F. ) ;
#4931 = ADVANCED_FACE ( 'NONE', ( #4547 ), #4521, .T. ) ;
#4932 = CARTESIAN_POINT ( 'NONE',  ( 17.30900105849102033, -1.183613885844322589, -0.6833597956087981151 ) ) ;
#4933 = ORIENTED_EDGE ( 'NONE', *, *, #1935, .F. ) ;
#4934 = CARTESIAN_POINT ( 'NONE',  ( -19.91183227484231466, -0.5918069429221617384, -1.025039693413197783 ) ) ;
#4935 = CARTESIAN_POINT ( 'NONE',  ( -14.65420674559680236, -1.531250000000000444, -0.8840675996966138595 ) ) ;
#4936 = CARTESIAN_POINT ( 'NONE',  ( 17.87150105849100257, 0.5918069429221729516, -1.025039693413219988 ) ) ;
#4937 = CARTESIAN_POINT ( 'NONE',  ( -19.97433227484231111, -1.183613885844322366, 0.6833597956087990033 ) ) ;
#4938 = ORIENTED_EDGE ( 'NONE', *, *, #3561, .T. ) ;
#4939 = EDGE_CURVE ( 'NONE', #4890, #104, #2126, .T. ) ;
#4940 = CARTESIAN_POINT ( 'NONE',  ( 15.70483439182435248, -1.183613885844322366, 1.449508956725610206E-16 ) ) ;
#4941 = CARTESIAN_POINT ( 'NONE',  ( 14.10066772515768641, 0.5918069429221612943, 1.025039693413197783 ) ) ;
#4942 = CARTESIAN_POINT ( 'NONE',  ( 20.00000000000000355, 0.000000000000000000, 0.000000000000000000 ) ) ;
#4943 = CARTESIAN_POINT ( 'NONE',  ( 13.70000000000000462, 0.4638212204232902702, -1.384629946021249447 ) ) ;
#4944 = CARTESIAN_POINT ( 'NONE',  ( -13.69999999999999929, -0.02064960650387425226, 1.348907735657446150 ) ) ;
#4945 = CARTESIAN_POINT ( 'NONE',  ( -16.66183227484233242, 0.5918069429221756161, 1.025039693413222430 ) ) ;
#4946 = CARTESIAN_POINT ( 'NONE',  ( 19.75970886257884374, 1.531250000000000000, 0.8840675996966143035 ) ) ;
#4947 = AXIS2_PLACEMENT_3D ( 'NONE', #3103, #4923, #5720 ) ;
#4948 = CARTESIAN_POINT ( 'NONE',  ( 17.27216878364870922, 1.500000000000000444, 0.000000000000000000 ) ) ;
#4949 = ORIENTED_EDGE ( 'NONE', *, *, #5542, .F. ) ;
#4950 = CARTESIAN_POINT ( 'NONE',  ( 19.25412658773652907, 1.531250000000000000, 0.000000000000000000 ) ) ;
#4951 = CARTESIAN_POINT ( 'NONE',  ( -19.65556079660839117, 1.230560796608387575, 0.000000000000000000 ) ) ;
#4952 = CARTESIAN_POINT ( 'NONE',  ( -19.20833333333333570, -1.500000000000000222, -0.8660254037844381525 ) ) ;
#4953 = ADVANCED_FACE ( 'NONE', ( #1024 ), #548, .F. ) ;
#4954 =( BOUNDED_CURVE ( )  B_SPLINE_CURVE ( 2, ( #4525, #1795, #880, #5405, #1352, #1379, #3154 ),
 .UNSPECIFIED., .F., .T. ) 
 B_SPLINE_CURVE_WITH_KNOTS ( ( 3, 2, 2, 3 ),
 ( 0.002865021681893907372, 0.004434727396181442974, 0.006004433110468964697, 0.007574138824756486421 ),
 .UNSPECIFIED. ) 
 CURVE ( )  GEOMETRIC_REPRESENTATION_ITEM ( )  RATIONAL_B_SPLINE_CURVE ( ( 0.9999999999999962252, 0.8660254037844424824, 1.000000000000000000, 0.8660254037844387076, 1.000000000000000000, 0.8660254037844337116, 1.000000000000005107 ) ) 
 REPRESENTATION_ITEM ( '' )  );
#4955 = CARTESIAN_POINT ( 'NONE',  ( -18.09933227484231466, 0.5918069429221612943, 1.025039693413197783 ) ) ;
#4956 = CARTESIAN_POINT ( 'NONE',  ( -13.70000000000000462, 1.140231796524611374, 0.3540795772170761690 ) ) ;
#4957 = CARTESIAN_POINT ( 'NONE',  ( 15.34304219591217411, 1.082670556198342378E-16, 1.768135199393228829 ) ) ;
#4958 = CARTESIAN_POINT ( 'NONE',  ( -14.17783121635129717, -1.500000000000000444, 1.836970198721030674E-16 ) ) ;
#4959 = CARTESIAN_POINT ( 'NONE',  ( -18.89862447075449481, 0.7656250000000002220, 1.326101399544921566 ) ) ;
#4960 = CARTESIAN_POINT ( 'NONE',  ( 17.10066772515768818, 0.5918069429221612943, 1.025039693413197783 ) ) ;
#4961 = CARTESIAN_POINT ( 'NONE',  ( 16.39233439182435248, -2.510623159074913942E-16, -1.366719591217596896 ) ) ;
#4962 = CARTESIAN_POINT ( 'NONE',  ( -19.62016560817564326, 8.368743863583045653E-17, 1.366719591217596896 ) ) ;
#4963 = CARTESIAN_POINT ( 'NONE',  ( -15.44587341226346844, 1.531250000000000000, 0.000000000000000000 ) ) ;
#4964 = CARTESIAN_POINT ( 'NONE',  ( 19.66961524227066960, -1.244615242270667554, 1.524214072616781073E-16 ) ) ;
#4965 = CARTESIAN_POINT ( 'NONE',  ( 18.24650105849100257, -1.183613885844347680, -0.6833597956088124370 ) ) ;
#4966 = CARTESIAN_POINT ( 'NONE',  ( -19.01599894150898251, -0.5918069429221609612, 1.025039693413198005 ) ) ;
#4967 = ORIENTED_EDGE ( 'NONE', *, *, #414, .T. ) ;
#4968 = CARTESIAN_POINT ( 'NONE',  ( 15.62150105849102033, -0.5918069429221609612, 1.025039693413198005 ) ) ;
#4969 = DIRECTION ( 'NONE',  ( 0.000000000000000000, -1.000000000000000000, 0.000000000000000000 ) ) ;
#4970 = CARTESIAN_POINT ( 'NONE',  ( 19.83726309348695693, -1.014979763265387858, 0.9864580451935318628 ) ) ;
#4971 = CARTESIAN_POINT ( 'NONE',  ( -16.63616454968417457, -1.499999999991859401, -0.8660254037891381707 ) ) ;
#4972 = CARTESIAN_POINT ( 'NONE',  ( -16.53683227484233242, -1.183613885844350788, 0.6833597956088155456 ) ) ;
#4973 = CARTESIAN_POINT ( 'NONE',  ( 19.96804219591217233, -1.531250000000000000, 1.875240411194384668E-16 ) ) ;
#4974 = CARTESIAN_POINT ( 'NONE',  ( -13.70000000000000817, -0.07443901556944705622, -1.400209798375273040 ) ) ;
#4975 = ORIENTED_EDGE ( 'NONE', *, *, #2509, .T. ) ;
#4976 = CARTESIAN_POINT ( 'NONE',  ( 13.91316772515768641, 1.183613885844322144, -0.6833597956087991143 ) ) ;
#4977 = CARTESIAN_POINT ( 'NONE',  ( 16.98050211698217282, -1.500000000008671508, 0.8660254037800642068 ) ) ;
#4978 = CARTESIAN_POINT ( 'NONE',  ( -17.70833333333333570, -1.500000000000000222, -0.8660254037844381525 ) ) ;
#4979 = CARTESIAN_POINT ( 'NONE',  ( -16.39099894150898251, -1.183613885844322589, -0.6833597956087981151 ) ) ;
#4980 = CARTESIAN_POINT ( 'NONE',  ( 20.00000000000000355, 1.575000000000000178, 0.000000000000000000 ) ) ;
#4981 = CARTESIAN_POINT ( 'NONE',  ( 16.25970886257884374, 1.531250000000000000, 0.8840675996966143035 ) ) ;
#4982 = CARTESIAN_POINT ( 'NONE',  ( -20.00000000000000355, 3.651249804582930005E-65, 0.000000000000000000 ) ) ;
#4983 = CARTESIAN_POINT ( 'NONE',  ( -17.39862447075449126, 0.7656250000000002220, 1.326101399544921566 ) ) ;
#4984 = CARTESIAN_POINT ( 'NONE',  ( 14.93400105849102033, 0.5918069429221604061, -1.025039693413198227 ) ) ;
#4985 = CARTESIAN_POINT ( 'NONE',  ( 15.72566772515768641, -1.183613885844322366, 0.6833597956087990033 ) ) ;
#4986 = ORIENTED_EDGE ( 'NONE', *, *, #3603, .T. ) ;
#4987 = VECTOR ( 'NONE', #4070, 1000.000000000000000 ) ;
#4988 = CARTESIAN_POINT ( 'NONE',  ( -16.49516560817564681, -1.183613885844322366, 1.449508956725610206E-16 ) ) ;
#4989 = CARTESIAN_POINT ( 'NONE',  ( -14.52920674559680236, 0.7656249999999990008, -1.326101399544922455 ) ) ;
#4990 = CARTESIAN_POINT ( 'NONE',  ( 17.77216878364867725, 1.500000000000000444, -6.155076448521550801E-13 ) ) ;
#4991 = CARTESIAN_POINT ( 'NONE',  ( 17.53816772515767042, 0.5918069429221737288, 1.025039693413219322 ) ) ;
#4992 = CARTESIAN_POINT ( 'NONE',  ( -17.59933227484231466, 0.5918069429221612943, 1.025039693413197783 ) ) ;
#4993 = VERTEX_POINT ( 'NONE', #1981 ) ;
#4994 = CARTESIAN_POINT ( 'NONE',  ( 16.41316772515768818, 1.183613885844322144, -0.6833597956087991143 ) ) ;
#4995 = AXIS2_PLACEMENT_3D ( 'NONE', #1530, #134, #32 ) ;
#4996 = CARTESIAN_POINT ( 'NONE',  ( 14.85066772515768641, -0.5918069429221617384, -1.025039693413197783 ) ) ;
#4997 = CARTESIAN_POINT ( 'NONE',  ( 19.80010805897048698, -0.7775323529507076614, 1.138006253527513723 ) ) ;
#4998 = CARTESIAN_POINT ( 'NONE',  ( -20.00000000000000355, 1.124999999999999334, -1.948557158514985455 ) ) ;
#4999 = CARTESIAN_POINT ( 'NONE',  ( -18.55283121635130428, -3.181725716174772760E-16, -1.732050807568906059 ) ) ;
#5000 = CARTESIAN_POINT ( 'NONE',  ( -16.57849894150899672, -0.5918069429221752831, 1.025039693413222652 ) ) ;
#5001 = CARTESIAN_POINT ( 'NONE',  ( -16.00000000000000000, 1.500000000000000000, 0.000000000000000000 ) ) ;
#5002 = CARTESIAN_POINT ( 'NONE',  ( 19.10066772515768463, 0.5918069429221612943, 1.025039693413197783 ) ) ;
#5003 = PLANE ( 'NONE',  #1922 ) ;
#5004 = ORIENTED_EDGE ( 'NONE', *, *, #598, .T. ) ;
#5005 = EDGE_CURVE ( 'NONE', #312, #5283, #2328, .T. ) ;
#5006 = CARTESIAN_POINT ( 'NONE',  ( 15.99650105849102033, 1.183613885844322589, 0.6833597956087983372 ) ) ;
#5007 = CARTESIAN_POINT ( 'NONE',  ( -19.69062425887524626, 0.9803893815430166914, -0.8049668453944606172 ) ) ;
#5008 = CC_DESIGN_PERSON_AND_ORGANIZATION_ASSIGNMENT ( #1193, #2121, ( #3773 ) ) ;
#5009 = CARTESIAN_POINT ( 'NONE',  ( 14.83745992106986300, 0.7656250000000002220, 1.326101399544921566 ) ) ;
#5010 = CARTESIAN_POINT ( 'NONE',  ( -16.14099894150898251, 1.183613885844322589, 0.6833597956087983372 ) ) ;
#5011 = DIRECTION ( 'NONE',  ( 0.000000000000000000, 0.000000000000000000, -1.000000000000000000 ) ) ;
#5012 = CARTESIAN_POINT ( 'NONE',  ( 15.17637552924550803, 1.531249999999999556, -0.8840675996966153027 ) ) ;
#5013 = CARTESIAN_POINT ( 'NONE',  ( -20.00000000000000355, -0.7416645267673316333, -2.169875997175798599 ) ) ;
#5014 = CARTESIAN_POINT ( 'NONE',  ( -16.48195780408782696, 1.531250000000000000, 0.000000000000000000 ) ) ;
#5015 = CARTESIAN_POINT ( 'NONE',  ( 17.39233439182435248, -2.510623159074913942E-16, -1.366719591217596896 ) ) ;
#5016 = CARTESIAN_POINT ( 'NONE',  ( -19.79903810567666156, -2.249999999999999112, 1.299038105676656674 ) ) ;
#5017 = ORIENTED_EDGE ( 'NONE', *, *, #3254, .T. ) ;
#5018 = CARTESIAN_POINT ( 'NONE',  ( -18.49516560817564681, -1.183613885844322366, 1.449508956725610206E-16 ) ) ;
#5019 = CARTESIAN_POINT ( 'NONE',  ( -19.95349894150898251, -1.183613885844322589, -0.6833597956087981151 ) ) ;
#5020 = CARTESIAN_POINT ( 'NONE',  ( 14.70000000000000107, 1.500000000000000000, 0.000000000000000000 ) ) ;
#5021 = FACE_OUTER_BOUND ( 'NONE', #597, .T. ) ;
#5022 = CARTESIAN_POINT ( 'NONE',  ( -19.64099894150898251, 1.183613885844322589, 0.6833597956087983372 ) ) ;
#5023 = CARTESIAN_POINT ( 'NONE',  ( -20.00000000000000355, 0.000000000000000000, 0.000000000000000000 ) ) ;
#5024 = ORIENTED_EDGE ( 'NONE', *, *, #3295, .T. ) ;
#5025 = CARTESIAN_POINT ( 'NONE',  ( 19.49650105849102033, 1.183613885844322589, 0.6833597956087983372 ) ) ;
#5026 = B_SPLINE_CURVE_WITH_KNOTS ( 'NONE', 3,
 ( #1033, #5431, #4586, #3179, #141, #521 ),
 .UNSPECIFIED., .F., .F.,
 ( 4, 2, 4 ),
 ( 0.001314652396222794513, 0.001969405109320633736, 0.002624157822418472525 ),
 .UNSPECIFIED. ) ;
#5027 = ADVANCED_FACE ( 'NONE', ( #5021 ), #4724, .T. ) ;
#5028 = CARTESIAN_POINT ( 'NONE',  ( 14.52216878364870745, -1.500000000000000444, 1.836970198721030674E-16 ) ) ;
#5029 = CARTESIAN_POINT ( 'NONE',  ( 19.63734229522421160, 0.3150041146706739070, 1.174338954206574304 ) ) ;
#5030 = DIRECTION ( 'NONE',  ( -1.000000000000000000, -4.814824860968088948E-33, -0.000000000000000000 ) ) ;
#5031 = CARTESIAN_POINT ( 'NONE',  ( -20.02920674559680236, 0.7656249999999990008, -1.326101399544922455 ) ) ;
#5032 = CARTESIAN_POINT ( 'NONE',  ( -15.20349894150899850, 1.183613885844351010, 0.6833597956088148795 ) ) ;
#5033 = DIRECTION ( 'NONE',  ( 1.000000000000000000, 0.000000000000000000, 0.000000000000000000 ) ) ;
#5034 = CARTESIAN_POINT ( 'NONE',  ( 18.64233439182435248, 8.368743863583045653E-17, 1.366719591217596896 ) ) ;
#5035 = DIRECTION ( 'NONE',  ( 0.000000000000000000, -1.000000000000000000, 0.000000000000000000 ) ) ;
#5036 = CARTESIAN_POINT ( 'NONE',  ( -18.80766560817564681, -2.510623159074913942E-16, -1.366719591217596896 ) ) ;
#5037 = ORIENTED_EDGE ( 'NONE', *, *, #4347, .T. ) ;
#5038 = CARTESIAN_POINT ( 'NONE',  ( 15.32983439182435603, -2.510623159074913942E-16, -1.366719591217596896 ) ) ;
#5039 = CIRCLE ( 'NONE', #2488, 2.249999999999998224 ) ;
#5040 = CARTESIAN_POINT ( 'NONE',  ( -15.17783121635129184, -1.499999999999999556, 2.816131724042606647E-14 ) ) ;
#5041 = EDGE_CURVE ( 'NONE', #2473, #3475, #1276, .T. ) ;
#5042 = CARTESIAN_POINT ( 'NONE',  ( 15.31383545031535576, 1.500000000000343059, 0.8660254037842404218 ) ) ;
#5043 = CARTESIAN_POINT ( 'NONE',  ( 14.92079325440319870, -0.7656249999999996669, 1.326101399544921788 ) ) ;
#5044 = CARTESIAN_POINT ( 'NONE',  ( -15.26599894150898074, 0.5918069429221604061, -1.025039693413198227 ) ) ;
#5045 = CARTESIAN_POINT ( 'NONE',  ( 14.55137552924550803, -0.7656250000000006661, -1.326101399544921566 ) ) ;
#5046 = DIRECTION ( 'NONE',  ( -1.000000000000000000, -4.814824860968088948E-33, -0.000000000000000000 ) ) ;
#5047 = CARTESIAN_POINT ( 'NONE',  ( -17.69029113742115911, -1.531250000000000444, -0.8840675996966138595 ) ) ;
#5048 = CARTESIAN_POINT ( 'NONE',  ( 15.14233439182435248, 8.368743863583045653E-17, 1.366719591217596896 ) ) ;
#5049 = CARTESIAN_POINT ( 'NONE',  ( 18.10066772515768463, 0.5918069429221612943, 1.025039693413197783 ) ) ;
#5050 = ORIENTED_EDGE ( 'NONE', *, *, #414, .F. ) ;
#5051 = CARTESIAN_POINT ( 'NONE',  ( -17.91183227484231466, -0.5918069429221617384, -1.025039693413197783 ) ) ;
#5052 = CARTESIAN_POINT ( 'NONE',  ( -14.23754007893013629, -1.531249999999999556, 0.8840675996966148587 ) ) ;
#5053 = CARTESIAN_POINT ( 'NONE',  ( -19.90306024929238404, 1.469628722077356509, 0.2458492219337540530 ) ) ;
#5054 = DIRECTION ( 'NONE',  ( -1.000000000000000000, -4.814824860968088948E-33, -0.000000000000000000 ) ) ;
#5055 = CARTESIAN_POINT ( 'NONE',  ( -17.43266560817565036, -1.183613885844322366, 1.449508956725610206E-16 ) ) ;
#5056 = FACE_OUTER_BOUND ( 'NONE', #2523, .T. ) ;
#5057 = EDGE_LOOP ( 'NONE', ( #4294, #2658, #4933, #5523, #3371, #1147 ) ) ;
#5058 = CARTESIAN_POINT ( 'NONE',  ( 17.24650105849101678, -1.183613885844322589, -0.6833597956087981151 ) ) ;
#5059 = CARTESIAN_POINT ( 'NONE',  ( 16.93400105849101678, 0.5918069429221604061, -1.025039693413198227 ) ) ;
#5060 = CARTESIAN_POINT ( 'NONE',  ( 19.19999999999999929, 1.500000000000000000, 0.000000000000000000 ) ) ;
#5061 = CARTESIAN_POINT ( 'NONE',  ( -18.05283121635153876, -3.181725716175617827E-16, -1.732050807569365691 ) ) ;
#5062 = CARTESIAN_POINT ( 'NONE',  ( 16.19999999999999574, 1.500000000000000000, 0.000000000000000000 ) ) ;
#5063 = CARTESIAN_POINT ( 'NONE',  ( -15.53683227484233065, -1.183613885844350788, 0.6833597956088155456 ) ) ;
#5065 = EDGE_CURVE ( 'NONE', #1296, #5784, #2914, .T. ) ;
#5064 = CARTESIAN_POINT ( 'NONE',  ( 15.19999999999999751, 1.500000000000000000, 0.000000000000000000 ) ) ;
#5066 = CARTESIAN_POINT ( 'NONE',  ( 18.51733439182435248, 1.183613885844322366, 0.000000000000000000 ) ) ;
#5067 = AXIS2_PLACEMENT_3D ( 'NONE', #1569, #3370, #1125 ) ;
#5068 = CARTESIAN_POINT ( 'NONE',  ( 20.00000000000000355, 1.925929944387235853E-31, 0.000000000000000000 ) ) ;
#5069 = CARTESIAN_POINT ( 'NONE',  ( -14.93266560817564859, -1.183613885844322366, 1.449508956725610206E-16 ) ) ;
#5070 = ORIENTED_EDGE ( 'NONE', *, *, #1676, .T. ) ;
#5071 = CARTESIAN_POINT ( 'NONE',  ( 14.95483439182435248, 1.183613885844322366, 0.000000000000000000 ) ) ;
#5072 = CARTESIAN_POINT ( 'NONE',  ( -19.66191162579194085, 1.236911625791937919, -0.1708095960210325726 ) ) ;
#5073 = CARTESIAN_POINT ( 'NONE',  ( 15.35550211698203960, 0.7500000000000001110, 1.299038105676657784 ) ) ;
#5074 = CARTESIAN_POINT ( 'NONE',  ( 13.58745992106986478, -0.7656250000000006661, -1.326101399544921566 ) ) ;
#5075 = CARTESIAN_POINT ( 'NONE',  ( -15.01599894150898074, -0.5918069429221609612, 1.025039693413198005 ) ) ;
#5076 = CARTESIAN_POINT ( 'NONE',  ( 15.77216878364803421, 1.500000000000000000, -1.394684367992874647E-11 ) ) ;
#5077 = CARTESIAN_POINT ( 'NONE',  ( 17.42637552924550803, -1.531249999999999556, 0.8840675996966148587 ) ) ;
#5078 = CARTESIAN_POINT ( 'NONE',  ( -16.56529113742115911, 0.7656249999999990008, -1.326101399544922455 ) ) ;
#5079 = CARTESIAN_POINT ( 'NONE',  ( 16.64233439182435248, 8.368743863583045653E-17, 1.366719591217596896 ) ) ;
#5080 = CARTESIAN_POINT ( 'NONE',  ( 18.97566772515768818, 1.183613885844322144, -0.6833597956087991143 ) ) ;
#5081 = ORIENTED_EDGE ( 'NONE', *, *, #4921, .F. ) ;
#5082 = CARTESIAN_POINT ( 'NONE',  ( -18.37016560817564681, -2.510623159074913942E-16, -1.366719591217596896 ) ) ;
#5083 = CARTESIAN_POINT ( 'NONE',  ( -13.67242488357755548, -1.531250000000000222, -0.4975220273225918199 ) ) ;
#5084 = CARTESIAN_POINT ( 'NONE',  ( -19.79903810567666156, 2.249999999999998668, -1.299038105676656896 ) ) ;
#5085 = CARTESIAN_POINT ( 'NONE',  ( -18.54166666666667140, 1.499999999999999778, -0.8660254037844394848 ) ) ;
#5086 = CARTESIAN_POINT ( 'NONE',  ( -19.30766560817564681, -2.510623159074913942E-16, -1.366719591217596896 ) ) ;
#5087 = CARTESIAN_POINT ( 'NONE',  ( -16.80283121635129362, 1.060575238724906545E-16, 1.732050807568876527 ) ) ;
#5088 = ORIENTED_EDGE ( 'NONE', *, *, #3462, .T. ) ;
#5089 = CARTESIAN_POINT ( 'NONE',  ( 17.82983439182435603, -2.510623159074913942E-16, -1.366719591217596896 ) ) ;
#5090 = CARTESIAN_POINT ( 'NONE',  ( 16.89233439182435248, -2.510623159074913942E-16, -1.366719591217596896 ) ) ;
#5091 =( BOUNDED_SURFACE ( )  B_SPLINE_SURFACE ( 1, 2, ( 
 ( #88, #5573, #2350, #122, #3669, #2413, #3703, #2383, #5074, #4664, #4220, #3736, #4155, #1009, #2783, #1868, #5474, #1834, #569, #4633, #1418, #2816, #2872, #5541, #3639, #4188, #1484, #1967, #1451, #976, #4599, #4693, #3222, #3289, #3318, #5138, #1389, #1518, #5009, #154, #5043, #5444, #2749, #534, #2438, #1047, #3253, #1903, #5506, #1936, #5108, #3192, #2846, #3769, #630, #4250, #946, #4568, #504, #2314, #4122, #53, #5718, #1190, #2056, #4752, #2899, #4725, #2528, #1134, #1547, #212, #749, #2557, #693, #4338, #2026, #4367, #3858, #720, #3411, #2990, #301, #2088, #2497, #5223, #2932, #3828, #5631, #181, #4781, #2962, #1578, #1165, #5274, #3887, #1997, #273, #5694, #2118, #5661, #5195, #4309, #1219, #3379, #1637, #1666, #3463, #5599, #3018, #3348, #3917, #243, #3797, #1104, #1609, #775, #5250, #3437, #4809, #4837, #2583, #5166, #660, #2467, #4281, #2659, #3517, #4003, #406, #2173, #5803, #2688, #3041, #4058, #5382, #379, #3068, #1241, #4864, #856, #5327, #5747, #4417, #4950, #885, #1327, #353, #3543, #3973, #3602, #4472, #4920, #5862, #3131, #1801, #2226, #913, #5353, #4503, #827, #5774, #4445, #5830, #3159, #800, #2608 ),
 ( #1717, #1693, #3101, #4029, #1297, #1269, #4891, #2633, #1771, #5410, #2198, #4976, #438, #1357, #3572, #1744, #2253, #4392, #326, #2146, #3943, #3489, #5299, #3766, #4216, #2745, #5503, #5570, #4531, #4563, #3282, #3732, #501, #1900, #2309, #1964, #5071, #3249, #150, #5537, #1514, #1005, #5135, #3699, #1480, #5038, #4118, #2780, #4185, #3316, #5440, #1385, #943, #2344, #4661, #118, #5104, #4152, #1415, #2717, #2410, #5006, #17, #4596, #1446, #1042, #2844, #599, #49, #1830, #470, #973, #2279, #3218, #4088, #1932, #3634, #1864, #3189, #3666, #2379, #5471, #531, #84, #2811, #4629, #566, #1575, #5219, #2896, #1632, #2929, #1604, #4306, #3882, #3432, #2957, #3376, #238, #2023, #1101, #4721, #1073, #5658, #3853, #657, #2051, #294, #4776, #2870, #3406, #716, #1185, #688, #207, #3824, #2111, #2465, #2524, #2552, #4362, #627, #745, #4247, #5245, #4277, #4690, #1994, #5626, #1660, #267, #2493, #1131, #5189, #4749, #1159, #2436, #4333, #2985, #2083, #5689, #4804, #3912, #5712, #3457, #179, #5596, #3794, #1545, #3346, #5164, #2140, #3938, #1736, #346, #769, #5293, #5822, #1764, #1712, #3565, #3967, #1319, #4463, #1213, #795, #4495 ) ),
 .UNSPECIFIED., .F., .F., .F. ) 
 B_SPLINE_SURFACE_WITH_KNOTS ( ( 2, 2 ),
 ( 3, 2, 2, 2, 2, 2, 2, 2, 2, 2, 2, 2, 2, 2, 2, 2, 2, 2, 2, 2, 2, 2, 2, 2, 2, 2, 2, 2, 2, 2, 2, 2, 2, 2, 2, 2, 2, 2, 2, 2, 2, 2, 2, 2, 2, 2, 2, 2, 2, 2, 2, 2, 2, 2, 2, 2, 2, 2, 2, 2, 2, 2, 2, 2, 2, 2, 2, 2, 2, 2, 2, 2, 2, 2, 2, 2, 2, 2, 2, 2, 2, 2, 2, 3 ),
 ( 0.000000000000000000, 1.000000000000000000 ),
 ( 0.000000000000000000, 0.01190476190476190410, 0.02380952380952380820, 0.03571428571428571230, 0.04761904761904761640, 0.05952380952380952051, 0.07142857142857142461, 0.08333333333333332871, 0.09523809523809523281, 0.1071428571428571369, 0.1190476190476190410, 0.1309523809523809590, 0.1428571428571428492, 0.1547619047619047672, 0.1666666666666666574, 0.1785714285714285754, 0.1904761904761904656, 0.2023809523809523836, 0.2142857142857142738, 0.2261904761904761918, 0.2380952380952380820, 0.2500000000000000000, 0.2619047619047619180, 0.2738095238095238360, 0.2857142857142856984, 0.2976190476190476164, 0.3095238095238095344, 0.3214285714285714524, 0.3333333333333333148, 0.3452380952380952328, 0.3571428571428571508, 0.3690476190476190688, 0.3809523809523809312, 0.3928571428571428492, 0.4047619047619047672, 0.4166666666666666852, 0.4285714285714285476, 0.4404761904761904656, 0.4523809523809523836, 0.4642857142857143016, 0.4761904761904761640, 0.4880952380952380820, 0.5000000000000000000, 0.5119047619047618625, 0.5238095238095238360, 0.5357142857142856984, 0.5476190476190476719, 0.5595238095238095344, 0.5714285714285713969, 0.5833333333333333703, 0.5952380952380952328, 0.6071428571428570953, 0.6190476190476190688, 0.6309523809523809312, 0.6428571428571429047, 0.6547619047619047672, 0.6666666666666666297, 0.6785714285714286031, 0.6904761904761904656, 0.7023809523809523281, 0.7142857142857143016, 0.7261904761904761640, 0.7380952380952381375, 0.7500000000000000000, 0.7619047619047618625, 0.7738095238095238360, 0.7857142857142856984, 0.7976190476190476719, 0.8095238095238095344, 0.8214285714285713969, 0.8333333333333333703, 0.8452380952380952328, 0.8571428571428570953, 0.8690476190476190688, 0.8809523809523809312, 0.8928571428571429047, 0.9047619047619047672, 0.9166666666666666297, 0.9285714285714286031, 0.9404761904761904656, 0.9523809523809523281, 0.9642857142857143016, 0.9714021643412262819, 0.9811161859846385669 ),
 .UNSPECIFIED. ) 
 GEOMETRIC_REPRESENTATION_ITEM ( )  RATIONAL_B_SPLINE_SURFACE ( (
 ( 1.000000000000000000, 0.8660254037844387076, 1.000000000000000000, 0.8660254037844387076, 1.000000000000000000, 0.8660254037844387076, 1.000000000000000000, 0.8660254037844387076, 1.000000000000000000, 0.8660254037844387076, 1.000000000000000000, 0.8660254037844387076, 1.000000000000000000, 0.8660254037844387076, 1.000000000000000000, 0.8660254037844387076, 1.000000000000000000, 0.8660254037844387076, 1.000000000000000000, 0.8660254037844387076, 1.000000000000000000, 0.8660254037844387076, 1.000000000000000000, 0.8660254037844387076, 1.000000000000000000, 0.8660254037844387076, 1.000000000000000000, 0.8660254037844387076, 1.000000000000000000, 0.8660254037844387076, 1.000000000000000000, 0.8660254037844387076, 1.000000000000000000, 0.8660254037844387076, 1.000000000000000000, 0.8660254037844387076, 1.000000000000000000, 0.8660254037844387076, 1.000000000000000000, 0.8660254037844387076, 1.000000000000000000, 0.8660254037844387076, 1.000000000000000000, 0.8660254037844387076, 1.000000000000000000, 0.8660254037844387076, 1.000000000000000000, 0.8660254037844387076, 1.000000000000000000, 0.8660254037844387076, 1.000000000000000000, 0.8660254037844387076, 1.000000000000000000, 0.8660254037844387076, 1.000000000000000000, 0.8660254037844387076, 1.000000000000000000, 0.8660254037844387076, 1.000000000000000000, 0.8660254037844387076, 1.000000000000000000, 0.8660254037844387076, 1.000000000000000000, 0.8660254037844387076, 1.000000000000000000, 0.8660254037844387076, 1.000000000000000000, 0.8660254037844387076, 1.000000000000000000, 0.8660254037844387076, 1.000000000000000000, 0.8660254037844387076, 1.000000000000000000, 0.8660254037844387076, 1.000000000000000000, 0.8660254037844387076, 1.000000000000000000, 0.8660254037844387076, 1.000000000000000000, 0.8660254037844387076, 1.000000000000000000, 0.8660254037844387076, 1.000000000000000000, 0.8660254037844387076, 1.000000000000000000, 0.8660254037844387076, 1.000000000000000000, 0.8660254037844387076, 1.000000000000000000, 0.8660254037844387076, 1.000000000000000000, 0.8660254037844387076, 1.000000000000000000, 0.8660254037844387076, 1.000000000000000000, 0.8660254037844387076, 1.000000000000000000, 0.8660254037844387076, 1.000000000000000000, 0.8660254037844387076, 1.000000000000000000, 0.8660254037844387076, 1.000000000000000000, 0.8660254037844387076, 1.000000000000000000, 0.8660254037844387076, 1.000000000000000000, 0.8660254037844387076, 1.000000000000000000, 0.8660254037844387076, 1.000000000000000000, 0.8660254037844387076, 1.000000000000000000, 0.8660254037844387076, 1.000000000000000000, 0.8660254037844387076, 1.000000000000000000, 0.8660254037844387076, 1.000000000000000000, 0.8660254037844387076, 1.000000000000000000, 0.8660254037844387076, 1.000000000000000000, 0.8660254037844387076, 1.000000000000000000, 0.8660254037844387076, 1.000000000000000000, 0.8660254037844387076, 1.000000000000000000, 0.8660254037844387076, 1.000000000000000000, 0.8660254037844387076, 1.000000000000000000, 0.8660254037844387076, 1.000000000000000000, 0.8660254037844387076, 1.000000000000000000, 0.8660254037844387076, 1.000000000000000000, 0.8660254037844387076, 1.000000000000000000, 0.8660254037844387076, 1.000000000000000000, 0.8660254037844387076, 1.000000000000000000, 0.8660254037844387076, 1.000000000000000000, 0.8660254037844387076, 1.000000000000000000, 0.8660254037844387076, 1.000000000000000000, 0.8660254037844387076, 1.000000000000000000, 0.8660254037844387076, 1.000000000000000000, 0.8660254037844387076, 1.000000000000000000, 0.8660254037844387076, 1.000000000000000000, 0.8660254037844387076, 1.000000000000000000, 0.8660254037844387076, 1.000000000000000000, 0.9199124240952638587, 0.9355746395013653238, 0.9355746395013653238, 0.9355746395013653238),
 ( 1.000000000000000000, 0.8660254037844387076, 1.000000000000000000, 0.8660254037844387076, 1.000000000000000000, 0.8660254037844387076, 1.000000000000000000, 0.8660254037844387076, 1.000000000000000000, 0.8660254037844387076, 1.000000000000000000, 0.8660254037844387076, 1.000000000000000000, 0.8660254037844387076, 1.000000000000000000, 0.8660254037844387076, 1.000000000000000000, 0.8660254037844387076, 1.000000000000000000, 0.8660254037844387076, 1.000000000000000000, 0.8660254037844387076, 1.000000000000000000, 0.8660254037844387076, 1.000000000000000000, 0.8660254037844387076, 1.000000000000000000, 0.8660254037844387076, 1.000000000000000000, 0.8660254037844387076, 1.000000000000000000, 0.8660254037844387076, 1.000000000000000000, 0.8660254037844387076, 1.000000000000000000, 0.8660254037844387076, 1.000000000000000000, 0.8660254037844387076, 1.000000000000000000, 0.8660254037844387076, 1.000000000000000000, 0.8660254037844387076, 1.000000000000000000, 0.8660254037844387076, 1.000000000000000000, 0.8660254037844387076, 1.000000000000000000, 0.8660254037844387076, 1.000000000000000000, 0.8660254037844387076, 1.000000000000000000, 0.8660254037844387076, 1.000000000000000000, 0.8660254037844387076, 1.000000000000000000, 0.8660254037844387076, 1.000000000000000000, 0.8660254037844387076, 1.000000000000000000, 0.8660254037844387076, 1.000000000000000000, 0.8660254037844387076, 1.000000000000000000, 0.8660254037844387076, 1.000000000000000000, 0.8660254037844387076, 1.000000000000000000, 0.8660254037844387076, 1.000000000000000000, 0.8660254037844387076, 1.000000000000000000, 0.8660254037844387076, 1.000000000000000000, 0.8660254037844387076, 1.000000000000000000, 0.8660254037844387076, 1.000000000000000000, 0.8660254037844387076, 1.000000000000000000, 0.8660254037844387076, 1.000000000000000000, 0.8660254037844387076, 1.000000000000000000, 0.8660254037844387076, 1.000000000000000000, 0.8660254037844387076, 1.000000000000000000, 0.8660254037844387076, 1.000000000000000000, 0.8660254037844387076, 1.000000000000000000, 0.8660254037844387076, 1.000000000000000000, 0.8660254037844387076, 1.000000000000000000, 0.8660254037844387076, 1.000000000000000000, 0.8660254037844387076, 1.000000000000000000, 0.8660254037844387076, 1.000000000000000000, 0.8660254037844387076, 1.000000000000000000, 0.8660254037844387076, 1.000000000000000000, 0.8660254037844387076, 1.000000000000000000, 0.8660254037844387076, 1.000000000000000000, 0.8660254037844387076, 1.000000000000000000, 0.8660254037844387076, 1.000000000000000000, 0.8660254037844387076, 1.000000000000000000, 0.8660254037844387076, 1.000000000000000000, 0.8660254037844387076, 1.000000000000000000, 0.8660254037844387076, 1.000000000000000000, 0.8660254037844387076, 1.000000000000000000, 0.8660254037844387076, 1.000000000000000000, 0.8660254037844387076, 1.000000000000000000, 0.8660254037844387076, 1.000000000000000000, 0.8660254037844387076, 1.000000000000000000, 0.8660254037844387076, 1.000000000000000000, 0.8660254037844387076, 1.000000000000000000, 0.8660254037844387076, 1.000000000000000000, 0.8660254037844387076, 1.000000000000000000, 0.8660254037844387076, 1.000000000000000000, 0.8660254037844387076, 1.000000000000000000, 0.8660254037844387076, 1.000000000000000000, 0.8660254037844387076, 1.000000000000000000, 0.8660254037844387076, 1.000000000000000000, 0.8660254037844387076, 1.000000000000000000, 0.8660254037844387076, 1.000000000000000000, 0.8660254037844387076, 1.000000000000000000, 0.8660254037844387076, 1.000000000000000000, 0.8660254037844387076, 1.000000000000000000, 0.8660254037844387076, 1.000000000000000000, 0.8660254037844387076, 1.000000000000000000, 0.9199124240952638587, 0.9355746395013653238, 0.9355746395013653238, 0.9355746395013653238) ) ) 
 REPRESENTATION_ITEM ( '' )  SURFACE ( )  );
#5092 = VECTOR ( 'NONE', #2352, 1000.000000000000000 ) ;
#5093 = CARTESIAN_POINT ( 'NONE',  ( -20.00000000000000355, 2.249999999999998668, 0.000000000000000000 ) ) ;
#5094 = CARTESIAN_POINT ( 'NONE',  ( -17.42783121635129362, 1.499999999999999556, 0.000000000000000000 ) ) ;
#5095 = FACE_OUTER_BOUND ( 'NONE', #3571, .T. ) ;
#5096 = CARTESIAN_POINT ( 'NONE',  ( -14.82849894150899850, 0.5918069429221747280, -1.025039693413223096 ) ) ;
#5097 = CARTESIAN_POINT ( 'NONE',  ( -20.00000000000000355, -1.500000000000000000, 0.000000000000000000 ) ) ;
#5098 = CARTESIAN_POINT ( 'NONE',  ( 20.29078256481771447, -1.183613885844322589, -0.3845649288994676951 ) ) ;
#5099 = AXIS2_PLACEMENT_3D ( 'NONE', #1012, #1870, #3671 ) ;
#5100 = CARTESIAN_POINT ( 'NONE',  ( -19.98075666599056888, 0.7433463941989677526, -2.168904970561402745 ) ) ;
#5101 = CARTESIAN_POINT ( 'NONE',  ( -16.30766560817564681, -2.510623159074913942E-16, -1.366719591217596896 ) ) ;
#5102 = ORIENTED_EDGE ( 'NONE', *, *, #5865, .T. ) ;
#5103 = AXIS2_PLACEMENT_3D ( 'NONE', #2754, #981, #3801 ) ;
#5104 = CARTESIAN_POINT ( 'NONE',  ( 15.78816772515768641, -0.5918069429221617384, -1.025039693413197783 ) ) ;
#5105 = CARTESIAN_POINT ( 'NONE',  ( 13.74650105849100434, -1.183613885844347680, -0.6833597956088124370 ) ) ;
#5106 = CARTESIAN_POINT ( 'NONE',  ( -15.00000000000000000, 1.500000000000000000, 0.000000000000000000 ) ) ;
#5107 = EDGE_CURVE ( 'NONE', #3217, #4836, #4701, .T. ) ;
#5108 = CARTESIAN_POINT ( 'NONE',  ( 15.33745992106986478, 0.7656250000000002220, 1.326101399544921566 ) ) ;
#5109 = CARTESIAN_POINT ( 'NONE',  ( -15.43266560817564681, -1.183613885844322366, 1.449508956725610206E-16 ) ) ;
#5110 = CARTESIAN_POINT ( 'NONE',  ( 15.99166666666666181, -1.500000000000000222, -0.8660254037844381525 ) ) ;
#5111 = CARTESIAN_POINT ( 'NONE',  ( 18.42637552924551159, -1.531249999999999556, 0.8840675996966148587 ) ) ;
#5112 =( LENGTH_UNIT ( ) NAMED_UNIT ( * ) SI_UNIT ( .MILLI., .METRE. ) );
#5113 = CARTESIAN_POINT ( 'NONE',  ( -17.35695780408782696, 1.082670556198342378E-16, 1.768135199393228829 ) ) ;
#5114 = CARTESIAN_POINT ( 'NONE',  ( 19.26733439182435603, -1.183613885844322366, 1.449508956725610206E-16 ) ) ;
#5115 = EDGE_LOOP ( 'NONE', ( #748, #28, #3050, #2832 ) ) ;
#5116 =( BOUNDED_CURVE ( )  B_SPLINE_CURVE ( 2, ( #360, #3196, #3551, #2179, #891, #448, #5869 ),
 .UNSPECIFIED., .F., .F. ) 
 B_SPLINE_CURVE_WITH_KNOTS ( ( 3, 2, 2, 3 ),
 ( 0.5428306364547768048, 0.5547353983595386673, 0.5666401602643005297, 0.5785449221690623922 ),
 .UNSPECIFIED. ) 
 CURVE ( )  GEOMETRIC_REPRESENTATION_ITEM ( )  RATIONAL_B_SPLINE_CURVE ( ( 1.000000000000000000, 0.8660254037844387076, 1.000000000000000000, 0.8660254037844387076, 1.000000000000000000, 0.8660254037844387076, 1.000000000000000000 ) ) 
 REPRESENTATION_ITEM ( '' )  );
#5117 = CARTESIAN_POINT ( 'NONE',  ( -16.20349894150898251, 1.183613885844322589, 0.6833597956087983372 ) ) ;
#5118 = CARTESIAN_POINT ( 'NONE',  ( -19.03683227484231466, -1.183613885844322366, 0.6833597956087990033 ) ) ;
#5119 = CARTESIAN_POINT ( 'NONE',  ( -20.00000000000000355, 0.000000000000000000, 0.000000000000000000 ) ) ;
#5120 = CARTESIAN_POINT ( 'NONE',  ( -17.01599894150897896, -0.5918069429221609612, 1.025039693413198005 ) ) ;
#5121 = DIRECTION ( 'NONE',  ( -0.7071067811862460362, 0.7071067811868489983, 8.659560562358624481E-17 ) ) ;
#5122 = EDGE_CURVE ( 'NONE', #316, #1384, #3868, .T. ) ;
#5123 = EDGE_LOOP ( 'NONE', ( #2860, #1233, #2824, #5469 ) ) ;
#5124 = CARTESIAN_POINT ( 'NONE',  ( 19.37150105849102033, 0.5918069429221604061, -1.025039693413198227 ) ) ;
#5125 = CARTESIAN_POINT ( 'NONE',  ( 15.43400105849102033, 0.5918069429221604061, -1.025039693413198227 ) ) ;
#5126 = CARTESIAN_POINT ( 'NONE',  ( -15.75000000000000355, -1.500000000000000000, 1.836970198721029934E-16 ) ) ;
#5127 = CARTESIAN_POINT ( 'NONE',  ( -18.09449788301820305, -0.7500000000002121636, -1.299038105677024157 ) ) ;
#5128 = CARTESIAN_POINT ( 'NONE',  ( 16.32499999999999929, 1.060575238724906915E-16, 1.732050807568877193 ) ) ;
#5129 = CARTESIAN_POINT ( 'NONE',  ( -14.45349894150899850, -1.183613885844351232, -0.6833597956088146574 ) ) ;
#5130 = CARTESIAN_POINT ( 'NONE',  ( -15.79166666666666607, -1.499999999999999778, 0.8660254037844391517 ) ) ;
#5131 = CARTESIAN_POINT ( 'NONE',  ( 19.30900105849102033, -1.183613885844322589, -0.6833597956087981151 ) ) ;
#5132 = DIRECTION ( 'NONE',  ( 0.000000000000000000, -1.000000000000000000, 0.000000000000000000 ) ) ;
#5133 = CARTESIAN_POINT ( 'NONE',  ( -15.59933227484231466, 0.5918069429221612943, 1.025039693413197783 ) ) ;
#5134 = ORIENTED_EDGE ( 'NONE', *, *, #1028, .T. ) ;
#5135 = CARTESIAN_POINT ( 'NONE',  ( 15.20483439182435248, -1.183613885844322366, 1.449508956725610206E-16 ) ) ;
#5136 = CARTESIAN_POINT ( 'NONE',  ( 14.32983439182433649, -2.510623159074966697E-16, -1.366719591217625984 ) ) ;
#5137 =( BOUNDED_CURVE ( )  B_SPLINE_CURVE ( 2, ( #113, #1443, #2462, #1070, #4274, #2867, #204 ),
 .UNSPECIFIED., .F., .F. ) 
 B_SPLINE_CURVE_WITH_KNOTS ( ( 3, 2, 2, 3 ),
 ( 0.09376317384832455470, 0.09533327103246552747, 0.09690336821660650024, 0.09847346540074747301 ),
 .UNSPECIFIED. ) 
 CURVE ( )  GEOMETRIC_REPRESENTATION_ITEM ( )  RATIONAL_B_SPLINE_CURVE ( ( 1.000000000002035927, 0.8660254037824027806, 1.000000000000000000, 0.8660254037844387076, 1.000000000000000000, 0.8660254037826726758, 1.000000000001766143 ) ) 
 REPRESENTATION_ITEM ( '' )  );
#5138 = CARTESIAN_POINT ( 'NONE',  ( 14.71245992106986122, 1.531249999999999556, -0.8840675996966153027 ) ) ;
#5139 = DIRECTION ( 'NONE',  ( 0.000000000000000000, -1.000000000000000000, 0.000000000000000000 ) ) ;
#5140 = CARTESIAN_POINT ( 'NONE',  ( 18.49166666666666359, -1.500000000000000222, -0.8660254037844381525 ) ) ;
#5141 = CARTESIAN_POINT ( 'NONE',  ( 17.25970886257884018, 1.531250000000000000, 0.8840675996966143035 ) ) ;
#5142 = EDGE_CURVE ( 'NONE', #5625, #2582, #1127, .T. ) ;
#5143 = CARTESIAN_POINT ( 'NONE',  ( -14.23195780408782518, -1.531250000000000000, 1.875240411194384668E-16 ) ) ;
#5144 = CARTESIAN_POINT ( 'NONE',  ( 20.10066772515768818, 0.5918069429221612943, 1.025039693413197783 ) ) ;
#5145 = VERTEX_POINT ( 'NONE', #3840 ) ;
#5146 = CARTESIAN_POINT ( 'NONE',  ( -15.74516560817564681, 1.183613885844322366, 0.000000000000000000 ) ) ;
#5147 = CARTESIAN_POINT ( 'NONE',  ( -18.32849894150897896, 0.5918069429221604061, -1.025039693413198227 ) ) ;
#5148 = CARTESIAN_POINT ( 'NONE',  ( -19.72445494683762490, 0.5795258177360185226, 1.177816473599105906 ) ) ;
#5149 = CARTESIAN_POINT ( 'NONE',  ( -15.42783121635129895, 1.499999999999999556, -1.538769112130450809E-13 ) ) ;
#5150 = CARTESIAN_POINT ( 'NONE',  ( -19.79903810567666156, -2.249999999999999112, 1.299038105676656674 ) ) ;
#5151 = ORIENTED_EDGE ( 'NONE', *, *, #3509, .T. ) ;
#5152 = CARTESIAN_POINT ( 'NONE',  ( 18.62150105849102033, -0.5918069429221609612, 1.025039693413198005 ) ) ;
#5153 = CARTESIAN_POINT ( 'NONE',  ( 16.10066772515768818, 0.5918069429221612943, 1.025039693413197783 ) ) ;
#5154 =( BOUNDED_CURVE ( )  B_SPLINE_CURVE ( 2, ( #1122, #5679, #286, #735, #1566, #5648, #5616 ),
 .UNSPECIFIED., .F., .T. ) 
 B_SPLINE_CURVE_WITH_KNOTS ( ( 3, 2, 2, 3 ),
 ( 0.3999734936080032721, 0.4118782555127651346, 0.4237830174175269971, 0.4356877793222889705 ),
 .UNSPECIFIED. ) 
 CURVE ( )  GEOMETRIC_REPRESENTATION_ITEM ( )  RATIONAL_B_SPLINE_CURVE ( ( 1.000000000000000000, 0.8660254037844387076, 1.000000000000000000, 0.8660254037844387076, 1.000000000000000000, 0.8660254037844387076, 1.000000000000000000 ) ) 
 REPRESENTATION_ITEM ( '' )  );
#5155 = ORIENTED_EDGE ( 'NONE', *, *, #382, .T. ) ;
#5156 = CARTESIAN_POINT ( 'NONE',  ( 13.70000000000000995, -1.181053599007261923, 0.07780891379347437686 ) ) ;
#5157 = CARTESIAN_POINT ( 'NONE',  ( -18.44587341226346666, 1.531250000000000000, 0.000000000000000000 ) ) ;
#5158 = CARTESIAN_POINT ( 'NONE',  ( -13.91183227484233242, -0.5918069429221760602, -1.025039693413222430 ) ) ;
#5159 = DIRECTION ( 'NONE',  ( -1.000000000000000000, -4.814824860968088948E-33, -0.000000000000000000 ) ) ;
#5160 = ORIENTED_EDGE ( 'NONE', *, *, #3637, .T. ) ;
#5161 = CARTESIAN_POINT ( 'NONE',  ( 19.79903810567666156, -1.620551435518700907E-15, 2.598076211353314680 ) ) ;
#5162 = CARTESIAN_POINT ( 'NONE',  ( -16.59933227484231466, 0.5918069429221612943, 1.025039693413197783 ) ) ;
#5163 = ORIENTED_EDGE ( 'NONE', *, *, #3734, .F. ) ;
#5164 = CARTESIAN_POINT ( 'NONE',  ( 19.70483439182435248, -1.183613885844322366, 1.449508956725610206E-16 ) ) ;
#5165 = CARTESIAN_POINT ( 'NONE',  ( 15.24650105849100257, -1.183613885844347680, -0.6833597956088124370 ) ) ;
#5166 = CARTESIAN_POINT ( 'NONE',  ( 18.33745992106986478, 0.7656250000000002220, 1.326101399544921566 ) ) ;
#5167 = CARTESIAN_POINT ( 'NONE',  ( -13.59933227484231466, 0.5918069429221612943, 1.025039693413197783 ) ) ;
#5168 = CARTESIAN_POINT ( 'NONE',  ( 18.57499999999999929, -3.181725716174720991E-16, -1.732050807568877193 ) ) ;
#5169 = CARTESIAN_POINT ( 'NONE',  ( 17.71804219591217588, 1.531250000000000000, 0.000000000000000000 ) ) ;
#5170 = CARTESIAN_POINT ( 'NONE',  ( -13.89862447075449303, 0.7656250000000002220, 1.326101399544921566 ) ) ;
#5171 = FACE_OUTER_BOUND ( 'NONE', #4352, .T. ) ;
#5172 = EDGE_LOOP ( 'NONE', ( #3823, #3531, #4321, #481 ) ) ;
#5173 = CARTESIAN_POINT ( 'NONE',  ( -14.74516560817564859, 1.183613885844322366, 0.000000000000000000 ) ) ;
#5174 = CARTESIAN_POINT ( 'NONE',  ( -17.37016560817564681, -2.510623159074913942E-16, -1.366719591217596896 ) ) ;
#5175 = CARTESIAN_POINT ( 'NONE',  ( -19.60861388584432419, -0.1640733474812292869, 1.172186745962348731 ) ) ;
#5176 = CARTESIAN_POINT ( 'NONE',  ( -18.79166666666666785, -1.499999999999999778, 0.8660254037844391517 ) ) ;
#5177 = CARTESIAN_POINT ( 'NONE',  ( -16.05766560817564681, 8.368743863583045653E-17, 1.366719591217596896 ) ) ;
#5178 = ORIENTED_EDGE ( 'NONE', *, *, #2613, .F. ) ;
#5179 = CARTESIAN_POINT ( 'NONE',  ( 13.60066772515768641, 0.5918069429221612943, 1.025039693413197783 ) ) ;
#5180 = CARTESIAN_POINT ( 'NONE',  ( 17.05900105849101678, 1.183613885844322366, 0.6833597956087983372 ) ) ;
#5181 = VERTEX_POINT ( 'NONE', #5149 ) ;
#5182 = LINE ( 'NONE', #258, #4513 ) ;
#5183 = CARTESIAN_POINT ( 'NONE',  ( -17.86254007893013807, 0.7656250000000002220, 1.326101399544921566 ) ) ;
#5184 = DIRECTION ( 'NONE',  ( 1.000000000000000000, 0.000000000000000000, 0.000000000000000000 ) ) ;
#5185 = ORIENTED_EDGE ( 'NONE', *, *, #5386, .T. ) ;
#5186 = FACE_OUTER_BOUND ( 'NONE', #1209, .T. ) ;
#5187 = CARTESIAN_POINT ( 'NONE',  ( -16.97433227484231466, -1.183613885844322144, 0.6833597956087987813 ) ) ;
#5188 = ORIENTED_EDGE ( 'NONE', *, *, #1975, .F. ) ;
#5189 = CARTESIAN_POINT ( 'NONE',  ( 18.99650105849102033, 1.183613885844322589, 0.6833597956087983372 ) ) ;
#5190 = CARTESIAN_POINT ( 'NONE',  ( 18.97566772515768463, 1.183613885844321922, -0.6833597956087991143 ) ) ;
#5191 = AXIS2_PLACEMENT_3D ( 'NONE', #2647, #3145, #3989 ) ;
#5192 = CARTESIAN_POINT ( 'NONE',  ( 15.62150105849100612, -0.5918069429221735067, 1.025039693413219544 ) ) ;
#5193 = ADVANCED_FACE ( 'NONE', ( #4263 ), #4705, .F. ) ;
#5194 = CONICAL_SURFACE ( 'NONE', #653, 2.249999999999998668, 1.047197551196600074 ) ;
#5195 = CARTESIAN_POINT ( 'NONE',  ( 17.46245992106986478, -1.531249999999999556, 0.8840675996966148587 ) ) ;
#5196 = CARTESIAN_POINT ( 'NONE',  ( -13.97433227484231466, -1.183613885844322366, 0.6833597956087990033 ) ) ;
#5197 = CARTESIAN_POINT ( 'NONE',  ( -19.84777415200438355, -1.127639110629018671, 0.8776449840662505775 ) ) ;
#5198 = CARTESIAN_POINT ( 'NONE',  ( -14.73195780408782696, -1.531250000000000000, 1.875240411194384668E-16 ) ) ;
#5199 = DIRECTION ( 'NONE',  ( -1.000000000000000000, -4.814824860968088948E-33, -0.000000000000000000 ) ) ;
#5200 = ORIENTED_EDGE ( 'NONE', *, *, #4632, .F. ) ;
#5201 = CARTESIAN_POINT ( 'NONE',  ( -14.82849894150898074, 0.5918069429221604061, -1.025039693413198227 ) ) ;
#5202 = CARTESIAN_POINT ( 'NONE',  ( -16.57849894150898251, -0.5918069429221609612, 1.025039693413198005 ) ) ;
#5203 = CARTESIAN_POINT ( 'NONE',  ( 13.70000000000000462, -0.7929205089077125956, 0.8787598632829284329 ) ) ;
#5204 = CARTESIAN_POINT ( 'NONE',  ( -18.83333333333333215, -0.7499999999999996669, 1.299038105676658006 ) ) ;
#5205 = CARTESIAN_POINT ( 'NONE',  ( -16.59933227484231466, 0.5918069429221612943, 1.025039693413197783 ) ) ;
#5206 = EDGE_LOOP ( 'NONE', ( #4791, #2511, #4453, #5615, #4471, #2398, #845, #1963, #1130, #5160, #3086, #2482, #4595, #4716, #228, #3962, #3315, #5037, #4350, #2527, #5709, #4967, #2952, #4259, #1004, #4443, #188, #1539, #2854, #2598, #1175 ) ) ;
#5207 = CARTESIAN_POINT ( 'NONE',  ( 13.89233439182435248, -2.510623159074913942E-16, -1.366719591217596896 ) ) ;
#5208 = CARTESIAN_POINT ( 'NONE',  ( 18.30900105849102033, -1.183613885844322589, -0.6833597956087981151 ) ) ;
#5209 = ORIENTED_EDGE ( 'NONE', *, *, #4482, .F. ) ;
#5210 = CARTESIAN_POINT ( 'NONE',  ( 14.44999999999999929, -1.500000000000000000, 1.836970198721029934E-16 ) ) ;
#5211 = CARTESIAN_POINT ( 'NONE',  ( -19.61254007893013807, -0.7656250000000006661, -1.326101399544921566 ) ) ;
#5212 = DIRECTION ( 'NONE',  ( -1.000000000000000000, -0.000000000000000000, -0.000000000000000000 ) ) ;
#5213 = CARTESIAN_POINT ( 'NONE',  ( 14.98050211698213197, -1.500000000001622258, 0.8660254037835060092 ) ) ;
#5214 = VERTEX_POINT ( 'NONE', #4736 ) ;
#5215 = EDGE_CURVE ( 'NONE', #104, #3480, #5296, .T. ) ;
#5216 = CARTESIAN_POINT ( 'NONE',  ( 13.95483439182435426, 1.183613885844322366, 0.000000000000000000 ) ) ;
#5217 = CARTESIAN_POINT ( 'NONE',  ( 17.24166666666666359, 1.499999999999999778, 0.8660254037844384856 ) ) ;
#5218 = ORIENTED_EDGE ( 'NONE', *, *, #5277, .T. ) ;
#5219 = CARTESIAN_POINT ( 'NONE',  ( 17.12150105849101678, -0.5918069429221609612, 1.025039693413198005 ) ) ;
#5220 = CYLINDRICAL_SURFACE ( 'NONE', #3042, 1.500000000000000000 ) ;
#5221 = CARTESIAN_POINT ( 'NONE',  ( 15.91316772515766687, 1.183613885844347013, -0.6833597956088134362 ) ) ;
#5222 = ORIENTED_EDGE ( 'NONE', *, *, #2426, .T. ) ;
#5223 = CARTESIAN_POINT ( 'NONE',  ( 16.79579325440319693, 1.531250000000000000, 0.8840675996966143035 ) ) ;
#5224 = EDGE_CURVE ( 'NONE', #4772, #3820, #5610, .T. ) ;
#5225 = CARTESIAN_POINT ( 'NONE',  ( -13.84933227484231466, -0.5918069429221617384, -1.025039693413197783 ) ) ;
#5226 = CARTESIAN_POINT ( 'NONE',  ( -14.58333333333333570, 0.7499999999999990008, -1.299038105676658672 ) ) ;
#5227 = APPROVAL_DATE_TIME ( #1612, #2381 ) ;
#5228 = CARTESIAN_POINT ( 'NONE',  ( -13.44029113742115911, 1.531250000000000000, 0.8840675996966143035 ) ) ;
#5229 = CARTESIAN_POINT ( 'NONE',  ( 14.86666666666666536, -0.7499999999999996669, 1.299038105676658006 ) ) ;
#5230 = CARTESIAN_POINT ( 'NONE',  ( -14.57849894150898074, -0.5918069429221609612, 1.025039693413198005 ) ) ;
#5231 = CARTESIAN_POINT ( 'NONE',  ( -16.28683227484231466, 1.183613885844322144, -0.6833597956087991143 ) ) ;
#5232 = CARTESIAN_POINT ( 'NONE',  ( 13.70000000000000995, -1.181053599007261923, 0.07780891379347437686 ) ) ;
#5233 = CARTESIAN_POINT ( 'NONE',  ( -14.89099894150898251, -1.183613885844322589, -0.6833597956087981151 ) ) ;
#5234 = ORIENTED_EDGE ( 'NONE', *, *, #1170, .F. ) ;
#5235 = CARTESIAN_POINT ( 'NONE',  ( 14.14233439182435248, 8.368743863583045653E-17, 1.366719591217596896 ) ) ;
#5236 = ORIENTED_EDGE ( 'NONE', *, *, #3148, .F. ) ;
#5237 = CARTESIAN_POINT ( 'NONE',  ( 18.23050211698146583, 1.499999999989621635, -0.8660254037904313584 ) ) ;
#5238 = CARTESIAN_POINT ( 'NONE',  ( -19.73754007893013451, -1.531249999999999556, 0.8840675996966148587 ) ) ;
#5239 = CARTESIAN_POINT ( 'NONE',  ( -16.66666666666666785, -0.7500000000000006661, -1.299038105676657784 ) ) ;
#5240 = DIRECTION ( 'NONE',  ( -1.000000000000000000, -4.814824860968088948E-33, -0.000000000000000000 ) ) ;
#5241 = ORIENTED_EDGE ( 'NONE', *, *, #2831, .T. ) ;
#5242 = CARTESIAN_POINT ( 'NONE',  ( -19.98075666599056888, 1.506653605801030471, 1.728209346468570384 ) ) ;
#5243 = CARTESIAN_POINT ( 'NONE',  ( -19.92500000000006821, 3.611118645722996325E-34, 0.000000000000000000 ) ) ;
#5244 = ORIENTED_EDGE ( 'NONE', *, *, #187, .T. ) ;
#5245 = CARTESIAN_POINT ( 'NONE',  ( 18.62150105849102033, -0.5918069429221609612, 1.025039693413198005 ) ) ;
#5246 = CARTESIAN_POINT ( 'NONE',  ( 14.14716878364842501, -3.181725716175763767E-16, -1.732050807569444961 ) ) ;
#5247 = EDGE_CURVE ( 'NONE', #1944, #1177, #3344, .T. ) ;
#5248 = CARTESIAN_POINT ( 'NONE',  ( 16.74650105849100612, -1.183613885844347680, -0.6833597956088124370 ) ) ;
#5249 = ORIENTED_EDGE ( 'NONE', *, *, #661, .F. ) ;
#5250 = CARTESIAN_POINT ( 'NONE',  ( 18.12912658773653263, -3.248011668595026887E-16, -1.768135199393228829 ) ) ;
#5251 = CARTESIAN_POINT ( 'NONE',  ( -15.34449788301823148, 0.7500000000002358114, 1.299038105677065902 ) ) ;
#5252 =( BOUNDED_CURVE ( )  B_SPLINE_CURVE ( 2, ( #463, #933, #7, #2215, #878, #4021, #4493, #5345, #3564, #4553, #4941, #4050, #1821, #3593, #491, #1349, #3656, #520, #2333, #5430, #1376, #4140, #904, #2300, #3151, #2706, #3177, #3090, #4996, #4108, #38, #1854, #5460, #1406, #1735, #3533, #4911, #2651, #4462, #1985, #168, #2480, #5125, #4710, #2400, #1921, #140, #1535, #4740, #2800, #678, #1062, #645, #5525, #3335, #2455, #5558, #4650, #5153, #1468, #3755, #587, #1502, #3687, #1953, #4206, #2918, #5493, #1089, #3365, #3784, #3306, #2368, #73, #4617, #4173, #3271, #5090, #5059, #1119, #1563, #5180, #1889, #2012, #5587, #2862, #4237, #3722, #4267, #4680, #618, #2427, #2886, #196, #3813, #5614, #1435, #1031, #106, #2834, #3239, #995, #555, #5646, #4296, #2946, #3396, #2040, #3844, #4766, #1593, #5208, #706, #1149, #227, #1661, #4777, #1633, #3458, #717, #3377, #2084, #770, #4833, #1238, #2553, #5294, #5190, #4307, #3883, #3433, #2986, #3854, #3036, #1605, #5269, #4858, #1132, #1214, #321, #2141, #4388, #4750, #5740, #3014 ),
 .UNSPECIFIED., .F., .F. ) 
 B_SPLINE_CURVE_WITH_KNOTS ( ( 3, 2, 2, 2, 2, 2, 2, 2, 2, 2, 2, 2, 2, 2, 2, 2, 2, 2, 2, 2, 2, 2, 2, 2, 2, 2, 2, 2, 2, 2, 2, 2, 2, 2, 2, 2, 2, 2, 2, 2, 2, 2, 2, 2, 2, 2, 2, 2, 2, 2, 2, 2, 2, 2, 2, 2, 2, 2, 2, 2, 2, 2, 2, 2, 2, 2, 2, 2, 2, 2, 2, 2, 3 ),
 ( 0.02625547985043344065, 0.03571428571428571230, 0.04761904761904761640, 0.05952380952380952051, 0.07142857142857142461, 0.08333333333333332871, 0.09523809523809523281, 0.1071428571428571369, 0.1190476190476190410, 0.1309523809523809590, 0.1428571428571428492, 0.1547619047619047672, 0.1666666666666666574, 0.1785714285714285754, 0.1904761904761904656, 0.2023809523809523836, 0.2142857142857142738, 0.2261904761904761918, 0.2380952380952380820, 0.2500000000000000000, 0.2619047619047619180, 0.2738095238095237804, 0.2857142857142856984, 0.2976190476190476164, 0.3095238095238095344, 0.3214285714285714524, 0.3333333333333333703, 0.3452380952380952328, 0.3571428571428572063, 0.3690476190476190688, 0.3809523809523809312, 0.3928571428571428492, 0.4047619047619047672, 0.4166666666666666852, 0.4285714285714285476, 0.4404761904761904656, 0.4523809523809523836, 0.4642857142857142461, 0.4761904761904761640, 0.4880952380952380820, 0.5000000000000000000, 0.5119047619047618625, 0.5238095238095238360, 0.5357142857142856984, 0.5476190476190476719, 0.5595238095238095344, 0.5714285714285713969, 0.5833333333333333703, 0.5952380952380952328, 0.6071428571428570953, 0.6190476190476190688, 0.6309523809523809312, 0.6428571428571429047, 0.6547619047619047672, 0.6666666666666666297, 0.6785714285714286031, 0.6904761904761903546, 0.7023809523809523281, 0.7142857142857143016, 0.7261904761904761640, 0.7380952380952380265, 0.7500000000000000000, 0.7619047619047618625, 0.7738095238095238360, 0.7857142857142856984, 0.7976190476190476719, 0.8095238095238095344, 0.8214285714285712858, 0.8333333333333333703, 0.8452380952380952328, 0.8571428571428570953, 0.8690476190476191798, 0.8703046900853481649 ),
 .UNSPECIFIED. ) 
 CURVE ( )  GEOMETRIC_REPRESENTATION_ITEM ( )  RATIONAL_B_SPLINE_CURVE ( ( 0.9562582671239443499, 0.8935518655115566311, 1.000000000000000000, 0.8660254037844387076, 1.000000000000000000, 0.8660254037844387076, 1.000000000000000000, 0.8660254037844387076, 1.000000000000000000, 0.8660254037844387076, 1.000000000000000000, 0.8660254037844387076, 1.000000000000000000, 0.8660254037844387076, 1.000000000000000000, 0.8660254037844387076, 1.000000000000000000, 0.8660254037844387076, 1.000000000000000000, 0.8660254037844387076, 1.000000000000000000, 0.8660254037844387076, 1.000000000000000000, 0.8660254037844387076, 1.000000000000000000, 0.8660254037844387076, 1.000000000000000000, 0.8660254037844387076, 1.000000000000000000, 0.8660254037844387076, 1.000000000000000000, 0.8660254037844387076, 1.000000000000000000, 0.8660254037844387076, 1.000000000000000000, 0.8660254037844387076, 1.000000000000000000, 0.8660254037844387076, 1.000000000000000000, 0.8660254037844387076, 1.000000000000000000, 0.8660254037844387076, 1.000000000000000000, 0.8660254037844387076, 1.000000000000000000, 0.8660254037844387076, 1.000000000000000000, 0.8660254037844387076, 1.000000000000000000, 0.8660254037844387076, 1.000000000000000000, 0.8660254037844387076, 1.000000000000000000, 0.8660254037844387076, 1.000000000000000000, 0.8660254037844387076, 1.000000000000000000, 0.8660254037844387076, 1.000000000000000000, 0.8660254037844387076, 1.000000000000000000, 0.8660254037844387076, 1.000000000000000000, 0.8660254037844387076, 1.000000000000000000, 0.8660254037844387076, 1.000000000000000000, 0.8660254037844387076, 1.000000000000000000, 0.8660254037844387076, 1.000000000000000000, 0.8660254037844387076, 1.000000000000000000, 0.8660254037844387076, 1.000000000000000000, 0.8660254037844387076, 1.000000000000000000, 0.8660254037844387076, 1.000000000000000000, 0.8660254037844387076, 1.000000000000000000, 0.8660254037844387076, 1.000000000000000000, 0.8660254037844387076, 1.000000000000000000, 0.8660254037844387076, 1.000000000000000000, 0.8660254037844387076, 1.000000000000000000, 0.8660254037844387076, 1.000000000000000000, 0.8660254037844387076, 1.000000000000000000, 0.8660254037844387076, 1.000000000000000000, 0.8660254037844387076, 1.000000000000000000, 0.8660254037844387076, 1.000000000000000000, 0.8660254037844387076, 1.000000000000000000, 0.8660254037844387076, 1.000000000000000000, 0.8660254037844387076, 1.000000000000000000, 0.8660254037844387076, 1.000000000000000000, 0.8660254037844387076, 1.000000000000000000, 0.8660254037844387076, 1.000000000000000000, 0.8660254037844387076, 1.000000000000000000, 0.8660254037844387076, 1.000000000000000000, 0.8660254037844387076, 1.000000000000000000, 0.8660254037844387076, 1.000000000000000000, 0.8660254037844387076, 1.000000000000000000, 0.8660254037844387076, 1.000000000000000000, 0.8660254037844387076, 1.000000000000000000, 0.8660254037844387076, 1.000000000000000000, 0.8660254037844387076, 1.000000000000000000, 0.8660254037844387076, 1.000000000000000000, 0.8660254037844387076, 1.000000000000000000, 0.8660254037844387076, 1.000000000000000000, 0.8660254037844387076, 1.000000000000000000, 0.8660254037844387076, 1.000000000000000000, 0.8660254037844387076, 1.000000000000000000, 0.8660254037844387076, 1.000000000000000000, 0.9858530908857012776, 0.9746938382845256044 ) ) 
 REPRESENTATION_ITEM ( '' )  );
#5253 = CALENDAR_DATE ( 2026, 25, 6 ) ;
#5254 = CARTESIAN_POINT ( 'NONE',  ( -13.52362447075449126, 1.531249999999999556, -0.8840675996966153027 ) ) ;
#5255 = CARTESIAN_POINT ( 'NONE',  ( -13.78683227484231466, 1.183613885844322144, -0.6833597956087991143 ) ) ;
#5256 = CARTESIAN_POINT ( 'NONE',  ( -18.37016560817564681, -2.510623159074913942E-16, -1.366719591217596896 ) ) ;
#5257 = LINE ( 'NONE', #782, #544 ) ;
#5258 = CARTESIAN_POINT ( 'NONE',  ( -16.55766560817564681, 8.368743863583045653E-17, 1.366719591217596896 ) ) ;
#5259 = ADVANCED_FACE ( 'NONE', ( #4133 ), #5194, .T. ) ;
#5260 = CARTESIAN_POINT ( 'NONE',  ( 20.03816772515768818, 0.5918069429221612943, 1.025039693413197783 ) ) ;
#5261 = ORIENTED_EDGE ( 'NONE', *, *, #447, .T. ) ;
#5262 = FACE_OUTER_BOUND ( 'NONE', #1150, .T. ) ;
#5263 = CARTESIAN_POINT ( 'NONE',  ( -17.40420674559680592, 1.531250000000000000, 0.8840675996966143035 ) ) ;
#5264 = DIRECTION ( 'NONE',  ( 0.000000000000000000, -0.8660254037844385966, -0.5000000000000001110 ) ) ;
#5265 = CARTESIAN_POINT ( 'NONE',  ( 16.43883545031534155, -0.7500000000000238698, 1.299038105676699750 ) ) ;
#5266 = ORIENTED_EDGE ( 'NONE', *, *, #3698, .F. ) ;
#5267 = CARTESIAN_POINT ( 'NONE',  ( -13.73463630591701801, 1.037261954722030977, -0.7678561224386750705 ) ) ;
#5268 = CARTESIAN_POINT ( 'NONE',  ( 19.60861388584432419, -0.2652031986056970214, 1.163619498930209550 ) ) ;
#5269 = CARTESIAN_POINT ( 'NONE',  ( 19.30900105849102033, -1.183613885844322589, -0.6833597956087981151 ) ) ;
#5270 = CARTESIAN_POINT ( 'NONE',  ( 16.66316772515767397, -1.183613885844347235, 0.6833597956088133252 ) ) ;
#5271 = CARTESIAN_POINT ( 'NONE',  ( 17.34304219591217588, 1.082670556198342378E-16, 1.768135199393228829 ) ) ;
#5272 = ORIENTED_EDGE ( 'NONE', *, *, #1812, .T. ) ;
#5273 = AXIS2_PLACEMENT_3D ( 'NONE', #2948, #2515, #648 ) ;
#5274 = CARTESIAN_POINT ( 'NONE',  ( 17.17079325440319693, 0.7656249999999990008, -1.326101399544922455 ) ) ;
#5275 = CARTESIAN_POINT ( 'NONE',  ( -19.85987873311673724, 2.249999999999998668, -1.088279989895495792 ) ) ;
#5276 = CARTESIAN_POINT ( 'NONE',  ( -13.72673241729574656, -1.500000000000000222, -0.4836076249570113172 ) ) ;
#5277 = EDGE_CURVE ( 'NONE', #4204, #704, #1475, .T. ) ;
#5278 = DIRECTION ( 'NONE',  ( -1.000000000000000000, -4.814824860968088948E-33, -0.000000000000000000 ) ) ;
#5279 = CARTESIAN_POINT ( 'NONE',  ( -18.76599894150898251, 0.5918069429221604061, -1.025039693413198227 ) ) ;
#5280 = CARTESIAN_POINT ( 'NONE',  ( -13.87016560817564859, -2.510623159074913942E-16, -1.366719591217596896 ) ) ;
#5281 = DIRECTION ( 'NONE',  ( -1.000000000000000000, -4.814824860968088948E-33, -0.000000000000000000 ) ) ;
#5282 = CARTESIAN_POINT ( 'NONE',  ( -14.39099894150898074, -1.183613885844322589, -0.6833597956087981151 ) ) ;
#5283 = VERTEX_POINT ( 'NONE', #5084 ) ;
#5284 = CARTESIAN_POINT ( 'NONE',  ( 14.51733439182435426, 1.183613885844322366, 0.000000000000000000 ) ) ;
#5285 = CARTESIAN_POINT ( 'NONE',  ( -19.45833333333333570, 1.499999999999999778, 0.8660254037844384856 ) ) ;
#5286 = CARTESIAN_POINT ( 'NONE',  ( -15.73754007893013629, -1.531249999999999556, 0.8840675996966148587 ) ) ;
#5287 = ADVANCED_FACE ( 'NONE', ( #4704 ), #3233, .F. ) ;
#5288 = DIRECTION ( 'NONE',  ( -1.000000000000000000, -4.814824860968088948E-33, -0.000000000000000000 ) ) ;
#5289 = CARTESIAN_POINT ( 'NONE',  ( 18.64716878364868791, -3.181725716174813189E-16, -1.732050807568927819 ) ) ;
#5290 = ORIENTED_EDGE ( 'NONE', *, *, #5533, .F. ) ;
#5291 = CARTESIAN_POINT ( 'NONE',  ( 14.32499999999999929, 1.060575238724906915E-16, 1.732050807568877193 ) ) ;
#5292 = CARTESIAN_POINT ( 'NONE',  ( 17.28333333333333499, 0.7500000000000002220, 1.299038105676657784 ) ) ;
#5293 = CARTESIAN_POINT ( 'NONE',  ( 19.95483439182435248, 1.183613885844322366, 0.000000000000000000 ) ) ;
#5294 = CARTESIAN_POINT ( 'NONE',  ( 18.93400105849102033, 0.5918069429221604061, -1.025039693413198227 ) ) ;
#5295 = EDGE_CURVE ( 'NONE', #3449, #1184, #4262, .T. ) ;
#5296 =( BOUNDED_CURVE ( )  B_SPLINE_CURVE ( 2, ( #1589, #5176, #5204, #5673, #2007, #4319, #3808 ),
 .UNSPECIFIED., .F., .F. ) 
 B_SPLINE_CURVE_WITH_KNOTS ( ( 3, 2, 2, 3 ),
 ( 0.7928306364547766938, 0.8047353983595386673, 0.8166401602643005297, 0.8285449221690623922 ),
 .UNSPECIFIED. ) 
 CURVE ( )  GEOMETRIC_REPRESENTATION_ITEM ( )  RATIONAL_B_SPLINE_CURVE ( ( 1.000000000000000000, 0.8660254037844387076, 1.000000000000000000, 0.8660254037844387076, 1.000000000000000000, 0.8660254037844387076, 1.000000000000000000 ) ) 
 REPRESENTATION_ITEM ( '' )  );
#5297 = CARTESIAN_POINT ( 'NONE',  ( 19.88470886257884374, -0.7656249999999996669, 1.326101399544921788 ) ) ;
#5298 = ORIENTED_EDGE ( 'NONE', *, *, #4861, .F. ) ;
#5299 = CARTESIAN_POINT ( 'NONE',  ( 14.37150105849101855, 0.5918069429221604061, -1.025039693413198227 ) ) ;
#5300 = CARTESIAN_POINT ( 'NONE',  ( -15.21949788301823325, -1.500000000000462519, 0.8660254037847159303 ) ) ;
#5301 = CARTESIAN_POINT ( 'NONE',  ( 13.77216878364870745, 1.500000000000000000, 0.000000000000000000 ) ) ;
#5302 = CARTESIAN_POINT ( 'NONE',  ( -18.76599894150898251, 0.5918069429221604061, -1.025039693413198227 ) ) ;
#5303 =( BOUNDED_CURVE ( )  B_SPLINE_CURVE ( 2, ( #2577, #5375, #3035, #3013, #320, #5768, #5855 ),
 .UNSPECIFIED., .F., .F. ) 
 B_SPLINE_CURVE_WITH_KNOTS ( ( 3, 2, 2, 3 ),
 ( 0.6499734935976337891, 0.6618782555023957626, 0.6737830174071577360, 0.6856877793119195985 ),
 .UNSPECIFIED. ) 
 CURVE ( )  GEOMETRIC_REPRESENTATION_ITEM ( )  RATIONAL_B_SPLINE_CURVE ( ( 1.000000000000000000, 0.8660254037844387076, 1.000000000000000000, 0.8660254037844387076, 1.000000000000000000, 0.8660254037844387076, 1.000000000000000000 ) ) 
 REPRESENTATION_ITEM ( '' )  );
#5304 = CARTESIAN_POINT ( 'NONE',  ( -19.84933227484231111, -0.5918069429221617384, -1.025039693413197783 ) ) ;
#5305 = CARTESIAN_POINT ( 'NONE',  ( -13.57849894150898074, -0.5918069429221609612, 1.025039693413198005 ) ) ;
#5306 = EDGE_CURVE ( 'NONE', #1800, #5372, #5478, .T. ) ;
#5307 = CYLINDRICAL_SURFACE ( 'NONE', #4435, 1.500000000000000000 ) ;
#5308 = CARTESIAN_POINT ( 'NONE',  ( -18.98195780408782340, 1.531250000000000000, 0.000000000000000000 ) ) ;
#5309 =( BOUNDED_CURVE ( )  B_SPLINE_CURVE ( 2, ( #2547, #685, #793, #5766, #2575, #4801, #2954 ),
 .UNSPECIFIED., .F., .T. ) 
 B_SPLINE_CURVE_WITH_KNOTS ( ( 3, 2, 2, 3 ),
 ( 0.09847346540074747301, 0.1000434966998360320, 0.1016135279989246049, 0.1031835592980131638 ),
 .UNSPECIFIED. ) 
 CURVE ( )  GEOMETRIC_REPRESENTATION_ITEM ( )  RATIONAL_B_SPLINE_CURVE ( ( 0.9999999999982339682, 0.8660254037862046284, 1.000000000000000000, 0.8660254037844385966, 1.000000000000000000, 0.8660254037844385966, 1.000000000000000000 ) ) 
 REPRESENTATION_ITEM ( '' )  );
#5310 = ORIENTED_EDGE ( 'NONE', *, *, #1006, .T. ) ;
#5311 = CARTESIAN_POINT ( 'NONE',  ( 16.64233439182435248, 8.368743863583045653E-17, 1.366719591217596896 ) ) ;
#5312 = VECTOR ( 'NONE', #4022, 1000.000000000000000 ) ;
#5313 = CARTESIAN_POINT ( 'NONE',  ( -19.99516560817564681, -1.183613885844322366, 1.449508956725610206E-16 ) ) ;
#5314 = CARTESIAN_POINT ( 'NONE',  ( -16.48754007893013451, 1.531249999999999556, -0.8840675996966153027 ) ) ;
#5315 = LINE ( 'NONE', #5818, #3555 ) ;
#5316 = CARTESIAN_POINT ( 'NONE',  ( 16.39716878364868080, 1.060575238724941427E-16, 1.732050807568933370 ) ) ;
#5317 = ORIENTED_EDGE ( 'NONE', *, *, #3023, .F. ) ;
#5318 = CARTESIAN_POINT ( 'NONE',  ( -17.25000000000000355, -1.500000000000000000, 1.836970198721029934E-16 ) ) ;
#5319 = CARTESIAN_POINT ( 'NONE',  ( 15.77216878364803421, 1.500000000000000000, -1.394684367992874647E-11 ) ) ;
#5320 = CARTESIAN_POINT ( 'NONE',  ( 13.70000000000000462, 0.07528081200238186110, -1.420127253208843809 ) ) ;
#5321 = CARTESIAN_POINT ( 'NONE',  ( -13.70000000000000107, 0.8701026130194362551, 0.8566316672672601440 ) ) ;
#5322 = CARTESIAN_POINT ( 'NONE',  ( -13.72433227484231288, 1.183613885844322144, -0.6833597956087991143 ) ) ;
#5323 = CARTESIAN_POINT ( 'NONE',  ( 19.38470886257884374, -0.7656249999999996669, 1.326101399544921788 ) ) ;
#5324 = ORIENTED_EDGE ( 'NONE', *, *, #4811, .F. ) ;
#5325 = ADVANCED_FACE ( 'NONE', ( #5519 ), #2395, .F. ) ;
#5326 =( BOUNDED_CURVE ( )  B_SPLINE_CURVE ( 2, ( #1106, #245, #1076, #214, #2873, #5110, #4695 ),
 .UNSPECIFIED., .F., .T. ) 
 B_SPLINE_CURVE_WITH_KNOTS ( ( 3, 2, 2, 3 ),
 ( 0.6142592078937174627, 0.6261639697984794362, 0.6380687317032414096, 0.6499734936080032721 ),
 .UNSPECIFIED. ) 
 CURVE ( )  GEOMETRIC_REPRESENTATION_ITEM ( )  RATIONAL_B_SPLINE_CURVE ( ( 1.000000000000000000, 0.8660254037844387076, 1.000000000000000000, 0.8660254037844387076, 1.000000000000000000, 0.8660254037844387076, 1.000000000000000000 ) ) 
 REPRESENTATION_ITEM ( '' )  );
#5327 = CARTESIAN_POINT ( 'NONE',  ( 19.12912658773653263, -3.248011668595026887E-16, -1.768135199393228829 ) ) ;
#5328 = CYLINDRICAL_SURFACE ( 'NONE', #4342, 1.500000000000000000 ) ;
#5329 = CARTESIAN_POINT ( 'NONE',  ( 20.00000000000000355, 2.249999999999998668, 0.000000000000000000 ) ) ;
#5330 = CARTESIAN_POINT ( 'NONE',  ( -19.47433227484231111, -1.183613885844322144, 0.6833597956087987813 ) ) ;
#5331 = CARTESIAN_POINT ( 'NONE',  ( -19.30766560817564681, -2.510623159074913942E-16, -1.366719591217596896 ) ) ;
#5332 = CARTESIAN_POINT ( 'NONE',  ( -14.20349894150898074, 1.183613885844322589, 0.6833597956087983372 ) ) ;
#5333 = CARTESIAN_POINT ( 'NONE',  ( -16.41666666666666785, 0.7500000000000002220, 1.299038105676657784 ) ) ;
#5334 = CARTESIAN_POINT ( 'NONE',  ( -19.64862447075449126, -0.7656250000000006661, -1.326101399544921566 ) ) ;
#5335 = CONICAL_SURFACE ( 'NONE', #3354, 2.249999999999998668, 1.047197551196600074 ) ;
#5336 = CARTESIAN_POINT ( 'NONE',  ( 14.43400105849102033, 0.5918069429221604061, -1.025039693413198227 ) ) ;
#5337 = CARTESIAN_POINT ( 'NONE',  ( 15.51733439182435248, 1.183613885844322366, 0.000000000000000000 ) ) ;
#5338 = ORIENTED_EDGE ( 'NONE', *, *, #3963, .T. ) ;
#5339 = CARTESIAN_POINT ( 'NONE',  ( -19.41666666666666785, 0.7500000000000002220, 1.299038105676657784 ) ) ;
#5340 = CARTESIAN_POINT ( 'NONE',  ( -14.90420674559680414, 1.531250000000000000, 0.8840675996966143035 ) ) ;
#5341 = CARTESIAN_POINT ( 'NONE',  ( 14.94999999999999751, -1.500000000000000000, 1.836970198721029934E-16 ) ) ;
#5342 = CARTESIAN_POINT ( 'NONE',  ( -16.42783121635261523, 1.500000000000000000, -2.744604543629598203E-11 ) ) ;
#5343 = ORIENTED_EDGE ( 'NONE', *, *, #5640, .F. ) ;
#5344 = CARTESIAN_POINT ( 'NONE',  ( 16.37150105849102033, 0.5918069429221604061, -1.025039693413198227 ) ) ;
#5345 = CARTESIAN_POINT ( 'NONE',  ( 13.97566772515768818, 1.183613885844321922, -0.6833597956087991143 ) ) ;
#5346 = VECTOR ( 'NONE', #3355, 1000.000000000000000 ) ;
#5347 = CARTESIAN_POINT ( 'NONE',  ( 20.00000000000000355, -2.249999999999999112, 1.299038105676656896 ) ) ;
#5348 = DIRECTION ( 'NONE',  ( 0.000000000000000000, -1.000000000000000000, 0.000000000000000000 ) ) ;
#5349 = CARTESIAN_POINT ( 'NONE',  ( -20.00000000000000355, 0.000000000000000000, 0.000000000000000000 ) ) ;
#5350 = CARTESIAN_POINT ( 'NONE',  ( -17.20349894150899672, 1.183613885844351010, 0.6833597956088148795 ) ) ;
#5351 = CARTESIAN_POINT ( 'NONE',  ( 20.21804219591217233, 1.531250000000000000, 0.000000000000000000 ) ) ;
#5352 = EDGE_LOOP ( 'NONE', ( #309, #2923, #992, #866 ) ) ;
#5353 = CARTESIAN_POINT ( 'NONE',  ( 19.83745992106986478, 0.7656250000000002220, 1.326101399544921566 ) ) ;
#5354 = FACE_OUTER_BOUND ( 'NONE', #2424, .T. ) ;
#5355 = EDGE_CURVE ( 'NONE', #1790, #2699, #2498, .T. ) ;
#5356 = CARTESIAN_POINT ( 'NONE',  ( -18.30766560817565392, -2.510623159074913942E-16, -1.366719591217596896 ) ) ;
#5357 = CARTESIAN_POINT ( 'NONE',  ( -19.01599894150898251, -0.5918069429221609612, 1.025039693413198005 ) ) ;
#5358 = CARTESIAN_POINT ( 'NONE',  ( -15.12016560817564681, 8.368743863583045653E-17, 1.366719591217596896 ) ) ;
#5359 = CARTESIAN_POINT ( 'NONE',  ( 15.96804219591217411, -1.531250000000000000, 1.875240411194384668E-16 ) ) ;
#5360 = CARTESIAN_POINT ( 'NONE',  ( -18.33333333333333215, -0.7499999999999996669, 1.299038105676658006 ) ) ;
#5361 = CONICAL_SURFACE ( 'NONE', #270, 1.575000000000000178, 0.7853981633978747157 ) ;
#5362 = CARTESIAN_POINT ( 'NONE',  ( -13.76599894150898074, 0.5918069429221604061, -1.025039693413198227 ) ) ;
#5363 = CARTESIAN_POINT ( 'NONE',  ( 13.60066772515768641, 0.5918069429221612943, 1.025039693413197783 ) ) ;
#5364 = CARTESIAN_POINT ( 'NONE',  ( 15.64233439182435070, 8.368743863583045653E-17, 1.366719591217596896 ) ) ;
#5365 = AXIS2_PLACEMENT_3D ( 'NONE', #4982, #2640, #4036 ) ;
#5366 = CARTESIAN_POINT ( 'NONE',  ( -19.50000000000000355, 1.500000000000000000, 0.000000000000000000 ) ) ;
#5367 = CARTESIAN_POINT ( 'NONE',  ( -15.86254007893013451, 0.7656250000000002220, 1.326101399544921566 ) ) ;
#5368 = DIRECTION ( 'NONE',  ( -1.000000000000000000, -4.814824860968088948E-33, -0.000000000000000000 ) ) ;
#5369 = CARTESIAN_POINT ( 'NONE',  ( 17.70483439182433827, -1.183613885844347235, 1.449508956725640775E-16 ) ) ;
#5370 = CARTESIAN_POINT ( 'NONE',  ( -20.05766560817564681, 8.368743863583045653E-17, 1.366719591217596896 ) ) ;
#5371 =( BOUNDED_CURVE ( )  B_SPLINE_CURVE ( 2, ( #1509, #5435, #3312, #1381, #2711, #3661, #4559 ),
 .UNSPECIFIED., .F., .F. ) 
 B_SPLINE_CURVE_WITH_KNOTS ( ( 3, 2, 2, 3 ),
 ( 0.1499734936080032721, 0.1618782555127651346, 0.1737830174175269971, 0.1856877793222889705 ),
 .UNSPECIFIED. ) 
 CURVE ( )  GEOMETRIC_REPRESENTATION_ITEM ( )  RATIONAL_B_SPLINE_CURVE ( ( 1.000000000000000000, 0.8660254037844387076, 1.000000000000000000, 0.8660254037844387076, 1.000000000000000000, 0.8660254037844387076, 1.000000000000000000 ) ) 
 REPRESENTATION_ITEM ( '' )  );
#5372 = VERTEX_POINT ( 'NONE', #2476 ) ;
#5373 = CARTESIAN_POINT ( 'NONE',  ( 15.37150105849102033, 0.5918069429221604061, -1.025039693413198227 ) ) ;
#5374 = DIRECTION ( 'NONE',  ( 1.000000000000000000, 0.000000000000000000, 0.000000000000000000 ) ) ;
#5375 = CARTESIAN_POINT ( 'NONE',  ( -17.79166666666666785, -1.499999999999999778, 0.8660254037844391517 ) ) ;
#5376 = CARTESIAN_POINT ( 'NONE',  ( -16.59449788301795792, -0.7500000000000006661, -1.299038105676658006 ) ) ;
#5377 = DIRECTION ( 'NONE',  ( -1.000000000000000000, -4.814824860968088948E-33, -0.000000000000000000 ) ) ;
#5378 = CARTESIAN_POINT ( 'NONE',  ( -17.24516560817566457, 1.183613885844351010, 0.000000000000000000 ) ) ;
#5379 = ADVANCED_FACE ( 'NONE', ( #3470 ), #2970, .F. ) ;
#5380 = CARTESIAN_POINT ( 'NONE',  ( -17.88616454968486380, 1.500000000000279776, 0.8660254037847676667 ) ) ;
#5381 = ORIENTED_EDGE ( 'NONE', *, *, #1960, .F. ) ;
#5382 = CARTESIAN_POINT ( 'NONE',  ( 18.87912658773652907, 1.082670556198342378E-16, 1.768135199393228829 ) ) ;
#5383 = CARTESIAN_POINT ( 'NONE',  ( 19.52216878364870922, -1.499999999999999112, 5.613893746097986614E-14 ) ) ;
#5384 = CARTESIAN_POINT ( 'NONE',  ( -17.30283121635129717, 1.060575238724908887E-16, 1.732050807568880746 ) ) ;
#5385 = CARTESIAN_POINT ( 'NONE',  ( -17.64099894150897896, 1.183613885844322366, 0.6833597956087983372 ) ) ;
#5386 = EDGE_CURVE ( 'NONE', #3067, #1158, #2071, .T. ) ;
#5387 = CARTESIAN_POINT ( 'NONE',  ( -18.89099894150898251, -1.183613885844322589, -0.6833597956087981151 ) ) ;
#5388 = CARTESIAN_POINT ( 'NONE',  ( -14.32849894150898074, 0.5918069429221604061, -1.025039693413198227 ) ) ;
#5389 = CARTESIAN_POINT ( 'NONE',  ( 14.30137552924550803, 0.7656250000000002220, 1.326101399544921566 ) ) ;
#5390 = CARTESIAN_POINT ( 'NONE',  ( -18.50000000000000000, 1.500000000000000000, 0.000000000000000000 ) ) ;
#5391 = CARTESIAN_POINT ( 'NONE',  ( -13.51599894150898074, -0.5918069429221609612, 1.025039693413198005 ) ) ;
#5392 = CARTESIAN_POINT ( 'NONE',  ( 14.97566772515768641, 1.183613885844322144, -0.6833597956087991143 ) ) ;
#5393 = CARTESIAN_POINT ( 'NONE',  ( 16.60066772515768818, 0.5918069429221612943, 1.025039693413197783 ) ) ;
#5394 = CARTESIAN_POINT ( 'NONE',  ( -18.87016560817564326, -2.510623159074913942E-16, -1.366719591217596896 ) ) ;
#5395 = CARTESIAN_POINT ( 'NONE',  ( -17.19587341226347021, -1.531250000000000000, 1.875240411194384668E-16 ) ) ;
#5396 = DIRECTION ( 'NONE',  ( -1.000000000000000000, -4.814824860968088948E-33, -0.000000000000000000 ) ) ;
#5397 = CARTESIAN_POINT ( 'NONE',  ( 18.53816772515767042, 0.5918069429221737288, 1.025039693413219322 ) ) ;
#5398 = CARTESIAN_POINT ( 'NONE',  ( -19.72433227484231466, 1.183613885844322144, -0.6833597956087991143 ) ) ;
#5399 = VERTEX_POINT ( 'NONE', #3839 ) ;
#5400 = CARTESIAN_POINT ( 'NONE',  ( 16.49650105849102033, 1.183613885844322589, 0.6833597956087983372 ) ) ;
#5401 = DIRECTION ( 'NONE',  ( -1.000000000000000000, -4.814824860968088948E-33, -0.000000000000000000 ) ) ;
#5402 = AXIS2_PLACEMENT_3D ( 'NONE', #430, #2602, #2652 ) ;
#5403 = CARTESIAN_POINT ( 'NONE',  ( 18.94999999999999929, -1.500000000000000000, 1.836970198721029934E-16 ) ) ;
#5404 = CARTESIAN_POINT ( 'NONE',  ( 13.77216878364870745, 1.500000000000000000, 0.000000000000000000 ) ) ;
#5405 = CARTESIAN_POINT ( 'NONE',  ( 19.64716878364870567, -3.181725716174729866E-16, -1.732050807568882744 ) ) ;
#5406 = CARTESIAN_POINT ( 'NONE',  ( -18.53683227484233242, -1.183613885844350788, 0.6833597956088155456 ) ) ;
#5407 = CARTESIAN_POINT ( 'NONE',  ( 19.42637552924550803, -1.531249999999999556, 0.8840675996966148587 ) ) ;
#5408 = CARTESIAN_POINT ( 'NONE',  ( 17.06383545031582116, -1.499999999991884936, -0.8660254037891252921 ) ) ;
#5409 = ORIENTED_EDGE ( 'NONE', *, *, #2136, .F. ) ;
#5410 = CARTESIAN_POINT ( 'NONE',  ( 13.82983439182435248, -2.510623159074913942E-16, -1.366719591217596896 ) ) ;
#5411 = ADVANCED_BREP_SHAPE_REPRESENTATION ( '95947A500_Lightweight Aluminum Female Threaded Hex Standoff', ( #1863, #5103 ), #2546 ) ;
#5412 = CARTESIAN_POINT ( 'NONE',  ( 17.02216878364870567, -1.499999999999999556, 4.215012735070259712E-14 ) ) ;
#5413 = CARTESIAN_POINT ( 'NONE',  ( 19.53333333333333144, -0.7500000000000006661, -1.299038105676657784 ) ) ;
#5414 = CARTESIAN_POINT ( 'NONE',  ( -16.97433227484231111, -1.183613885844322366, 0.6833597956087990033 ) ) ;
#5415 = CARTESIAN_POINT ( 'NONE',  ( 19.79903810567666156, 2.249999999999998668, 1.299038105676658672 ) ) ;
#5416 = CARTESIAN_POINT ( 'NONE',  ( 15.92637552924550981, -1.531249999999999556, 0.8840675996966148587 ) ) ;
#5417 = CARTESIAN_POINT ( 'NONE',  ( -13.92783121635188337, 1.500000000000000444, -1.222622003636876629E-11 ) ) ;
#5418 = CARTESIAN_POINT ( 'NONE',  ( -15.56529113742115911, 0.7656249999999990008, -1.326101399544922455 ) ) ;
#5419 = CARTESIAN_POINT ( 'NONE',  ( 17.05900105849101678, 1.183613885844322589, 0.6833597956087983372 ) ) ;
#5420 = CARTESIAN_POINT ( 'NONE',  ( 15.76733439182435248, -1.183613885844322366, 1.449508956725610206E-16 ) ) ;
#5421 = ORIENTED_EDGE ( 'NONE', *, *, #382, .F. ) ;
#5422 = CARTESIAN_POINT ( 'NONE',  ( -16.53683227484231466, -1.183613885844322366, 0.6833597956087990033 ) ) ;
#5423 = CARTESIAN_POINT ( 'NONE',  ( -18.66183227484231466, 0.5918069429221612943, 1.025039693413197783 ) ) ;
#5424 = CARTESIAN_POINT ( 'NONE',  ( 17.93883545031537352, -0.7500000000000000000, 1.299038105676658672 ) ) ;
#5425 = CARTESIAN_POINT ( 'NONE',  ( 17.82983439182433827, -2.510623159074966697E-16, -1.366719591217625984 ) ) ;
#5426 = CARTESIAN_POINT ( 'NONE',  ( -19.05766560817564681, 8.368743863583045653E-17, 1.366719591217596896 ) ) ;
#5427 = EDGE_CURVE ( 'NONE', #469, #4028, #5672, .T. ) ;
#5428 = ORIENTED_EDGE ( 'NONE', *, *, #5065, .T. ) ;
#5429 = CARTESIAN_POINT ( 'NONE',  ( 16.87150105849101678, 0.5918069429221604061, -1.025039693413198227 ) ) ;
#5430 = CARTESIAN_POINT ( 'NONE',  ( 14.47566772515768818, 1.183613885844321922, -0.6833597956087991143 ) ) ;
#5431 = CARTESIAN_POINT ( 'NONE',  ( -20.00000000000000355, -0.9340480779059874283, 2.058803302138240365 ) ) ;
#5432 = CARTESIAN_POINT ( 'NONE',  ( 13.73738143686340507, 1.499999999999998890, -0.7230414251118983948 ) ) ;
#5433 = CARTESIAN_POINT ( 'NONE',  ( -19.91074498996844966, -1.881317441191442397, -1.511897080250297343 ) ) ;
#5434 = CARTESIAN_POINT ( 'NONE',  ( -16.37016560817566457, -2.510623159074974586E-16, -1.366719591217629981 ) ) ;
#5435 = CARTESIAN_POINT ( 'NONE',  ( 19.40833333333332789, -1.499999999999999778, 0.8660254037844391517 ) ) ;
#5436 = CARTESIAN_POINT ( 'NONE',  ( 18.55900105849102033, 1.183613885844322589, 0.6833597956087983372 ) ) ;
#5437 = DIRECTION ( 'NONE',  ( 0.000000000000000000, -1.000000000000000000, 0.000000000000000000 ) ) ;
#5438 = VECTOR ( 'NONE', #4855, 1000.000000000000000 ) ;
#5439 = ORIENTED_EDGE ( 'NONE', *, *, #4692, .F. ) ;
#5440 = CARTESIAN_POINT ( 'NONE',  ( 15.53816772515768641, 0.5918069429221612943, 1.025039693413197783 ) ) ;
#5441 = DIRECTION ( 'NONE',  ( -1.000000000000000000, -4.814824860968088948E-33, -0.000000000000000000 ) ) ;
#5442 = CARTESIAN_POINT ( 'NONE',  ( -20.00000000000000355, 1.500000000000000000, 1.836970198721029934E-16 ) ) ;
#5443 = B_SPLINE_CURVE_WITH_KNOTS ( 'NONE', 3,
 ( #493, #2301, #589, #3626, #3723, #5093 ),
 .UNSPECIFIED., .F., .F.,
 ( 4, 2, 4 ),
 ( 0.009095255983103317510, 0.009752404917394437434, 0.01040955385168555736 ),
 .UNSPECIFIED. ) ;
#5444 = CARTESIAN_POINT ( 'NONE',  ( 14.96245992106986300, -1.531249999999999556, 0.8840675996966148587 ) ) ;
#5445 = CARTESIAN_POINT ( 'NONE',  ( -16.30766560817564681, -2.510623159074913942E-16, -1.366719591217596896 ) ) ;
#5446 = CARTESIAN_POINT ( 'NONE',  ( -13.70000000000000639, 1.153170825224604235, -0.2667187256536399098 ) ) ;
#5447 = CARTESIAN_POINT ( 'NONE',  ( 14.67637552924550803, 1.531249999999999556, -0.8840675996966153027 ) ) ;
#5448 = ADVANCED_FACE ( 'NONE', ( #730 ), #5361, .F. ) ;
#5449 = CARTESIAN_POINT ( 'NONE',  ( -18.06529113742115911, 0.7656249999999990008, -1.326101399544922455 ) ) ;
#5450 = CARTESIAN_POINT ( 'NONE',  ( 16.22566772515768463, -1.183613885844322366, 0.6833597956087990033 ) ) ;
#5451 = CARTESIAN_POINT ( 'NONE',  ( 19.55900105849102388, 1.183613885844322589, 0.6833597956087983372 ) ) ;
#5452 = ORIENTED_EDGE ( 'NONE', *, *, #3160, .T. ) ;
#5453 = CARTESIAN_POINT ( 'NONE',  ( -17.28683227484231466, 1.183613885844322144, -0.6833597956087991143 ) ) ;
#5454 = CARTESIAN_POINT ( 'NONE',  ( -19.62016560817564326, 8.368743863583045653E-17, 1.366719591217596896 ) ) ;
#5455 = CARTESIAN_POINT ( 'NONE',  ( 14.27216878364869856, 1.499999999999999556, -1.363908985751985877E-13 ) ) ;
#5456 = CARTESIAN_POINT ( 'NONE',  ( -18.05766560817565036, 8.368743863583045653E-17, 1.366719591217596896 ) ) ;
#5457 = CARTESIAN_POINT ( 'NONE',  ( 14.44999999999999929, -1.500000000000000000, 1.836970198721029934E-16 ) ) ;
#5458 = ORIENTED_EDGE ( 'NONE', *, *, #2064, .T. ) ;
#5459 = CARTESIAN_POINT ( 'NONE',  ( 15.99650105849102033, 1.183613885844322589, 0.6833597956087983372 ) ) ;
#5460 = CARTESIAN_POINT ( 'NONE',  ( 15.01733439182435248, 1.183613885844322366, 0.000000000000000000 ) ) ;
#5461 = EDGE_CURVE ( 'NONE', #704, #5782, #4288, .T. ) ;
#5462 = CARTESIAN_POINT ( 'NONE',  ( 19.72436817872841530, -0.2328829333944424651, 1.291630701262624026 ) ) ;
#5463 = CARTESIAN_POINT ( 'NONE',  ( -20.00000000000000355, 0.000000000000000000, 0.000000000000000000 ) ) ;
#5464 = CARTESIAN_POINT ( 'NONE',  ( -20.44587341226347021, 1.531250000000000000, 0.000000000000000000 ) ) ;
#5465 = CARTESIAN_POINT ( 'NONE',  ( -13.72419426573283374, 1.183613885844351010, 0.3439433348490237852 ) ) ;
#5466 = FACE_OUTER_BOUND ( 'NONE', #5732, .T. ) ;
#5467 = CARTESIAN_POINT ( 'NONE',  ( 19.68400105849102033, -0.5918069429221609612, 1.025039693413198005 ) ) ;
#5468 = CARTESIAN_POINT ( 'NONE',  ( -19.92071531419653851, 0.8228756555377086945, 1.256963326334591402 ) ) ;
#5469 = ORIENTED_EDGE ( 'NONE', *, *, #1503, .T. ) ;
#5470 = EDGE_CURVE ( 'NONE', #1584, #4416, #2770, .T. ) ;
#5471 = CARTESIAN_POINT ( 'NONE',  ( 16.82983439182435248, -2.510623159074913942E-16, -1.366719591217596896 ) ) ;
#5472 = CARTESIAN_POINT ( 'NONE',  ( -14.87500000000000178, 1.060575238724906915E-16, 1.732050807568877193 ) ) ;
#5473 = LINE ( 'NONE', #945, #4469 ) ;
#5474 = CARTESIAN_POINT ( 'NONE',  ( 13.92079325440319693, -0.7656249999999996669, 1.326101399544921788 ) ) ;
#5475 = CARTESIAN_POINT ( 'NONE',  ( -16.64099894150898251, 1.183613885844322589, 0.6833597956087983372 ) ) ;
#5476 = CARTESIAN_POINT ( 'NONE',  ( -16.87500000000000355, 1.060575238724906915E-16, 1.732050807568877193 ) ) ;
#5477 = CARTESIAN_POINT ( 'NONE',  ( 15.21804219591217411, 1.531250000000000000, 0.000000000000000000 ) ) ;
#5478 =( BOUNDED_CURVE ( )  B_SPLINE_CURVE ( 2, ( #672, #2794, #1496, #66, #100, #3716, #4674 ),
 .UNSPECIFIED., .F., .F. ) 
 B_SPLINE_CURVE_WITH_KNOTS ( ( 3, 2, 2, 3 ),
 ( 0.008988207475053426945, 0.01055785653659920345, 0.01212750559814496781, 0.01369715465969074432 ),
 .UNSPECIFIED. ) 
 CURVE ( )  GEOMETRIC_REPRESENTATION_ITEM ( )  RATIONAL_B_SPLINE_CURVE ( ( 1.000000000000000000, 0.8660254037844388186, 1.000000000000000000, 0.8660254037844388186, 1.000000000000000000, 0.8660254037843863051, 1.000000000000052403 ) ) 
 REPRESENTATION_ITEM ( '' )  );
#5479 = CARTESIAN_POINT ( 'NONE',  ( 19.91016698480942893, -2.249999999999999112, 0.8761487566112057257 ) ) ;
#5480 = CARTESIAN_POINT ( 'NONE',  ( -16.94029113742115911, 1.531250000000000000, 0.8840675996966143035 ) ) ;
#5481 = CARTESIAN_POINT ( 'NONE',  ( 16.39233439182435248, -2.510623159074913942E-16, -1.366719591217596896 ) ) ;
#5482 = CARTESIAN_POINT ( 'NONE',  ( 18.05900105849102033, 1.183613885844322589, 0.6833597956087983372 ) ) ;
#5483 = EDGE_CURVE ( 'NONE', #884, #2947, #5257, .T. ) ;
#5484 = ORIENTED_EDGE ( 'NONE', *, *, #4428, .T. ) ;
#5485 = CARTESIAN_POINT ( 'NONE',  ( -18.57849894150898251, -0.5918069429221609612, 1.025039693413198005 ) ) ;
#5486 = CARTESIAN_POINT ( 'NONE',  ( -19.45349894150898251, -1.183613885844322589, -0.6833597956087981151 ) ) ;
#5487 = CARTESIAN_POINT ( 'NONE',  ( 15.78333333333332966, 0.7500000000000002220, 1.299038105676657784 ) ) ;
#5488 = CARTESIAN_POINT ( 'NONE',  ( -18.70833333333333570, -1.500000000000000222, -0.8660254037844381525 ) ) ;
#5489 = CARTESIAN_POINT ( 'NONE',  ( -19.34933227484231466, -0.5918069429221617384, -1.025039693413197783 ) ) ;
#5490 = CARTESIAN_POINT ( 'NONE',  ( 17.07499999999999574, -3.181725716174720991E-16, -1.732050807568877193 ) ) ;
#5491 = VERTEX_POINT ( 'NONE', #2154 ) ;
#5492 = CARTESIAN_POINT ( 'NONE',  ( 17.66316772515768463, -1.183613885844322366, 0.6833597956087990033 ) ) ;
#5493 = CARTESIAN_POINT ( 'NONE',  ( 16.47566772515768818, 1.183613885844321922, -0.6833597956087991143 ) ) ;
#5494 = DIRECTION ( 'NONE',  ( 1.000000000000000000, 0.000000000000000000, 0.000000000000000000 ) ) ;
#5495 = CARTESIAN_POINT ( 'NONE',  ( 14.65833333333332966, 1.499999999999999778, -0.8660254037844394848 ) ) ;
#5496 = CARTESIAN_POINT ( 'NONE',  ( 19.69999999999999574, 1.500000000000000000, 0.000000000000000000 ) ) ;
#5497 = CARTESIAN_POINT ( 'NONE',  ( -13.82849894150899672, 0.5918069429221747280, -1.025039693413223096 ) ) ;
#5498 = DIRECTION ( 'NONE',  ( -1.000000000000000000, -4.814824860968088948E-33, -0.000000000000000000 ) ) ;
#5499 = CARTESIAN_POINT ( 'NONE',  ( 18.60066772515768463, 0.5918069429221612943, 1.025039693413197783 ) ) ;
#5500 =( BOUNDED_CURVE ( )  B_SPLINE_CURVE ( 2, ( #2446, #1169, #5229, #2471, #3416, #1670, #4343 ),
 .UNSPECIFIED., .F., .F. ) 
 B_SPLINE_CURVE_WITH_KNOTS ( ( 3, 2, 2, 3 ),
 ( 0.7928306364651460658, 0.8047353983699080393, 0.8166401602746699018, 0.8285449221794318753 ),
 .UNSPECIFIED. ) 
 CURVE ( )  GEOMETRIC_REPRESENTATION_ITEM ( )  RATIONAL_B_SPLINE_CURVE ( ( 1.000000000000000000, 0.8660254037844387076, 1.000000000000000000, 0.8660254037844387076, 1.000000000000000000, 0.8660254037844387076, 1.000000000000000000 ) ) 
 REPRESENTATION_ITEM ( '' )  );
#5501 = CARTESIAN_POINT ( 'NONE',  ( -20.00000000000000355, 0.000000000000000000, 0.000000000000000000 ) ) ;
#5502 = ORIENTED_EDGE ( 'NONE', *, *, #5833, .T. ) ;
#5503 = CARTESIAN_POINT ( 'NONE',  ( 14.53816772515768641, 0.5918069429221612943, 1.025039693413197783 ) ) ;
#5504 = CARTESIAN_POINT ( 'NONE',  ( -19.54166666666666785, 1.499999999999999778, -0.8660254037844394848 ) ) ;
#5505 = DIRECTION ( 'NONE',  ( -1.000000000000000000, -4.814824860968088948E-33, -0.000000000000000000 ) ) ;
#5506 = CARTESIAN_POINT ( 'NONE',  ( 15.25412658773653085, 1.531250000000000000, 0.000000000000000000 ) ) ;
#5507 = CARTESIAN_POINT ( 'NONE',  ( -16.80766560817564681, -2.510623159074913942E-16, -1.366719591217596896 ) ) ;
#5508 = CARTESIAN_POINT ( 'NONE',  ( 17.68883545031537352, 0.7499999999999992228, -1.299038105676659116 ) ) ;
#5509 = CARTESIAN_POINT ( 'NONE',  ( 16.84304219591217588, 1.082670556198342378E-16, 1.768135199393228829 ) ) ;
#5510 = CIRCLE ( 'NONE', #4792, 2.249999999999998224 ) ;
#5511 = CARTESIAN_POINT ( 'NONE',  ( 19.85969698631262759, -2.249999999999999112, 1.088909579293146468 ) ) ;
#5512 = CARTESIAN_POINT ( 'NONE',  ( -16.64862447075449126, -0.7656250000000006661, -1.326101399544921566 ) ) ;
#5513 = CARTESIAN_POINT ( 'NONE',  ( 15.43400105849102033, 0.5918069429221604061, -1.025039693413198227 ) ) ;
#5514 = CARTESIAN_POINT ( 'NONE',  ( 18.26733439182435248, -1.183613885844322366, 1.449508956725610206E-16 ) ) ;
#5515 = ORIENTED_EDGE ( 'NONE', *, *, #3105, .F. ) ;
#5516 =( BOUNDED_CURVE ( )  B_SPLINE_CURVE ( 2, ( #1447, #5504, #1416, #1802, #532, #1386, #3250 ),
 .UNSPECIFIED., .F., .T. ) 
 B_SPLINE_CURVE_WITH_KNOTS ( ( 3, 2, 2, 3 ),
 ( 0.8999734935976339001, 0.9118782555023957626, 0.9237830174071577360, 0.9356877793119195985 ),
 .UNSPECIFIED. ) 
 CURVE ( )  GEOMETRIC_REPRESENTATION_ITEM ( )  RATIONAL_B_SPLINE_CURVE ( ( 1.000000000000000000, 0.8660254037844387076, 1.000000000000000000, 0.8660254037844387076, 1.000000000000000000, 0.8660254037844387076, 1.000000000000000000 ) ) 
 REPRESENTATION_ITEM ( '' )  );
#5517 = CARTESIAN_POINT ( 'NONE',  ( -16.45349894150898251, -1.183613885844322589, -0.6833597956087981151 ) ) ;
#5518 = CARTESIAN_POINT ( 'NONE',  ( -19.74516560817564681, 1.183613885844322366, 0.000000000000000000 ) ) ;
#5519 = FACE_OUTER_BOUND ( 'NONE', #799, .T. ) ;
#5520 = FACE_OUTER_BOUND ( 'NONE', #225, .T. ) ;
#5521 = CARTESIAN_POINT ( 'NONE',  ( -17.68266560817565036, 1.183613885844322366, 0.000000000000000000 ) ) ;
#5522 = CARTESIAN_POINT ( 'NONE',  ( 18.27216878364784236, 1.500000000000000000, -1.797562099167710686E-11 ) ) ;
#5523 = ORIENTED_EDGE ( 'NONE', *, *, #2851, .F. ) ;
#5524 = CARTESIAN_POINT ( 'NONE',  ( 18.37150105849102033, 0.5918069429221604061, -1.025039693413198227 ) ) ;
#5525 = CARTESIAN_POINT ( 'NONE',  ( 15.89233439182435248, -2.510623159074913942E-16, -1.366719591217596896 ) ) ;
#5526 = AXIS2_PLACEMENT_3D ( 'NONE', #4211, #145, #2275 ) ;
#5527 = FACE_OUTER_BOUND ( 'NONE', #3591, .T. ) ;
#5528 = CARTESIAN_POINT ( 'NONE',  ( -19.79903810567666156, -2.249999999999998224, -1.299038105676658228 ) ) ;
#5529 = CARTESIAN_POINT ( 'NONE',  ( 20.00000000000000355, 0.000000000000000000, 0.000000000000000000 ) ) ;
#5530 = CARTESIAN_POINT ( 'NONE',  ( -15.74516560817566457, 1.183613885844351010, 0.000000000000000000 ) ) ;
#5531 = CARTESIAN_POINT ( 'NONE',  ( 19.86022993090466571, -0.1835754756815205502, -2.492088861051973581 ) ) ;
#5532 = CARTESIAN_POINT ( 'NONE',  ( 20.18400105849101678, -0.5918069429221609612, 1.025039693413198005 ) ) ;
#5533 = EDGE_CURVE ( 'NONE', #3542, #1384, #330, .T. ) ;
#5534 = CARTESIAN_POINT ( 'NONE',  ( -19.60861388584432419, -0.1640733474812292869, 1.172186745962348731 ) ) ;
#5535 = CARTESIAN_POINT ( 'NONE',  ( -16.09933227484231821, 0.5918069429221612943, 1.025039693413197783 ) ) ;
#5536 = VERTEX_POINT ( 'NONE', #5232 ) ;
#5537 = CARTESIAN_POINT ( 'NONE',  ( 15.07983439182435248, 8.368743863583045653E-17, 1.366719591217596896 ) ) ;
#5538 = CARTESIAN_POINT ( 'NONE',  ( 15.28816772515767219, -0.5918069429221741728, -1.025039693413219322 ) ) ;
#5539 = AXIS2_PLACEMENT_3D ( 'NONE', #2163, #1684, #3964 ) ;
#5540 = CARTESIAN_POINT ( 'NONE',  ( -19.42783121635131494, 1.500000000000000444, -5.245803791353614237E-13 ) ) ;
#5541 = CARTESIAN_POINT ( 'NONE',  ( 14.21245992106986478, 1.531249999999999556, -0.8840675996966153027 ) ) ;
#5542 = EDGE_CURVE ( 'NONE', #3842, #2892, #757, .T. ) ;
#5543 = CARTESIAN_POINT ( 'NONE',  ( -17.34933227484231466, -0.5918069429221617384, -1.025039693413197783 ) ) ;
#5544 = CARTESIAN_POINT ( 'NONE',  ( 17.56383545031537352, -1.500000000000000888, -0.8660254037844383745 ) ) ;
#5545 = CARTESIAN_POINT ( 'NONE',  ( 18.30137552924551159, 0.7656250000000002220, 1.326101399544921566 ) ) ;
#5546 = CARTESIAN_POINT ( 'NONE',  ( -16.69029113742116266, -1.531250000000000444, -0.8840675996966138595 ) ) ;
#5547 = CARTESIAN_POINT ( 'NONE',  ( 17.72566772515768463, -1.183613885844322366, 0.6833597956087990033 ) ) ;
#5548 = CARTESIAN_POINT ( 'NONE',  ( 20.14233439182435248, 8.368743863583045653E-17, 1.366719591217596896 ) ) ;
#5549 = ORIENTED_EDGE ( 'NONE', *, *, #3885, .F. ) ;
#5550 = CARTESIAN_POINT ( 'NONE',  ( -16.57849894150898251, -0.5918069429221609612, 1.025039693413198005 ) ) ;
#5551 = CARTESIAN_POINT ( 'NONE',  ( -19.70349894150898251, 1.183613885844322589, 0.6833597956087983372 ) ) ;
#5552 = DIRECTION ( 'NONE',  ( -1.000000000000000000, -4.814824860968088948E-33, -0.000000000000000000 ) ) ;
#5553 = CARTESIAN_POINT ( 'NONE',  ( -14.76116454968462932, -0.7500000000000014433, 1.299038105676660892 ) ) ;
#5554 = CARTESIAN_POINT ( 'NONE',  ( -16.97433227484231111, -1.183613885844322366, 0.6833597956087990033 ) ) ;
#5555 = CARTESIAN_POINT ( 'NONE',  ( -16.88616454968464353, 1.500000000000314193, 0.8660254037842561869 ) ) ;
#5556 = ORIENTED_EDGE ( 'NONE', *, *, #5306, .T. ) ;
#5557 = CARTESIAN_POINT ( 'NONE',  ( 17.99650105849101678, 1.183613885844322589, 0.6833597956087983372 ) ) ;
#5558 = CARTESIAN_POINT ( 'NONE',  ( 16.01733439182435248, 1.183613885844322366, 0.000000000000000000 ) ) ;
#5559 = VECTOR ( 'NONE', #1731, 1000.000000000000000 ) ;
#5560 = CARTESIAN_POINT ( 'NONE',  ( -13.70000000000000284, -0.7048915300052274180, -1.263079464210051572 ) ) ;
#5561 = CARTESIAN_POINT ( 'NONE',  ( -20.00000000000000355, -1.500000000000000000, 0.000000000000000000 ) ) ;
#5562 = CARTESIAN_POINT ( 'NONE',  ( 19.83590200774236223, 1.396571018516816975, 0.2316656184260450779 ) ) ;
#5563 = CARTESIAN_POINT ( 'NONE',  ( -15.49516560817566280, -1.183613885844351010, 1.449508956725645212E-16 ) ) ;
#5564 = CARTESIAN_POINT ( 'NONE',  ( 19.35550211698168965, 0.7500000000003027578, 1.299038105677181809 ) ) ;
#5565 = CARTESIAN_POINT ( 'NONE',  ( 18.85066772515768463, -0.5918069429221617384, -1.025039693413197783 ) ) ;
#5566 = AXIS2_PLACEMENT_3D ( 'NONE', #5663, #3888, #5575 ) ;
#5567 = CARTESIAN_POINT ( 'NONE',  ( -15.97433227484231466, -1.183613885844322144, 0.6833597956087987813 ) ) ;
#5568 = ORIENTED_EDGE ( 'NONE', *, *, #3295, .F. ) ;
#5569 = LOCAL_TIME ( 15, 29, 5.000000000000000000, #4340 ) ;
#5570 = CARTESIAN_POINT ( 'NONE',  ( 14.57983439182435248, 8.368743863583045653E-17, 1.366719591217596896 ) ) ;
#5571 = ADVANCED_FACE ( 'NONE', ( #2127 ), #5307, .F. ) ;
#5572 = CARTESIAN_POINT ( 'NONE',  ( 13.99650105849100257, 1.183613885844347458, 0.6833597956088126590 ) ) ;
#5573 = CARTESIAN_POINT ( 'NONE',  ( 13.29579325440319693, 1.531250000000000000, 0.8840675996966143035 ) ) ;
#5574 = CARTESIAN_POINT ( 'NONE',  ( -19.45349894150899317, -1.183613885844351232, -0.6833597956088146574 ) ) ;
#5575 = DIRECTION ( 'NONE',  ( 0.000000000000000000, 0.000000000000000000, -1.000000000000000000 ) ) ;
#5576 = CARTESIAN_POINT ( 'NONE',  ( 17.30137552924550803, 0.7656250000000002220, 1.326101399544921566 ) ) ;
#5577 = CARTESIAN_POINT ( 'NONE',  ( -15.06529113742115911, 0.7656249999999990008, -1.326101399544922455 ) ) ;
#5578 = CARTESIAN_POINT ( 'NONE',  ( 19.51733439182435603, 1.183613885844322366, 0.000000000000000000 ) ) ;
#5579 = ORIENTED_EDGE ( 'NONE', *, *, #1267, .F. ) ;
#5580 = CARTESIAN_POINT ( 'NONE',  ( -13.87016560817564859, -2.510623159074913942E-16, -1.366719591217596896 ) ) ;
#5581 = CARTESIAN_POINT ( 'NONE',  ( -15.99516560817564681, -1.183613885844322366, 1.449508956725610206E-16 ) ) ;
#5582 = CARTESIAN_POINT ( 'NONE',  ( -19.87883325958404512, 1.403148255541720291, 0.4247854817734936228 ) ) ;
#5583 = CARTESIAN_POINT ( 'NONE',  ( -14.67783121635129362, -1.500000000000000000, 1.836970198721030181E-16 ) ) ;
#5584 = CARTESIAN_POINT ( 'NONE',  ( -16.96949788301797923, 1.499999999999684475, -0.8660254037846213393 ) ) ;
#5585 = EDGE_LOOP ( 'NONE', ( #2072, #257, #1513, #1404 ) ) ;
#5586 = CARTESIAN_POINT ( 'NONE',  ( 17.78816772515768463, -0.5918069429221617384, -1.025039693413197783 ) ) ;
#5587 = CARTESIAN_POINT ( 'NONE',  ( 17.18400105849101678, -0.5918069429221609612, 1.025039693413198005 ) ) ;
#5588 = DIRECTION ( 'NONE',  ( -1.000000000000000000, -4.814824860968088948E-33, -0.000000000000000000 ) ) ;
#5589 = CARTESIAN_POINT ( 'NONE',  ( -20.07087341226347021, -3.248011668595026887E-16, -1.768135199393228829 ) ) ;
#5590 = CARTESIAN_POINT ( 'NONE',  ( -14.16183227484233065, 0.5918069429221756161, 1.025039693413222430 ) ) ;
#5591 = LINE ( 'NONE', #651, #5630 ) ;
#5592 = ORIENTED_EDGE ( 'NONE', *, *, #4049, .T. ) ;
#5593 = CARTESIAN_POINT ( 'NONE',  ( -19.42783121635131494, 1.500000000000000444, -5.245803791353614237E-13 ) ) ;
#5594 = CARTESIAN_POINT ( 'NONE',  ( -16.22433227484231821, 1.183613885844321922, -0.6833597956087991143 ) ) ;
#5595 = ORIENTED_EDGE ( 'NONE', *, *, #2747, .F. ) ;
#5596 = CARTESIAN_POINT ( 'NONE',  ( 19.53816772515768463, 0.5918069429221612943, 1.025039693413197783 ) ) ;
#5597 = CARTESIAN_POINT ( 'NONE',  ( 13.82983439182433827, -2.510623159074966697E-16, -1.366719591217625984 ) ) ;
#5598 = VECTOR ( 'NONE', #5121, 1000.000000000000000 ) ;
#5599 = CARTESIAN_POINT ( 'NONE',  ( 17.75412658773653263, 1.531250000000000000, 0.000000000000000000 ) ) ;
#5600 = CARTESIAN_POINT ( 'NONE',  ( -19.28683227484233598, 1.183613885844350566, -0.6833597956088156566 ) ) ;
#5601 = CARTESIAN_POINT ( 'NONE',  ( -20.00000000000000355, 1.500000000000000000, 1.836970198721029934E-16 ) ) ;
#5602 = CARTESIAN_POINT ( 'NONE',  ( 17.92637552924551159, -1.531249999999999556, 0.8840675996966148587 ) ) ;
#5603 = CARTESIAN_POINT ( 'NONE',  ( -15.92783121635129184, 1.499999999999999334, 0.000000000000000000 ) ) ;
#5604 = CARTESIAN_POINT ( 'NONE',  ( -15.19029113742115911, -1.531250000000000444, -0.8840675996966138595 ) ) ;
#5605 = CARTESIAN_POINT ( 'NONE',  ( 16.52216878364870567, -1.500000000000000444, 1.836970198721030674E-16 ) ) ;
#5606 = VERTEX_POINT ( 'NONE', #3075 ) ;
#5607 = CARTESIAN_POINT ( 'NONE',  ( -13.82849894150898074, 0.5918069429221604061, -1.025039693413198227 ) ) ;
#5608 = CARTESIAN_POINT ( 'NONE',  ( -18.20349894150897896, 1.183613885844322589, 0.6833597956087983372 ) ) ;
#5609 = DIRECTION ( 'NONE',  ( -1.000000000000000000, 0.000000000000000000, 0.000000000000000000 ) ) ;
#5610 = LINE ( 'NONE', #253, #175 ) ;
#5611 = CARTESIAN_POINT ( 'NONE',  ( -16.09933227484231821, 0.5918069429221612943, 1.025039693413197783 ) ) ;
#5612 = VERTEX_POINT ( 'NONE', #1277 ) ;
#5613 = CARTESIAN_POINT ( 'NONE',  ( 19.12150105849102033, -0.5918069429221609612, 1.025039693413198005 ) ) ;
#5614 = CARTESIAN_POINT ( 'NONE',  ( 17.64233439182435248, 8.368743863583045653E-17, 1.366719591217596896 ) ) ;
#5615 = ORIENTED_EDGE ( 'NONE', *, *, #152, .T. ) ;
#5616 = CARTESIAN_POINT ( 'NONE',  ( 17.44999999999999574, -1.500000000000000000, 1.836970198721029934E-16 ) ) ;
#5617 = CARTESIAN_POINT ( 'NONE',  ( -18.07087341226347377, -3.248011668595026887E-16, -1.768135199393228829 ) ) ;
#5618 = EDGE_CURVE ( 'NONE', #2189, #1573, #1895, .T. ) ;
#5619 = CARTESIAN_POINT ( 'NONE',  ( -20.00000000000000355, 0.000000000000000000, 0.000000000000000000 ) ) ;
#5620 = CARTESIAN_POINT ( 'NONE',  ( 14.94999999999999751, -1.500000000000000000, 1.836970198721029934E-16 ) ) ;
#5621 = VERTEX_POINT ( 'NONE', #2668 ) ;
#5622 = PRODUCT ( '95947A500_Lightweight Aluminum Female Threaded Hex Standoff', '95947A500_Lightweight Aluminum Female Threaded Hex Standoff', '', ( #2090 ) ) ;
#5623 = CARTESIAN_POINT ( 'NONE',  ( 16.78333333333333144, 0.7500000000000002220, 1.299038105676657784 ) ) ;
#5624 = CARTESIAN_POINT ( 'NONE',  ( -15.47433227484231466, -1.183613885844322144, 0.6833597956087987813 ) ) ;
#5625 = VERTEX_POINT ( 'NONE', #864 ) ;
#5626 = CARTESIAN_POINT ( 'NONE',  ( 18.78816772515768463, -0.5918069429221617384, -1.025039693413197783 ) ) ;
#5627 = CARTESIAN_POINT ( 'NONE',  ( 17.69999999999999574, 1.500000000000000000, 0.000000000000000000 ) ) ;
#5628 = CARTESIAN_POINT ( 'NONE',  ( 14.70483439182433827, -1.183613885844347235, 1.449508956725640775E-16 ) ) ;
#5629 = CC_DESIGN_PERSON_AND_ORGANIZATION_ASSIGNMENT ( #328, #3831, ( #5622 ) ) ;
#5630 = VECTOR ( 'NONE', #2544, 1000.000000000000000 ) ;
#5631 = CARTESIAN_POINT ( 'NONE',  ( 16.92079325440319693, -0.7656249999999996669, 1.326101399544921788 ) ) ;
#5632 = CARTESIAN_POINT ( 'NONE',  ( -14.80766560817564859, -2.510623159074913942E-16, -1.366719591217596896 ) ) ;
#5633 = CARTESIAN_POINT ( 'NONE',  ( -20.00000000000000355, -1.500000000000000000, 0.000000000000000000 ) ) ;
#5634 = PERSON_AND_ORGANIZATION ( #398, #5844 ) ;
#5635 = CARTESIAN_POINT ( 'NONE',  ( -14.06529113742115911, 0.7656249999999990008, -1.326101399544922455 ) ) ;
#5636 = CARTESIAN_POINT ( 'NONE',  ( -20.00000000000000355, 0.000000000000000000, 0.000000000000000000 ) ) ;
#5637 = ORIENTED_EDGE ( 'NONE', *, *, #4196, .F. ) ;
#5638 = CARTESIAN_POINT ( 'NONE',  ( -15.53683227484231466, -1.183613885844322366, 0.6833597956087990033 ) ) ;
#5639 = CARTESIAN_POINT ( 'NONE',  ( -16.66183227484231466, 0.5918069429221612943, 1.025039693413197783 ) ) ;
#5640 = EDGE_CURVE ( 'NONE', #2767, #4890, #4887, .T. ) ;
#5641 = DIRECTION ( 'NONE',  ( 1.000000000000000000, 4.814824860968088948E-33, 0.000000000000000000 ) ) ;
#5642 = DIRECTION ( 'NONE',  ( 0.000000000000000000, -1.000000000000000000, 0.000000000000000000 ) ) ;
#5643 = CARTESIAN_POINT ( 'NONE',  ( -14.76599894150898074, 0.5918069429221604061, -1.025039693413198227 ) ) ;
#5644 = ORIENTED_EDGE ( 'NONE', *, *, #3148, .T. ) ;
#5645 = CARTESIAN_POINT ( 'NONE',  ( 15.35066772515768641, -0.5918069429221617384, -1.025039693413197783 ) ) ;
#5646 = CARTESIAN_POINT ( 'NONE',  ( 17.97566772515768463, 1.183613885844321922, -0.6833597956087991143 ) ) ;
#5647 = ORIENTED_EDGE ( 'NONE', *, *, #4428, .F. ) ;
#5648 = CARTESIAN_POINT ( 'NONE',  ( 17.49166666666666714, -1.500000000000000222, -0.8660254037844381525 ) ) ;
#5649 = CARTESIAN_POINT ( 'NONE',  ( -19.19587341226347021, -1.531250000000000000, 1.875240411194384668E-16 ) ) ;
#5650 = CARTESIAN_POINT ( 'NONE',  ( 19.60861388584432774, 0.4789447093878340111, 1.082383386842619810 ) ) ;
#5651 = CARTESIAN_POINT ( 'NONE',  ( 15.19999999999999751, 1.500000000000000000, 0.000000000000000000 ) ) ;
#5652 = ORIENTED_EDGE ( 'NONE', *, *, #5247, .F. ) ;
#5653 = CARTESIAN_POINT ( 'NONE',  ( 13.78816772515768641, -0.5918069429221617384, -1.025039693413197783 ) ) ;
#5654 = AXIS2_PLACEMENT_3D ( 'NONE', #1230, #2076, #4405 ) ;
#5655 = CARTESIAN_POINT ( 'NONE',  ( -14.97433227484231466, -1.183613885844322144, 0.6833597956087987813 ) ) ;
#5656 = EDGE_LOOP ( 'NONE', ( #3934, #218, #299, #2252 ) ) ;
#5657 = ADVANCED_FACE ( 'NONE', ( #4508 ), #3610, .F. ) ;
#5658 = CARTESIAN_POINT ( 'NONE',  ( 17.74650105849102033, -1.183613885844322589, -0.6833597956087981151 ) ) ;
#5659 = CARTESIAN_POINT ( 'NONE',  ( 14.62150105849100612, -0.5918069429221735067, 1.025039693413219544 ) ) ;
#5660 = EDGE_LOOP ( 'NONE', ( #4075, #5178, #2418, #3454, #4904, #5759, #1326, #1599, #2624, #1899, #1309, #436, #5647, #3333, #5549, #4215, #2447, #2916, #5236, #3957, #48, #2733, #272, #4767, #4748, #902, #4384, #2687 ) ) ;
#5661 = CARTESIAN_POINT ( 'NONE',  ( 17.42079325440319693, -0.7656249999999996669, 1.326101399544921788 ) ) ;
#5662 = CARTESIAN_POINT ( 'NONE',  ( -14.47433227484231644, -1.183613885844322366, 0.6833597956087990033 ) ) ;
#5663 = CARTESIAN_POINT ( 'NONE',  ( 20.00000000000000355, 0.000000000000000000, 0.000000000000000000 ) ) ;
#5664 =( BOUNDED_CURVE ( )  B_SPLINE_CURVE ( 2, ( #3993, #1686, #3404, #4830, #5793, #3937, #2522 ),
 .UNSPECIFIED., .F., .F. ) 
 B_SPLINE_CURVE_WITH_KNOTS ( ( 3, 2, 2, 3 ),
 ( 0.5785449221690623922, 0.5904496840738243657, 0.6023544459785862282, 0.6142592078833482017 ),
 .UNSPECIFIED. ) 
 CURVE ( )  GEOMETRIC_REPRESENTATION_ITEM ( )  RATIONAL_B_SPLINE_CURVE ( ( 1.000000000000000000, 0.8660254037844387076, 1.000000000000000000, 0.8660254037844387076, 1.000000000000000000, 0.8660254037844387076, 1.000000000000000000 ) ) 
 REPRESENTATION_ITEM ( '' )  );
#5665 = PERSON_AND_ORGANIZATION_ROLE ( 'creator' ) ;
#5666 = AXIS2_PLACEMENT_3D ( 'NONE', #4159, #573, #1051 ) ;
#5667 = CARTESIAN_POINT ( 'NONE',  ( -14.60695780408782518, -3.248011668595026887E-16, -1.768135199393228829 ) ) ;
#5668 = B_SPLINE_CURVE_WITH_KNOTS ( 'NONE', 3,
 ( #4814, #4315, #2995, #2561, #3467, #3892 ),
 .UNSPECIFIED., .F., .F.,
 ( 4, 2, 4 ),
 ( 0.01435089293491969079, 0.01499661481099565791, 0.01564233668707162503 ),
 .UNSPECIFIED. ) ;
#5669 = CARTESIAN_POINT ( 'NONE',  ( -20.00000000000000355, -1.124999999999998224, -1.948557158514986565 ) ) ;
#5670 = CARTESIAN_POINT ( 'NONE',  ( -15.16183227484231644, 0.5918069429221612943, 1.025039693413197783 ) ) ;
#5671 = CARTESIAN_POINT ( 'NONE',  ( -17.41183227484231466, -0.5918069429221617384, -1.025039693413197783 ) ) ;
#5672 = LINE ( 'NONE', #3445, #4903 ) ;
#5673 = CARTESIAN_POINT ( 'NONE',  ( -18.87500000000000355, 1.060575238724906915E-16, 1.732050807568877193 ) ) ;
#5674 = CARTESIAN_POINT ( 'NONE',  ( -15.22433227484231821, 1.183613885844322144, -0.6833597956087991143 ) ) ;
#5675 = ORIENTED_EDGE ( 'NONE', *, *, #77, .F. ) ;
#5676 = CARTESIAN_POINT ( 'NONE',  ( 14.22566772515768641, -1.183613885844322366, 0.6833597956087990033 ) ) ;
#5677 = EDGE_CURVE ( 'NONE', #3386, #2018, #1030, .T. ) ;
#5678 = EDGE_LOOP ( 'NONE', ( #3753, #1110, #338, #460 ) ) ;
#5679 = CARTESIAN_POINT ( 'NONE',  ( 17.65833333333333499, 1.499999999999999778, -0.8660254037844394848 ) ) ;
#5680 = CARTESIAN_POINT ( 'NONE',  ( -19.65420674559680236, -1.531250000000000444, -0.8840675996966138595 ) ) ;
#5681 = DIRECTION ( 'NONE',  ( 1.000000000000000000, 0.000000000000000000, 0.000000000000000000 ) ) ;
#5682 = AXIS2_PLACEMENT_3D ( 'NONE', #1186, #208, #4334 ) ;
#5683 = CARTESIAN_POINT ( 'NONE',  ( -19.91016698480943248, -2.249999999999999112, 0.8761487566112070580 ) ) ;
#5684 = ORIENTED_EDGE ( 'NONE', *, *, #588, .F. ) ;
#5685 = FACE_OUTER_BOUND ( 'NONE', #1217, .T. ) ;
#5686 = CARTESIAN_POINT ( 'NONE',  ( -14.05766560817564859, 8.368743863583045653E-17, 1.366719591217596896 ) ) ;
#5687 = ORIENTED_EDGE ( 'NONE', *, *, #5483, .F. ) ;
#5688 = B_SPLINE_CURVE_WITH_KNOTS ( 'NONE', 3,
 ( #3056, #1343, #4877, #2622 ),
 .UNSPECIFIED., .F., .F.,
 ( 4, 4 ),
 ( 2.380746839933468056E-07, 0.001314652396222794730 ),
 .UNSPECIFIED. ) ;
#5689 = CARTESIAN_POINT ( 'NONE',  ( 19.28816772515768463, -0.5918069429221617384, -1.025039693413197783 ) ) ;
#5690 = CARTESIAN_POINT ( 'NONE',  ( 14.27216878364869856, 1.499999999999999556, -1.363908985751985877E-13 ) ) ;
#5691 = CARTESIAN_POINT ( 'NONE',  ( 17.78816772515767042, -0.5918069429221741728, -1.025039693413219322 ) ) ;
#5692 = VERTEX_POINT ( 'NONE', #3109 ) ;
#5693 =( BOUNDED_CURVE ( )  B_SPLINE_CURVE ( 2, ( #2251, #2223, #4593, #853, #1769, #5380, #1324 ),
 .UNSPECIFIED., .F., .F. ) 
 B_SPLINE_CURVE_WITH_KNOTS ( ( 3, 2, 2, 3 ),
 ( 0.07492436493549360643, 0.07649423812782030208, 0.07806411132014699772, 0.07963398451247369336 ),
 .UNSPECIFIED. ) 
 CURVE ( )  GEOMETRIC_REPRESENTATION_ITEM ( )  RATIONAL_B_SPLINE_CURVE ( ( 1.000000000000001332, 0.8660254037844374864, 1.000000000000000000, 0.8660254037844387076, 1.000000000000000000, 0.8660254037844612451, 0.9999999999999774625 ) ) 
 REPRESENTATION_ITEM ( '' )  );
#5694 = CARTESIAN_POINT ( 'NONE',  ( 17.33745992106986478, 0.7656250000000002220, 1.326101399544921566 ) ) ;
#5695 = PERSON_AND_ORGANIZATION_ROLE ( 'classification_officer' ) ;
#5696 = CARTESIAN_POINT ( 'NONE',  ( -14.85695780408782340, 1.082670556198342378E-16, 1.768135199393228829 ) ) ;
#5697 = CARTESIAN_POINT ( 'NONE',  ( 20.00000000000000355, -1.524864949371779562E-15, 2.598076211353314680 ) ) ;
#5698 = CARTESIAN_POINT ( 'NONE',  ( -13.49516560817564859, -1.183613885844322366, 1.449508956725610206E-16 ) ) ;
#5699 = CARTESIAN_POINT ( 'NONE',  ( -18.53683227484231821, -1.183613885844322366, 0.6833597956087990033 ) ) ;
#5700 = DIRECTION ( 'NONE',  ( 1.000000000000000000, 0.000000000000000000, 0.000000000000000000 ) ) ;
#5701 = CARTESIAN_POINT ( 'NONE',  ( -14.22433227484231466, 1.183613885844322144, -0.6833597956087991143 ) ) ;
#5702 = CARTESIAN_POINT ( 'NONE',  ( 14.26733439182435426, -1.183613885844322366, 1.449508956725610206E-16 ) ) ;
#5703 = CARTESIAN_POINT ( 'NONE',  ( 19.70483439182435248, -1.183613885844322366, 1.449508956725610206E-16 ) ) ;
#5704 = EDGE_LOOP ( 'NONE', ( #1240, #5088, #5484, #4628 ) ) ;
#5705 = FACE_OUTER_BOUND ( 'NONE', #1316, .T. ) ;
#5706 = CARTESIAN_POINT ( 'NONE',  ( -17.48754007893013451, 1.531249999999999556, -0.8840675996966153027 ) ) ;
#5707 = DIRECTION ( 'NONE',  ( -1.000000000000000000, -4.814824860968088948E-33, -0.000000000000000000 ) ) ;
#5708 = CARTESIAN_POINT ( 'NONE',  ( 13.74166666666666536, 1.499999999999999778, 0.8660254037844384856 ) ) ;
#5709 = ORIENTED_EDGE ( 'NONE', *, *, #661, .T. ) ;
#5710 = CARTESIAN_POINT ( 'NONE',  ( 20.00000000000000355, 0.000000000000000000, 0.000000000000000000 ) ) ;
#5711 = CARTESIAN_POINT ( 'NONE',  ( -14.34933227484231466, -0.5918069429221617384, -1.025039693413197783 ) ) ;
#5712 = CARTESIAN_POINT ( 'NONE',  ( 19.41316772515768463, 1.183613885844322144, -0.6833597956087991143 ) ) ;
#5713 =( BOUNDED_CURVE ( )  B_SPLINE_CURVE ( 2, ( #3980, #2616, #5780, #1725, #5333, #3322, #538 ),
 .UNSPECIFIED., .F., .F. ) 
 B_SPLINE_CURVE_WITH_KNOTS ( ( 3, 2, 2, 3 ),
 ( 0.4356877793119195985, 0.4475925412166814610, 0.4594973031214434345, 0.4714020650262052969 ),
 .UNSPECIFIED. ) 
 CURVE ( )  GEOMETRIC_REPRESENTATION_ITEM ( )  RATIONAL_B_SPLINE_CURVE ( ( 1.000000000000000000, 0.8660254037844387076, 1.000000000000000000, 0.8660254037844387076, 1.000000000000000000, 0.8660254037844387076, 1.000000000000000000 ) ) 
 REPRESENTATION_ITEM ( '' )  );
#5714 = CARTESIAN_POINT ( 'NONE',  ( 17.45483439182433827, 1.183613885844347235, 0.000000000000000000 ) ) ;
#5716 = EDGE_CURVE ( 'NONE', #925, #3345, #3087, .T. ) ;
#5715 = CARTESIAN_POINT ( 'NONE',  ( 18.17637552924550803, 1.531249999999999556, -0.8840675996966153027 ) ) ;
#5717 = ORIENTED_EDGE ( 'NONE', *, *, #3070, .F. ) ;
#5718 = CARTESIAN_POINT ( 'NONE',  ( 15.83745992106986478, 0.7656250000000002220, 1.326101399544921566 ) ) ;
#5719 = CARTESIAN_POINT ( 'NONE',  ( -15.17783121635129184, -1.499999999999999556, 2.816131724042606647E-14 ) ) ;
#5720 = DIRECTION ( 'NONE',  ( 0.000000000000000000, 0.000000000000000000, -1.000000000000000000 ) ) ;
#5721 = CARTESIAN_POINT ( 'NONE',  ( 13.70000000000000995, -1.181053599007261923, 0.07780891379347437686 ) ) ;
#5722 =( BOUNDED_CURVE ( )  B_SPLINE_CURVE ( 2, ( #440, #533, #2347, #4154, #1902, #1045, #3701 ),
 .UNSPECIFIED., .F., .F. ) 
 B_SPLINE_CURVE_WITH_KNOTS ( ( 3, 2, 2, 3 ),
 ( 0.2214020650365746690, 0.2333068269413365314, 0.2452115888460985049, 0.2571163507508603674 ),
 .UNSPECIFIED. ) 
 CURVE ( )  GEOMETRIC_REPRESENTATION_ITEM ( )  RATIONAL_B_SPLINE_CURVE ( ( 1.000000000000000000, 0.8660254037844387076, 1.000000000000000000, 0.8660254037844387076, 1.000000000000000000, 0.8660254037844387076, 1.000000000000000000 ) ) 
 REPRESENTATION_ITEM ( '' )  );
#5723 = EDGE_CURVE ( 'NONE', #5372, #2909, #4451, .T. ) ;
#5724 = CARTESIAN_POINT ( 'NONE',  ( -19.89099894150898251, -1.183613885844322589, -0.6833597956087981151 ) ) ;
#5725 = CARTESIAN_POINT ( 'NONE',  ( -15.37016560817564681, -2.510623159074913942E-16, -1.366719591217596896 ) ) ;
#5726 = CARTESIAN_POINT ( 'NONE',  ( 13.70000000000001350, 0.5106697379290280336, 1.244126816115926903 ) ) ;
#5727 = CARTESIAN_POINT ( 'NONE',  ( -15.09933227484231644, 0.5918069429221612943, 1.025039693413197783 ) ) ;
#5728 =( BOUNDED_CURVE ( )  B_SPLINE_CURVE ( 2, ( #4829, #3059, #1658, #5291, #2982, #2520, #741 ),
 .UNSPECIFIED., .F., .F. ) 
 B_SPLINE_CURVE_WITH_KNOTS ( ( 3, 2, 2, 3 ),
 ( 0.8642592078937175737, 0.8761639697984794362, 0.8880687317032412986, 0.8999734936080032721 ),
 .UNSPECIFIED. ) 
 CURVE ( )  GEOMETRIC_REPRESENTATION_ITEM ( )  RATIONAL_B_SPLINE_CURVE ( ( 1.000000000000000000, 0.8660254037844387076, 1.000000000000000000, 0.8660254037844387076, 1.000000000000000000, 0.8660254037844387076, 1.000000000000000000 ) ) 
 REPRESENTATION_ITEM ( '' )  );
#5729 = CARTESIAN_POINT ( 'NONE',  ( 14.76733439182435248, -1.183613885844322366, 1.449508956725610206E-16 ) ) ;
#5730 = CARTESIAN_POINT ( 'NONE',  ( 13.97566772515768818, 1.183613885844322144, -0.6833597956087991143 ) ) ;
#5731 = EDGE_CURVE ( 'NONE', #1573, #1800, #2092, .T. ) ;
#5732 = EDGE_LOOP ( 'NONE', ( #4615, #3881, #3777 ) ) ;
#5733 = CARTESIAN_POINT ( 'NONE',  ( -17.00000000000000000, 1.500000000000000000, 0.000000000000000000 ) ) ;
#5734 = CARTESIAN_POINT ( 'NONE',  ( -16.77920674559680592, -0.7656249999999996669, 1.326101399544921788 ) ) ;
#5735 = DIRECTION ( 'NONE',  ( -1.000000000000000000, -4.814824860968088948E-33, -0.000000000000000000 ) ) ;
#5736 = CARTESIAN_POINT ( 'NONE',  ( -20.00000000000000355, -1.500000000000000000, 0.000000000000000000 ) ) ;
#5737 = VERTEX_POINT ( 'NONE', #1752 ) ;
#5738 = CARTESIAN_POINT ( 'NONE',  ( -19.86022993090466215, 2.066424524318476230, 1.405025455977998883 ) ) ;
#5739 = CARTESIAN_POINT ( 'NONE',  ( 19.60861388584432774, -0.4087657049953949406, 1.110789102027524899 ) ) ;
#5740 = CARTESIAN_POINT ( 'NONE',  ( 19.60453269664364839, 0.5369113358920085677, 1.056733686909383962 ) ) ;
#5741 = CARTESIAN_POINT ( 'NONE',  ( 17.20483439182433827, -1.183613885844347235, 1.449508956725640775E-16 ) ) ;
#5742 = CARTESIAN_POINT ( 'NONE',  ( 19.84304219591217588, 1.082670556198342378E-16, 1.768135199393228829 ) ) ;
#5743 = ORIENTED_EDGE ( 'NONE', *, *, #5122, .F. ) ;
#5744 = EDGE_CURVE ( 'NONE', #3158, #2461, #5116, .T. ) ;
#5745 =( BOUNDED_CURVE ( )  B_SPLINE_CURVE ( 2, ( #4353, #2483, #1151, #4712, #3902, #2570, #3367 ),
 .UNSPECIFIED., .F., .T. ) 
 B_SPLINE_CURVE_WITH_KNOTS ( ( 3, 2, 2, 3 ),
 ( 0.07854492216906239221, 0.09044968407382436570, 0.1023544459785862282, 0.1142592078833482017 ),
 .UNSPECIFIED. ) 
 CURVE ( )  GEOMETRIC_REPRESENTATION_ITEM ( )  RATIONAL_B_SPLINE_CURVE ( ( 1.000000000000000000, 0.8660254037844387076, 1.000000000000000000, 0.8660254037844387076, 1.000000000000000000, 0.8660254037844387076, 1.000000000000000000 ) ) 
 REPRESENTATION_ITEM ( '' )  );
#5746 = VECTOR ( 'NONE', #5288, 1000.000000000000000 ) ;
#5747 = CARTESIAN_POINT ( 'NONE',  ( 19.17079325440319693, 0.7656249999999990008, -1.326101399544922455 ) ) ;
#5748 = CARTESIAN_POINT ( 'NONE',  ( -20.00000000000001066, 2.249999999999999556, -0.2199382128684904403 ) ) ;
#5749 = DATE_TIME_ROLE ( 'creation_date' ) ;
#5750 = CARTESIAN_POINT ( 'NONE',  ( -16.17783121635034149, -1.499999999999999556, -1.973802736861560734E-11 ) ) ;
#5751 = AXIS2_PLACEMENT_3D ( 'NONE', #4119, #1329, #50 ) ;
#5752 = CARTESIAN_POINT ( 'NONE',  ( -19.34933227484231466, -0.5918069429221617384, -1.025039693413197783 ) ) ;
#5753 = CARTESIAN_POINT ( 'NONE',  ( -17.64099894150897896, 1.183613885844322589, 0.6833597956087983372 ) ) ;
#5754 = CARTESIAN_POINT ( 'NONE',  ( -14.62016560817564681, 8.368743863583045653E-17, 1.366719591217596896 ) ) ;
#5755 = CARTESIAN_POINT ( 'NONE',  ( 15.61666666666666536, 0.7499999999999990008, -1.299038105676658672 ) ) ;
#5756 = CARTESIAN_POINT ( 'NONE',  ( -13.47433227484231466, -1.183613885844322366, 0.6833597956087990033 ) ) ;
#5757 = CARTESIAN_POINT ( 'NONE',  ( 14.01733439182435426, 1.183613885844322366, 0.000000000000000000 ) ) ;
#5758 = CARTESIAN_POINT ( 'NONE',  ( 17.51733439182435248, 1.183613885844322366, 0.000000000000000000 ) ) ;
#5759 = ORIENTED_EDGE ( 'NONE', *, *, #2087, .F. ) ;
#5760 = CARTESIAN_POINT ( 'NONE',  ( -19.70349894150898251, 1.183613885844322589, 0.6833597956087983372 ) ) ;
#5761 = CARTESIAN_POINT ( 'NONE',  ( -15.61254007893013629, -0.7656250000000006661, -1.326101399544921566 ) ) ;
#5762 = CARTESIAN_POINT ( 'NONE',  ( -19.64071809939509450, 1.163474539818643239, 0.3645485094414635530 ) ) ;
#5763 = CARTESIAN_POINT ( 'NONE',  ( 16.31383545031534865, 1.500000000000048406, 0.8660254037844664632 ) ) ;
#5764 = EDGE_CURVE ( 'NONE', #5737, #5491, #5713, .T. ) ;
#5765 = ORIENTED_EDGE ( 'NONE', *, *, #2283, .T. ) ;
#5766 = CARTESIAN_POINT ( 'NONE',  ( -19.05283121635129362, -3.181725716174718033E-16, -1.732050807568875861 ) ) ;
#5767 = CARTESIAN_POINT ( 'NONE',  ( 19.27216878364870567, 1.500000000000000444, -1.119104808822139996E-13 ) ) ;
#5768 = CARTESIAN_POINT ( 'NONE',  ( -17.95833333333333570, 1.499999999999999778, 0.8660254037844384856 ) ) ;
#5769 = CYLINDRICAL_SURFACE ( 'NONE', #1588, 1.500000000000000000 ) ;
#5770 = CARTESIAN_POINT ( 'NONE',  ( 16.44999999999999929, -1.500000000000000000, 1.836970198721029934E-16 ) ) ;
#5771 = CARTESIAN_POINT ( 'NONE',  ( -14.43266560817564859, -1.183613885844322366, 1.449508956725610206E-16 ) ) ;
#5772 = CARTESIAN_POINT ( 'NONE',  ( 19.98075666599056888, -1.506653605801032025, 1.728209346468568386 ) ) ;
#5773 = ORIENTED_EDGE ( 'NONE', *, *, #266, .F. ) ;
#5774 = CARTESIAN_POINT ( 'NONE',  ( 19.96245992106986478, -1.531249999999999556, 0.8840675996966148587 ) ) ;
#5775 = CARTESIAN_POINT ( 'NONE',  ( -19.25000000000000355, -1.500000000000000000, 1.836970198721029934E-16 ) ) ;
#5776 = CARTESIAN_POINT ( 'NONE',  ( -19.25000000000000355, -1.500000000000000000, 1.836970198721029934E-16 ) ) ;
#5777 = CARTESIAN_POINT ( 'NONE',  ( -18.97433227484231466, -1.183613885844322144, 0.6833597956087987813 ) ) ;
#5778 = CARTESIAN_POINT ( 'NONE',  ( -17.84933227484231466, -0.5918069429221617384, -1.025039693413197783 ) ) ;
#5779 = CARTESIAN_POINT ( 'NONE',  ( -14.70349894150898074, 1.183613885844322589, 0.6833597956087983372 ) ) ;
#5780 = CARTESIAN_POINT ( 'NONE',  ( -16.33333333333333925, -0.7499999999999996669, 1.299038105676658006 ) ) ;
#5781 = CARTESIAN_POINT ( 'NONE',  ( -14.01599894150898074, -0.5918069429221609612, 1.025039693413198005 ) ) ;
#5782 = VERTEX_POINT ( 'NONE', #57 ) ;
#5783 = CARTESIAN_POINT ( 'NONE',  ( 15.97566772515768641, 1.183613885844322144, -0.6833597956087991143 ) ) ;
#5784 = VERTEX_POINT ( 'NONE', #1907 ) ;
#5785 = AXIS2_PLACEMENT_3D ( 'NONE', #1822, #1407, #1469 ) ;
#5786 = CARTESIAN_POINT ( 'NONE',  ( -20.20349894150897896, 1.183613885844322589, 0.6833597956087983372 ) ) ;
#5787 = CARTESIAN_POINT ( 'NONE',  ( -15.23754007893013629, -1.531249999999999556, 0.8840675996966148587 ) ) ;
#5788 = CARTESIAN_POINT ( 'NONE',  ( -19.67783121635129362, -1.500000000000000444, 1.836970198721030674E-16 ) ) ;
#5789 = FACE_OUTER_BOUND ( 'NONE', #1368, .T. ) ;
#5790 =( BOUNDED_CURVE ( )  B_SPLINE_CURVE ( 2, ( #4180, #5130, #525, #3693, #2304, #3183, #5001 ),
 .UNSPECIFIED., .F., .F. ) 
 B_SPLINE_CURVE_WITH_KNOTS ( ( 3, 2, 2, 3 ),
 ( 0.3642592078833482017, 0.3761639697881100641, 0.3880687316928719266, 0.3999734935976339001 ),
 .UNSPECIFIED. ) 
 CURVE ( )  GEOMETRIC_REPRESENTATION_ITEM ( )  RATIONAL_B_SPLINE_CURVE ( ( 1.000000000000000000, 0.8660254037844387076, 1.000000000000000000, 0.8660254037844387076, 1.000000000000000000, 0.8660254037844387076, 1.000000000000000000 ) ) 
 REPRESENTATION_ITEM ( '' )  );
#5791 = ORIENTED_EDGE ( 'NONE', *, *, #497, .T. ) ;
#5792 = CARTESIAN_POINT ( 'NONE',  ( 15.95483439182435248, 1.183613885844322366, 0.000000000000000000 ) ) ;
#5793 = CARTESIAN_POINT ( 'NONE',  ( -17.41666666666666785, 0.7500000000000002220, 1.299038105676657784 ) ) ;
#5794 = EDGE_CURVE ( 'NONE', #2009, #1944, #2246, .T. ) ;
#5795 = CARTESIAN_POINT ( 'NONE',  ( -20.00000000000000355, 0.000000000000000000, 2.249999999999998224 ) ) ;
#5796 = CARTESIAN_POINT ( 'NONE',  ( 18.24166666666666714, 1.499999999999999778, 0.8660254037844384856 ) ) ;
#5797 = CARTESIAN_POINT ( 'NONE',  ( -13.69999999999999751, 0.6887291829713095836, 1.042230076027107488 ) ) ;
#5798 = CARTESIAN_POINT ( 'NONE',  ( -18.91183227484232887, -0.5918069429221760602, -1.025039693413222430 ) ) ;
#5799 = CARTESIAN_POINT ( 'NONE',  ( 19.21804219591217233, 1.531250000000000000, 0.000000000000000000 ) ) ;
#5800 = DIRECTION ( 'NONE',  ( 0.000000000000000000, -1.000000000000000000, 0.000000000000000000 ) ) ;
#5801 = ORIENTED_EDGE ( 'NONE', *, *, #3254, .F. ) ;
#5802 = EDGE_CURVE ( 'NONE', #3870, #2461, #1551, .T. ) ;
#5803 = CARTESIAN_POINT ( 'NONE',  ( 18.71245992106986122, 1.531249999999999556, -0.8840675996966153027 ) ) ;
#5804 = CARTESIAN_POINT ( 'NONE',  ( -19.78909777782741486, -1.208549662577058204, -0.6551825830189031974 ) ) ;
#5805 = CARTESIAN_POINT ( 'NONE',  ( -19.79903810567666156, -2.249999999999998224, -1.299038105676658228 ) ) ;
#5806 = CARTESIAN_POINT ( 'NONE',  ( -18.34933227484231466, -0.5918069429221617384, -1.025039693413197783 ) ) ;
#5807 = CARTESIAN_POINT ( 'NONE',  ( -20.01599894150898251, -0.5918069429221609612, 1.025039693413198005 ) ) ;
#5808 = CARTESIAN_POINT ( 'NONE',  ( -13.95349894150898074, -1.183613885844322589, -0.6833597956087981151 ) ) ;
#5809 = CARTESIAN_POINT ( 'NONE',  ( -14.13616454968462577, -1.499999999999999778, -0.8660254037844377084 ) ) ;
#5810 = CARTESIAN_POINT ( 'NONE',  ( -18.94029113742116266, 1.531250000000000000, 0.8840675996966143035 ) ) ;
#5811 = AXIS2_PLACEMENT_3D ( 'NONE', #2187, #315, #4878 ) ;
#5812 = ORIENTED_EDGE ( 'NONE', *, *, #725, .F. ) ;
#5813 = CARTESIAN_POINT ( 'NONE',  ( 16.68400105849102033, -0.5918069429221609612, 1.025039693413198005 ) ) ;
#5814 = EDGE_CURVE ( 'NONE', #2209, #2767, #232, .T. ) ;
#5815 = EDGE_LOOP ( 'NONE', ( #3911, #1561, #4434 ) ) ;
#5816 = CARTESIAN_POINT ( 'NONE',  ( -19.57849894150898251, -0.5918069429221609612, 1.025039693413198005 ) ) ;
#5817 = CARTESIAN_POINT ( 'NONE',  ( -15.11254007893013807, -0.7656250000000006661, -1.326101399544921566 ) ) ;
#5818 = CARTESIAN_POINT ( 'NONE',  ( -20.00000000000000355, -1.500000000000000000, 0.000000000000000000 ) ) ;
#5819 = ORIENTED_EDGE ( 'NONE', *, *, #3178, .T. ) ;
#5820 = CARTESIAN_POINT ( 'NONE',  ( 14.57983439182435248, 8.368743863583045653E-17, 1.366719591217596896 ) ) ;
#5821 = CARTESIAN_POINT ( 'NONE',  ( -20.00000000000000355, 0.000000000000000000, 0.000000000000000000 ) ) ;
#5822 = CARTESIAN_POINT ( 'NONE',  ( 19.99650105849101678, 1.183613885844322589, 0.6833597956087983372 ) ) ;
#5823 = CARTESIAN_POINT ( 'NONE',  ( 19.19999999999999929, 1.500000000000000000, 0.000000000000000000 ) ) ;
#5824 = FACE_OUTER_BOUND ( 'NONE', #3248, .T. ) ;
#5825 = CARTESIAN_POINT ( 'NONE',  ( -18.82849894150899317, 0.5918069429221747280, -1.025039693413223096 ) ) ;
#5826 = CARTESIAN_POINT ( 'NONE',  ( 20.00000000000000355, -1.315951922094013238, 1.838311014891730322 ) ) ;
#5827 = ADVANCED_FACE ( 'NONE', ( #1872 ), #3293, .F. ) ;
#5828 = CYLINDRICAL_SURFACE ( 'NONE', #1809, 1.500000000000000000 ) ;
#5829 = ORIENTED_EDGE ( 'NONE', *, *, #4494, .F. ) ;
#5830 = CARTESIAN_POINT ( 'NONE',  ( 20.02757511642244737, -1.531250000000000222, -0.4975220273225918199 ) ) ;
#5831 = CARTESIAN_POINT ( 'NONE',  ( -13.70000000000000639, 1.153170825224604235, -0.2667187256536399098 ) ) ;
#5832 = CARTESIAN_POINT ( 'NONE',  ( -17.17783121635129717, -1.499999999999999556, 1.836970198721029688E-16 ) ) ;
#5833 = EDGE_CURVE ( 'NONE', #4807, #854, #446, .T. ) ;
#5834 = CARTESIAN_POINT ( 'NONE',  ( -19.39099894150898251, -1.183613885844322589, -0.6833597956087981151 ) ) ;
#5835 = VECTOR ( 'NONE', #1408, 1000.000000000000000 ) ;
#5836 = CARTESIAN_POINT ( 'NONE',  ( -19.59933227484231111, 0.5918069429221612943, 1.025039693413197783 ) ) ;
#5837 = CARTESIAN_POINT ( 'NONE',  ( -15.32849894150898074, 0.5918069429221604061, -1.025039693413198227 ) ) ;
#5838 = CARTESIAN_POINT ( 'NONE',  ( 15.05137552924550981, -0.7656250000000006661, -1.326101399544921566 ) ) ;
#5839 = CARTESIAN_POINT ( 'NONE',  ( 18.98050211698200229, -1.499999999999815037, 0.8660254037845938058 ) ) ;
#5840 = CONICAL_SURFACE ( 'NONE', #5566, 2.249999999999998668, 1.047197551196600074 ) ;
#5841 = CARTESIAN_POINT ( 'NONE',  ( -19.35695780408782696, 1.082670556198342378E-16, 1.768135199393228829 ) ) ;
#5842 = CARTESIAN_POINT ( 'NONE',  ( 15.89233439182435248, -2.510623159074913942E-16, -1.366719591217596896 ) ) ;
#5843 = CARTESIAN_POINT ( 'NONE',  ( 16.93400105849101678, 0.5918069429221604061, -1.025039693413198227 ) ) ;
#5844 = ORGANIZATION ( 'UNSPECIFIED', 'UNSPECIFIED', '' ) ;
#5845 = CARTESIAN_POINT ( 'NONE',  ( -18.95349894150898251, -1.183613885844322589, -0.6833597956087981151 ) ) ;
#5846 = CARTESIAN_POINT ( 'NONE',  ( -15.65420674559680414, -1.531250000000000444, -0.8840675996966138595 ) ) ;
#5847 = CARTESIAN_POINT ( 'NONE',  ( 20.00000000000000355, 1.508335473232664814, 1.727238319854174531 ) ) ;
#5848 = CARTESIAN_POINT ( 'NONE',  ( 18.28816772515767042, -0.5918069429221741728, -1.025039693413219322 ) ) ;
#5849 = CARTESIAN_POINT ( 'NONE',  ( -19.80766560817564681, -2.510623159074913942E-16, -1.366719591217596896 ) ) ;
#5850 =( BOUNDED_CURVE ( )  B_SPLINE_CURVE ( 2, ( #5404, #5432, #5856 ),
 .UNSPECIFIED., .F., .F. ) 
 B_SPLINE_CURVE_WITH_KNOTS ( ( 3, 3 ),
 ( 0.1158994182857275845, 0.1172441531905148437 ),
 .UNSPECIFIED. ) 
 CURVE ( )  GEOMETRIC_REPRESENTATION_ITEM ( )  RATIONAL_B_SPLINE_CURVE ( ( 1.000000000000000000, 0.8856149392093540795, 0.9665496256195591496 ) ) 
 REPRESENTATION_ITEM ( '' )  );
#5851 = ORIENTED_EDGE ( 'NONE', *, *, #3070, .T. ) ;
#5852 = EDGE_CURVE ( 'NONE', #35, #1544, #3573, .T. ) ;
#5853 = CARTESIAN_POINT ( 'NONE',  ( 16.24650105849102033, -1.183613885844322589, -0.6833597956087981151 ) ) ;
#5854 = FACE_OUTER_BOUND ( 'NONE', #4551, .T. ) ;
#5855 = CARTESIAN_POINT ( 'NONE',  ( -18.00000000000000000, 1.500000000000000000, 0.000000000000000000 ) ) ;
#5856 = CARTESIAN_POINT ( 'NONE',  ( 13.70000000000000462, 0.9343721204631629806, -1.173434591488240031 ) ) ;
#5857 = CARTESIAN_POINT ( 'NONE',  ( -13.70000000000000462, 0.9992873820530538964, 0.6343237019322631731 ) ) ;
#5858 = CARTESIAN_POINT ( 'NONE',  ( -18.24516560817566813, 1.183613885844351010, 0.000000000000000000 ) ) ;
#5859 = CARTESIAN_POINT ( 'NONE',  ( 19.55137552924550803, -0.7656250000000006661, -1.326101399544921566 ) ) ;
#5860 = CYLINDRICAL_SURFACE ( 'NONE', #4564, 1.500000000000000000 ) ;
#5861 = ORIENTED_EDGE ( 'NONE', *, *, #2924, .F. ) ;
#5862 = CARTESIAN_POINT ( 'NONE',  ( 19.62912658773653263, -3.248011668595026887E-16, -1.768135199393228829 ) ) ;
#5863 = CARTESIAN_POINT ( 'NONE',  ( 16.89716878364838948, 1.060575238725293826E-16, 1.732050807569508688 ) ) ;
#5864 = CARTESIAN_POINT ( 'NONE',  ( -17.58333333333333570, 0.7499999999999990008, -1.299038105676658672 ) ) ;
#5865 = EDGE_CURVE ( 'NONE', #405, #2324, #2806, .T. ) ;
#5866 = CARTESIAN_POINT ( 'NONE',  ( -16.43266560817564681, -1.183613885844322366, 1.449508956725610206E-16 ) ) ;
#5867 = CARTESIAN_POINT ( 'NONE',  ( -20.00000000000000355, 0.000000000000000000, 0.000000000000000000 ) ) ;
#5868 = CARTESIAN_POINT ( 'NONE',  ( 15.46804219591217411, -1.531250000000000000, 1.875240411194384668E-16 ) ) ;
#5869 = CARTESIAN_POINT ( 'NONE',  ( -17.25000000000000355, -1.500000000000000000, 1.836970198721029934E-16 ) ) ;
#5870 = CARTESIAN_POINT ( 'NONE',  ( -19.52362447075449126, 1.531249999999999556, -0.8840675996966153027 ) ) ;
#5871 = CARTESIAN_POINT ( 'NONE',  ( 15.18400105849102033, -0.5918069429221609612, 1.025039693413198005 ) ) ;
#5872 = CARTESIAN_POINT ( 'NONE',  ( 17.22566772515768463, -1.183613885844322366, 0.6833597956087990033 ) ) ;
#5873 = EDGE_LOOP ( 'NONE', ( #1887, #1635, #4246, #5234 ) ) ;
ENDSEC;
END-ISO-10303-21;
