ISO-10303-21;
HEADER;
/* Generated by software containing ST-Developer
 * from STEP Tools, Inc. (www.steptools.com) 
 */

FILE_DESCRIPTION(
/* description */ (''),
/* implementation_level */ '2;1');

FILE_NAME(
/* name */ 'BTF_heatsink.step',
/* time_stamp */ '2026-08-07T19:08:28-04:00',
/* author */ (''),
/* organization */ (''),
/* preprocessor_version */ 'ST-DEVELOPER v20.1',
/* originating_system */ 'Autodesk Translation Framework v15.8.0.0',
/* authorisation */ '');

FILE_SCHEMA (('AUTOMOTIVE_DESIGN { 1 0 10303 214 3 1 1 }'));
ENDSEC;

DATA;
#10=MECHANICAL_DESIGN_GEOMETRIC_PRESENTATION_REPRESENTATION('',(#13),#2229);
#11=SHAPE_REPRESENTATION_RELATIONSHIP('SRR','None',#2236,#12);
#12=ADVANCED_BREP_SHAPE_REPRESENTATION('',(#14),#2228);
#13=STYLED_ITEM('',(#2246),#14);
#14=MANIFOLD_SOLID_BREP('Body1',#1321);
#15=FACE_BOUND('',#195,.T.);
#16=FACE_BOUND('',#196,.T.);
#17=FACE_BOUND('',#197,.T.);
#18=FACE_BOUND('',#198,.T.);
#19=FACE_BOUND('',#199,.T.);
#20=FACE_BOUND('',#200,.T.);
#21=FACE_BOUND('',#201,.T.);
#22=FACE_BOUND('',#202,.T.);
#23=FACE_BOUND('',#203,.T.);
#24=FACE_BOUND('',#204,.T.);
#25=FACE_BOUND('',#205,.T.);
#26=FACE_BOUND('',#206,.T.);
#27=FACE_BOUND('',#207,.T.);
#28=FACE_BOUND('',#208,.T.);
#29=FACE_BOUND('',#209,.T.);
#30=FACE_BOUND('',#210,.T.);
#31=FACE_BOUND('',#211,.T.);
#32=FACE_BOUND('',#212,.T.);
#33=FACE_BOUND('',#213,.T.);
#34=FACE_BOUND('',#214,.T.);
#35=FACE_BOUND('',#216,.T.);
#36=FACE_BOUND('',#217,.T.);
#37=FACE_BOUND('',#218,.T.);
#38=FACE_BOUND('',#219,.T.);
#39=FACE_BOUND('',#220,.T.);
#40=FACE_BOUND('',#221,.T.);
#41=FACE_BOUND('',#222,.T.);
#42=FACE_BOUND('',#223,.T.);
#43=FACE_BOUND('',#224,.T.);
#44=FACE_BOUND('',#225,.T.);
#45=FACE_BOUND('',#226,.T.);
#46=FACE_BOUND('',#227,.T.);
#47=FACE_BOUND('',#228,.T.);
#48=FACE_BOUND('',#229,.T.);
#49=FACE_BOUND('',#230,.T.);
#50=FACE_BOUND('',#231,.T.);
#51=FACE_BOUND('',#232,.T.);
#52=FACE_BOUND('',#246,.T.);
#53=FACE_BOUND('',#247,.T.);
#54=FACE_BOUND('',#248,.T.);
#55=FACE_BOUND('',#249,.T.);
#56=PLANE('',#1347);
#57=PLANE('',#1360);
#58=PLANE('',#1364);
#59=PLANE('',#1368);
#60=PLANE('',#1372);
#61=PLANE('',#1385);
#62=PLANE('',#1389);
#63=PLANE('',#1393);
#64=PLANE('',#1397);
#65=PLANE('',#1401);
#66=PLANE('',#1405);
#67=PLANE('',#1409);
#68=PLANE('',#1413);
#69=PLANE('',#1420);
#70=PLANE('',#1424);
#71=PLANE('',#1428);
#72=PLANE('',#1432);
#73=PLANE('',#1436);
#74=PLANE('',#1437);
#75=PLANE('',#1438);
#76=PLANE('',#1439);
#77=PLANE('',#1444);
#78=PLANE('',#1449);
#79=PLANE('',#1452);
#80=PLANE('',#1463);
#81=PLANE('',#1466);
#82=PLANE('',#1469);
#83=FACE_OUTER_BOUND('',#146,.T.);
#84=FACE_OUTER_BOUND('',#147,.T.);
#85=FACE_OUTER_BOUND('',#148,.T.);
#86=FACE_OUTER_BOUND('',#149,.T.);
#87=FACE_OUTER_BOUND('',#150,.T.);
#88=FACE_OUTER_BOUND('',#151,.T.);
#89=FACE_OUTER_BOUND('',#152,.T.);
#90=FACE_OUTER_BOUND('',#153,.T.);
#91=FACE_OUTER_BOUND('',#154,.T.);
#92=FACE_OUTER_BOUND('',#155,.T.);
#93=FACE_OUTER_BOUND('',#156,.T.);
#94=FACE_OUTER_BOUND('',#157,.T.);
#95=FACE_OUTER_BOUND('',#158,.T.);
#96=FACE_OUTER_BOUND('',#159,.T.);
#97=FACE_OUTER_BOUND('',#160,.T.);
#98=FACE_OUTER_BOUND('',#161,.T.);
#99=FACE_OUTER_BOUND('',#162,.T.);
#100=FACE_OUTER_BOUND('',#163,.T.);
#101=FACE_OUTER_BOUND('',#164,.T.);
#102=FACE_OUTER_BOUND('',#165,.T.);
#103=FACE_OUTER_BOUND('',#166,.T.);
#104=FACE_OUTER_BOUND('',#167,.T.);
#105=FACE_OUTER_BOUND('',#168,.T.);
#106=FACE_OUTER_BOUND('',#169,.T.);
#107=FACE_OUTER_BOUND('',#170,.T.);
#108=FACE_OUTER_BOUND('',#171,.T.);
#109=FACE_OUTER_BOUND('',#172,.T.);
#110=FACE_OUTER_BOUND('',#173,.T.);
#111=FACE_OUTER_BOUND('',#174,.T.);
#112=FACE_OUTER_BOUND('',#175,.T.);
#113=FACE_OUTER_BOUND('',#176,.T.);
#114=FACE_OUTER_BOUND('',#177,.T.);
#115=FACE_OUTER_BOUND('',#178,.T.);
#116=FACE_OUTER_BOUND('',#179,.T.);
#117=FACE_OUTER_BOUND('',#180,.T.);
#118=FACE_OUTER_BOUND('',#181,.T.);
#119=FACE_OUTER_BOUND('',#182,.T.);
#120=FACE_OUTER_BOUND('',#183,.T.);
#121=FACE_OUTER_BOUND('',#184,.T.);
#122=FACE_OUTER_BOUND('',#185,.T.);
#123=FACE_OUTER_BOUND('',#186,.T.);
#124=FACE_OUTER_BOUND('',#187,.T.);
#125=FACE_OUTER_BOUND('',#188,.T.);
#126=FACE_OUTER_BOUND('',#189,.T.);
#127=FACE_OUTER_BOUND('',#190,.T.);
#128=FACE_OUTER_BOUND('',#191,.T.);
#129=FACE_OUTER_BOUND('',#192,.T.);
#130=FACE_OUTER_BOUND('',#193,.T.);
#131=FACE_OUTER_BOUND('',#194,.T.);
#132=FACE_OUTER_BOUND('',#215,.T.);
#133=FACE_OUTER_BOUND('',#233,.T.);
#134=FACE_OUTER_BOUND('',#234,.T.);
#135=FACE_OUTER_BOUND('',#235,.T.);
#136=FACE_OUTER_BOUND('',#236,.T.);
#137=FACE_OUTER_BOUND('',#237,.T.);
#138=FACE_OUTER_BOUND('',#238,.T.);
#139=FACE_OUTER_BOUND('',#239,.T.);
#140=FACE_OUTER_BOUND('',#240,.T.);
#141=FACE_OUTER_BOUND('',#241,.T.);
#142=FACE_OUTER_BOUND('',#242,.T.);
#143=FACE_OUTER_BOUND('',#243,.T.);
#144=FACE_OUTER_BOUND('',#244,.T.);
#145=FACE_OUTER_BOUND('',#245,.T.);
#146=EDGE_LOOP('',(#854,#855,#856,#857));
#147=EDGE_LOOP('',(#858,#859,#860,#861));
#148=EDGE_LOOP('',(#862,#863,#864,#865));
#149=EDGE_LOOP('',(#866,#867,#868,#869));
#150=EDGE_LOOP('',(#870,#871,#872,#873));
#151=EDGE_LOOP('',(#874,#875,#876,#877));
#152=EDGE_LOOP('',(#878,#879,#880,#881));
#153=EDGE_LOOP('',(#882,#883,#884,#885));
#154=EDGE_LOOP('',(#886,#887,#888,#889));
#155=EDGE_LOOP('',(#890,#891,#892,#893));
#156=EDGE_LOOP('',(#894,#895,#896,#897));
#157=EDGE_LOOP('',(#898,#899,#900,#901));
#158=EDGE_LOOP('',(#902,#903,#904,#905));
#159=EDGE_LOOP('',(#906,#907,#908,#909));
#160=EDGE_LOOP('',(#910,#911,#912,#913));
#161=EDGE_LOOP('',(#914,#915,#916,#917));
#162=EDGE_LOOP('',(#918,#919,#920,#921));
#163=EDGE_LOOP('',(#922,#923,#924,#925));
#164=EDGE_LOOP('',(#926,#927,#928,#929));
#165=EDGE_LOOP('',(#930,#931,#932,#933));
#166=EDGE_LOOP('',(#934,#935,#936,#937));
#167=EDGE_LOOP('',(#938,#939,#940,#941));
#168=EDGE_LOOP('',(#942,#943,#944,#945));
#169=EDGE_LOOP('',(#946,#947,#948,#949));
#170=EDGE_LOOP('',(#950,#951,#952,#953));
#171=EDGE_LOOP('',(#954,#955,#956,#957));
#172=EDGE_LOOP('',(#958,#959,#960,#961));
#173=EDGE_LOOP('',(#962,#963,#964,#965));
#174=EDGE_LOOP('',(#966,#967,#968,#969));
#175=EDGE_LOOP('',(#970,#971,#972,#973));
#176=EDGE_LOOP('',(#974,#975,#976,#977));
#177=EDGE_LOOP('',(#978,#979,#980,#981));
#178=EDGE_LOOP('',(#982,#983,#984,#985));
#179=EDGE_LOOP('',(#986,#987,#988,#989));
#180=EDGE_LOOP('',(#990,#991,#992,#993));
#181=EDGE_LOOP('',(#994,#995,#996,#997));
#182=EDGE_LOOP('',(#998,#999,#1000,#1001));
#183=EDGE_LOOP('',(#1002,#1003,#1004,#1005));
#184=EDGE_LOOP('',(#1006,#1007,#1008,#1009));
#185=EDGE_LOOP('',(#1010,#1011,#1012,#1013));
#186=EDGE_LOOP('',(#1014,#1015,#1016,#1017));
#187=EDGE_LOOP('',(#1018,#1019,#1020,#1021));
#188=EDGE_LOOP('',(#1022,#1023,#1024,#1025));
#189=EDGE_LOOP('',(#1026,#1027,#1028,#1029));
#190=EDGE_LOOP('',(#1030,#1031,#1032,#1033));
#191=EDGE_LOOP('',(#1034,#1035,#1036,#1037,#1038,#1039));
#192=EDGE_LOOP('',(#1040,#1041,#1042,#1043,#1044,#1045));
#193=EDGE_LOOP('',(#1046,#1047,#1048,#1049));
#194=EDGE_LOOP('',(#1050,#1051,#1052,#1053,#1054,#1055));
#195=EDGE_LOOP('',(#1056));
#196=EDGE_LOOP('',(#1057));
#197=EDGE_LOOP('',(#1058));
#198=EDGE_LOOP('',(#1059));
#199=EDGE_LOOP('',(#1060));
#200=EDGE_LOOP('',(#1061,#1062,#1063,#1064,#1065,#1066,#1067,#1068));
#201=EDGE_LOOP('',(#1069));
#202=EDGE_LOOP('',(#1070));
#203=EDGE_LOOP('',(#1071));
#204=EDGE_LOOP('',(#1072,#1073,#1074,#1075,#1076,#1077,#1078,#1079));
#205=EDGE_LOOP('',(#1080));
#206=EDGE_LOOP('',(#1081,#1082,#1083,#1084,#1085,#1086,#1087,#1088));
#207=EDGE_LOOP('',(#1089));
#208=EDGE_LOOP('',(#1090));
#209=EDGE_LOOP('',(#1091));
#210=EDGE_LOOP('',(#1092,#1093,#1094,#1095,#1096,#1097,#1098,#1099));
#211=EDGE_LOOP('',(#1100));
#212=EDGE_LOOP('',(#1101));
#213=EDGE_LOOP('',(#1102));
#214=EDGE_LOOP('',(#1103));
#215=EDGE_LOOP('',(#1104,#1105,#1106,#1107,#1108,#1109));
#216=EDGE_LOOP('',(#1110));
#217=EDGE_LOOP('',(#1111));
#218=EDGE_LOOP('',(#1112));
#219=EDGE_LOOP('',(#1113));
#220=EDGE_LOOP('',(#1114,#1115,#1116,#1117,#1118,#1119,#1120,#1121));
#221=EDGE_LOOP('',(#1122));
#222=EDGE_LOOP('',(#1123));
#223=EDGE_LOOP('',(#1124));
#224=EDGE_LOOP('',(#1125,#1126,#1127,#1128,#1129,#1130,#1131,#1132));
#225=EDGE_LOOP('',(#1133,#1134,#1135,#1136,#1137,#1138,#1139,#1140));
#226=EDGE_LOOP('',(#1141));
#227=EDGE_LOOP('',(#1142,#1143,#1144,#1145,#1146,#1147,#1148,#1149));
#228=EDGE_LOOP('',(#1150,#1151,#1152,#1153,#1154,#1155,#1156,#1157));
#229=EDGE_LOOP('',(#1158));
#230=EDGE_LOOP('',(#1159));
#231=EDGE_LOOP('',(#1160));
#232=EDGE_LOOP('',(#1161));
#233=EDGE_LOOP('',(#1162,#1163,#1164,#1165));
#234=EDGE_LOOP('',(#1166,#1167,#1168,#1169));
#235=EDGE_LOOP('',(#1170,#1171,#1172,#1173));
#236=EDGE_LOOP('',(#1174,#1175,#1176,#1177));
#237=EDGE_LOOP('',(#1178,#1179,#1180,#1181));
#238=EDGE_LOOP('',(#1182,#1183,#1184,#1185));
#239=EDGE_LOOP('',(#1186,#1187,#1188,#1189));
#240=EDGE_LOOP('',(#1190,#1191,#1192,#1193));
#241=EDGE_LOOP('',(#1194,#1195,#1196,#1197));
#242=EDGE_LOOP('',(#1198,#1199,#1200,#1201));
#243=EDGE_LOOP('',(#1202,#1203,#1204,#1205));
#244=EDGE_LOOP('',(#1206,#1207,#1208,#1209));
#245=EDGE_LOOP('',(#1210,#1211,#1212,#1213,#1214,#1215,#1216,#1217));
#246=EDGE_LOOP('',(#1218));
#247=EDGE_LOOP('',(#1219));
#248=EDGE_LOOP('',(#1220));
#249=EDGE_LOOP('',(#1221));
#250=LINE('',#1859,#362);
#251=LINE('',#1865,#363);
#252=LINE('',#1871,#364);
#253=LINE('',#1877,#365);
#254=LINE('',#1882,#366);
#255=LINE('',#1884,#367);
#256=LINE('',#1886,#368);
#257=LINE('',#1887,#369);
#258=LINE('',#1892,#370);
#259=LINE('',#1898,#371);
#260=LINE('',#1904,#372);
#261=LINE('',#1910,#373);
#262=LINE('',#1915,#374);
#263=LINE('',#1917,#375);
#264=LINE('',#1919,#376);
#265=LINE('',#1920,#377);
#266=LINE('',#1926,#378);
#267=LINE('',#1929,#379);
#268=LINE('',#1931,#380);
#269=LINE('',#1932,#381);
#270=LINE('',#1938,#382);
#271=LINE('',#1941,#383);
#272=LINE('',#1943,#384);
#273=LINE('',#1944,#385);
#274=LINE('',#1950,#386);
#275=LINE('',#1953,#387);
#276=LINE('',#1955,#388);
#277=LINE('',#1956,#389);
#278=LINE('',#1964,#390);
#279=LINE('',#1970,#391);
#280=LINE('',#1976,#392);
#281=LINE('',#1981,#393);
#282=LINE('',#1983,#394);
#283=LINE('',#1985,#395);
#284=LINE('',#1986,#396);
#285=LINE('',#1992,#397);
#286=LINE('',#1995,#398);
#287=LINE('',#1997,#399);
#288=LINE('',#1998,#400);
#289=LINE('',#2004,#401);
#290=LINE('',#2007,#402);
#291=LINE('',#2009,#403);
#292=LINE('',#2010,#404);
#293=LINE('',#2016,#405);
#294=LINE('',#2019,#406);
#295=LINE('',#2021,#407);
#296=LINE('',#2022,#408);
#297=LINE('',#2029,#409);
#298=LINE('',#2031,#410);
#299=LINE('',#2033,#411);
#300=LINE('',#2034,#412);
#301=LINE('',#2040,#413);
#302=LINE('',#2043,#414);
#303=LINE('',#2045,#415);
#304=LINE('',#2046,#416);
#305=LINE('',#2052,#417);
#306=LINE('',#2055,#418);
#307=LINE('',#2057,#419);
#308=LINE('',#2058,#420);
#309=LINE('',#2064,#421);
#310=LINE('',#2067,#422);
#311=LINE('',#2069,#423);
#312=LINE('',#2070,#424);
#313=LINE('',#2078,#425);
#314=LINE('',#2083,#426);
#315=LINE('',#2085,#427);
#316=LINE('',#2087,#428);
#317=LINE('',#2088,#429);
#318=LINE('',#2094,#430);
#319=LINE('',#2097,#431);
#320=LINE('',#2099,#432);
#321=LINE('',#2100,#433);
#322=LINE('',#2106,#434);
#323=LINE('',#2109,#435);
#324=LINE('',#2111,#436);
#325=LINE('',#2112,#437);
#326=LINE('',#2118,#438);
#327=LINE('',#2121,#439);
#328=LINE('',#2123,#440);
#329=LINE('',#2124,#441);
#330=LINE('',#2131,#442);
#331=LINE('',#2133,#443);
#332=LINE('',#2135,#444);
#333=LINE('',#2136,#445);
#334=LINE('',#2137,#446);
#335=LINE('',#2141,#447);
#336=LINE('',#2142,#448);
#337=LINE('',#2144,#449);
#338=LINE('',#2146,#450);
#339=LINE('',#2147,#451);
#340=LINE('',#2149,#452);
#341=LINE('',#2150,#453);
#342=LINE('',#2163,#454);
#343=LINE('',#2167,#455);
#344=LINE('',#2171,#456);
#345=LINE('',#2175,#457);
#346=LINE('',#2179,#458);
#347=LINE('',#2181,#459);
#348=LINE('',#2182,#460);
#349=LINE('',#2185,#461);
#350=LINE('',#2189,#462);
#351=LINE('',#2190,#463);
#352=LINE('',#2193,#464);
#353=LINE('',#2197,#465);
#354=LINE('',#2201,#466);
#355=LINE('',#2205,#467);
#356=LINE('',#2209,#468);
#357=LINE('',#2213,#469);
#358=LINE('',#2214,#470);
#359=LINE('',#2217,#471);
#360=LINE('',#2221,#472);
#361=LINE('',#2222,#473);
#362=VECTOR('',#1476,1.32499999999999);
#363=VECTOR('',#1483,1.325);
#364=VECTOR('',#1490,1.32500000000002);
#365=VECTOR('',#1497,1.32499999999999);
#366=VECTOR('',#1502,10.);
#367=VECTOR('',#1503,10.);
#368=VECTOR('',#1504,10.);
#369=VECTOR('',#1505,10.);
#370=VECTOR('',#1510,1.325);
#371=VECTOR('',#1517,1.325);
#372=VECTOR('',#1524,1.325);
#373=VECTOR('',#1531,1.325);
#374=VECTOR('',#1536,10.);
#375=VECTOR('',#1537,10.);
#376=VECTOR('',#1538,10.);
#377=VECTOR('',#1539,10.);
#378=VECTOR('',#1546,10.);
#379=VECTOR('',#1549,10.);
#380=VECTOR('',#1550,10.);
#381=VECTOR('',#1551,10.);
#382=VECTOR('',#1558,10.);
#383=VECTOR('',#1561,10.);
#384=VECTOR('',#1562,10.);
#385=VECTOR('',#1563,10.);
#386=VECTOR('',#1570,10.);
#387=VECTOR('',#1573,10.);
#388=VECTOR('',#1574,10.);
#389=VECTOR('',#1575,10.);
#390=VECTOR('',#1586,1.325);
#391=VECTOR('',#1593,1.325);
#392=VECTOR('',#1600,1.325);
#393=VECTOR('',#1605,10.);
#394=VECTOR('',#1606,10.);
#395=VECTOR('',#1607,10.);
#396=VECTOR('',#1608,10.);
#397=VECTOR('',#1615,10.);
#398=VECTOR('',#1618,10.);
#399=VECTOR('',#1619,10.);
#400=VECTOR('',#1620,10.);
#401=VECTOR('',#1627,10.);
#402=VECTOR('',#1630,10.);
#403=VECTOR('',#1631,10.);
#404=VECTOR('',#1632,10.);
#405=VECTOR('',#1639,10.);
#406=VECTOR('',#1642,10.);
#407=VECTOR('',#1643,10.);
#408=VECTOR('',#1644,10.);
#409=VECTOR('',#1653,10.);
#410=VECTOR('',#1654,10.);
#411=VECTOR('',#1655,10.);
#412=VECTOR('',#1656,10.);
#413=VECTOR('',#1663,10.);
#414=VECTOR('',#1666,10.);
#415=VECTOR('',#1667,10.);
#416=VECTOR('',#1668,10.);
#417=VECTOR('',#1675,10.);
#418=VECTOR('',#1678,10.);
#419=VECTOR('',#1679,10.);
#420=VECTOR('',#1680,10.);
#421=VECTOR('',#1687,10.);
#422=VECTOR('',#1690,10.);
#423=VECTOR('',#1691,10.);
#424=VECTOR('',#1692,10.);
#425=VECTOR('',#1703,1.32499999999999);
#426=VECTOR('',#1708,10.);
#427=VECTOR('',#1709,10.);
#428=VECTOR('',#1710,10.);
#429=VECTOR('',#1711,10.);
#430=VECTOR('',#1718,10.);
#431=VECTOR('',#1721,10.);
#432=VECTOR('',#1722,10.);
#433=VECTOR('',#1723,10.);
#434=VECTOR('',#1730,10.);
#435=VECTOR('',#1733,10.);
#436=VECTOR('',#1734,10.);
#437=VECTOR('',#1735,10.);
#438=VECTOR('',#1742,10.);
#439=VECTOR('',#1745,10.);
#440=VECTOR('',#1746,10.);
#441=VECTOR('',#1747,10.);
#442=VECTOR('',#1756,10.);
#443=VECTOR('',#1757,10.);
#444=VECTOR('',#1758,10.);
#445=VECTOR('',#1759,10.);
#446=VECTOR('',#1760,10.);
#447=VECTOR('',#1763,10.);
#448=VECTOR('',#1764,10.);
#449=VECTOR('',#1765,10.);
#450=VECTOR('',#1766,10.);
#451=VECTOR('',#1767,10.);
#452=VECTOR('',#1770,10.);
#453=VECTOR('',#1771,10.);
#454=VECTOR('',#1784,10.);
#455=VECTOR('',#1787,10.);
#456=VECTOR('',#1790,10.);
#457=VECTOR('',#1793,10.);
#458=VECTOR('',#1798,10.);
#459=VECTOR('',#1799,10.);
#460=VECTOR('',#1800,10.);
#461=VECTOR('',#1803,10.);
#462=VECTOR('',#1808,10.);
#463=VECTOR('',#1809,10.);
#464=VECTOR('',#1812,10.);
#465=VECTOR('',#1817,0.804999999999971);
#466=VECTOR('',#1822,0.804999999999971);
#467=VECTOR('',#1827,0.804999999999971);
#468=VECTOR('',#1832,0.804999999999971);
#469=VECTOR('',#1837,10.);
#470=VECTOR('',#1838,10.);
#471=VECTOR('',#1841,10.);
#472=VECTOR('',#1846,10.);
#473=VECTOR('',#1847,10.);
#474=CIRCLE('',#1336,1.2645);
#475=CIRCLE('',#1337,1.2645);
#476=CIRCLE('',#1339,1.2645);
#477=CIRCLE('',#1340,1.2645);
#478=CIRCLE('',#1342,1.2645);
#479=CIRCLE('',#1343,1.2645);
#480=CIRCLE('',#1345,1.2645);
#481=CIRCLE('',#1346,1.2645);
#482=CIRCLE('',#1349,1.2645);
#483=CIRCLE('',#1350,1.2645);
#484=CIRCLE('',#1352,1.2645);
#485=CIRCLE('',#1353,1.2645);
#486=CIRCLE('',#1355,1.2645);
#487=CIRCLE('',#1356,1.2645);
#488=CIRCLE('',#1358,1.2645);
#489=CIRCLE('',#1359,1.2645);
#490=CIRCLE('',#1362,1.00000000000001);
#491=CIRCLE('',#1363,1.00000000000001);
#492=CIRCLE('',#1366,1.00000000000001);
#493=CIRCLE('',#1367,1.00000000000001);
#494=CIRCLE('',#1370,1.00000000000001);
#495=CIRCLE('',#1371,1.00000000000001);
#496=CIRCLE('',#1374,1.00000000000001);
#497=CIRCLE('',#1375,1.00000000000001);
#498=CIRCLE('',#1377,1.2645);
#499=CIRCLE('',#1378,1.2645);
#500=CIRCLE('',#1380,1.2645);
#501=CIRCLE('',#1381,1.2645);
#502=CIRCLE('',#1383,1.2645);
#503=CIRCLE('',#1384,1.2645);
#504=CIRCLE('',#1387,1.00000000000001);
#505=CIRCLE('',#1388,1.00000000000001);
#506=CIRCLE('',#1391,1.00000000000001);
#507=CIRCLE('',#1392,1.00000000000001);
#508=CIRCLE('',#1395,1.00000000000001);
#509=CIRCLE('',#1396,1.00000000000001);
#510=CIRCLE('',#1399,1.00000000000001);
#511=CIRCLE('',#1400,1.00000000000001);
#512=CIRCLE('',#1403,1.00000000000001);
#513=CIRCLE('',#1404,1.00000000000001);
#514=CIRCLE('',#1407,1.00000000000001);
#515=CIRCLE('',#1408,1.00000000000001);
#516=CIRCLE('',#1411,1.00000000000001);
#517=CIRCLE('',#1412,1.00000000000001);
#518=CIRCLE('',#1415,1.00000000000001);
#519=CIRCLE('',#1416,1.00000000000001);
#520=CIRCLE('',#1418,1.2645);
#521=CIRCLE('',#1419,1.2645);
#522=CIRCLE('',#1422,1.00000000000005);
#523=CIRCLE('',#1423,1.00000000000005);
#524=CIRCLE('',#1426,1.00000000000001);
#525=CIRCLE('',#1427,1.00000000000001);
#526=CIRCLE('',#1430,1.00000000000001);
#527=CIRCLE('',#1431,1.00000000000001);
#528=CIRCLE('',#1434,1.00000000000006);
#529=CIRCLE('',#1435,1.00000000000006);
#530=CIRCLE('',#1440,0.8115);
#531=CIRCLE('',#1441,0.8115);
#532=CIRCLE('',#1442,0.8115);
#533=CIRCLE('',#1443,0.8115);
#534=CIRCLE('',#1445,0.499999999999972);
#535=CIRCLE('',#1446,0.500000000000007);
#536=CIRCLE('',#1447,0.500000000000007);
#537=CIRCLE('',#1448,0.499999999999972);
#538=CIRCLE('',#1451,0.499999999999972);
#539=CIRCLE('',#1454,0.500000000000007);
#540=CIRCLE('',#1456,0.8115);
#541=CIRCLE('',#1458,0.8115);
#542=CIRCLE('',#1460,0.8115);
#543=CIRCLE('',#1462,0.8115);
#544=CIRCLE('',#1465,0.500000000000007);
#545=CIRCLE('',#1468,0.499999999999972);
#546=VERTEX_POINT('',#1856);
#547=VERTEX_POINT('',#1858);
#548=VERTEX_POINT('',#1862);
#549=VERTEX_POINT('',#1864);
#550=VERTEX_POINT('',#1868);
#551=VERTEX_POINT('',#1870);
#552=VERTEX_POINT('',#1874);
#553=VERTEX_POINT('',#1876);
#554=VERTEX_POINT('',#1880);
#555=VERTEX_POINT('',#1881);
#556=VERTEX_POINT('',#1883);
#557=VERTEX_POINT('',#1885);
#558=VERTEX_POINT('',#1889);
#559=VERTEX_POINT('',#1891);
#560=VERTEX_POINT('',#1895);
#561=VERTEX_POINT('',#1897);
#562=VERTEX_POINT('',#1901);
#563=VERTEX_POINT('',#1903);
#564=VERTEX_POINT('',#1907);
#565=VERTEX_POINT('',#1909);
#566=VERTEX_POINT('',#1913);
#567=VERTEX_POINT('',#1914);
#568=VERTEX_POINT('',#1916);
#569=VERTEX_POINT('',#1918);
#570=VERTEX_POINT('',#1922);
#571=VERTEX_POINT('',#1924);
#572=VERTEX_POINT('',#1928);
#573=VERTEX_POINT('',#1930);
#574=VERTEX_POINT('',#1934);
#575=VERTEX_POINT('',#1936);
#576=VERTEX_POINT('',#1940);
#577=VERTEX_POINT('',#1942);
#578=VERTEX_POINT('',#1946);
#579=VERTEX_POINT('',#1948);
#580=VERTEX_POINT('',#1952);
#581=VERTEX_POINT('',#1954);
#582=VERTEX_POINT('',#1961);
#583=VERTEX_POINT('',#1963);
#584=VERTEX_POINT('',#1967);
#585=VERTEX_POINT('',#1969);
#586=VERTEX_POINT('',#1973);
#587=VERTEX_POINT('',#1975);
#588=VERTEX_POINT('',#1979);
#589=VERTEX_POINT('',#1980);
#590=VERTEX_POINT('',#1982);
#591=VERTEX_POINT('',#1984);
#592=VERTEX_POINT('',#1988);
#593=VERTEX_POINT('',#1990);
#594=VERTEX_POINT('',#1994);
#595=VERTEX_POINT('',#1996);
#596=VERTEX_POINT('',#2000);
#597=VERTEX_POINT('',#2002);
#598=VERTEX_POINT('',#2006);
#599=VERTEX_POINT('',#2008);
#600=VERTEX_POINT('',#2012);
#601=VERTEX_POINT('',#2014);
#602=VERTEX_POINT('',#2018);
#603=VERTEX_POINT('',#2020);
#604=VERTEX_POINT('',#2027);
#605=VERTEX_POINT('',#2028);
#606=VERTEX_POINT('',#2030);
#607=VERTEX_POINT('',#2032);
#608=VERTEX_POINT('',#2036);
#609=VERTEX_POINT('',#2038);
#610=VERTEX_POINT('',#2042);
#611=VERTEX_POINT('',#2044);
#612=VERTEX_POINT('',#2048);
#613=VERTEX_POINT('',#2050);
#614=VERTEX_POINT('',#2054);
#615=VERTEX_POINT('',#2056);
#616=VERTEX_POINT('',#2060);
#617=VERTEX_POINT('',#2062);
#618=VERTEX_POINT('',#2066);
#619=VERTEX_POINT('',#2068);
#620=VERTEX_POINT('',#2075);
#621=VERTEX_POINT('',#2077);
#622=VERTEX_POINT('',#2081);
#623=VERTEX_POINT('',#2082);
#624=VERTEX_POINT('',#2084);
#625=VERTEX_POINT('',#2086);
#626=VERTEX_POINT('',#2090);
#627=VERTEX_POINT('',#2092);
#628=VERTEX_POINT('',#2096);
#629=VERTEX_POINT('',#2098);
#630=VERTEX_POINT('',#2102);
#631=VERTEX_POINT('',#2104);
#632=VERTEX_POINT('',#2108);
#633=VERTEX_POINT('',#2110);
#634=VERTEX_POINT('',#2114);
#635=VERTEX_POINT('',#2116);
#636=VERTEX_POINT('',#2120);
#637=VERTEX_POINT('',#2122);
#638=VERTEX_POINT('',#2129);
#639=VERTEX_POINT('',#2130);
#640=VERTEX_POINT('',#2132);
#641=VERTEX_POINT('',#2134);
#642=VERTEX_POINT('',#2139);
#643=VERTEX_POINT('',#2140);
#644=VERTEX_POINT('',#2143);
#645=VERTEX_POINT('',#2145);
#646=VERTEX_POINT('',#2152);
#647=VERTEX_POINT('',#2154);
#648=VERTEX_POINT('',#2156);
#649=VERTEX_POINT('',#2158);
#650=VERTEX_POINT('',#2161);
#651=VERTEX_POINT('',#2162);
#652=VERTEX_POINT('',#2164);
#653=VERTEX_POINT('',#2166);
#654=VERTEX_POINT('',#2168);
#655=VERTEX_POINT('',#2170);
#656=VERTEX_POINT('',#2172);
#657=VERTEX_POINT('',#2174);
#658=VERTEX_POINT('',#2178);
#659=VERTEX_POINT('',#2180);
#660=VERTEX_POINT('',#2184);
#661=VERTEX_POINT('',#2188);
#662=VERTEX_POINT('',#2192);
#663=VERTEX_POINT('',#2196);
#664=VERTEX_POINT('',#2200);
#665=VERTEX_POINT('',#2204);
#666=VERTEX_POINT('',#2208);
#667=VERTEX_POINT('',#2212);
#668=VERTEX_POINT('',#2216);
#669=VERTEX_POINT('',#2220);
#670=EDGE_CURVE('',#546,#546,#474,.T.);
#671=EDGE_CURVE('',#546,#547,#250,.T.);
#672=EDGE_CURVE('',#547,#547,#475,.F.);
#673=EDGE_CURVE('',#548,#548,#476,.T.);
#674=EDGE_CURVE('',#548,#549,#251,.T.);
#675=EDGE_CURVE('',#549,#549,#477,.F.);
#676=EDGE_CURVE('',#550,#550,#478,.T.);
#677=EDGE_CURVE('',#550,#551,#252,.T.);
#678=EDGE_CURVE('',#551,#551,#479,.F.);
#679=EDGE_CURVE('',#552,#552,#480,.T.);
#680=EDGE_CURVE('',#552,#553,#253,.T.);
#681=EDGE_CURVE('',#553,#553,#481,.F.);
#682=EDGE_CURVE('',#554,#555,#254,.T.);
#683=EDGE_CURVE('',#556,#555,#255,.T.);
#684=EDGE_CURVE('',#557,#556,#256,.T.);
#685=EDGE_CURVE('',#557,#554,#257,.T.);
#686=EDGE_CURVE('',#558,#558,#482,.T.);
#687=EDGE_CURVE('',#558,#559,#258,.T.);
#688=EDGE_CURVE('',#559,#559,#483,.F.);
#689=EDGE_CURVE('',#560,#560,#484,.T.);
#690=EDGE_CURVE('',#560,#561,#259,.T.);
#691=EDGE_CURVE('',#561,#561,#485,.F.);
#692=EDGE_CURVE('',#562,#562,#486,.T.);
#693=EDGE_CURVE('',#562,#563,#260,.T.);
#694=EDGE_CURVE('',#563,#563,#487,.F.);
#695=EDGE_CURVE('',#564,#564,#488,.T.);
#696=EDGE_CURVE('',#564,#565,#261,.T.);
#697=EDGE_CURVE('',#565,#565,#489,.F.);
#698=EDGE_CURVE('',#566,#567,#262,.T.);
#699=EDGE_CURVE('',#567,#568,#263,.T.);
#700=EDGE_CURVE('',#569,#568,#264,.T.);
#701=EDGE_CURVE('',#566,#569,#265,.T.);
#702=EDGE_CURVE('',#570,#566,#490,.T.);
#703=EDGE_CURVE('',#571,#569,#491,.T.);
#704=EDGE_CURVE('',#570,#571,#266,.T.);
#705=EDGE_CURVE('',#572,#570,#267,.T.);
#706=EDGE_CURVE('',#573,#571,#268,.T.);
#707=EDGE_CURVE('',#572,#573,#269,.T.);
#708=EDGE_CURVE('',#574,#572,#492,.T.);
#709=EDGE_CURVE('',#575,#573,#493,.T.);
#710=EDGE_CURVE('',#574,#575,#270,.T.);
#711=EDGE_CURVE('',#576,#574,#271,.T.);
#712=EDGE_CURVE('',#577,#575,#272,.T.);
#713=EDGE_CURVE('',#576,#577,#273,.T.);
#714=EDGE_CURVE('',#578,#576,#494,.T.);
#715=EDGE_CURVE('',#579,#577,#495,.T.);
#716=EDGE_CURVE('',#578,#579,#274,.T.);
#717=EDGE_CURVE('',#580,#578,#275,.T.);
#718=EDGE_CURVE('',#581,#579,#276,.T.);
#719=EDGE_CURVE('',#580,#581,#277,.T.);
#720=EDGE_CURVE('',#567,#580,#496,.T.);
#721=EDGE_CURVE('',#568,#581,#497,.T.);
#722=EDGE_CURVE('',#582,#582,#498,.F.);
#723=EDGE_CURVE('',#582,#583,#278,.T.);
#724=EDGE_CURVE('',#583,#583,#499,.F.);
#725=EDGE_CURVE('',#584,#584,#500,.F.);
#726=EDGE_CURVE('',#584,#585,#279,.T.);
#727=EDGE_CURVE('',#585,#585,#501,.F.);
#728=EDGE_CURVE('',#586,#586,#502,.F.);
#729=EDGE_CURVE('',#586,#587,#280,.T.);
#730=EDGE_CURVE('',#587,#587,#503,.F.);
#731=EDGE_CURVE('',#588,#589,#281,.T.);
#732=EDGE_CURVE('',#589,#590,#282,.T.);
#733=EDGE_CURVE('',#591,#590,#283,.T.);
#734=EDGE_CURVE('',#588,#591,#284,.T.);
#735=EDGE_CURVE('',#592,#588,#504,.T.);
#736=EDGE_CURVE('',#593,#591,#505,.T.);
#737=EDGE_CURVE('',#592,#593,#285,.T.);
#738=EDGE_CURVE('',#594,#592,#286,.T.);
#739=EDGE_CURVE('',#595,#593,#287,.T.);
#740=EDGE_CURVE('',#594,#595,#288,.T.);
#741=EDGE_CURVE('',#596,#594,#506,.T.);
#742=EDGE_CURVE('',#597,#595,#507,.T.);
#743=EDGE_CURVE('',#596,#597,#289,.T.);
#744=EDGE_CURVE('',#598,#596,#290,.T.);
#745=EDGE_CURVE('',#599,#597,#291,.T.);
#746=EDGE_CURVE('',#598,#599,#292,.T.);
#747=EDGE_CURVE('',#600,#598,#508,.T.);
#748=EDGE_CURVE('',#601,#599,#509,.T.);
#749=EDGE_CURVE('',#600,#601,#293,.T.);
#750=EDGE_CURVE('',#602,#600,#294,.T.);
#751=EDGE_CURVE('',#603,#601,#295,.T.);
#752=EDGE_CURVE('',#602,#603,#296,.T.);
#753=EDGE_CURVE('',#589,#602,#510,.T.);
#754=EDGE_CURVE('',#590,#603,#511,.T.);
#755=EDGE_CURVE('',#604,#605,#297,.T.);
#756=EDGE_CURVE('',#605,#606,#298,.T.);
#757=EDGE_CURVE('',#607,#606,#299,.T.);
#758=EDGE_CURVE('',#604,#607,#300,.T.);
#759=EDGE_CURVE('',#608,#604,#512,.T.);
#760=EDGE_CURVE('',#609,#607,#513,.T.);
#761=EDGE_CURVE('',#608,#609,#301,.T.);
#762=EDGE_CURVE('',#610,#608,#302,.T.);
#763=EDGE_CURVE('',#611,#609,#303,.T.);
#764=EDGE_CURVE('',#610,#611,#304,.T.);
#765=EDGE_CURVE('',#612,#610,#514,.T.);
#766=EDGE_CURVE('',#613,#611,#515,.T.);
#767=EDGE_CURVE('',#612,#613,#305,.T.);
#768=EDGE_CURVE('',#614,#612,#306,.T.);
#769=EDGE_CURVE('',#615,#613,#307,.T.);
#770=EDGE_CURVE('',#614,#615,#308,.T.);
#771=EDGE_CURVE('',#616,#614,#516,.T.);
#772=EDGE_CURVE('',#617,#615,#517,.T.);
#773=EDGE_CURVE('',#616,#617,#309,.T.);
#774=EDGE_CURVE('',#618,#616,#310,.T.);
#775=EDGE_CURVE('',#619,#617,#311,.T.);
#776=EDGE_CURVE('',#618,#619,#312,.T.);
#777=EDGE_CURVE('',#605,#618,#518,.T.);
#778=EDGE_CURVE('',#606,#619,#519,.T.);
#779=EDGE_CURVE('',#620,#620,#520,.F.);
#780=EDGE_CURVE('',#620,#621,#313,.T.);
#781=EDGE_CURVE('',#621,#621,#521,.F.);
#782=EDGE_CURVE('',#622,#623,#314,.T.);
#783=EDGE_CURVE('',#623,#624,#315,.T.);
#784=EDGE_CURVE('',#625,#624,#316,.T.);
#785=EDGE_CURVE('',#622,#625,#317,.T.);
#786=EDGE_CURVE('',#626,#622,#522,.T.);
#787=EDGE_CURVE('',#627,#625,#523,.T.);
#788=EDGE_CURVE('',#626,#627,#318,.T.);
#789=EDGE_CURVE('',#628,#626,#319,.T.);
#790=EDGE_CURVE('',#629,#627,#320,.T.);
#791=EDGE_CURVE('',#628,#629,#321,.T.);
#792=EDGE_CURVE('',#630,#628,#524,.T.);
#793=EDGE_CURVE('',#631,#629,#525,.T.);
#794=EDGE_CURVE('',#630,#631,#322,.T.);
#795=EDGE_CURVE('',#632,#630,#323,.T.);
#796=EDGE_CURVE('',#633,#631,#324,.T.);
#797=EDGE_CURVE('',#632,#633,#325,.T.);
#798=EDGE_CURVE('',#634,#632,#526,.T.);
#799=EDGE_CURVE('',#635,#633,#527,.T.);
#800=EDGE_CURVE('',#634,#635,#326,.T.);
#801=EDGE_CURVE('',#636,#634,#327,.T.);
#802=EDGE_CURVE('',#637,#635,#328,.T.);
#803=EDGE_CURVE('',#636,#637,#329,.T.);
#804=EDGE_CURVE('',#623,#636,#528,.T.);
#805=EDGE_CURVE('',#624,#637,#529,.T.);
#806=EDGE_CURVE('',#638,#639,#330,.T.);
#807=EDGE_CURVE('',#639,#640,#331,.T.);
#808=EDGE_CURVE('',#641,#640,#332,.T.);
#809=EDGE_CURVE('',#556,#641,#333,.T.);
#810=EDGE_CURVE('',#555,#638,#334,.T.);
#811=EDGE_CURVE('',#642,#643,#335,.T.);
#812=EDGE_CURVE('',#643,#554,#336,.T.);
#813=EDGE_CURVE('',#644,#557,#337,.T.);
#814=EDGE_CURVE('',#645,#644,#338,.T.);
#815=EDGE_CURVE('',#642,#645,#339,.T.);
#816=EDGE_CURVE('',#639,#642,#340,.T.);
#817=EDGE_CURVE('',#640,#645,#341,.T.);
#818=EDGE_CURVE('',#646,#646,#530,.F.);
#819=EDGE_CURVE('',#647,#647,#531,.F.);
#820=EDGE_CURVE('',#648,#648,#532,.F.);
#821=EDGE_CURVE('',#649,#649,#533,.F.);
#822=EDGE_CURVE('',#650,#651,#342,.T.);
#823=EDGE_CURVE('',#652,#650,#534,.T.);
#824=EDGE_CURVE('',#653,#652,#343,.T.);
#825=EDGE_CURVE('',#654,#653,#535,.T.);
#826=EDGE_CURVE('',#655,#654,#344,.T.);
#827=EDGE_CURVE('',#656,#655,#536,.T.);
#828=EDGE_CURVE('',#657,#656,#345,.T.);
#829=EDGE_CURVE('',#651,#657,#537,.T.);
#830=EDGE_CURVE('',#658,#651,#346,.T.);
#831=EDGE_CURVE('',#659,#658,#347,.T.);
#832=EDGE_CURVE('',#659,#650,#348,.T.);
#833=EDGE_CURVE('',#660,#657,#349,.T.);
#834=EDGE_CURVE('',#660,#658,#538,.T.);
#835=EDGE_CURVE('',#661,#656,#350,.T.);
#836=EDGE_CURVE('',#660,#661,#351,.T.);
#837=EDGE_CURVE('',#662,#655,#352,.T.);
#838=EDGE_CURVE('',#662,#661,#539,.T.);
#839=EDGE_CURVE('',#649,#663,#353,.T.);
#840=EDGE_CURVE('',#663,#663,#540,.F.);
#841=EDGE_CURVE('',#647,#664,#354,.T.);
#842=EDGE_CURVE('',#664,#664,#541,.F.);
#843=EDGE_CURVE('',#648,#665,#355,.T.);
#844=EDGE_CURVE('',#665,#665,#542,.F.);
#845=EDGE_CURVE('',#646,#666,#356,.T.);
#846=EDGE_CURVE('',#666,#666,#543,.F.);
#847=EDGE_CURVE('',#667,#654,#357,.T.);
#848=EDGE_CURVE('',#662,#667,#358,.T.);
#849=EDGE_CURVE('',#668,#653,#359,.T.);
#850=EDGE_CURVE('',#668,#667,#544,.T.);
#851=EDGE_CURVE('',#669,#652,#360,.T.);
#852=EDGE_CURVE('',#668,#669,#361,.T.);
#853=EDGE_CURVE('',#659,#669,#545,.T.);
#854=ORIENTED_EDGE('',*,*,#670,.F.);
#855=ORIENTED_EDGE('',*,*,#671,.T.);
#856=ORIENTED_EDGE('',*,*,#672,.F.);
#857=ORIENTED_EDGE('',*,*,#671,.F.);
#858=ORIENTED_EDGE('',*,*,#673,.F.);
#859=ORIENTED_EDGE('',*,*,#674,.T.);
#860=ORIENTED_EDGE('',*,*,#675,.F.);
#861=ORIENTED_EDGE('',*,*,#674,.F.);
#862=ORIENTED_EDGE('',*,*,#676,.F.);
#863=ORIENTED_EDGE('',*,*,#677,.T.);
#864=ORIENTED_EDGE('',*,*,#678,.F.);
#865=ORIENTED_EDGE('',*,*,#677,.F.);
#866=ORIENTED_EDGE('',*,*,#679,.F.);
#867=ORIENTED_EDGE('',*,*,#680,.T.);
#868=ORIENTED_EDGE('',*,*,#681,.F.);
#869=ORIENTED_EDGE('',*,*,#680,.F.);
#870=ORIENTED_EDGE('',*,*,#682,.T.);
#871=ORIENTED_EDGE('',*,*,#683,.F.);
#872=ORIENTED_EDGE('',*,*,#684,.F.);
#873=ORIENTED_EDGE('',*,*,#685,.T.);
#874=ORIENTED_EDGE('',*,*,#686,.F.);
#875=ORIENTED_EDGE('',*,*,#687,.T.);
#876=ORIENTED_EDGE('',*,*,#688,.F.);
#877=ORIENTED_EDGE('',*,*,#687,.F.);
#878=ORIENTED_EDGE('',*,*,#689,.F.);
#879=ORIENTED_EDGE('',*,*,#690,.T.);
#880=ORIENTED_EDGE('',*,*,#691,.F.);
#881=ORIENTED_EDGE('',*,*,#690,.F.);
#882=ORIENTED_EDGE('',*,*,#692,.F.);
#883=ORIENTED_EDGE('',*,*,#693,.T.);
#884=ORIENTED_EDGE('',*,*,#694,.F.);
#885=ORIENTED_EDGE('',*,*,#693,.F.);
#886=ORIENTED_EDGE('',*,*,#695,.F.);
#887=ORIENTED_EDGE('',*,*,#696,.T.);
#888=ORIENTED_EDGE('',*,*,#697,.F.);
#889=ORIENTED_EDGE('',*,*,#696,.F.);
#890=ORIENTED_EDGE('',*,*,#698,.T.);
#891=ORIENTED_EDGE('',*,*,#699,.T.);
#892=ORIENTED_EDGE('',*,*,#700,.F.);
#893=ORIENTED_EDGE('',*,*,#701,.F.);
#894=ORIENTED_EDGE('',*,*,#702,.T.);
#895=ORIENTED_EDGE('',*,*,#701,.T.);
#896=ORIENTED_EDGE('',*,*,#703,.F.);
#897=ORIENTED_EDGE('',*,*,#704,.F.);
#898=ORIENTED_EDGE('',*,*,#705,.T.);
#899=ORIENTED_EDGE('',*,*,#704,.T.);
#900=ORIENTED_EDGE('',*,*,#706,.F.);
#901=ORIENTED_EDGE('',*,*,#707,.F.);
#902=ORIENTED_EDGE('',*,*,#708,.T.);
#903=ORIENTED_EDGE('',*,*,#707,.T.);
#904=ORIENTED_EDGE('',*,*,#709,.F.);
#905=ORIENTED_EDGE('',*,*,#710,.F.);
#906=ORIENTED_EDGE('',*,*,#711,.T.);
#907=ORIENTED_EDGE('',*,*,#710,.T.);
#908=ORIENTED_EDGE('',*,*,#712,.F.);
#909=ORIENTED_EDGE('',*,*,#713,.F.);
#910=ORIENTED_EDGE('',*,*,#714,.T.);
#911=ORIENTED_EDGE('',*,*,#713,.T.);
#912=ORIENTED_EDGE('',*,*,#715,.F.);
#913=ORIENTED_EDGE('',*,*,#716,.F.);
#914=ORIENTED_EDGE('',*,*,#717,.T.);
#915=ORIENTED_EDGE('',*,*,#716,.T.);
#916=ORIENTED_EDGE('',*,*,#718,.F.);
#917=ORIENTED_EDGE('',*,*,#719,.F.);
#918=ORIENTED_EDGE('',*,*,#720,.T.);
#919=ORIENTED_EDGE('',*,*,#719,.T.);
#920=ORIENTED_EDGE('',*,*,#721,.F.);
#921=ORIENTED_EDGE('',*,*,#699,.F.);
#922=ORIENTED_EDGE('',*,*,#722,.F.);
#923=ORIENTED_EDGE('',*,*,#723,.T.);
#924=ORIENTED_EDGE('',*,*,#724,.T.);
#925=ORIENTED_EDGE('',*,*,#723,.F.);
#926=ORIENTED_EDGE('',*,*,#725,.F.);
#927=ORIENTED_EDGE('',*,*,#726,.T.);
#928=ORIENTED_EDGE('',*,*,#727,.T.);
#929=ORIENTED_EDGE('',*,*,#726,.F.);
#930=ORIENTED_EDGE('',*,*,#728,.F.);
#931=ORIENTED_EDGE('',*,*,#729,.T.);
#932=ORIENTED_EDGE('',*,*,#730,.T.);
#933=ORIENTED_EDGE('',*,*,#729,.F.);
#934=ORIENTED_EDGE('',*,*,#731,.T.);
#935=ORIENTED_EDGE('',*,*,#732,.T.);
#936=ORIENTED_EDGE('',*,*,#733,.F.);
#937=ORIENTED_EDGE('',*,*,#734,.F.);
#938=ORIENTED_EDGE('',*,*,#735,.T.);
#939=ORIENTED_EDGE('',*,*,#734,.T.);
#940=ORIENTED_EDGE('',*,*,#736,.F.);
#941=ORIENTED_EDGE('',*,*,#737,.F.);
#942=ORIENTED_EDGE('',*,*,#738,.T.);
#943=ORIENTED_EDGE('',*,*,#737,.T.);
#944=ORIENTED_EDGE('',*,*,#739,.F.);
#945=ORIENTED_EDGE('',*,*,#740,.F.);
#946=ORIENTED_EDGE('',*,*,#741,.T.);
#947=ORIENTED_EDGE('',*,*,#740,.T.);
#948=ORIENTED_EDGE('',*,*,#742,.F.);
#949=ORIENTED_EDGE('',*,*,#743,.F.);
#950=ORIENTED_EDGE('',*,*,#744,.T.);
#951=ORIENTED_EDGE('',*,*,#743,.T.);
#952=ORIENTED_EDGE('',*,*,#745,.F.);
#953=ORIENTED_EDGE('',*,*,#746,.F.);
#954=ORIENTED_EDGE('',*,*,#747,.T.);
#955=ORIENTED_EDGE('',*,*,#746,.T.);
#956=ORIENTED_EDGE('',*,*,#748,.F.);
#957=ORIENTED_EDGE('',*,*,#749,.F.);
#958=ORIENTED_EDGE('',*,*,#750,.T.);
#959=ORIENTED_EDGE('',*,*,#749,.T.);
#960=ORIENTED_EDGE('',*,*,#751,.F.);
#961=ORIENTED_EDGE('',*,*,#752,.F.);
#962=ORIENTED_EDGE('',*,*,#753,.T.);
#963=ORIENTED_EDGE('',*,*,#752,.T.);
#964=ORIENTED_EDGE('',*,*,#754,.F.);
#965=ORIENTED_EDGE('',*,*,#732,.F.);
#966=ORIENTED_EDGE('',*,*,#755,.T.);
#967=ORIENTED_EDGE('',*,*,#756,.T.);
#968=ORIENTED_EDGE('',*,*,#757,.F.);
#969=ORIENTED_EDGE('',*,*,#758,.F.);
#970=ORIENTED_EDGE('',*,*,#759,.T.);
#971=ORIENTED_EDGE('',*,*,#758,.T.);
#972=ORIENTED_EDGE('',*,*,#760,.F.);
#973=ORIENTED_EDGE('',*,*,#761,.F.);
#974=ORIENTED_EDGE('',*,*,#762,.T.);
#975=ORIENTED_EDGE('',*,*,#761,.T.);
#976=ORIENTED_EDGE('',*,*,#763,.F.);
#977=ORIENTED_EDGE('',*,*,#764,.F.);
#978=ORIENTED_EDGE('',*,*,#765,.T.);
#979=ORIENTED_EDGE('',*,*,#764,.T.);
#980=ORIENTED_EDGE('',*,*,#766,.F.);
#981=ORIENTED_EDGE('',*,*,#767,.F.);
#982=ORIENTED_EDGE('',*,*,#768,.T.);
#983=ORIENTED_EDGE('',*,*,#767,.T.);
#984=ORIENTED_EDGE('',*,*,#769,.F.);
#985=ORIENTED_EDGE('',*,*,#770,.F.);
#986=ORIENTED_EDGE('',*,*,#771,.T.);
#987=ORIENTED_EDGE('',*,*,#770,.T.);
#988=ORIENTED_EDGE('',*,*,#772,.F.);
#989=ORIENTED_EDGE('',*,*,#773,.F.);
#990=ORIENTED_EDGE('',*,*,#774,.T.);
#991=ORIENTED_EDGE('',*,*,#773,.T.);
#992=ORIENTED_EDGE('',*,*,#775,.F.);
#993=ORIENTED_EDGE('',*,*,#776,.F.);
#994=ORIENTED_EDGE('',*,*,#777,.T.);
#995=ORIENTED_EDGE('',*,*,#776,.T.);
#996=ORIENTED_EDGE('',*,*,#778,.F.);
#997=ORIENTED_EDGE('',*,*,#756,.F.);
#998=ORIENTED_EDGE('',*,*,#779,.F.);
#999=ORIENTED_EDGE('',*,*,#780,.T.);
#1000=ORIENTED_EDGE('',*,*,#781,.T.);
#1001=ORIENTED_EDGE('',*,*,#780,.F.);
#1002=ORIENTED_EDGE('',*,*,#782,.T.);
#1003=ORIENTED_EDGE('',*,*,#783,.T.);
#1004=ORIENTED_EDGE('',*,*,#784,.F.);
#1005=ORIENTED_EDGE('',*,*,#785,.F.);
#1006=ORIENTED_EDGE('',*,*,#786,.T.);
#1007=ORIENTED_EDGE('',*,*,#785,.T.);
#1008=ORIENTED_EDGE('',*,*,#787,.F.);
#1009=ORIENTED_EDGE('',*,*,#788,.F.);
#1010=ORIENTED_EDGE('',*,*,#789,.T.);
#1011=ORIENTED_EDGE('',*,*,#788,.T.);
#1012=ORIENTED_EDGE('',*,*,#790,.F.);
#1013=ORIENTED_EDGE('',*,*,#791,.F.);
#1014=ORIENTED_EDGE('',*,*,#792,.T.);
#1015=ORIENTED_EDGE('',*,*,#791,.T.);
#1016=ORIENTED_EDGE('',*,*,#793,.F.);
#1017=ORIENTED_EDGE('',*,*,#794,.F.);
#1018=ORIENTED_EDGE('',*,*,#795,.T.);
#1019=ORIENTED_EDGE('',*,*,#794,.T.);
#1020=ORIENTED_EDGE('',*,*,#796,.F.);
#1021=ORIENTED_EDGE('',*,*,#797,.F.);
#1022=ORIENTED_EDGE('',*,*,#798,.T.);
#1023=ORIENTED_EDGE('',*,*,#797,.T.);
#1024=ORIENTED_EDGE('',*,*,#799,.F.);
#1025=ORIENTED_EDGE('',*,*,#800,.F.);
#1026=ORIENTED_EDGE('',*,*,#801,.T.);
#1027=ORIENTED_EDGE('',*,*,#800,.T.);
#1028=ORIENTED_EDGE('',*,*,#802,.F.);
#1029=ORIENTED_EDGE('',*,*,#803,.F.);
#1030=ORIENTED_EDGE('',*,*,#804,.T.);
#1031=ORIENTED_EDGE('',*,*,#803,.T.);
#1032=ORIENTED_EDGE('',*,*,#805,.F.);
#1033=ORIENTED_EDGE('',*,*,#783,.F.);
#1034=ORIENTED_EDGE('',*,*,#806,.T.);
#1035=ORIENTED_EDGE('',*,*,#807,.T.);
#1036=ORIENTED_EDGE('',*,*,#808,.F.);
#1037=ORIENTED_EDGE('',*,*,#809,.F.);
#1038=ORIENTED_EDGE('',*,*,#683,.T.);
#1039=ORIENTED_EDGE('',*,*,#810,.T.);
#1040=ORIENTED_EDGE('',*,*,#811,.T.);
#1041=ORIENTED_EDGE('',*,*,#812,.T.);
#1042=ORIENTED_EDGE('',*,*,#685,.F.);
#1043=ORIENTED_EDGE('',*,*,#813,.F.);
#1044=ORIENTED_EDGE('',*,*,#814,.F.);
#1045=ORIENTED_EDGE('',*,*,#815,.F.);
#1046=ORIENTED_EDGE('',*,*,#816,.T.);
#1047=ORIENTED_EDGE('',*,*,#815,.T.);
#1048=ORIENTED_EDGE('',*,*,#817,.F.);
#1049=ORIENTED_EDGE('',*,*,#807,.F.);
#1050=ORIENTED_EDGE('',*,*,#817,.T.);
#1051=ORIENTED_EDGE('',*,*,#814,.T.);
#1052=ORIENTED_EDGE('',*,*,#813,.T.);
#1053=ORIENTED_EDGE('',*,*,#684,.T.);
#1054=ORIENTED_EDGE('',*,*,#809,.T.);
#1055=ORIENTED_EDGE('',*,*,#808,.T.);
#1056=ORIENTED_EDGE('',*,*,#686,.T.);
#1057=ORIENTED_EDGE('',*,*,#689,.T.);
#1058=ORIENTED_EDGE('',*,*,#692,.T.);
#1059=ORIENTED_EDGE('',*,*,#695,.T.);
#1060=ORIENTED_EDGE('',*,*,#818,.T.);
#1061=ORIENTED_EDGE('',*,*,#805,.T.);
#1062=ORIENTED_EDGE('',*,*,#802,.T.);
#1063=ORIENTED_EDGE('',*,*,#799,.T.);
#1064=ORIENTED_EDGE('',*,*,#796,.T.);
#1065=ORIENTED_EDGE('',*,*,#793,.T.);
#1066=ORIENTED_EDGE('',*,*,#790,.T.);
#1067=ORIENTED_EDGE('',*,*,#787,.T.);
#1068=ORIENTED_EDGE('',*,*,#784,.T.);
#1069=ORIENTED_EDGE('',*,*,#779,.T.);
#1070=ORIENTED_EDGE('',*,*,#819,.T.);
#1071=ORIENTED_EDGE('',*,*,#820,.T.);
#1072=ORIENTED_EDGE('',*,*,#778,.T.);
#1073=ORIENTED_EDGE('',*,*,#775,.T.);
#1074=ORIENTED_EDGE('',*,*,#772,.T.);
#1075=ORIENTED_EDGE('',*,*,#769,.T.);
#1076=ORIENTED_EDGE('',*,*,#766,.T.);
#1077=ORIENTED_EDGE('',*,*,#763,.T.);
#1078=ORIENTED_EDGE('',*,*,#760,.T.);
#1079=ORIENTED_EDGE('',*,*,#757,.T.);
#1080=ORIENTED_EDGE('',*,*,#821,.T.);
#1081=ORIENTED_EDGE('',*,*,#754,.T.);
#1082=ORIENTED_EDGE('',*,*,#751,.T.);
#1083=ORIENTED_EDGE('',*,*,#748,.T.);
#1084=ORIENTED_EDGE('',*,*,#745,.T.);
#1085=ORIENTED_EDGE('',*,*,#742,.T.);
#1086=ORIENTED_EDGE('',*,*,#739,.T.);
#1087=ORIENTED_EDGE('',*,*,#736,.T.);
#1088=ORIENTED_EDGE('',*,*,#733,.T.);
#1089=ORIENTED_EDGE('',*,*,#728,.T.);
#1090=ORIENTED_EDGE('',*,*,#725,.T.);
#1091=ORIENTED_EDGE('',*,*,#722,.T.);
#1092=ORIENTED_EDGE('',*,*,#721,.T.);
#1093=ORIENTED_EDGE('',*,*,#718,.T.);
#1094=ORIENTED_EDGE('',*,*,#715,.T.);
#1095=ORIENTED_EDGE('',*,*,#712,.T.);
#1096=ORIENTED_EDGE('',*,*,#709,.T.);
#1097=ORIENTED_EDGE('',*,*,#706,.T.);
#1098=ORIENTED_EDGE('',*,*,#703,.T.);
#1099=ORIENTED_EDGE('',*,*,#700,.T.);
#1100=ORIENTED_EDGE('',*,*,#679,.T.);
#1101=ORIENTED_EDGE('',*,*,#676,.T.);
#1102=ORIENTED_EDGE('',*,*,#673,.T.);
#1103=ORIENTED_EDGE('',*,*,#670,.T.);
#1104=ORIENTED_EDGE('',*,*,#816,.F.);
#1105=ORIENTED_EDGE('',*,*,#806,.F.);
#1106=ORIENTED_EDGE('',*,*,#810,.F.);
#1107=ORIENTED_EDGE('',*,*,#682,.F.);
#1108=ORIENTED_EDGE('',*,*,#812,.F.);
#1109=ORIENTED_EDGE('',*,*,#811,.F.);
#1110=ORIENTED_EDGE('',*,*,#688,.T.);
#1111=ORIENTED_EDGE('',*,*,#691,.T.);
#1112=ORIENTED_EDGE('',*,*,#694,.T.);
#1113=ORIENTED_EDGE('',*,*,#697,.T.);
#1114=ORIENTED_EDGE('',*,*,#720,.F.);
#1115=ORIENTED_EDGE('',*,*,#698,.F.);
#1116=ORIENTED_EDGE('',*,*,#702,.F.);
#1117=ORIENTED_EDGE('',*,*,#705,.F.);
#1118=ORIENTED_EDGE('',*,*,#708,.F.);
#1119=ORIENTED_EDGE('',*,*,#711,.F.);
#1120=ORIENTED_EDGE('',*,*,#714,.F.);
#1121=ORIENTED_EDGE('',*,*,#717,.F.);
#1122=ORIENTED_EDGE('',*,*,#724,.F.);
#1123=ORIENTED_EDGE('',*,*,#727,.F.);
#1124=ORIENTED_EDGE('',*,*,#730,.F.);
#1125=ORIENTED_EDGE('',*,*,#753,.F.);
#1126=ORIENTED_EDGE('',*,*,#731,.F.);
#1127=ORIENTED_EDGE('',*,*,#735,.F.);
#1128=ORIENTED_EDGE('',*,*,#738,.F.);
#1129=ORIENTED_EDGE('',*,*,#741,.F.);
#1130=ORIENTED_EDGE('',*,*,#744,.F.);
#1131=ORIENTED_EDGE('',*,*,#747,.F.);
#1132=ORIENTED_EDGE('',*,*,#750,.F.);
#1133=ORIENTED_EDGE('',*,*,#777,.F.);
#1134=ORIENTED_EDGE('',*,*,#755,.F.);
#1135=ORIENTED_EDGE('',*,*,#759,.F.);
#1136=ORIENTED_EDGE('',*,*,#762,.F.);
#1137=ORIENTED_EDGE('',*,*,#765,.F.);
#1138=ORIENTED_EDGE('',*,*,#768,.F.);
#1139=ORIENTED_EDGE('',*,*,#771,.F.);
#1140=ORIENTED_EDGE('',*,*,#774,.F.);
#1141=ORIENTED_EDGE('',*,*,#781,.F.);
#1142=ORIENTED_EDGE('',*,*,#804,.F.);
#1143=ORIENTED_EDGE('',*,*,#782,.F.);
#1144=ORIENTED_EDGE('',*,*,#786,.F.);
#1145=ORIENTED_EDGE('',*,*,#789,.F.);
#1146=ORIENTED_EDGE('',*,*,#792,.F.);
#1147=ORIENTED_EDGE('',*,*,#795,.F.);
#1148=ORIENTED_EDGE('',*,*,#798,.F.);
#1149=ORIENTED_EDGE('',*,*,#801,.F.);
#1150=ORIENTED_EDGE('',*,*,#822,.F.);
#1151=ORIENTED_EDGE('',*,*,#823,.F.);
#1152=ORIENTED_EDGE('',*,*,#824,.F.);
#1153=ORIENTED_EDGE('',*,*,#825,.F.);
#1154=ORIENTED_EDGE('',*,*,#826,.F.);
#1155=ORIENTED_EDGE('',*,*,#827,.F.);
#1156=ORIENTED_EDGE('',*,*,#828,.F.);
#1157=ORIENTED_EDGE('',*,*,#829,.F.);
#1158=ORIENTED_EDGE('',*,*,#681,.T.);
#1159=ORIENTED_EDGE('',*,*,#678,.T.);
#1160=ORIENTED_EDGE('',*,*,#675,.T.);
#1161=ORIENTED_EDGE('',*,*,#672,.T.);
#1162=ORIENTED_EDGE('',*,*,#822,.T.);
#1163=ORIENTED_EDGE('',*,*,#830,.F.);
#1164=ORIENTED_EDGE('',*,*,#831,.F.);
#1165=ORIENTED_EDGE('',*,*,#832,.T.);
#1166=ORIENTED_EDGE('',*,*,#829,.T.);
#1167=ORIENTED_EDGE('',*,*,#833,.F.);
#1168=ORIENTED_EDGE('',*,*,#834,.T.);
#1169=ORIENTED_EDGE('',*,*,#830,.T.);
#1170=ORIENTED_EDGE('',*,*,#828,.T.);
#1171=ORIENTED_EDGE('',*,*,#835,.F.);
#1172=ORIENTED_EDGE('',*,*,#836,.F.);
#1173=ORIENTED_EDGE('',*,*,#833,.T.);
#1174=ORIENTED_EDGE('',*,*,#827,.T.);
#1175=ORIENTED_EDGE('',*,*,#837,.F.);
#1176=ORIENTED_EDGE('',*,*,#838,.T.);
#1177=ORIENTED_EDGE('',*,*,#835,.T.);
#1178=ORIENTED_EDGE('',*,*,#821,.F.);
#1179=ORIENTED_EDGE('',*,*,#839,.T.);
#1180=ORIENTED_EDGE('',*,*,#840,.T.);
#1181=ORIENTED_EDGE('',*,*,#839,.F.);
#1182=ORIENTED_EDGE('',*,*,#819,.F.);
#1183=ORIENTED_EDGE('',*,*,#841,.T.);
#1184=ORIENTED_EDGE('',*,*,#842,.T.);
#1185=ORIENTED_EDGE('',*,*,#841,.F.);
#1186=ORIENTED_EDGE('',*,*,#820,.F.);
#1187=ORIENTED_EDGE('',*,*,#843,.T.);
#1188=ORIENTED_EDGE('',*,*,#844,.T.);
#1189=ORIENTED_EDGE('',*,*,#843,.F.);
#1190=ORIENTED_EDGE('',*,*,#818,.F.);
#1191=ORIENTED_EDGE('',*,*,#845,.T.);
#1192=ORIENTED_EDGE('',*,*,#846,.T.);
#1193=ORIENTED_EDGE('',*,*,#845,.F.);
#1194=ORIENTED_EDGE('',*,*,#826,.T.);
#1195=ORIENTED_EDGE('',*,*,#847,.F.);
#1196=ORIENTED_EDGE('',*,*,#848,.F.);
#1197=ORIENTED_EDGE('',*,*,#837,.T.);
#1198=ORIENTED_EDGE('',*,*,#825,.T.);
#1199=ORIENTED_EDGE('',*,*,#849,.F.);
#1200=ORIENTED_EDGE('',*,*,#850,.T.);
#1201=ORIENTED_EDGE('',*,*,#847,.T.);
#1202=ORIENTED_EDGE('',*,*,#824,.T.);
#1203=ORIENTED_EDGE('',*,*,#851,.F.);
#1204=ORIENTED_EDGE('',*,*,#852,.F.);
#1205=ORIENTED_EDGE('',*,*,#849,.T.);
#1206=ORIENTED_EDGE('',*,*,#823,.T.);
#1207=ORIENTED_EDGE('',*,*,#832,.F.);
#1208=ORIENTED_EDGE('',*,*,#853,.T.);
#1209=ORIENTED_EDGE('',*,*,#851,.T.);
#1210=ORIENTED_EDGE('',*,*,#838,.F.);
#1211=ORIENTED_EDGE('',*,*,#848,.T.);
#1212=ORIENTED_EDGE('',*,*,#850,.F.);
#1213=ORIENTED_EDGE('',*,*,#852,.T.);
#1214=ORIENTED_EDGE('',*,*,#853,.F.);
#1215=ORIENTED_EDGE('',*,*,#831,.T.);
#1216=ORIENTED_EDGE('',*,*,#834,.F.);
#1217=ORIENTED_EDGE('',*,*,#836,.T.);
#1218=ORIENTED_EDGE('',*,*,#846,.F.);
#1219=ORIENTED_EDGE('',*,*,#844,.F.);
#1220=ORIENTED_EDGE('',*,*,#842,.F.);
#1221=ORIENTED_EDGE('',*,*,#840,.F.);
#1222=CYLINDRICAL_SURFACE('',#1335,1.2645);
#1223=CYLINDRICAL_SURFACE('',#1338,1.2645);
#1224=CYLINDRICAL_SURFACE('',#1341,1.2645);
#1225=CYLINDRICAL_SURFACE('',#1344,1.2645);
#1226=CYLINDRICAL_SURFACE('',#1348,1.2645);
#1227=CYLINDRICAL_SURFACE('',#1351,1.2645);
#1228=CYLINDRICAL_SURFACE('',#1354,1.2645);
#1229=CYLINDRICAL_SURFACE('',#1357,1.2645);
#1230=CYLINDRICAL_SURFACE('',#1361,1.00000000000001);
#1231=CYLINDRICAL_SURFACE('',#1365,1.00000000000001);
#1232=CYLINDRICAL_SURFACE('',#1369,1.00000000000001);
#1233=CYLINDRICAL_SURFACE('',#1373,1.00000000000001);
#1234=CYLINDRICAL_SURFACE('',#1376,1.2645);
#1235=CYLINDRICAL_SURFACE('',#1379,1.2645);
#1236=CYLINDRICAL_SURFACE('',#1382,1.2645);
#1237=CYLINDRICAL_SURFACE('',#1386,1.00000000000001);
#1238=CYLINDRICAL_SURFACE('',#1390,1.00000000000001);
#1239=CYLINDRICAL_SURFACE('',#1394,1.00000000000001);
#1240=CYLINDRICAL_SURFACE('',#1398,1.00000000000001);
#1241=CYLINDRICAL_SURFACE('',#1402,1.00000000000001);
#1242=CYLINDRICAL_SURFACE('',#1406,1.00000000000001);
#1243=CYLINDRICAL_SURFACE('',#1410,1.00000000000001);
#1244=CYLINDRICAL_SURFACE('',#1414,1.00000000000001);
#1245=CYLINDRICAL_SURFACE('',#1417,1.2645);
#1246=CYLINDRICAL_SURFACE('',#1421,1.00000000000005);
#1247=CYLINDRICAL_SURFACE('',#1425,1.00000000000001);
#1248=CYLINDRICAL_SURFACE('',#1429,1.00000000000001);
#1249=CYLINDRICAL_SURFACE('',#1433,1.00000000000006);
#1250=CYLINDRICAL_SURFACE('',#1450,0.499999999999972);
#1251=CYLINDRICAL_SURFACE('',#1453,0.500000000000007);
#1252=CYLINDRICAL_SURFACE('',#1455,0.8115);
#1253=CYLINDRICAL_SURFACE('',#1457,0.8115);
#1254=CYLINDRICAL_SURFACE('',#1459,0.8115);
#1255=CYLINDRICAL_SURFACE('',#1461,0.8115);
#1256=CYLINDRICAL_SURFACE('',#1464,0.500000000000007);
#1257=CYLINDRICAL_SURFACE('',#1467,0.499999999999972);
#1258=ADVANCED_FACE('',(#83),#1222,.F.);
#1259=ADVANCED_FACE('',(#84),#1223,.F.);
#1260=ADVANCED_FACE('',(#85),#1224,.F.);
#1261=ADVANCED_FACE('',(#86),#1225,.F.);
#1262=ADVANCED_FACE('',(#87),#56,.T.);
#1263=ADVANCED_FACE('',(#88),#1226,.F.);
#1264=ADVANCED_FACE('',(#89),#1227,.F.);
#1265=ADVANCED_FACE('',(#90),#1228,.F.);
#1266=ADVANCED_FACE('',(#91),#1229,.F.);
#1267=ADVANCED_FACE('',(#92),#57,.T.);
#1268=ADVANCED_FACE('',(#93),#1230,.F.);
#1269=ADVANCED_FACE('',(#94),#58,.T.);
#1270=ADVANCED_FACE('',(#95),#1231,.F.);
#1271=ADVANCED_FACE('',(#96),#59,.T.);
#1272=ADVANCED_FACE('',(#97),#1232,.F.);
#1273=ADVANCED_FACE('',(#98),#60,.T.);
#1274=ADVANCED_FACE('',(#99),#1233,.F.);
#1275=ADVANCED_FACE('',(#100),#1234,.F.);
#1276=ADVANCED_FACE('',(#101),#1235,.F.);
#1277=ADVANCED_FACE('',(#102),#1236,.F.);
#1278=ADVANCED_FACE('',(#103),#61,.T.);
#1279=ADVANCED_FACE('',(#104),#1237,.F.);
#1280=ADVANCED_FACE('',(#105),#62,.T.);
#1281=ADVANCED_FACE('',(#106),#1238,.F.);
#1282=ADVANCED_FACE('',(#107),#63,.T.);
#1283=ADVANCED_FACE('',(#108),#1239,.F.);
#1284=ADVANCED_FACE('',(#109),#64,.T.);
#1285=ADVANCED_FACE('',(#110),#1240,.F.);
#1286=ADVANCED_FACE('',(#111),#65,.T.);
#1287=ADVANCED_FACE('',(#112),#1241,.F.);
#1288=ADVANCED_FACE('',(#113),#66,.T.);
#1289=ADVANCED_FACE('',(#114),#1242,.F.);
#1290=ADVANCED_FACE('',(#115),#67,.T.);
#1291=ADVANCED_FACE('',(#116),#1243,.F.);
#1292=ADVANCED_FACE('',(#117),#68,.T.);
#1293=ADVANCED_FACE('',(#118),#1244,.F.);
#1294=ADVANCED_FACE('',(#119),#1245,.F.);
#1295=ADVANCED_FACE('',(#120),#69,.T.);
#1296=ADVANCED_FACE('',(#121),#1246,.F.);
#1297=ADVANCED_FACE('',(#122),#70,.T.);
#1298=ADVANCED_FACE('',(#123),#1247,.F.);
#1299=ADVANCED_FACE('',(#124),#71,.T.);
#1300=ADVANCED_FACE('',(#125),#1248,.F.);
#1301=ADVANCED_FACE('',(#126),#72,.T.);
#1302=ADVANCED_FACE('',(#127),#1249,.F.);
#1303=ADVANCED_FACE('',(#128),#73,.T.);
#1304=ADVANCED_FACE('',(#129),#74,.T.);
#1305=ADVANCED_FACE('',(#130),#75,.T.);
#1306=ADVANCED_FACE('',(#131,#15,#16,#17,#18,#19,#20,#21,#22,#23,#24,#25,
#26,#27,#28,#29,#30,#31,#32,#33,#34),#76,.T.);
#1307=ADVANCED_FACE('',(#132,#35,#36,#37,#38,#39,#40,#41,#42,#43,#44,#45,
#46,#47,#48,#49,#50,#51),#77,.F.);
#1308=ADVANCED_FACE('',(#133),#78,.T.);
#1309=ADVANCED_FACE('',(#134),#1250,.T.);
#1310=ADVANCED_FACE('',(#135),#79,.T.);
#1311=ADVANCED_FACE('',(#136),#1251,.T.);
#1312=ADVANCED_FACE('',(#137),#1252,.F.);
#1313=ADVANCED_FACE('',(#138),#1253,.F.);
#1314=ADVANCED_FACE('',(#139),#1254,.F.);
#1315=ADVANCED_FACE('',(#140),#1255,.F.);
#1316=ADVANCED_FACE('',(#141),#80,.T.);
#1317=ADVANCED_FACE('',(#142),#1256,.T.);
#1318=ADVANCED_FACE('',(#143),#81,.T.);
#1319=ADVANCED_FACE('',(#144),#1257,.T.);
#1320=ADVANCED_FACE('',(#145,#52,#53,#54,#55),#82,.F.);
#1321=CLOSED_SHELL('',(#1258,#1259,#1260,#1261,#1262,#1263,#1264,#1265,
#1266,#1267,#1268,#1269,#1270,#1271,#1272,#1273,#1274,#1275,#1276,#1277,
#1278,#1279,#1280,#1281,#1282,#1283,#1284,#1285,#1286,#1287,#1288,#1289,
#1290,#1291,#1292,#1293,#1294,#1295,#1296,#1297,#1298,#1299,#1300,#1301,
#1302,#1303,#1304,#1305,#1306,#1307,#1308,#1309,#1310,#1311,#1312,#1313,
#1314,#1315,#1316,#1317,#1318,#1319,#1320));
#1322=DERIVED_UNIT_ELEMENT(#1324,1.);
#1323=DERIVED_UNIT_ELEMENT(#2231,-3.);
#1324=(
MASS_UNIT()
NAMED_UNIT(*)
SI_UNIT(.KILO.,.GRAM.)
);
#1325=DERIVED_UNIT((#1322,#1323));
#1326=MEASURE_REPRESENTATION_ITEM('density measure',
POSITIVE_RATIO_MEASURE(7850.),#1325);
#1327=PROPERTY_DEFINITION_REPRESENTATION(#1332,#1329);
#1328=PROPERTY_DEFINITION_REPRESENTATION(#1333,#1330);
#1329=REPRESENTATION('material name',(#1331),#2228);
#1330=REPRESENTATION('density',(#1326),#2228);
#1331=DESCRIPTIVE_REPRESENTATION_ITEM('Steel','Steel');
#1332=PROPERTY_DEFINITION('material property','material name',#2238);
#1333=PROPERTY_DEFINITION('material property','density of part',#2238);
#1334=AXIS2_PLACEMENT_3D('',#1854,#1470,#1471);
#1335=AXIS2_PLACEMENT_3D('',#1855,#1472,#1473);
#1336=AXIS2_PLACEMENT_3D('',#1857,#1474,#1475);
#1337=AXIS2_PLACEMENT_3D('',#1860,#1477,#1478);
#1338=AXIS2_PLACEMENT_3D('',#1861,#1479,#1480);
#1339=AXIS2_PLACEMENT_3D('',#1863,#1481,#1482);
#1340=AXIS2_PLACEMENT_3D('',#1866,#1484,#1485);
#1341=AXIS2_PLACEMENT_3D('',#1867,#1486,#1487);
#1342=AXIS2_PLACEMENT_3D('',#1869,#1488,#1489);
#1343=AXIS2_PLACEMENT_3D('',#1872,#1491,#1492);
#1344=AXIS2_PLACEMENT_3D('',#1873,#1493,#1494);
#1345=AXIS2_PLACEMENT_3D('',#1875,#1495,#1496);
#1346=AXIS2_PLACEMENT_3D('',#1878,#1498,#1499);
#1347=AXIS2_PLACEMENT_3D('',#1879,#1500,#1501);
#1348=AXIS2_PLACEMENT_3D('',#1888,#1506,#1507);
#1349=AXIS2_PLACEMENT_3D('',#1890,#1508,#1509);
#1350=AXIS2_PLACEMENT_3D('',#1893,#1511,#1512);
#1351=AXIS2_PLACEMENT_3D('',#1894,#1513,#1514);
#1352=AXIS2_PLACEMENT_3D('',#1896,#1515,#1516);
#1353=AXIS2_PLACEMENT_3D('',#1899,#1518,#1519);
#1354=AXIS2_PLACEMENT_3D('',#1900,#1520,#1521);
#1355=AXIS2_PLACEMENT_3D('',#1902,#1522,#1523);
#1356=AXIS2_PLACEMENT_3D('',#1905,#1525,#1526);
#1357=AXIS2_PLACEMENT_3D('',#1906,#1527,#1528);
#1358=AXIS2_PLACEMENT_3D('',#1908,#1529,#1530);
#1359=AXIS2_PLACEMENT_3D('',#1911,#1532,#1533);
#1360=AXIS2_PLACEMENT_3D('',#1912,#1534,#1535);
#1361=AXIS2_PLACEMENT_3D('',#1921,#1540,#1541);
#1362=AXIS2_PLACEMENT_3D('',#1923,#1542,#1543);
#1363=AXIS2_PLACEMENT_3D('',#1925,#1544,#1545);
#1364=AXIS2_PLACEMENT_3D('',#1927,#1547,#1548);
#1365=AXIS2_PLACEMENT_3D('',#1933,#1552,#1553);
#1366=AXIS2_PLACEMENT_3D('',#1935,#1554,#1555);
#1367=AXIS2_PLACEMENT_3D('',#1937,#1556,#1557);
#1368=AXIS2_PLACEMENT_3D('',#1939,#1559,#1560);
#1369=AXIS2_PLACEMENT_3D('',#1945,#1564,#1565);
#1370=AXIS2_PLACEMENT_3D('',#1947,#1566,#1567);
#1371=AXIS2_PLACEMENT_3D('',#1949,#1568,#1569);
#1372=AXIS2_PLACEMENT_3D('',#1951,#1571,#1572);
#1373=AXIS2_PLACEMENT_3D('',#1957,#1576,#1577);
#1374=AXIS2_PLACEMENT_3D('',#1958,#1578,#1579);
#1375=AXIS2_PLACEMENT_3D('',#1959,#1580,#1581);
#1376=AXIS2_PLACEMENT_3D('',#1960,#1582,#1583);
#1377=AXIS2_PLACEMENT_3D('',#1962,#1584,#1585);
#1378=AXIS2_PLACEMENT_3D('',#1965,#1587,#1588);
#1379=AXIS2_PLACEMENT_3D('',#1966,#1589,#1590);
#1380=AXIS2_PLACEMENT_3D('',#1968,#1591,#1592);
#1381=AXIS2_PLACEMENT_3D('',#1971,#1594,#1595);
#1382=AXIS2_PLACEMENT_3D('',#1972,#1596,#1597);
#1383=AXIS2_PLACEMENT_3D('',#1974,#1598,#1599);
#1384=AXIS2_PLACEMENT_3D('',#1977,#1601,#1602);
#1385=AXIS2_PLACEMENT_3D('',#1978,#1603,#1604);
#1386=AXIS2_PLACEMENT_3D('',#1987,#1609,#1610);
#1387=AXIS2_PLACEMENT_3D('',#1989,#1611,#1612);
#1388=AXIS2_PLACEMENT_3D('',#1991,#1613,#1614);
#1389=AXIS2_PLACEMENT_3D('',#1993,#1616,#1617);
#1390=AXIS2_PLACEMENT_3D('',#1999,#1621,#1622);
#1391=AXIS2_PLACEMENT_3D('',#2001,#1623,#1624);
#1392=AXIS2_PLACEMENT_3D('',#2003,#1625,#1626);
#1393=AXIS2_PLACEMENT_3D('',#2005,#1628,#1629);
#1394=AXIS2_PLACEMENT_3D('',#2011,#1633,#1634);
#1395=AXIS2_PLACEMENT_3D('',#2013,#1635,#1636);
#1396=AXIS2_PLACEMENT_3D('',#2015,#1637,#1638);
#1397=AXIS2_PLACEMENT_3D('',#2017,#1640,#1641);
#1398=AXIS2_PLACEMENT_3D('',#2023,#1645,#1646);
#1399=AXIS2_PLACEMENT_3D('',#2024,#1647,#1648);
#1400=AXIS2_PLACEMENT_3D('',#2025,#1649,#1650);
#1401=AXIS2_PLACEMENT_3D('',#2026,#1651,#1652);
#1402=AXIS2_PLACEMENT_3D('',#2035,#1657,#1658);
#1403=AXIS2_PLACEMENT_3D('',#2037,#1659,#1660);
#1404=AXIS2_PLACEMENT_3D('',#2039,#1661,#1662);
#1405=AXIS2_PLACEMENT_3D('',#2041,#1664,#1665);
#1406=AXIS2_PLACEMENT_3D('',#2047,#1669,#1670);
#1407=AXIS2_PLACEMENT_3D('',#2049,#1671,#1672);
#1408=AXIS2_PLACEMENT_3D('',#2051,#1673,#1674);
#1409=AXIS2_PLACEMENT_3D('',#2053,#1676,#1677);
#1410=AXIS2_PLACEMENT_3D('',#2059,#1681,#1682);
#1411=AXIS2_PLACEMENT_3D('',#2061,#1683,#1684);
#1412=AXIS2_PLACEMENT_3D('',#2063,#1685,#1686);
#1413=AXIS2_PLACEMENT_3D('',#2065,#1688,#1689);
#1414=AXIS2_PLACEMENT_3D('',#2071,#1693,#1694);
#1415=AXIS2_PLACEMENT_3D('',#2072,#1695,#1696);
#1416=AXIS2_PLACEMENT_3D('',#2073,#1697,#1698);
#1417=AXIS2_PLACEMENT_3D('',#2074,#1699,#1700);
#1418=AXIS2_PLACEMENT_3D('',#2076,#1701,#1702);
#1419=AXIS2_PLACEMENT_3D('',#2079,#1704,#1705);
#1420=AXIS2_PLACEMENT_3D('',#2080,#1706,#1707);
#1421=AXIS2_PLACEMENT_3D('',#2089,#1712,#1713);
#1422=AXIS2_PLACEMENT_3D('',#2091,#1714,#1715);
#1423=AXIS2_PLACEMENT_3D('',#2093,#1716,#1717);
#1424=AXIS2_PLACEMENT_3D('',#2095,#1719,#1720);
#1425=AXIS2_PLACEMENT_3D('',#2101,#1724,#1725);
#1426=AXIS2_PLACEMENT_3D('',#2103,#1726,#1727);
#1427=AXIS2_PLACEMENT_3D('',#2105,#1728,#1729);
#1428=AXIS2_PLACEMENT_3D('',#2107,#1731,#1732);
#1429=AXIS2_PLACEMENT_3D('',#2113,#1736,#1737);
#1430=AXIS2_PLACEMENT_3D('',#2115,#1738,#1739);
#1431=AXIS2_PLACEMENT_3D('',#2117,#1740,#1741);
#1432=AXIS2_PLACEMENT_3D('',#2119,#1743,#1744);
#1433=AXIS2_PLACEMENT_3D('',#2125,#1748,#1749);
#1434=AXIS2_PLACEMENT_3D('',#2126,#1750,#1751);
#1435=AXIS2_PLACEMENT_3D('',#2127,#1752,#1753);
#1436=AXIS2_PLACEMENT_3D('',#2128,#1754,#1755);
#1437=AXIS2_PLACEMENT_3D('',#2138,#1761,#1762);
#1438=AXIS2_PLACEMENT_3D('',#2148,#1768,#1769);
#1439=AXIS2_PLACEMENT_3D('',#2151,#1772,#1773);
#1440=AXIS2_PLACEMENT_3D('',#2153,#1774,#1775);
#1441=AXIS2_PLACEMENT_3D('',#2155,#1776,#1777);
#1442=AXIS2_PLACEMENT_3D('',#2157,#1778,#1779);
#1443=AXIS2_PLACEMENT_3D('',#2159,#1780,#1781);
#1444=AXIS2_PLACEMENT_3D('',#2160,#1782,#1783);
#1445=AXIS2_PLACEMENT_3D('',#2165,#1785,#1786);
#1446=AXIS2_PLACEMENT_3D('',#2169,#1788,#1789);
#1447=AXIS2_PLACEMENT_3D('',#2173,#1791,#1792);
#1448=AXIS2_PLACEMENT_3D('',#2176,#1794,#1795);
#1449=AXIS2_PLACEMENT_3D('',#2177,#1796,#1797);
#1450=AXIS2_PLACEMENT_3D('',#2183,#1801,#1802);
#1451=AXIS2_PLACEMENT_3D('',#2186,#1804,#1805);
#1452=AXIS2_PLACEMENT_3D('',#2187,#1806,#1807);
#1453=AXIS2_PLACEMENT_3D('',#2191,#1810,#1811);
#1454=AXIS2_PLACEMENT_3D('',#2194,#1813,#1814);
#1455=AXIS2_PLACEMENT_3D('',#2195,#1815,#1816);
#1456=AXIS2_PLACEMENT_3D('',#2198,#1818,#1819);
#1457=AXIS2_PLACEMENT_3D('',#2199,#1820,#1821);
#1458=AXIS2_PLACEMENT_3D('',#2202,#1823,#1824);
#1459=AXIS2_PLACEMENT_3D('',#2203,#1825,#1826);
#1460=AXIS2_PLACEMENT_3D('',#2206,#1828,#1829);
#1461=AXIS2_PLACEMENT_3D('',#2207,#1830,#1831);
#1462=AXIS2_PLACEMENT_3D('',#2210,#1833,#1834);
#1463=AXIS2_PLACEMENT_3D('',#2211,#1835,#1836);
#1464=AXIS2_PLACEMENT_3D('',#2215,#1839,#1840);
#1465=AXIS2_PLACEMENT_3D('',#2218,#1842,#1843);
#1466=AXIS2_PLACEMENT_3D('',#2219,#1844,#1845);
#1467=AXIS2_PLACEMENT_3D('',#2223,#1848,#1849);
#1468=AXIS2_PLACEMENT_3D('',#2224,#1850,#1851);
#1469=AXIS2_PLACEMENT_3D('',#2225,#1852,#1853);
#1470=DIRECTION('axis',(0.,0.,1.));
#1471=DIRECTION('refdir',(1.,0.,0.));
#1472=DIRECTION('center_axis',(1.,0.,0.));
#1473=DIRECTION('ref_axis',(0.,-1.,0.));
#1474=DIRECTION('center_axis',(1.,0.,0.));
#1475=DIRECTION('ref_axis',(0.,-1.,0.));
#1476=DIRECTION('',(1.,0.,0.));
#1477=DIRECTION('center_axis',(1.,0.,0.));
#1478=DIRECTION('ref_axis',(0.,-1.,0.));
#1479=DIRECTION('center_axis',(1.,0.,0.));
#1480=DIRECTION('ref_axis',(0.,-1.,0.));
#1481=DIRECTION('center_axis',(1.,0.,0.));
#1482=DIRECTION('ref_axis',(0.,-1.,0.));
#1483=DIRECTION('',(1.,0.,0.));
#1484=DIRECTION('center_axis',(1.,0.,0.));
#1485=DIRECTION('ref_axis',(0.,-1.,0.));
#1486=DIRECTION('center_axis',(1.,0.,0.));
#1487=DIRECTION('ref_axis',(0.,-1.,0.));
#1488=DIRECTION('center_axis',(1.,0.,0.));
#1489=DIRECTION('ref_axis',(0.,-1.,0.));
#1490=DIRECTION('',(1.,0.,0.));
#1491=DIRECTION('center_axis',(1.,0.,0.));
#1492=DIRECTION('ref_axis',(0.,-1.,0.));
#1493=DIRECTION('center_axis',(1.,0.,0.));
#1494=DIRECTION('ref_axis',(0.,-1.,0.));
#1495=DIRECTION('center_axis',(1.,0.,0.));
#1496=DIRECTION('ref_axis',(0.,-1.,0.));
#1497=DIRECTION('',(1.,0.,0.));
#1498=DIRECTION('center_axis',(1.,0.,0.));
#1499=DIRECTION('ref_axis',(0.,-1.,0.));
#1500=DIRECTION('center_axis',(0.,1.,0.));
#1501=DIRECTION('ref_axis',(0.,0.,1.));
#1502=DIRECTION('',(0.,0.,-1.));
#1503=DIRECTION('',(1.,0.,0.));
#1504=DIRECTION('',(0.,0.,-1.));
#1505=DIRECTION('',(1.,0.,0.));
#1506=DIRECTION('center_axis',(1.,0.,0.));
#1507=DIRECTION('ref_axis',(0.,-1.,0.));
#1508=DIRECTION('center_axis',(1.,0.,0.));
#1509=DIRECTION('ref_axis',(0.,-1.,0.));
#1510=DIRECTION('',(1.,0.,0.));
#1511=DIRECTION('center_axis',(1.,0.,0.));
#1512=DIRECTION('ref_axis',(0.,-1.,0.));
#1513=DIRECTION('center_axis',(1.,0.,0.));
#1514=DIRECTION('ref_axis',(0.,-1.,0.));
#1515=DIRECTION('center_axis',(1.,0.,0.));
#1516=DIRECTION('ref_axis',(0.,-1.,0.));
#1517=DIRECTION('',(1.,0.,0.));
#1518=DIRECTION('center_axis',(1.,0.,0.));
#1519=DIRECTION('ref_axis',(0.,-1.,0.));
#1520=DIRECTION('center_axis',(1.,0.,0.));
#1521=DIRECTION('ref_axis',(0.,-1.,0.));
#1522=DIRECTION('center_axis',(1.,0.,0.));
#1523=DIRECTION('ref_axis',(0.,-1.,0.));
#1524=DIRECTION('',(1.,0.,0.));
#1525=DIRECTION('center_axis',(1.,0.,0.));
#1526=DIRECTION('ref_axis',(0.,-1.,0.));
#1527=DIRECTION('center_axis',(1.,0.,0.));
#1528=DIRECTION('ref_axis',(0.,-1.,0.));
#1529=DIRECTION('center_axis',(1.,0.,0.));
#1530=DIRECTION('ref_axis',(0.,-1.,0.));
#1531=DIRECTION('',(1.,0.,0.));
#1532=DIRECTION('center_axis',(1.,0.,0.));
#1533=DIRECTION('ref_axis',(0.,-1.,0.));
#1534=DIRECTION('center_axis',(0.,0.,-1.));
#1535=DIRECTION('ref_axis',(0.,-1.,0.));
#1536=DIRECTION('',(0.,-1.,0.));
#1537=DIRECTION('',(-1.,0.,0.));
#1538=DIRECTION('',(0.,-1.,0.));
#1539=DIRECTION('',(-1.,0.,0.));
#1540=DIRECTION('center_axis',(-1.,0.,0.));
#1541=DIRECTION('ref_axis',(0.,0.,1.));
#1542=DIRECTION('center_axis',(1.,0.,0.));
#1543=DIRECTION('ref_axis',(0.,0.,1.));
#1544=DIRECTION('center_axis',(1.,0.,0.));
#1545=DIRECTION('ref_axis',(0.,0.,1.));
#1546=DIRECTION('',(-1.,0.,0.));
#1547=DIRECTION('center_axis',(0.,-1.,0.));
#1548=DIRECTION('ref_axis',(0.,0.,1.));
#1549=DIRECTION('',(0.,0.,1.));
#1550=DIRECTION('',(0.,0.,1.));
#1551=DIRECTION('',(-1.,0.,0.));
#1552=DIRECTION('center_axis',(-1.,0.,0.));
#1553=DIRECTION('ref_axis',(0.,1.,-1.77635683940023E-14));
#1554=DIRECTION('center_axis',(1.,0.,0.));
#1555=DIRECTION('ref_axis',(0.,1.,-1.77635683940023E-14));
#1556=DIRECTION('center_axis',(1.,0.,0.));
#1557=DIRECTION('ref_axis',(0.,1.,-1.77635683940023E-14));
#1558=DIRECTION('',(-1.,0.,0.));
#1559=DIRECTION('center_axis',(0.,0.,1.));
#1560=DIRECTION('ref_axis',(0.,1.,0.));
#1561=DIRECTION('',(0.,1.,0.));
#1562=DIRECTION('',(0.,1.,0.));
#1563=DIRECTION('',(-1.,0.,0.));
#1564=DIRECTION('center_axis',(-1.,0.,0.));
#1565=DIRECTION('ref_axis',(0.,0.,-1.));
#1566=DIRECTION('center_axis',(1.,0.,0.));
#1567=DIRECTION('ref_axis',(0.,0.,-1.));
#1568=DIRECTION('center_axis',(1.,0.,0.));
#1569=DIRECTION('ref_axis',(0.,0.,-1.));
#1570=DIRECTION('',(-1.,0.,0.));
#1571=DIRECTION('center_axis',(0.,1.,0.));
#1572=DIRECTION('ref_axis',(0.,0.,-1.));
#1573=DIRECTION('',(0.,0.,-1.));
#1574=DIRECTION('',(0.,0.,-1.));
#1575=DIRECTION('',(-1.,0.,0.));
#1576=DIRECTION('center_axis',(-1.,0.,0.));
#1577=DIRECTION('ref_axis',(0.,-1.,1.77635683940023E-14));
#1578=DIRECTION('center_axis',(1.,0.,0.));
#1579=DIRECTION('ref_axis',(0.,-1.,1.77635683940023E-14));
#1580=DIRECTION('center_axis',(1.,0.,0.));
#1581=DIRECTION('ref_axis',(0.,-1.,1.77635683940023E-14));
#1582=DIRECTION('center_axis',(-1.,0.,0.));
#1583=DIRECTION('ref_axis',(0.,-1.,0.));
#1584=DIRECTION('center_axis',(-1.,0.,0.));
#1585=DIRECTION('ref_axis',(0.,-1.,0.));
#1586=DIRECTION('',(1.,0.,0.));
#1587=DIRECTION('center_axis',(-1.,0.,0.));
#1588=DIRECTION('ref_axis',(0.,-1.,0.));
#1589=DIRECTION('center_axis',(-1.,0.,0.));
#1590=DIRECTION('ref_axis',(0.,-1.,0.));
#1591=DIRECTION('center_axis',(-1.,0.,0.));
#1592=DIRECTION('ref_axis',(0.,-1.,0.));
#1593=DIRECTION('',(1.,0.,0.));
#1594=DIRECTION('center_axis',(-1.,0.,0.));
#1595=DIRECTION('ref_axis',(0.,-1.,0.));
#1596=DIRECTION('center_axis',(-1.,0.,0.));
#1597=DIRECTION('ref_axis',(0.,-1.,0.));
#1598=DIRECTION('center_axis',(-1.,0.,0.));
#1599=DIRECTION('ref_axis',(0.,-1.,0.));
#1600=DIRECTION('',(1.,0.,0.));
#1601=DIRECTION('center_axis',(-1.,0.,0.));
#1602=DIRECTION('ref_axis',(0.,-1.,0.));
#1603=DIRECTION('center_axis',(0.,1.,0.));
#1604=DIRECTION('ref_axis',(0.,0.,-1.));
#1605=DIRECTION('',(0.,0.,-1.));
#1606=DIRECTION('',(-1.,0.,0.));
#1607=DIRECTION('',(0.,0.,-1.));
#1608=DIRECTION('',(-1.,0.,0.));
#1609=DIRECTION('center_axis',(-1.,0.,0.));
#1610=DIRECTION('ref_axis',(0.,-1.,1.77635683940023E-14));
#1611=DIRECTION('center_axis',(1.,0.,0.));
#1612=DIRECTION('ref_axis',(0.,-1.,1.77635683940023E-14));
#1613=DIRECTION('center_axis',(1.,0.,0.));
#1614=DIRECTION('ref_axis',(0.,-1.,1.77635683940023E-14));
#1615=DIRECTION('',(-1.,0.,0.));
#1616=DIRECTION('center_axis',(0.,0.,-1.));
#1617=DIRECTION('ref_axis',(0.,-1.,0.));
#1618=DIRECTION('',(0.,-1.,0.));
#1619=DIRECTION('',(0.,-1.,0.));
#1620=DIRECTION('',(-1.,0.,0.));
#1621=DIRECTION('center_axis',(-1.,0.,0.));
#1622=DIRECTION('ref_axis',(0.,0.,1.));
#1623=DIRECTION('center_axis',(1.,0.,0.));
#1624=DIRECTION('ref_axis',(0.,0.,1.));
#1625=DIRECTION('center_axis',(1.,0.,0.));
#1626=DIRECTION('ref_axis',(0.,0.,1.));
#1627=DIRECTION('',(-1.,0.,0.));
#1628=DIRECTION('center_axis',(0.,-1.,0.));
#1629=DIRECTION('ref_axis',(0.,0.,1.));
#1630=DIRECTION('',(0.,0.,1.));
#1631=DIRECTION('',(0.,0.,1.));
#1632=DIRECTION('',(-1.,0.,0.));
#1633=DIRECTION('center_axis',(-1.,0.,0.));
#1634=DIRECTION('ref_axis',(0.,1.,-1.77635683940023E-14));
#1635=DIRECTION('center_axis',(1.,0.,0.));
#1636=DIRECTION('ref_axis',(0.,1.,-1.77635683940023E-14));
#1637=DIRECTION('center_axis',(1.,0.,0.));
#1638=DIRECTION('ref_axis',(0.,1.,-1.77635683940023E-14));
#1639=DIRECTION('',(-1.,0.,0.));
#1640=DIRECTION('center_axis',(0.,0.,1.));
#1641=DIRECTION('ref_axis',(0.,1.,0.));
#1642=DIRECTION('',(0.,1.,0.));
#1643=DIRECTION('',(0.,1.,0.));
#1644=DIRECTION('',(-1.,0.,0.));
#1645=DIRECTION('center_axis',(-1.,0.,0.));
#1646=DIRECTION('ref_axis',(0.,0.,-1.));
#1647=DIRECTION('center_axis',(1.,0.,0.));
#1648=DIRECTION('ref_axis',(0.,0.,-1.));
#1649=DIRECTION('center_axis',(1.,0.,0.));
#1650=DIRECTION('ref_axis',(0.,0.,-1.));
#1651=DIRECTION('center_axis',(0.,0.,-1.));
#1652=DIRECTION('ref_axis',(0.,-1.,0.));
#1653=DIRECTION('',(0.,-1.,0.));
#1654=DIRECTION('',(-1.,0.,0.));
#1655=DIRECTION('',(0.,-1.,0.));
#1656=DIRECTION('',(-1.,0.,0.));
#1657=DIRECTION('center_axis',(-1.,0.,0.));
#1658=DIRECTION('ref_axis',(0.,0.,1.));
#1659=DIRECTION('center_axis',(1.,0.,0.));
#1660=DIRECTION('ref_axis',(0.,0.,1.));
#1661=DIRECTION('center_axis',(1.,0.,0.));
#1662=DIRECTION('ref_axis',(0.,0.,1.));
#1663=DIRECTION('',(-1.,0.,0.));
#1664=DIRECTION('center_axis',(0.,-1.,0.));
#1665=DIRECTION('ref_axis',(0.,0.,1.));
#1666=DIRECTION('',(0.,0.,1.));
#1667=DIRECTION('',(0.,0.,1.));
#1668=DIRECTION('',(-1.,0.,0.));
#1669=DIRECTION('center_axis',(-1.,0.,0.));
#1670=DIRECTION('ref_axis',(0.,1.,-1.77635683940023E-14));
#1671=DIRECTION('center_axis',(1.,0.,0.));
#1672=DIRECTION('ref_axis',(0.,1.,-1.77635683940023E-14));
#1673=DIRECTION('center_axis',(1.,0.,0.));
#1674=DIRECTION('ref_axis',(0.,1.,-1.77635683940023E-14));
#1675=DIRECTION('',(-1.,0.,0.));
#1676=DIRECTION('center_axis',(0.,0.,1.));
#1677=DIRECTION('ref_axis',(0.,1.,0.));
#1678=DIRECTION('',(0.,1.,0.));
#1679=DIRECTION('',(0.,1.,0.));
#1680=DIRECTION('',(-1.,0.,0.));
#1681=DIRECTION('center_axis',(-1.,0.,0.));
#1682=DIRECTION('ref_axis',(0.,0.,-1.));
#1683=DIRECTION('center_axis',(1.,0.,0.));
#1684=DIRECTION('ref_axis',(0.,0.,-1.));
#1685=DIRECTION('center_axis',(1.,0.,0.));
#1686=DIRECTION('ref_axis',(0.,0.,-1.));
#1687=DIRECTION('',(-1.,0.,0.));
#1688=DIRECTION('center_axis',(0.,1.,0.));
#1689=DIRECTION('ref_axis',(0.,0.,-1.));
#1690=DIRECTION('',(0.,0.,-1.));
#1691=DIRECTION('',(0.,0.,-1.));
#1692=DIRECTION('',(-1.,0.,0.));
#1693=DIRECTION('center_axis',(-1.,0.,0.));
#1694=DIRECTION('ref_axis',(0.,-1.,1.77635683940023E-14));
#1695=DIRECTION('center_axis',(1.,0.,0.));
#1696=DIRECTION('ref_axis',(0.,-1.,1.77635683940023E-14));
#1697=DIRECTION('center_axis',(1.,0.,0.));
#1698=DIRECTION('ref_axis',(0.,-1.,1.77635683940023E-14));
#1699=DIRECTION('center_axis',(-1.,0.,0.));
#1700=DIRECTION('ref_axis',(0.,-1.,0.));
#1701=DIRECTION('center_axis',(-1.,0.,0.));
#1702=DIRECTION('ref_axis',(0.,-1.,0.));
#1703=DIRECTION('',(1.,0.,0.));
#1704=DIRECTION('center_axis',(-1.,0.,0.));
#1705=DIRECTION('ref_axis',(0.,-1.,0.));
#1706=DIRECTION('center_axis',(0.,1.,0.));
#1707=DIRECTION('ref_axis',(0.,0.,-1.));
#1708=DIRECTION('',(0.,0.,-1.));
#1709=DIRECTION('',(-1.,0.,0.));
#1710=DIRECTION('',(0.,0.,-1.));
#1711=DIRECTION('',(-1.,0.,0.));
#1712=DIRECTION('center_axis',(-1.,0.,0.));
#1713=DIRECTION('ref_axis',(0.,-1.,5.32907051820049E-14));
#1714=DIRECTION('center_axis',(1.,0.,0.));
#1715=DIRECTION('ref_axis',(0.,-1.,5.32907051820049E-14));
#1716=DIRECTION('center_axis',(1.,0.,0.));
#1717=DIRECTION('ref_axis',(0.,-1.,5.32907051820049E-14));
#1718=DIRECTION('',(-1.,0.,0.));
#1719=DIRECTION('center_axis',(0.,0.,-1.));
#1720=DIRECTION('ref_axis',(0.,-1.,0.));
#1721=DIRECTION('',(0.,-1.,0.));
#1722=DIRECTION('',(0.,-1.,0.));
#1723=DIRECTION('',(-1.,0.,0.));
#1724=DIRECTION('center_axis',(-1.,0.,0.));
#1725=DIRECTION('ref_axis',(0.,0.,1.));
#1726=DIRECTION('center_axis',(1.,0.,0.));
#1727=DIRECTION('ref_axis',(0.,0.,1.));
#1728=DIRECTION('center_axis',(1.,0.,0.));
#1729=DIRECTION('ref_axis',(0.,0.,1.));
#1730=DIRECTION('',(-1.,0.,0.));
#1731=DIRECTION('center_axis',(0.,-1.,0.));
#1732=DIRECTION('ref_axis',(0.,0.,1.));
#1733=DIRECTION('',(0.,0.,1.));
#1734=DIRECTION('',(0.,0.,1.));
#1735=DIRECTION('',(-1.,0.,0.));
#1736=DIRECTION('center_axis',(-1.,0.,0.));
#1737=DIRECTION('ref_axis',(0.,1.,-2.66453525910034E-14));
#1738=DIRECTION('center_axis',(1.,0.,0.));
#1739=DIRECTION('ref_axis',(0.,1.,-2.66453525910034E-14));
#1740=DIRECTION('center_axis',(1.,0.,0.));
#1741=DIRECTION('ref_axis',(0.,1.,-2.66453525910034E-14));
#1742=DIRECTION('',(-1.,0.,0.));
#1743=DIRECTION('center_axis',(0.,0.,1.));
#1744=DIRECTION('ref_axis',(0.,1.,0.));
#1745=DIRECTION('',(0.,1.,0.));
#1746=DIRECTION('',(0.,1.,0.));
#1747=DIRECTION('',(-1.,0.,0.));
#1748=DIRECTION('center_axis',(-1.,0.,0.));
#1749=DIRECTION('ref_axis',(0.,-3.55271367880029E-14,-1.));
#1750=DIRECTION('center_axis',(1.,0.,0.));
#1751=DIRECTION('ref_axis',(0.,-3.55271367880029E-14,-1.));
#1752=DIRECTION('center_axis',(1.,0.,0.));
#1753=DIRECTION('ref_axis',(0.,-3.55271367880029E-14,-1.));
#1754=DIRECTION('center_axis',(0.,0.,-1.));
#1755=DIRECTION('ref_axis',(0.,-1.,0.));
#1756=DIRECTION('',(0.,-1.,0.));
#1757=DIRECTION('',(-1.,0.,0.));
#1758=DIRECTION('',(0.,-1.,0.));
#1759=DIRECTION('',(0.,-1.,1.50538715203411E-16));
#1760=DIRECTION('',(0.,-1.,1.50538715203411E-16));
#1761=DIRECTION('center_axis',(0.,0.,1.));
#1762=DIRECTION('ref_axis',(0.,1.,0.));
#1763=DIRECTION('',(0.,1.,0.));
#1764=DIRECTION('',(0.,1.,3.01077430406822E-16));
#1765=DIRECTION('',(0.,1.,3.01077430406822E-16));
#1766=DIRECTION('',(0.,1.,0.));
#1767=DIRECTION('',(-1.,0.,0.));
#1768=DIRECTION('center_axis',(0.,-1.,0.));
#1769=DIRECTION('ref_axis',(0.,0.,1.));
#1770=DIRECTION('',(0.,0.,1.));
#1771=DIRECTION('',(0.,0.,1.));
#1772=DIRECTION('center_axis',(-1.,0.,0.));
#1773=DIRECTION('ref_axis',(0.,-1.,0.));
#1774=DIRECTION('center_axis',(-1.,0.,0.));
#1775=DIRECTION('ref_axis',(0.,-1.,-6.88153483183679E-30));
#1776=DIRECTION('center_axis',(-1.,0.,0.));
#1777=DIRECTION('ref_axis',(0.,-1.,-6.88153483183679E-30));
#1778=DIRECTION('center_axis',(-1.,0.,0.));
#1779=DIRECTION('ref_axis',(0.,-1.,-6.88153483183679E-30));
#1780=DIRECTION('center_axis',(-1.,0.,0.));
#1781=DIRECTION('ref_axis',(0.,-1.,-6.88153483183679E-30));
#1782=DIRECTION('center_axis',(-1.,0.,0.));
#1783=DIRECTION('ref_axis',(0.,-1.,0.));
#1784=DIRECTION('',(5.55111512313576E-16,1.,-1.68260976857285E-30));
#1785=DIRECTION('center_axis',(1.,-5.55111512313576E-16,-1.16862522636034E-14));
#1786=DIRECTION('ref_axis',(-1.23966710817366E-14,7.10542735760141E-14,
-1.));
#1787=DIRECTION('',(-1.16862522636034E-14,3.38142157196279E-30,-1.));
#1788=DIRECTION('center_axis',(1.,-5.55111512313576E-16,-1.16862522636034E-14));
#1789=DIRECTION('ref_axis',(0.,-1.,-6.88153483183685E-30));
#1790=DIRECTION('',(-5.55111512313576E-16,-1.,0.));
#1791=DIRECTION('center_axis',(1.,-5.55111512313576E-16,-1.16862522636034E-14));
#1792=DIRECTION('ref_axis',(1.23966710817366E-14,-6.48717316732684E-30,
1.));
#1793=DIRECTION('',(1.16862522636034E-14,-6.48717316732685E-30,1.));
#1794=DIRECTION('center_axis',(1.,-5.55111512313576E-16,-1.16862522636034E-14));
#1795=DIRECTION('ref_axis',(6.60671008122635E-28,1.,5.32907051820105E-14));
#1796=DIRECTION('center_axis',(-1.23966710817366E-14,5.19892506326394E-30,
-1.));
#1797=DIRECTION('ref_axis',(1.81336427355357E-15,-1.,-2.76786055138798E-29));
#1798=DIRECTION('',(-1.,0.,1.23966710817366E-14));
#1799=DIRECTION('',(-1.81336427355357E-15,1.,2.76786055138798E-29));
#1800=DIRECTION('',(-1.,0.,1.23966710817366E-14));
#1801=DIRECTION('center_axis',(-1.,0.,1.23966710817366E-14));
#1802=DIRECTION('ref_axis',(6.60671008122635E-28,1.,5.32907051820105E-14));
#1803=DIRECTION('',(-1.,0.,1.23966710817366E-14));
#1804=DIRECTION('center_axis',(-1.,-1.81336427355341E-15,1.16862522636032E-14));
#1805=DIRECTION('ref_axis',(-1.81336427355279E-15,1.,5.32907051820106E-14));
#1806=DIRECTION('center_axis',(8.04193520056185E-44,1.,6.48717316732685E-30));
#1807=DIRECTION('ref_axis',(-1.16862522636034E-14,6.48717316732685E-30,
-1.));
#1808=DIRECTION('',(-1.,0.,1.23966710817366E-14));
#1809=DIRECTION('',(1.16862522636034E-14,-6.48717316732685E-30,1.));
#1810=DIRECTION('center_axis',(-1.,0.,1.23966710817366E-14));
#1811=DIRECTION('ref_axis',(1.23966710817366E-14,-6.48717316732684E-30,
1.));
#1812=DIRECTION('',(-1.,0.,1.23966710817366E-14));
#1813=DIRECTION('center_axis',(-1.,5.55111512313576E-16,1.16862522636034E-14));
#1814=DIRECTION('ref_axis',(1.16862522636034E-14,-6.48717316732684E-30,
1.));
#1815=DIRECTION('center_axis',(-1.,0.,1.23966710817366E-14));
#1816=DIRECTION('ref_axis',(0.,-1.,-6.88153483183679E-30));
#1817=DIRECTION('',(1.,0.,-1.23966710817366E-14));
#1818=DIRECTION('center_axis',(-1.,5.55111512313576E-16,1.16862522636034E-14));
#1819=DIRECTION('ref_axis',(0.,-1.,-6.88153483183679E-30));
#1820=DIRECTION('center_axis',(-1.,0.,1.23966710817366E-14));
#1821=DIRECTION('ref_axis',(0.,-1.,-6.88153483183679E-30));
#1822=DIRECTION('',(1.,0.,-1.23966710817366E-14));
#1823=DIRECTION('center_axis',(-1.,5.55111512313576E-16,1.16862522636034E-14));
#1824=DIRECTION('ref_axis',(0.,-1.,-6.88153483183679E-30));
#1825=DIRECTION('center_axis',(-1.,0.,1.23966710817366E-14));
#1826=DIRECTION('ref_axis',(0.,-1.,-6.88153483183679E-30));
#1827=DIRECTION('',(1.,0.,-1.23966710817366E-14));
#1828=DIRECTION('center_axis',(-1.,5.55111512313576E-16,1.16862522636034E-14));
#1829=DIRECTION('ref_axis',(0.,-1.,-6.88153483183679E-30));
#1830=DIRECTION('center_axis',(-1.,0.,1.23966710817366E-14));
#1831=DIRECTION('ref_axis',(0.,-1.,-6.88153483183679E-30));
#1832=DIRECTION('',(1.,0.,-1.23966710817366E-14));
#1833=DIRECTION('center_axis',(-1.,5.55111512313576E-16,1.16862522636034E-14));
#1834=DIRECTION('ref_axis',(0.,-1.,-6.88153483183679E-30));
#1835=DIRECTION('center_axis',(1.23966710817366E-14,-6.88153483183679E-30,
1.));
#1836=DIRECTION('ref_axis',(5.55111512313576E-16,1.,9.95538841964865E-49));
#1837=DIRECTION('',(-1.,0.,1.23966710817366E-14));
#1838=DIRECTION('',(-5.55111512313576E-16,-1.,-9.95538841964865E-49));
#1839=DIRECTION('center_axis',(-1.,0.,1.23966710817366E-14));
#1840=DIRECTION('ref_axis',(0.,-1.,-6.88153483183685E-30));
#1841=DIRECTION('',(-1.,0.,1.23966710817366E-14));
#1842=DIRECTION('center_axis',(-1.,5.55111512313656E-16,6.09142757257883E-15));
#1843=DIRECTION('ref_axis',(-5.55111512313656E-16,-1.,9.3340628835485E-43));
#1844=DIRECTION('center_axis',(-4.19183710163115E-44,-1.,-3.38142157196279E-30));
#1845=DIRECTION('ref_axis',(6.09142757257872E-15,-3.38142157196279E-30,
1.));
#1846=DIRECTION('',(-1.,0.,1.23966710817366E-14));
#1847=DIRECTION('',(-6.09142757257872E-15,3.38142157196279E-30,-1.));
#1848=DIRECTION('center_axis',(-1.,0.,1.23966710817366E-14));
#1849=DIRECTION('ref_axis',(-1.23966710817366E-14,7.10542735760141E-14,
-1.));
#1850=DIRECTION('center_axis',(-1.,-1.81336427355335E-15,6.09142757257903E-15));
#1851=DIRECTION('ref_axis',(-6.09142757257916E-15,7.10542735760141E-14,
-1.));
#1852=DIRECTION('center_axis',(-1.,5.55111512313576E-16,1.16862522636034E-14));
#1853=DIRECTION('ref_axis',(-5.55111512313576E-16,-1.,0.));
#1854=CARTESIAN_POINT('',(0.,0.,0.));
#1855=CARTESIAN_POINT('Origin',(334.999999999999,-98.749996605888,68.375001781364));
#1856=CARTESIAN_POINT('',(334.999999999999,-97.485496605888,68.375001781364));
#1857=CARTESIAN_POINT('Origin',(334.999999999999,-98.749996605888,68.375001781364));
#1858=CARTESIAN_POINT('',(339.999999999999,-97.485496605888,68.375001781364));
#1859=CARTESIAN_POINT('',(334.999999999999,-97.485496605888,68.375001781364));
#1860=CARTESIAN_POINT('Origin',(339.999999999999,-98.749996605888,68.375001781364));
#1861=CARTESIAN_POINT('Origin',(334.999999999999,-98.749996605888,94.575001781364));
#1862=CARTESIAN_POINT('',(334.999999999999,-97.485496605888,94.575001781364));
#1863=CARTESIAN_POINT('Origin',(334.999999999999,-98.749996605888,94.575001781364));
#1864=CARTESIAN_POINT('',(339.999999999999,-97.485496605888,94.575001781364));
#1865=CARTESIAN_POINT('',(334.999999999999,-97.485496605888,94.575001781364));
#1866=CARTESIAN_POINT('Origin',(339.999999999999,-98.749996605888,94.575001781364));
#1867=CARTESIAN_POINT('Origin',(334.999999999999,-145.949996605888,68.375001781364));
#1868=CARTESIAN_POINT('',(334.999999999999,-144.685496605888,68.375001781364));
#1869=CARTESIAN_POINT('Origin',(334.999999999999,-145.949996605888,68.375001781364));
#1870=CARTESIAN_POINT('',(339.999999999999,-144.685496605888,68.375001781364));
#1871=CARTESIAN_POINT('',(334.999999999999,-144.685496605888,68.375001781364));
#1872=CARTESIAN_POINT('Origin',(339.999999999999,-145.949996605888,68.375001781364));
#1873=CARTESIAN_POINT('Origin',(334.999999999999,-145.949996605888,94.575001781364));
#1874=CARTESIAN_POINT('',(334.999999999999,-144.685496605888,94.575001781364));
#1875=CARTESIAN_POINT('Origin',(334.999999999999,-145.949996605888,94.575001781364));
#1876=CARTESIAN_POINT('',(339.999999999999,-144.685496605888,94.575001781364));
#1877=CARTESIAN_POINT('',(334.999999999999,-144.685496605888,94.575001781364));
#1878=CARTESIAN_POINT('Origin',(339.999999999999,-145.949996605888,94.575001781364));
#1879=CARTESIAN_POINT('Origin',(334.999999999999,-92.849996605888,59.800001781364));
#1880=CARTESIAN_POINT('',(339.999999999999,-92.849996605888,103.150001781364));
#1881=CARTESIAN_POINT('',(339.999999999999,-92.849996605888,59.800001781364));
#1882=CARTESIAN_POINT('',(339.999999999999,-92.849996605888,70.637501781364));
#1883=CARTESIAN_POINT('',(334.999999999999,-92.849996605888,59.800001781364));
#1884=CARTESIAN_POINT('',(334.999999999999,-92.849996605888,59.800001781364));
#1885=CARTESIAN_POINT('',(334.999999999999,-92.849996605888,103.150001781364));
#1886=CARTESIAN_POINT('',(334.999999999999,-92.849996605888,103.150001781364));
#1887=CARTESIAN_POINT('',(334.999999999999,-92.849996605888,103.150001781364));
#1888=CARTESIAN_POINT('Origin',(334.999999999999,-212.871505454913,68.2734984580328));
#1889=CARTESIAN_POINT('',(334.999999999999,-211.607005454913,68.2734984580328));
#1890=CARTESIAN_POINT('Origin',(334.999999999999,-212.871505454913,68.2734984580328));
#1891=CARTESIAN_POINT('',(339.999999999999,-211.607005454913,68.2734984580328));
#1892=CARTESIAN_POINT('',(334.999999999999,-211.607005454913,68.2734984580328));
#1893=CARTESIAN_POINT('Origin',(339.999999999999,-212.871505454913,68.2734984580328));
#1894=CARTESIAN_POINT('Origin',(334.999999999999,-165.671505454913,68.2734984580328));
#1895=CARTESIAN_POINT('',(334.999999999999,-164.407005454913,68.2734984580328));
#1896=CARTESIAN_POINT('Origin',(334.999999999999,-165.671505454913,68.2734984580328));
#1897=CARTESIAN_POINT('',(339.999999999999,-164.407005454913,68.2734984580328));
#1898=CARTESIAN_POINT('',(334.999999999999,-164.407005454913,68.2734984580328));
#1899=CARTESIAN_POINT('Origin',(339.999999999999,-165.671505454913,68.2734984580328));
#1900=CARTESIAN_POINT('Origin',(334.999999999999,-212.871505454913,94.4734984580328));
#1901=CARTESIAN_POINT('',(334.999999999999,-211.607005454913,94.4734984580328));
#1902=CARTESIAN_POINT('Origin',(334.999999999999,-212.871505454913,94.4734984580328));
#1903=CARTESIAN_POINT('',(339.999999999999,-211.607005454913,94.4734984580328));
#1904=CARTESIAN_POINT('',(334.999999999999,-211.607005454913,94.4734984580328));
#1905=CARTESIAN_POINT('Origin',(339.999999999999,-212.871505454913,94.4734984580328));
#1906=CARTESIAN_POINT('Origin',(334.999999999999,-165.671505454913,94.4734984580328));
#1907=CARTESIAN_POINT('',(334.999999999999,-164.407005454913,94.4734984580328));
#1908=CARTESIAN_POINT('Origin',(334.999999999999,-165.671505454913,94.4734984580328));
#1909=CARTESIAN_POINT('',(339.999999999999,-164.407005454913,94.4734984580328));
#1910=CARTESIAN_POINT('',(334.999999999999,-164.407005454913,94.4734984580328));
#1911=CARTESIAN_POINT('Origin',(339.999999999999,-165.671505454913,94.4734984580328));
#1912=CARTESIAN_POINT('Origin',(339.999999999999,-220.990010448964,89.3700042448472));
#1913=CARTESIAN_POINT('',(339.999999999999,-220.990010448964,89.3700042448472));
#1914=CARTESIAN_POINT('',(339.999999999999,-224.070010690251,89.3700042448472));
#1915=CARTESIAN_POINT('',(339.999999999999,-220.990010448964,89.3700042448472));
#1916=CARTESIAN_POINT('',(334.999999999999,-224.070010690251,89.3700042448472));
#1917=CARTESIAN_POINT('',(339.999999999999,-224.070010690251,89.3700042448472));
#1918=CARTESIAN_POINT('',(334.999999999999,-220.990010448964,89.3700042448472));
#1919=CARTESIAN_POINT('',(334.999999999999,-220.990010448964,89.3700042448472));
#1920=CARTESIAN_POINT('',(339.999999999999,-220.990010448964,89.3700042448472));
#1921=CARTESIAN_POINT('Origin',(339.999999999999,-220.990010448964,88.3700042448472));
#1922=CARTESIAN_POINT('',(339.999999999999,-219.990010448964,88.3700042448472));
#1923=CARTESIAN_POINT('Origin',(339.999999999999,-220.990010448964,88.3700042448472));
#1924=CARTESIAN_POINT('',(334.999999999999,-219.990010448964,88.3700042448472));
#1925=CARTESIAN_POINT('Origin',(334.999999999999,-220.990010448964,88.3700042448472));
#1926=CARTESIAN_POINT('',(339.999999999999,-219.990010448964,88.3700042448472));
#1927=CARTESIAN_POINT('Origin',(339.999999999999,-219.990010448964,72.5900034003425));
#1928=CARTESIAN_POINT('',(339.999999999999,-219.990010448964,72.5900034003425));
#1929=CARTESIAN_POINT('',(339.999999999999,-219.990010448964,72.5900034003425));
#1930=CARTESIAN_POINT('',(334.999999999999,-219.990010448964,72.5900034003425));
#1931=CARTESIAN_POINT('',(334.999999999999,-219.990010448964,72.5900034003425));
#1932=CARTESIAN_POINT('',(339.999999999999,-219.990010448964,72.5900034003425));
#1933=CARTESIAN_POINT('Origin',(339.999999999999,-220.990010448964,72.5900034003426));
#1934=CARTESIAN_POINT('',(339.999999999999,-220.990010448964,71.5900034003425));
#1935=CARTESIAN_POINT('Origin',(339.999999999999,-220.990010448964,72.5900034003426));
#1936=CARTESIAN_POINT('',(334.999999999999,-220.990010448964,71.5900034003425));
#1937=CARTESIAN_POINT('Origin',(334.999999999999,-220.990010448964,72.5900034003426));
#1938=CARTESIAN_POINT('',(339.999999999999,-220.990010448964,71.5900034003425));
#1939=CARTESIAN_POINT('Origin',(339.999999999999,-224.070010690251,71.5900034003425));
#1940=CARTESIAN_POINT('',(339.999999999999,-224.070010690251,71.5900034003425));
#1941=CARTESIAN_POINT('',(339.999999999999,-224.070010690251,71.5900034003425));
#1942=CARTESIAN_POINT('',(334.999999999999,-224.070010690251,71.5900034003425));
#1943=CARTESIAN_POINT('',(334.999999999999,-224.070010690251,71.5900034003425));
#1944=CARTESIAN_POINT('',(339.999999999999,-224.070010690251,71.5900034003425));
#1945=CARTESIAN_POINT('Origin',(339.999999999999,-224.070010690251,72.5900034003426));
#1946=CARTESIAN_POINT('',(339.999999999999,-225.070010690251,72.5900034003425));
#1947=CARTESIAN_POINT('Origin',(339.999999999999,-224.070010690251,72.5900034003426));
#1948=CARTESIAN_POINT('',(334.999999999999,-225.070010690251,72.5900034003425));
#1949=CARTESIAN_POINT('Origin',(334.999999999999,-224.070010690251,72.5900034003426));
#1950=CARTESIAN_POINT('',(339.999999999999,-225.070010690251,72.5900034003425));
#1951=CARTESIAN_POINT('Origin',(339.999999999999,-225.070010690251,88.3700042448472));
#1952=CARTESIAN_POINT('',(339.999999999999,-225.070010690251,88.3700042448472));
#1953=CARTESIAN_POINT('',(339.999999999999,-225.070010690251,88.3700042448472));
#1954=CARTESIAN_POINT('',(334.999999999999,-225.070010690251,88.3700042448472));
#1955=CARTESIAN_POINT('',(334.999999999999,-225.070010690251,88.3700042448472));
#1956=CARTESIAN_POINT('',(339.999999999999,-225.070010690251,88.3700042448472));
#1957=CARTESIAN_POINT('Origin',(339.999999999999,-224.070010690251,88.3700042448472));
#1958=CARTESIAN_POINT('Origin',(339.999999999999,-224.070010690251,88.3700042448472));
#1959=CARTESIAN_POINT('Origin',(334.999999999999,-224.070010690251,88.3700042448472));
#1960=CARTESIAN_POINT('Origin',(339.999999999999,-222.200000000002,63.2500000000056));
#1961=CARTESIAN_POINT('',(334.999999999999,-220.935500000002,63.2500000000056));
#1962=CARTESIAN_POINT('Origin',(334.999999999999,-222.200000000002,63.2500000000056));
#1963=CARTESIAN_POINT('',(339.999999999999,-220.935500000002,63.2500000000056));
#1964=CARTESIAN_POINT('',(339.999999999999,-220.935500000002,63.2500000000056));
#1965=CARTESIAN_POINT('Origin',(339.999999999999,-222.200000000002,63.2500000000056));
#1966=CARTESIAN_POINT('Origin',(339.999999999999,-156.750000000001,99.4500000000042));
#1967=CARTESIAN_POINT('',(334.999999999999,-155.485500000001,99.4500000000042));
#1968=CARTESIAN_POINT('Origin',(334.999999999999,-156.750000000001,99.4500000000042));
#1969=CARTESIAN_POINT('',(339.999999999999,-155.485500000001,99.4500000000042));
#1970=CARTESIAN_POINT('',(339.999999999999,-155.485500000001,99.4500000000042));
#1971=CARTESIAN_POINT('Origin',(339.999999999999,-156.750000000001,99.4500000000042));
#1972=CARTESIAN_POINT('Origin',(339.999999999999,-222.200000000001,99.4500000000056));
#1973=CARTESIAN_POINT('',(334.999999999999,-220.935500000001,99.4500000000056));
#1974=CARTESIAN_POINT('Origin',(334.999999999999,-222.200000000001,99.4500000000056));
#1975=CARTESIAN_POINT('',(339.999999999999,-220.935500000001,99.4500000000056));
#1976=CARTESIAN_POINT('',(339.999999999999,-220.935500000001,99.4500000000056));
#1977=CARTESIAN_POINT('Origin',(339.999999999999,-222.200000000001,99.4500000000056));
#1978=CARTESIAN_POINT('Origin',(339.999999999999,-193.450009188382,70.9000034150667));
#1979=CARTESIAN_POINT('',(339.999999999999,-193.450009188382,70.9000034150667));
#1980=CARTESIAN_POINT('',(339.999999999999,-193.450009188382,68.1400031889789));
#1981=CARTESIAN_POINT('',(339.999999999999,-193.450009188382,70.9000034150667));
#1982=CARTESIAN_POINT('',(334.999999999999,-193.450009188382,68.1400031889789));
#1983=CARTESIAN_POINT('',(339.999999999999,-193.450009188382,68.1400031889789));
#1984=CARTESIAN_POINT('',(334.999999999999,-193.450009188382,70.9000034150667));
#1985=CARTESIAN_POINT('',(334.999999999999,-193.450009188382,70.9000034150667));
#1986=CARTESIAN_POINT('',(339.999999999999,-193.450009188382,70.9000034150667));
#1987=CARTESIAN_POINT('Origin',(339.999999999999,-192.450009188382,70.9000034150667));
#1988=CARTESIAN_POINT('',(339.999999999999,-192.450009188382,71.9000034150667));
#1989=CARTESIAN_POINT('Origin',(339.999999999999,-192.450009188382,70.9000034150667));
#1990=CARTESIAN_POINT('',(334.999999999999,-192.450009188382,71.9000034150667));
#1991=CARTESIAN_POINT('Origin',(334.999999999999,-192.450009188382,70.9000034150667));
#1992=CARTESIAN_POINT('',(339.999999999999,-192.450009188382,71.9000034150667));
#1993=CARTESIAN_POINT('Origin',(339.999999999999,-177.150008366676,71.9000034150667));
#1994=CARTESIAN_POINT('',(339.999999999999,-177.150008366676,71.9000034150667));
#1995=CARTESIAN_POINT('',(339.999999999999,-177.150008366676,71.9000034150667));
#1996=CARTESIAN_POINT('',(334.999999999999,-177.150008366676,71.9000034150667));
#1997=CARTESIAN_POINT('',(334.999999999999,-177.150008366676,71.9000034150667));
#1998=CARTESIAN_POINT('',(339.999999999999,-177.150008366676,71.9000034150667));
#1999=CARTESIAN_POINT('Origin',(339.999999999999,-177.150008366676,70.9000034150667));
#2000=CARTESIAN_POINT('',(339.999999999999,-176.150008366676,70.9000034150667));
#2001=CARTESIAN_POINT('Origin',(339.999999999999,-177.150008366676,70.9000034150667));
#2002=CARTESIAN_POINT('',(334.999999999999,-176.150008366676,70.9000034150667));
#2003=CARTESIAN_POINT('Origin',(334.999999999999,-177.150008366676,70.9000034150667));
#2004=CARTESIAN_POINT('',(339.999999999999,-176.150008366676,70.9000034150667));
#2005=CARTESIAN_POINT('Origin',(339.999999999999,-176.150008366676,68.1400031889789));
#2006=CARTESIAN_POINT('',(339.999999999999,-176.150008366676,68.1400031889789));
#2007=CARTESIAN_POINT('',(339.999999999999,-176.150008366676,68.1400031889789));
#2008=CARTESIAN_POINT('',(334.999999999999,-176.150008366676,68.1400031889789));
#2009=CARTESIAN_POINT('',(334.999999999999,-176.150008366676,68.1400031889789));
#2010=CARTESIAN_POINT('',(339.999999999999,-176.150008366676,68.1400031889789));
#2011=CARTESIAN_POINT('Origin',(339.999999999999,-177.150008366676,68.1400031889789));
#2012=CARTESIAN_POINT('',(339.999999999999,-177.150008366676,67.1400031889789));
#2013=CARTESIAN_POINT('Origin',(339.999999999999,-177.150008366676,68.1400031889789));
#2014=CARTESIAN_POINT('',(334.999999999999,-177.150008366676,67.1400031889789));
#2015=CARTESIAN_POINT('Origin',(334.999999999999,-177.150008366676,68.1400031889789));
#2016=CARTESIAN_POINT('',(339.999999999999,-177.150008366676,67.1400031889789));
#2017=CARTESIAN_POINT('Origin',(339.999999999999,-192.450009188382,67.1400031889789));
#2018=CARTESIAN_POINT('',(339.999999999999,-192.450009188382,67.1400031889789));
#2019=CARTESIAN_POINT('',(339.999999999999,-192.450009188382,67.1400031889789));
#2020=CARTESIAN_POINT('',(334.999999999999,-192.450009188382,67.1400031889789));
#2021=CARTESIAN_POINT('',(334.999999999999,-192.450009188382,67.1400031889789));
#2022=CARTESIAN_POINT('',(339.999999999999,-192.450009188382,67.1400031889789));
#2023=CARTESIAN_POINT('Origin',(339.999999999999,-192.450009188382,68.1400031889789));
#2024=CARTESIAN_POINT('Origin',(339.999999999999,-192.450009188382,68.1400031889789));
#2025=CARTESIAN_POINT('Origin',(334.999999999999,-192.450009188382,68.1400031889789));
#2026=CARTESIAN_POINT('Origin',(339.999999999999,-177.150008366676,95.7100045459811));
#2027=CARTESIAN_POINT('',(339.999999999999,-177.150008366676,95.7100045459811));
#2028=CARTESIAN_POINT('',(339.999999999999,-192.450009188382,95.7100045459811));
#2029=CARTESIAN_POINT('',(339.999999999999,-177.150008366676,95.7100045459811));
#2030=CARTESIAN_POINT('',(334.999999999999,-192.450009188382,95.7100045459811));
#2031=CARTESIAN_POINT('',(339.999999999999,-192.450009188382,95.7100045459811));
#2032=CARTESIAN_POINT('',(334.999999999999,-177.150008366676,95.7100045459811));
#2033=CARTESIAN_POINT('',(334.999999999999,-177.150008366676,95.7100045459811));
#2034=CARTESIAN_POINT('',(339.999999999999,-177.150008366676,95.7100045459811));
#2035=CARTESIAN_POINT('Origin',(339.999999999999,-177.150008366676,94.7100045459811));
#2036=CARTESIAN_POINT('',(339.999999999999,-176.150008366676,94.7100045459811));
#2037=CARTESIAN_POINT('Origin',(339.999999999999,-177.150008366676,94.7100045459811));
#2038=CARTESIAN_POINT('',(334.999999999999,-176.150008366676,94.7100045459811));
#2039=CARTESIAN_POINT('Origin',(334.999999999999,-177.150008366676,94.7100045459811));
#2040=CARTESIAN_POINT('',(339.999999999999,-176.150008366676,94.7100045459811));
#2041=CARTESIAN_POINT('Origin',(339.999999999999,-176.150008366676,91.9500043198932));
#2042=CARTESIAN_POINT('',(339.999999999999,-176.150008366676,91.9500043198932));
#2043=CARTESIAN_POINT('',(339.999999999999,-176.150008366676,91.9500043198932));
#2044=CARTESIAN_POINT('',(334.999999999999,-176.150008366676,91.9500043198932));
#2045=CARTESIAN_POINT('',(334.999999999999,-176.150008366676,91.9500043198932));
#2046=CARTESIAN_POINT('',(339.999999999999,-176.150008366676,91.9500043198932));
#2047=CARTESIAN_POINT('Origin',(339.999999999999,-177.150008366676,91.9500043198932));
#2048=CARTESIAN_POINT('',(339.999999999999,-177.150008366676,90.9500043198932));
#2049=CARTESIAN_POINT('Origin',(339.999999999999,-177.150008366676,91.9500043198932));
#2050=CARTESIAN_POINT('',(334.999999999999,-177.150008366676,90.9500043198932));
#2051=CARTESIAN_POINT('Origin',(334.999999999999,-177.150008366676,91.9500043198932));
#2052=CARTESIAN_POINT('',(339.999999999999,-177.150008366676,90.9500043198932));
#2053=CARTESIAN_POINT('Origin',(339.999999999999,-192.450009188382,90.9500043198932));
#2054=CARTESIAN_POINT('',(339.999999999999,-192.450009188382,90.9500043198932));
#2055=CARTESIAN_POINT('',(339.999999999999,-192.450009188382,90.9500043198932));
#2056=CARTESIAN_POINT('',(334.999999999999,-192.450009188382,90.9500043198932));
#2057=CARTESIAN_POINT('',(334.999999999999,-192.450009188382,90.9500043198932));
#2058=CARTESIAN_POINT('',(339.999999999999,-192.450009188382,90.9500043198932));
#2059=CARTESIAN_POINT('Origin',(339.999999999999,-192.450009188382,91.9500043198932));
#2060=CARTESIAN_POINT('',(339.999999999999,-193.450009188382,91.9500043198932));
#2061=CARTESIAN_POINT('Origin',(339.999999999999,-192.450009188382,91.9500043198932));
#2062=CARTESIAN_POINT('',(334.999999999999,-193.450009188382,91.9500043198932));
#2063=CARTESIAN_POINT('Origin',(334.999999999999,-192.450009188382,91.9500043198932));
#2064=CARTESIAN_POINT('',(339.999999999999,-193.450009188382,91.9500043198932));
#2065=CARTESIAN_POINT('Origin',(339.999999999999,-193.450009188382,94.7100045459811));
#2066=CARTESIAN_POINT('',(339.999999999999,-193.450009188382,94.7100045459811));
#2067=CARTESIAN_POINT('',(339.999999999999,-193.450009188382,94.7100045459811));
#2068=CARTESIAN_POINT('',(334.999999999999,-193.450009188382,94.7100045459811));
#2069=CARTESIAN_POINT('',(334.999999999999,-193.450009188382,94.7100045459811));
#2070=CARTESIAN_POINT('',(339.999999999999,-193.450009188382,94.7100045459811));
#2071=CARTESIAN_POINT('Origin',(339.999999999999,-192.450009188382,94.7100045459811));
#2072=CARTESIAN_POINT('Origin',(339.999999999999,-192.450009188382,94.7100045459811));
#2073=CARTESIAN_POINT('Origin',(334.999999999999,-192.450009188382,94.7100045459811));
#2074=CARTESIAN_POINT('Origin',(339.999999999999,-156.750000000002,63.2500000000042));
#2075=CARTESIAN_POINT('',(334.999999999999,-155.485500000002,63.2500000000042));
#2076=CARTESIAN_POINT('Origin',(334.999999999999,-156.750000000002,63.2500000000042));
#2077=CARTESIAN_POINT('',(339.999999999999,-155.485500000002,63.2500000000042));
#2078=CARTESIAN_POINT('',(339.999999999999,-155.485500000002,63.2500000000042));
#2079=CARTESIAN_POINT('Origin',(339.999999999999,-156.750000000002,63.2500000000042));
#2080=CARTESIAN_POINT('Origin',(339.999999999999,-211.220010032412,75.520003634505));
#2081=CARTESIAN_POINT('',(339.999999999999,-211.220010032412,75.520003634505));
#2082=CARTESIAN_POINT('',(339.999999999999,-211.220010032412,72.4400033932179));
#2083=CARTESIAN_POINT('',(339.999999999999,-211.220010032412,75.520003634505));
#2084=CARTESIAN_POINT('',(334.999999999999,-211.220010032412,72.4400033932179));
#2085=CARTESIAN_POINT('',(339.999999999999,-211.220010032412,72.4400033932179));
#2086=CARTESIAN_POINT('',(334.999999999999,-211.220010032412,75.520003634505));
#2087=CARTESIAN_POINT('',(334.999999999999,-211.220010032412,75.520003634505));
#2088=CARTESIAN_POINT('',(339.999999999999,-211.220010032412,75.520003634505));
#2089=CARTESIAN_POINT('Origin',(339.999999999999,-210.220010032412,75.5200036345049));
#2090=CARTESIAN_POINT('',(339.999999999999,-210.220010032412,76.520003634505));
#2091=CARTESIAN_POINT('Origin',(339.999999999999,-210.220010032412,75.5200036345049));
#2092=CARTESIAN_POINT('',(334.999999999999,-210.220010032412,76.520003634505));
#2093=CARTESIAN_POINT('Origin',(334.999999999999,-210.220010032412,75.5200036345049));
#2094=CARTESIAN_POINT('',(339.999999999999,-210.220010032412,76.520003634505));
#2095=CARTESIAN_POINT('Origin',(339.999999999999,-209.680009911768,76.520003634505));
#2096=CARTESIAN_POINT('',(339.999999999999,-209.680009911768,76.520003634505));
#2097=CARTESIAN_POINT('',(339.999999999999,-209.680009911768,76.520003634505));
#2098=CARTESIAN_POINT('',(334.999999999999,-209.680009911768,76.520003634505));
#2099=CARTESIAN_POINT('',(334.999999999999,-209.680009911768,76.520003634505));
#2100=CARTESIAN_POINT('',(339.999999999999,-209.680009911768,76.520003634505));
#2101=CARTESIAN_POINT('Origin',(339.999999999999,-209.680009911768,75.520003634505));
#2102=CARTESIAN_POINT('',(339.999999999999,-208.680009911768,75.520003634505));
#2103=CARTESIAN_POINT('Origin',(339.999999999999,-209.680009911768,75.520003634505));
#2104=CARTESIAN_POINT('',(334.999999999999,-208.680009911768,75.520003634505));
#2105=CARTESIAN_POINT('Origin',(334.999999999999,-209.680009911768,75.520003634505));
#2106=CARTESIAN_POINT('',(339.999999999999,-208.680009911768,75.520003634505));
#2107=CARTESIAN_POINT('Origin',(339.999999999999,-208.680009911768,72.4400033932179));
#2108=CARTESIAN_POINT('',(339.999999999999,-208.680009911768,72.4400033932179));
#2109=CARTESIAN_POINT('',(339.999999999999,-208.680009911768,72.4400033932179));
#2110=CARTESIAN_POINT('',(334.999999999999,-208.680009911768,72.4400033932179));
#2111=CARTESIAN_POINT('',(334.999999999999,-208.680009911768,72.4400033932179));
#2112=CARTESIAN_POINT('',(339.999999999999,-208.680009911768,72.4400033932179));
#2113=CARTESIAN_POINT('Origin',(339.999999999999,-209.680009911768,72.4400033932179));
#2114=CARTESIAN_POINT('',(339.999999999999,-209.680009911768,71.4400033932179));
#2115=CARTESIAN_POINT('Origin',(339.999999999999,-209.680009911768,72.4400033932179));
#2116=CARTESIAN_POINT('',(334.999999999999,-209.680009911768,71.4400033932179));
#2117=CARTESIAN_POINT('Origin',(334.999999999999,-209.680009911768,72.4400033932179));
#2118=CARTESIAN_POINT('',(339.999999999999,-209.680009911768,71.4400033932179));
#2119=CARTESIAN_POINT('Origin',(339.999999999999,-210.220010032412,71.4400033932179));
#2120=CARTESIAN_POINT('',(339.999999999999,-210.220010032412,71.4400033932179));
#2121=CARTESIAN_POINT('',(339.999999999999,-210.220010032412,71.4400033932179));
#2122=CARTESIAN_POINT('',(334.999999999999,-210.220010032412,71.4400033932179));
#2123=CARTESIAN_POINT('',(334.999999999999,-210.220010032412,71.4400033932179));
#2124=CARTESIAN_POINT('',(339.999999999999,-210.220010032412,71.4400033932179));
#2125=CARTESIAN_POINT('Origin',(339.999999999999,-210.220010032412,72.440003393218));
#2126=CARTESIAN_POINT('Origin',(339.999999999999,-210.220010032412,72.440003393218));
#2127=CARTESIAN_POINT('Origin',(334.999999999999,-210.220010032412,72.440003393218));
#2128=CARTESIAN_POINT('Origin',(339.999999999999,-151.849996605888,59.7999986633658));
#2129=CARTESIAN_POINT('',(339.999999999999,-151.849996605888,59.7999986633658));
#2130=CARTESIAN_POINT('',(339.999999999999,-226.850010774797,59.7999986633658));
#2131=CARTESIAN_POINT('',(339.999999999999,-151.849996605888,59.7999986633658));
#2132=CARTESIAN_POINT('',(334.999999999999,-226.850010774797,59.7999986633658));
#2133=CARTESIAN_POINT('',(339.999999999999,-226.850010774797,59.7999986633658));
#2134=CARTESIAN_POINT('',(334.999999999999,-151.849996605888,59.7999986633658));
#2135=CARTESIAN_POINT('',(334.999999999999,-151.849996605888,59.7999986633658));
#2136=CARTESIAN_POINT('',(334.999999999999,-92.849996605888,59.800001781364));
#2137=CARTESIAN_POINT('',(339.999999999999,-137.099996605888,59.800001781364));
#2138=CARTESIAN_POINT('Origin',(339.999999999999,-226.850010774797,103.150004899362));
#2139=CARTESIAN_POINT('',(339.999999999999,-226.850010774797,103.150004899362));
#2140=CARTESIAN_POINT('',(339.999999999999,-151.849996605888,103.150004899362));
#2141=CARTESIAN_POINT('',(339.999999999999,-226.850010774797,103.150004899362));
#2142=CARTESIAN_POINT('',(339.999999999999,-107.599996605888,103.150001781364));
#2143=CARTESIAN_POINT('',(334.999999999999,-151.849996605888,103.150004899362));
#2144=CARTESIAN_POINT('',(334.999999999999,-151.849996605888,103.150001781364));
#2145=CARTESIAN_POINT('',(334.999999999999,-226.850010774797,103.150004899362));
#2146=CARTESIAN_POINT('',(334.999999999999,-226.850010774797,103.150004899362));
#2147=CARTESIAN_POINT('',(339.999999999999,-226.850010774797,103.150004899362));
#2148=CARTESIAN_POINT('Origin',(339.999999999999,-226.850010774797,59.7999986633658));
#2149=CARTESIAN_POINT('',(339.999999999999,-226.850010774797,59.7999986633658));
#2150=CARTESIAN_POINT('',(334.999999999999,-226.850010774797,59.7999986633658));
#2151=CARTESIAN_POINT('Origin',(334.999999999999,-189.350003690342,81.475001781364));
#2152=CARTESIAN_POINT('',(334.999999999999,-196.960005454912,76.9234984580291));
#2153=CARTESIAN_POINT('Origin',(334.999999999999,-197.771505454912,76.9234984580291));
#2154=CARTESIAN_POINT('',(334.999999999999,-196.960005454912,85.8234984580291));
#2155=CARTESIAN_POINT('Origin',(334.999999999999,-197.771505454912,85.8234984580291));
#2156=CARTESIAN_POINT('',(334.999999999999,-170.960005454914,85.8234984580286));
#2157=CARTESIAN_POINT('Origin',(334.999999999999,-171.771505454914,85.8234984580286));
#2158=CARTESIAN_POINT('',(334.999999999999,-170.960005454914,76.9234984580286));
#2159=CARTESIAN_POINT('Origin',(334.999999999999,-171.771505454914,76.9234984580286));
#2160=CARTESIAN_POINT('Origin',(339.999999999999,-189.350003690342,81.475001781364));
#2161=CARTESIAN_POINT('',(339.999999999999,-199.271505454912,75.0234984580291));
#2162=CARTESIAN_POINT('',(339.999999999999,-170.271505454914,75.0234984580291));
#2163=CARTESIAN_POINT('',(339.999999999999,-177.521505454913,75.0234984580291));
#2164=CARTESIAN_POINT('',(339.999999999999,-199.771505454912,75.5234984580291));
#2165=CARTESIAN_POINT('Origin',(339.999999999999,-199.271505454912,75.5234984580291));
#2166=CARTESIAN_POINT('',(339.999999999999,-199.771505454912,87.2234984580285));
#2167=CARTESIAN_POINT('',(339.999999999999,-199.771505454912,78.448498458029));
#2168=CARTESIAN_POINT('',(339.999999999999,-199.271505454912,87.7234984580285));
#2169=CARTESIAN_POINT('Origin',(339.999999999999,-199.271505454912,87.2234984580285));
#2170=CARTESIAN_POINT('',(339.999999999999,-170.271505454914,87.7234984580285));
#2171=CARTESIAN_POINT('',(339.999999999999,-192.021505454912,87.7234984580285));
#2172=CARTESIAN_POINT('',(339.999999999999,-169.771505454914,87.2234984580285));
#2173=CARTESIAN_POINT('Origin',(339.999999999999,-170.271505454914,87.2234984580285));
#2174=CARTESIAN_POINT('',(339.999999999999,-169.771505454914,75.5234984580291));
#2175=CARTESIAN_POINT('',(339.999999999999,-169.771505454914,84.2984984580286));
#2176=CARTESIAN_POINT('Origin',(339.999999999999,-170.271505454914,75.5234984580291));
#2177=CARTESIAN_POINT('Origin',(345.210656452373,-170.271505454914,75.0234984580291));
#2178=CARTESIAN_POINT('',(345.210656452373,-170.271505454914,75.0234984580291));
#2179=CARTESIAN_POINT('',(345.210656452373,-170.271505454914,75.0234984580291));
#2180=CARTESIAN_POINT('',(345.210656452373,-199.271505454912,75.0234984580291));
#2181=CARTESIAN_POINT('',(345.210656452373,-199.271505454912,75.0234984580291));
#2182=CARTESIAN_POINT('',(345.210656452373,-199.271505454912,75.0234984580291));
#2183=CARTESIAN_POINT('Origin',(345.210656452373,-170.271505454914,75.523498458029));
#2184=CARTESIAN_POINT('',(345.210656452373,-169.771505454914,75.5234984580291));
#2185=CARTESIAN_POINT('',(345.210656452373,-169.771505454914,75.5234984580291));
#2186=CARTESIAN_POINT('Origin',(345.210656452373,-170.271505454914,75.523498458029));
#2187=CARTESIAN_POINT('Origin',(345.210656452373,-169.771505454914,87.2234984580284));
#2188=CARTESIAN_POINT('',(345.210656452373,-169.771505454914,87.2234984580284));
#2189=CARTESIAN_POINT('',(345.210656452373,-169.771505454914,87.2234984580284));
#2190=CARTESIAN_POINT('',(345.210656452373,-169.771505454914,75.5234984580291));
#2191=CARTESIAN_POINT('Origin',(345.210656452373,-170.271505454914,87.2234984580284));
#2192=CARTESIAN_POINT('',(345.210656452373,-170.271505454914,87.7234984580284));
#2193=CARTESIAN_POINT('',(345.210656452373,-170.271505454914,87.7234984580284));
#2194=CARTESIAN_POINT('Origin',(345.210656452373,-170.271505454914,87.2234984580284));
#2195=CARTESIAN_POINT('Origin',(345.210656452373,-171.771505454914,76.9234984580285));
#2196=CARTESIAN_POINT('',(345.210656452373,-170.960005454914,76.9234984580285));
#2197=CARTESIAN_POINT('',(345.210656452373,-170.960005454914,76.9234984580285));
#2198=CARTESIAN_POINT('Origin',(345.210656452373,-171.771505454914,76.9234984580285));
#2199=CARTESIAN_POINT('Origin',(345.210656452373,-197.771505454912,85.823498458029));
#2200=CARTESIAN_POINT('',(345.210656452373,-196.960005454912,85.823498458029));
#2201=CARTESIAN_POINT('',(345.210656452373,-196.960005454912,85.823498458029));
#2202=CARTESIAN_POINT('Origin',(345.210656452373,-197.771505454912,85.823498458029));
#2203=CARTESIAN_POINT('Origin',(345.210656452373,-171.771505454914,85.8234984580285));
#2204=CARTESIAN_POINT('',(345.210656452373,-170.960005454914,85.8234984580285));
#2205=CARTESIAN_POINT('',(345.210656452373,-170.960005454914,85.8234984580285));
#2206=CARTESIAN_POINT('Origin',(345.210656452373,-171.771505454914,85.8234984580285));
#2207=CARTESIAN_POINT('Origin',(345.210656452373,-197.771505454912,76.923498458029));
#2208=CARTESIAN_POINT('',(345.210656452373,-196.960005454912,76.923498458029));
#2209=CARTESIAN_POINT('',(345.210656452373,-196.960005454912,76.923498458029));
#2210=CARTESIAN_POINT('Origin',(345.210656452373,-197.771505454912,76.923498458029));
#2211=CARTESIAN_POINT('Origin',(345.210656452373,-199.271505454912,87.7234984580284));
#2212=CARTESIAN_POINT('',(345.210656452373,-199.271505454912,87.7234984580284));
#2213=CARTESIAN_POINT('',(345.210656452373,-199.271505454912,87.7234984580284));
#2214=CARTESIAN_POINT('',(345.210656452373,-170.271505454914,87.7234984580284));
#2215=CARTESIAN_POINT('Origin',(345.210656452373,-199.271505454912,87.2234984580284));
#2216=CARTESIAN_POINT('',(345.210656452373,-199.771505454912,87.2234984580284));
#2217=CARTESIAN_POINT('',(345.210656452373,-199.771505454912,87.2234984580284));
#2218=CARTESIAN_POINT('Origin',(345.210656452373,-199.271505454912,87.2234984580284));
#2219=CARTESIAN_POINT('Origin',(345.210656452373,-199.771505454912,75.5234984580291));
#2220=CARTESIAN_POINT('',(345.210656452373,-199.771505454912,75.5234984580291));
#2221=CARTESIAN_POINT('',(345.210656452373,-199.771505454912,75.5234984580291));
#2222=CARTESIAN_POINT('',(345.210656452373,-199.771505454912,87.2234984580284));
#2223=CARTESIAN_POINT('Origin',(345.210656452373,-199.271505454912,75.523498458029));
#2224=CARTESIAN_POINT('Origin',(345.210656452373,-199.271505454912,75.523498458029));
#2225=CARTESIAN_POINT('Origin',(345.210656452373,-184.771505454913,81.3734984580287));
#2226=UNCERTAINTY_MEASURE_WITH_UNIT(LENGTH_MEASURE(0.01),#2230,
'DISTANCE_ACCURACY_VALUE',
'Maximum model space distance between geometric entities at asserted c
onnectivities');
#2227=UNCERTAINTY_MEASURE_WITH_UNIT(LENGTH_MEASURE(0.01),#2230,
'DISTANCE_ACCURACY_VALUE',
'Maximum model space distance between geometric entities at asserted c
onnectivities');
#2228=(
GEOMETRIC_REPRESENTATION_CONTEXT(3)
GLOBAL_UNCERTAINTY_ASSIGNED_CONTEXT((#2226))
GLOBAL_UNIT_ASSIGNED_CONTEXT((#2230,#2232,#2233))
REPRESENTATION_CONTEXT('','3D')
);
#2229=(
GEOMETRIC_REPRESENTATION_CONTEXT(3)
GLOBAL_UNCERTAINTY_ASSIGNED_CONTEXT((#2227))
GLOBAL_UNIT_ASSIGNED_CONTEXT((#2230,#2232,#2233))
REPRESENTATION_CONTEXT('','3D')
);
#2230=(
LENGTH_UNIT()
NAMED_UNIT(*)
SI_UNIT(.MILLI.,.METRE.)
);
#2231=(
LENGTH_UNIT()
NAMED_UNIT(*)
SI_UNIT($,.METRE.)
);
#2232=(
NAMED_UNIT(*)
PLANE_ANGLE_UNIT()
SI_UNIT($,.RADIAN.)
);
#2233=(
NAMED_UNIT(*)
SI_UNIT($,.STERADIAN.)
SOLID_ANGLE_UNIT()
);
#2234=SHAPE_DEFINITION_REPRESENTATION(#2235,#2236);
#2235=PRODUCT_DEFINITION_SHAPE('',$,#2238);
#2236=SHAPE_REPRESENTATION('',(#1334),#2228);
#2237=PRODUCT_DEFINITION_CONTEXT('part definition',#2242,'design');
#2238=PRODUCT_DEFINITION('BTF_heatsink','BTF_heatsink v20',#2239,#2237);
#2239=PRODUCT_DEFINITION_FORMATION('',$,#2244);
#2240=PRODUCT_RELATED_PRODUCT_CATEGORY('BTF_heatsink v20',
'BTF_heatsink v20',(#2244));
#2241=APPLICATION_PROTOCOL_DEFINITION('international standard',
'automotive_design',2009,#2242);
#2242=APPLICATION_CONTEXT(
'Core Data for Automotive Mechanical Design Process');
#2243=PRODUCT_CONTEXT('part definition',#2242,'mechanical');
#2244=PRODUCT('BTF_heatsink','BTF_heatsink v20',$,(#2243));
#2245=PRESENTATION_STYLE_ASSIGNMENT((#2247));
#2246=PRESENTATION_STYLE_ASSIGNMENT((#2248));
#2247=SURFACE_STYLE_USAGE(.BOTH.,#2249);
#2248=SURFACE_STYLE_USAGE(.BOTH.,#2250);
#2249=SURFACE_SIDE_STYLE('',(#2251));
#2250=SURFACE_SIDE_STYLE('',(#2252));
#2251=SURFACE_STYLE_FILL_AREA(#2253);
#2252=SURFACE_STYLE_FILL_AREA(#2254);
#2253=FILL_AREA_STYLE('Steel - Satin',(#2255));
#2254=FILL_AREA_STYLE('Aluminum - Satin',(#2256));
#2255=FILL_AREA_STYLE_COLOUR('Steel - Satin',#2257);
#2256=FILL_AREA_STYLE_COLOUR('Aluminum - Satin',#2258);
#2257=COLOUR_RGB('Steel - Satin',0.627450980392157,0.627450980392157,0.627450980392157);
#2258=COLOUR_RGB('Aluminum - Satin',0.96078431372549,0.96078431372549,0.964705882352941);
ENDSEC;
END-ISO-10303-21;
