ISO-10303-21;
HEADER;
FILE_DESCRIPTION(('FreeCAD Model'),'2;1');
FILE_NAME('Open CASCADE Shape Model','2026-08-04T17:15:45',('FreeCAD'),(
    'FreeCAD'),'Open CASCADE STEP processor 7.8','FreeCAD','Unknown');
FILE_SCHEMA(('AUTOMOTIVE_DESIGN { 1 0 10303 214 1 1 1 1 }'));
ENDSEC;
DATA;
#1 = APPLICATION_PROTOCOL_DEFINITION('international standard',
  'automotive_design',2000,#2);
#2 = APPLICATION_CONTEXT(
  'core data for automotive mechanical design processes');
#3 = SHAPE_DEFINITION_REPRESENTATION(#4,#10);
#4 = PRODUCT_DEFINITION_SHAPE('','',#5);
#5 = PRODUCT_DEFINITION('design','',#6,#9);
#6 = PRODUCT_DEFINITION_FORMATION('','',#7);
#7 = PRODUCT('Open CASCADE STEP translator 7.8 1',
  'Open CASCADE STEP translator 7.8 1','',(#8));
#8 = PRODUCT_CONTEXT('',#2,'mechanical');
#9 = PRODUCT_DEFINITION_CONTEXT('part definition',#2,'design');
#10 = SHAPE_REPRESENTATION('',(#11,#15,#5009,#5379),#5809);
#11 = AXIS2_PLACEMENT_3D('',#12,#13,#14);
#12 = CARTESIAN_POINT('',(0.,0.,0.));
#13 = DIRECTION('',(0.,0.,1.));
#14 = DIRECTION('',(1.,0.,-0.));
#15 = MANIFOLD_SOLID_BREP('',#16);
#16 = CLOSED_SHELL('',(#17,#53,#81,#103,#125,#141,#177,#205,#227,#249,
    #265,#301,#329,#351,#373,#389,#425,#453,#475,#497,#513,#549,#577,
    #599,#621,#637,#673,#701,#723,#745,#761,#797,#825,#847,#869,#885,
    #921,#949,#977,#997,#1068,#1096,#1124,#1152,#1174,#1196,#1274,#1302,
    #1330,#1352,#1380,#1402,#1418,#1496,#1524,#1552,#1574,#1602,#1624,
    #1640,#1718,#1746,#1774,#1796,#1824,#1846,#1862,#1940,#1968,#1996,
    #2018,#2046,#2068,#2084,#2162,#2190,#2218,#2240,#2268,#2290,#2306,
    #2377,#2405,#2433,#2461,#2483,#2505,#2541,#2569,#2605,#2633,#2669,
    #2697,#2746,#2795,#2844,#2893,#2927,#2961,#2995,#3029,#3063,#3097,
    #3131,#3165,#3199,#3233,#3267,#3301,#3335,#3369,#3521,#3591,#3611,
    #3695,#3725,#3915,#3939,#3959,#3979,#3999,#4019,#4039,#4069,#4099,
    #4119,#4139,#4159,#4179,#4199,#4219,#4235,#4251,#4271,#4283,#4295,
    #4313,#4325,#4337,#4349,#4361,#4373,#4385,#4397,#4409,#4421,#4433,
    #4445,#4457,#4469,#4481,#4493,#4505,#4517,#4529,#4541,#4553,#4565,
    #4577,#4589,#4601,#4613,#4625,#4637,#4649,#4667,#4679,#4691,#4703,
    #4715,#4769,#4799,#4829,#4859,#4889,#4919,#4949,#4979));
#17 = ADVANCED_FACE('',(#18),#48,.T.);
#18 = FACE_BOUND('',#19,.F.);
#19 = EDGE_LOOP('',(#20,#29,#36,#43));
#20 = ORIENTED_EDGE('',*,*,#21,.T.);
#21 = EDGE_CURVE('',#22,#24,#26,.T.);
#22 = VERTEX_POINT('',#23);
#23 = CARTESIAN_POINT('',(4.369999706979,-7.370000173748,
    1.42108547152E-14));
#24 = VERTEX_POINT('',#25);
#25 = CARTESIAN_POINT('',(3.869999706979,-7.370000153869,
    1.42108547152E-14));
#26 = B_SPLINE_CURVE_WITH_KNOTS('',1,(#27,#28),.UNSPECIFIED.,.F.,.F.,(2,
    2),(-0.5,-0.),.PIECEWISE_BEZIER_KNOTS.);
#27 = CARTESIAN_POINT('',(4.369999706979,-7.370000173748,
    7.993605777301E-15));
#28 = CARTESIAN_POINT('',(3.869999706979,-7.370000153869,
    7.993605777301E-15));
#29 = ORIENTED_EDGE('',*,*,#30,.T.);
#30 = EDGE_CURVE('',#24,#31,#33,.T.);
#31 = VERTEX_POINT('',#32);
#32 = CARTESIAN_POINT('',(3.8699996871,-7.870000153869,0.));
#33 = B_SPLINE_CURVE_WITH_KNOTS('',1,(#34,#35),.UNSPECIFIED.,.F.,.F.,(2,
    2),(5.608686131387,6.108686131387),.PIECEWISE_BEZIER_KNOTS.);
#34 = CARTESIAN_POINT('',(3.86999970698,-7.370000153869,1.7763568394E-15
    ));
#35 = CARTESIAN_POINT('',(3.8699996871,-7.870000153869,1.7763568394E-15)
  );
#36 = ORIENTED_EDGE('',*,*,#37,.T.);
#37 = EDGE_CURVE('',#31,#38,#40,.T.);
#38 = VERTEX_POINT('',#39);
#39 = CARTESIAN_POINT('',(4.3699996871,-7.870000173748,0.));
#40 = B_SPLINE_CURVE_WITH_KNOTS('',1,(#41,#42),.UNSPECIFIED.,.F.,.F.,(2,
    2),(0.,0.5),.PIECEWISE_BEZIER_KNOTS.);
#41 = CARTESIAN_POINT('',(3.8699996871,-7.870000153869,
    3.552713678801E-15));
#42 = CARTESIAN_POINT('',(4.3699996871,-7.870000173748,
    3.552713678801E-15));
#43 = ORIENTED_EDGE('',*,*,#44,.T.);
#44 = EDGE_CURVE('',#38,#22,#45,.T.);
#45 = B_SPLINE_CURVE_WITH_KNOTS('',1,(#46,#47),.UNSPECIFIED.,.F.,.F.,(2,
    2),(-6.108686131387,-5.608686131387),.PIECEWISE_BEZIER_KNOTS.);
#46 = CARTESIAN_POINT('',(4.3699996871,-7.870000173748,1.7763568394E-15)
  );
#47 = CARTESIAN_POINT('',(4.36999970698,-7.370000173748,1.7763568394E-15
    ));
#48 = B_SPLINE_SURFACE_WITH_KNOTS('',1,1,(
    (#49,#50)
    ,(#51,#52
    )),.UNSPECIFIED.,.F.,.F.,.F.,(2,2),(2,2),(5.608686131387,
    6.108686131387),(-4.670802919708,-4.170802919708),
  .PIECEWISE_BEZIER_KNOTS.);
#49 = CARTESIAN_POINT('',(4.36999970698,-7.370000173748,1.7763568394E-15
    ));
#50 = CARTESIAN_POINT('',(3.869999706979,-7.370000153869,
    1.7763568394E-15));
#51 = CARTESIAN_POINT('',(4.3699996871,-7.870000173748,1.7763568394E-15)
  );
#52 = CARTESIAN_POINT('',(3.8699996871,-7.870000153869,1.7763568394E-15)
  );
#53 = ADVANCED_FACE('',(#54),#76,.T.);
#54 = FACE_BOUND('',#55,.F.);
#55 = EDGE_LOOP('',(#56,#65,#70,#71));
#56 = ORIENTED_EDGE('',*,*,#57,.T.);
#57 = EDGE_CURVE('',#58,#60,#62,.T.);
#58 = VERTEX_POINT('',#59);
#59 = CARTESIAN_POINT('',(4.3699996871,-7.870000173748,9.));
#60 = VERTEX_POINT('',#61);
#61 = CARTESIAN_POINT('',(4.369999706979,-7.370000173748,9.));
#62 = B_SPLINE_CURVE_WITH_KNOTS('',1,(#63,#64),.UNSPECIFIED.,.F.,.F.,(2,
    2),(-15.74,-15.24),.PIECEWISE_BEZIER_KNOTS.);
#63 = CARTESIAN_POINT('',(4.3699996871,-7.870000173748,9.));
#64 = CARTESIAN_POINT('',(4.369999706979,-7.370000173748,9.));
#65 = ORIENTED_EDGE('',*,*,#66,.F.);
#66 = EDGE_CURVE('',#22,#60,#67,.T.);
#67 = B_SPLINE_CURVE_WITH_KNOTS('',1,(#68,#69),.UNSPECIFIED.,.F.,.F.,(2,
    2),(0.,9.),.PIECEWISE_BEZIER_KNOTS.);
#68 = CARTESIAN_POINT('',(4.369999706979,-7.370000173748,
    7.993605777301E-15));
#69 = CARTESIAN_POINT('',(4.369999706979,-7.370000173748,9.));
#70 = ORIENTED_EDGE('',*,*,#44,.F.);
#71 = ORIENTED_EDGE('',*,*,#72,.T.);
#72 = EDGE_CURVE('',#38,#58,#73,.T.);
#73 = B_SPLINE_CURVE_WITH_KNOTS('',1,(#74,#75),.UNSPECIFIED.,.F.,.F.,(2,
    2),(0.,9.),.PIECEWISE_BEZIER_KNOTS.);
#74 = CARTESIAN_POINT('',(4.3699996871,-7.870000173748,
    3.552713678801E-15));
#75 = CARTESIAN_POINT('',(4.3699996871,-7.870000173748,9.));
#76 = B_SPLINE_SURFACE_WITH_KNOTS('',1,1,(
    (#77,#78)
    ,(#79,#80)),.UNSPECIFIED.,.F.,.F.,.F.,(2,2),(2,2),(-15.74,-15.24),(
    -1.636935521404E-15,9.),.PIECEWISE_BEZIER_KNOTS.);
#77 = CARTESIAN_POINT('',(4.3699996871,-7.870000173748,1.7763568394E-15)
  );
#78 = CARTESIAN_POINT('',(4.3699996871,-7.870000173748,9.));
#79 = CARTESIAN_POINT('',(4.36999970698,-7.370000173748,1.7763568394E-15
    ));
#80 = CARTESIAN_POINT('',(4.36999970698,-7.370000173748,9.));
#81 = ADVANCED_FACE('',(#82),#98,.T.);
#82 = FACE_BOUND('',#83,.F.);
#83 = EDGE_LOOP('',(#84,#91,#92,#93));
#84 = ORIENTED_EDGE('',*,*,#85,.T.);
#85 = EDGE_CURVE('',#86,#58,#88,.T.);
#86 = VERTEX_POINT('',#87);
#87 = CARTESIAN_POINT('',(3.8699996871,-7.870000153869,9.));
#88 = B_SPLINE_CURVE_WITH_KNOTS('',1,(#89,#90),.UNSPECIFIED.,.F.,.F.,(2,
    2),(0.,0.5),.PIECEWISE_BEZIER_KNOTS.);
#89 = CARTESIAN_POINT('',(3.8699996871,-7.870000153869,9.));
#90 = CARTESIAN_POINT('',(4.3699996871,-7.870000173748,9.));
#91 = ORIENTED_EDGE('',*,*,#72,.F.);
#92 = ORIENTED_EDGE('',*,*,#37,.F.);
#93 = ORIENTED_EDGE('',*,*,#94,.T.);
#94 = EDGE_CURVE('',#31,#86,#95,.T.);
#95 = B_SPLINE_CURVE_WITH_KNOTS('',1,(#96,#97),.UNSPECIFIED.,.F.,.F.,(2,
    2),(0.,9.),.PIECEWISE_BEZIER_KNOTS.);
#96 = CARTESIAN_POINT('',(3.8699996871,-7.870000153869,
    3.552713678801E-15));
#97 = CARTESIAN_POINT('',(3.8699996871,-7.870000153869,9.));
#98 = B_SPLINE_SURFACE_WITH_KNOTS('',1,1,(
    (#99,#100)
    ,(#101,#102
    )),.UNSPECIFIED.,.F.,.F.,.F.,(2,2),(2,2),(-3.945750113714E-25,9.),(
    -0.5,0.),.PIECEWISE_BEZIER_KNOTS.);
#99 = CARTESIAN_POINT('',(4.3699996871,-7.870000173748,
    3.552713678801E-15));
#100 = CARTESIAN_POINT('',(3.8699996871,-7.870000153869,
    3.552713678801E-15));
#101 = CARTESIAN_POINT('',(4.3699996871,-7.870000173748,9.));
#102 = CARTESIAN_POINT('',(3.8699996871,-7.870000153869,9.));
#103 = ADVANCED_FACE('',(#104),#120,.T.);
#104 = FACE_BOUND('',#105,.F.);
#105 = EDGE_LOOP('',(#106,#113,#114,#115));
#106 = ORIENTED_EDGE('',*,*,#107,.T.);
#107 = EDGE_CURVE('',#108,#86,#110,.T.);
#108 = VERTEX_POINT('',#109);
#109 = CARTESIAN_POINT('',(3.869999706979,-7.370000153869,9.));
#110 = B_SPLINE_CURVE_WITH_KNOTS('',1,(#111,#112),.UNSPECIFIED.,.F.,.F.,
  (2,2),(15.24,15.74),.PIECEWISE_BEZIER_KNOTS.);
#111 = CARTESIAN_POINT('',(3.869999706979,-7.370000153869,9.));
#112 = CARTESIAN_POINT('',(3.8699996871,-7.870000153869,9.));
#113 = ORIENTED_EDGE('',*,*,#94,.F.);
#114 = ORIENTED_EDGE('',*,*,#30,.F.);
#115 = ORIENTED_EDGE('',*,*,#116,.T.);
#116 = EDGE_CURVE('',#24,#108,#117,.T.);
#117 = B_SPLINE_CURVE_WITH_KNOTS('',1,(#118,#119),.UNSPECIFIED.,.F.,.F.,
  (2,2),(0.,9.),.PIECEWISE_BEZIER_KNOTS.);
#118 = CARTESIAN_POINT('',(3.869999706979,-7.370000153869,
    7.993605777301E-15));
#119 = CARTESIAN_POINT('',(3.869999706979,-7.370000153869,9.));
#120 = B_SPLINE_SURFACE_WITH_KNOTS('',1,1,(
    (#121,#122)
    ,(#123,#124)),.UNSPECIFIED.,.F.,.F.,.F.,(2,2),(2,2),(15.24,15.74),(
    -1.63693118036E-15,9.),.PIECEWISE_BEZIER_KNOTS.);
#121 = CARTESIAN_POINT('',(3.86999970698,-7.370000153869,
    1.7763568394E-15));
#122 = CARTESIAN_POINT('',(3.86999970698,-7.370000153869,9.));
#123 = CARTESIAN_POINT('',(3.8699996871,-7.870000153869,1.7763568394E-15
    ));
#124 = CARTESIAN_POINT('',(3.8699996871,-7.870000153869,9.));
#125 = ADVANCED_FACE('',(#126),#136,.T.);
#126 = FACE_BOUND('',#127,.F.);
#127 = EDGE_LOOP('',(#128,#133,#134,#135));
#128 = ORIENTED_EDGE('',*,*,#129,.T.);
#129 = EDGE_CURVE('',#60,#108,#130,.T.);
#130 = B_SPLINE_CURVE_WITH_KNOTS('',1,(#131,#132),.UNSPECIFIED.,.F.,.F.,
  (2,2),(-0.5,-0.),.PIECEWISE_BEZIER_KNOTS.);
#131 = CARTESIAN_POINT('',(4.369999706979,-7.370000173748,9.));
#132 = CARTESIAN_POINT('',(3.869999706979,-7.370000153869,9.));
#133 = ORIENTED_EDGE('',*,*,#116,.F.);
#134 = ORIENTED_EDGE('',*,*,#21,.F.);
#135 = ORIENTED_EDGE('',*,*,#66,.T.);
#136 = B_SPLINE_SURFACE_WITH_KNOTS('',1,1,(
    (#137,#138)
    ,(#139,#140
    )),.UNSPECIFIED.,.F.,.F.,.F.,(2,2),(2,2),(-9.,3.945716587125E-25),(
    -0.5,1.719617741707E-14),.PIECEWISE_BEZIER_KNOTS.);
#137 = CARTESIAN_POINT('',(4.369999706979,-7.370000173748,9.));
#138 = CARTESIAN_POINT('',(3.869999706979,-7.370000153869,9.));
#139 = CARTESIAN_POINT('',(4.369999706979,-7.370000173748,
    7.993605777301E-15));
#140 = CARTESIAN_POINT('',(3.869999706979,-7.370000153869,
    7.993605777301E-15));
#141 = ADVANCED_FACE('',(#142),#172,.T.);
#142 = FACE_BOUND('',#143,.F.);
#143 = EDGE_LOOP('',(#144,#153,#160,#167));
#144 = ORIENTED_EDGE('',*,*,#145,.T.);
#145 = EDGE_CURVE('',#146,#148,#150,.T.);
#146 = VERTEX_POINT('',#147);
#147 = CARTESIAN_POINT('',(4.369999807966,-4.830000173748,
    1.42108547152E-14));
#148 = VERTEX_POINT('',#149);
#149 = CARTESIAN_POINT('',(3.869999807966,-4.830000153869,
    1.42108547152E-14));
#150 = B_SPLINE_CURVE_WITH_KNOTS('',1,(#151,#152),.UNSPECIFIED.,.F.,.F.,
  (2,2),(-0.5,-0.),.PIECEWISE_BEZIER_KNOTS.);
#151 = CARTESIAN_POINT('',(4.369999807966,-4.830000173748,
    7.105427357601E-15));
#152 = CARTESIAN_POINT('',(3.869999807966,-4.830000153869,
    7.105427357601E-15));
#153 = ORIENTED_EDGE('',*,*,#154,.T.);
#154 = EDGE_CURVE('',#148,#155,#157,.T.);
#155 = VERTEX_POINT('',#156);
#156 = CARTESIAN_POINT('',(3.869999788087,-5.330000153869,0.));
#157 = B_SPLINE_CURVE_WITH_KNOTS('',1,(#158,#159),.UNSPECIFIED.,.F.,.F.,
  (2,2),(3.068686131387,3.568686131387),.PIECEWISE_BEZIER_KNOTS.);
#158 = CARTESIAN_POINT('',(3.869999807966,-4.830000153869,
    1.7763568394E-15));
#159 = CARTESIAN_POINT('',(3.869999788087,-5.330000153869,
    1.7763568394E-15));
#160 = ORIENTED_EDGE('',*,*,#161,.T.);
#161 = EDGE_CURVE('',#155,#162,#164,.T.);
#162 = VERTEX_POINT('',#163);
#163 = CARTESIAN_POINT('',(4.369999788087,-5.330000173748,0.));
#164 = B_SPLINE_CURVE_WITH_KNOTS('',1,(#165,#166),.UNSPECIFIED.,.F.,.F.,
  (2,2),(0.,0.5),.PIECEWISE_BEZIER_KNOTS.);
#165 = CARTESIAN_POINT('',(3.869999788087,-5.330000153869,
    2.6645352591E-15));
#166 = CARTESIAN_POINT('',(4.369999788087,-5.330000173748,
    3.552713678801E-15));
#167 = ORIENTED_EDGE('',*,*,#168,.T.);
#168 = EDGE_CURVE('',#162,#146,#169,.T.);
#169 = B_SPLINE_CURVE_WITH_KNOTS('',1,(#170,#171),.UNSPECIFIED.,.F.,.F.,
  (2,2),(-3.568686131387,-3.068686131387),.PIECEWISE_BEZIER_KNOTS.);
#170 = CARTESIAN_POINT('',(4.369999788087,-5.330000173748,
    2.6645352591E-15));
#171 = CARTESIAN_POINT('',(4.369999807966,-4.830000173748,
    1.7763568394E-15));
#172 = B_SPLINE_SURFACE_WITH_KNOTS('',1,1,(
    (#173,#174)
    ,(#175,#176
    )),.UNSPECIFIED.,.F.,.F.,.F.,(2,2),(2,2),(3.068686131387,
    3.568686131387),(-4.670802919708,-4.170802919708),
  .PIECEWISE_BEZIER_KNOTS.);
#173 = CARTESIAN_POINT('',(4.369999807966,-4.830000173748,
    1.7763568394E-15));
#174 = CARTESIAN_POINT('',(3.869999807966,-4.830000153869,
    1.7763568394E-15));
#175 = CARTESIAN_POINT('',(4.369999788087,-5.330000173748,
    2.6645352591E-15));
#176 = CARTESIAN_POINT('',(3.869999788087,-5.330000153869,
    1.7763568394E-15));
#177 = ADVANCED_FACE('',(#178),#200,.T.);
#178 = FACE_BOUND('',#179,.F.);
#179 = EDGE_LOOP('',(#180,#189,#194,#195));
#180 = ORIENTED_EDGE('',*,*,#181,.T.);
#181 = EDGE_CURVE('',#182,#184,#186,.T.);
#182 = VERTEX_POINT('',#183);
#183 = CARTESIAN_POINT('',(4.369999788087,-5.330000173748,9.));
#184 = VERTEX_POINT('',#185);
#185 = CARTESIAN_POINT('',(4.369999807966,-4.830000173748,9.));
#186 = B_SPLINE_CURVE_WITH_KNOTS('',1,(#187,#188),.UNSPECIFIED.,.F.,.F.,
  (2,2),(-13.2,-12.7),.PIECEWISE_BEZIER_KNOTS.);
#187 = CARTESIAN_POINT('',(4.369999788087,-5.330000173748,9.));
#188 = CARTESIAN_POINT('',(4.369999807966,-4.830000173748,9.));
#189 = ORIENTED_EDGE('',*,*,#190,.F.);
#190 = EDGE_CURVE('',#146,#184,#191,.T.);
#191 = B_SPLINE_CURVE_WITH_KNOTS('',1,(#192,#193),.UNSPECIFIED.,.F.,.F.,
  (2,2),(0.,9.),.PIECEWISE_BEZIER_KNOTS.);
#192 = CARTESIAN_POINT('',(4.369999807966,-4.830000173748,
    7.105427357601E-15));
#193 = CARTESIAN_POINT('',(4.369999807966,-4.830000173748,9.));
#194 = ORIENTED_EDGE('',*,*,#168,.F.);
#195 = ORIENTED_EDGE('',*,*,#196,.T.);
#196 = EDGE_CURVE('',#162,#182,#197,.T.);
#197 = B_SPLINE_CURVE_WITH_KNOTS('',1,(#198,#199),.UNSPECIFIED.,.F.,.F.,
  (2,2),(0.,9.),.PIECEWISE_BEZIER_KNOTS.);
#198 = CARTESIAN_POINT('',(4.369999788087,-5.330000173748,
    3.552713678801E-15));
#199 = CARTESIAN_POINT('',(4.369999788087,-5.330000173748,9.));
#200 = B_SPLINE_SURFACE_WITH_KNOTS('',1,1,(
    (#201,#202)
    ,(#203,#204)),.UNSPECIFIED.,.F.,.F.,.F.,(2,2),(2,2),(-13.2,-12.7),(
    -1.636935504596E-15,9.),.PIECEWISE_BEZIER_KNOTS.);
#201 = CARTESIAN_POINT('',(4.369999788087,-5.330000173748,
    2.6645352591E-15));
#202 = CARTESIAN_POINT('',(4.369999788087,-5.330000173748,9.));
#203 = CARTESIAN_POINT('',(4.369999807966,-4.830000173748,
    1.7763568394E-15));
#204 = CARTESIAN_POINT('',(4.369999807966,-4.830000173748,9.));
#205 = ADVANCED_FACE('',(#206),#222,.T.);
#206 = FACE_BOUND('',#207,.F.);
#207 = EDGE_LOOP('',(#208,#215,#216,#217));
#208 = ORIENTED_EDGE('',*,*,#209,.T.);
#209 = EDGE_CURVE('',#210,#182,#212,.T.);
#210 = VERTEX_POINT('',#211);
#211 = CARTESIAN_POINT('',(3.869999788087,-5.330000153869,9.));
#212 = B_SPLINE_CURVE_WITH_KNOTS('',1,(#213,#214),.UNSPECIFIED.,.F.,.F.,
  (2,2),(0.,0.5),.PIECEWISE_BEZIER_KNOTS.);
#213 = CARTESIAN_POINT('',(3.869999788087,-5.330000153869,9.));
#214 = CARTESIAN_POINT('',(4.369999788087,-5.330000173748,9.));
#215 = ORIENTED_EDGE('',*,*,#196,.F.);
#216 = ORIENTED_EDGE('',*,*,#161,.F.);
#217 = ORIENTED_EDGE('',*,*,#218,.T.);
#218 = EDGE_CURVE('',#155,#210,#219,.T.);
#219 = B_SPLINE_CURVE_WITH_KNOTS('',1,(#220,#221),.UNSPECIFIED.,.F.,.F.,
  (2,2),(0.,9.),.PIECEWISE_BEZIER_KNOTS.);
#220 = CARTESIAN_POINT('',(3.869999788087,-5.330000153869,
    2.6645352591E-15));
#221 = CARTESIAN_POINT('',(3.869999788087,-5.330000153869,9.));
#222 = B_SPLINE_SURFACE_WITH_KNOTS('',1,1,(
    (#223,#224)
    ,(#225,#226
    )),.UNSPECIFIED.,.F.,.F.,.F.,(2,2),(2,2),(-3.945716587125E-25,9.),(
    -0.5,1.719617741707E-14),.PIECEWISE_BEZIER_KNOTS.);
#223 = CARTESIAN_POINT('',(4.369999788087,-5.330000173748,
    3.552713678801E-15));
#224 = CARTESIAN_POINT('',(3.869999788087,-5.330000153869,
    2.6645352591E-15));
#225 = CARTESIAN_POINT('',(4.369999788087,-5.330000173748,9.));
#226 = CARTESIAN_POINT('',(3.869999788087,-5.330000153869,9.));
#227 = ADVANCED_FACE('',(#228),#244,.T.);
#228 = FACE_BOUND('',#229,.F.);
#229 = EDGE_LOOP('',(#230,#237,#238,#239));
#230 = ORIENTED_EDGE('',*,*,#231,.T.);
#231 = EDGE_CURVE('',#232,#210,#234,.T.);
#232 = VERTEX_POINT('',#233);
#233 = CARTESIAN_POINT('',(3.869999807966,-4.830000153869,9.));
#234 = B_SPLINE_CURVE_WITH_KNOTS('',1,(#235,#236),.UNSPECIFIED.,.F.,.F.,
  (2,2),(12.7,13.2),.PIECEWISE_BEZIER_KNOTS.);
#235 = CARTESIAN_POINT('',(3.869999807966,-4.830000153869,9.));
#236 = CARTESIAN_POINT('',(3.869999788087,-5.330000153869,9.));
#237 = ORIENTED_EDGE('',*,*,#218,.F.);
#238 = ORIENTED_EDGE('',*,*,#154,.F.);
#239 = ORIENTED_EDGE('',*,*,#240,.T.);
#240 = EDGE_CURVE('',#148,#232,#241,.T.);
#241 = B_SPLINE_CURVE_WITH_KNOTS('',1,(#242,#243),.UNSPECIFIED.,.F.,.F.,
  (2,2),(0.,9.),.PIECEWISE_BEZIER_KNOTS.);
#242 = CARTESIAN_POINT('',(3.869999807966,-4.830000153869,
    7.105427357601E-15));
#243 = CARTESIAN_POINT('',(3.869999807966,-4.830000153869,9.));
#244 = B_SPLINE_SURFACE_WITH_KNOTS('',1,1,(
    (#245,#246)
    ,(#247,#248)),.UNSPECIFIED.,.F.,.F.,.F.,(2,2),(2,2),(12.7,13.2),(
    -1.636931163552E-15,9.),.PIECEWISE_BEZIER_KNOTS.);
#245 = CARTESIAN_POINT('',(3.869999807966,-4.830000153869,
    1.7763568394E-15));
#246 = CARTESIAN_POINT('',(3.869999807966,-4.830000153869,9.));
#247 = CARTESIAN_POINT('',(3.869999788087,-5.330000153869,
    1.7763568394E-15));
#248 = CARTESIAN_POINT('',(3.869999788087,-5.330000153869,9.));
#249 = ADVANCED_FACE('',(#250),#260,.T.);
#250 = FACE_BOUND('',#251,.F.);
#251 = EDGE_LOOP('',(#252,#257,#258,#259));
#252 = ORIENTED_EDGE('',*,*,#253,.T.);
#253 = EDGE_CURVE('',#184,#232,#254,.T.);
#254 = B_SPLINE_CURVE_WITH_KNOTS('',1,(#255,#256),.UNSPECIFIED.,.F.,.F.,
  (2,2),(-0.5,-0.),.PIECEWISE_BEZIER_KNOTS.);
#255 = CARTESIAN_POINT('',(4.369999807966,-4.830000173748,9.));
#256 = CARTESIAN_POINT('',(3.869999807966,-4.830000153869,9.));
#257 = ORIENTED_EDGE('',*,*,#240,.F.);
#258 = ORIENTED_EDGE('',*,*,#145,.F.);
#259 = ORIENTED_EDGE('',*,*,#190,.T.);
#260 = B_SPLINE_SURFACE_WITH_KNOTS('',1,1,(
    (#261,#262)
    ,(#263,#264
    )),.UNSPECIFIED.,.F.,.F.,.F.,(2,2),(2,2),(-9.,3.945683060537E-25),(
    -0.5,1.719617741707E-14),.PIECEWISE_BEZIER_KNOTS.);
#261 = CARTESIAN_POINT('',(4.369999807966,-4.830000173748,9.));
#262 = CARTESIAN_POINT('',(3.869999807966,-4.830000153869,9.));
#263 = CARTESIAN_POINT('',(4.369999807966,-4.830000173748,
    7.105427357601E-15));
#264 = CARTESIAN_POINT('',(3.869999807966,-4.830000153869,
    7.105427357601E-15));
#265 = ADVANCED_FACE('',(#266),#296,.T.);
#266 = FACE_BOUND('',#267,.F.);
#267 = EDGE_LOOP('',(#268,#277,#284,#291));
#268 = ORIENTED_EDGE('',*,*,#269,.T.);
#269 = EDGE_CURVE('',#270,#272,#274,.T.);
#270 = VERTEX_POINT('',#271);
#271 = CARTESIAN_POINT('',(4.369999908953,-2.290000173748,0.));
#272 = VERTEX_POINT('',#273);
#273 = CARTESIAN_POINT('',(3.869999908953,-2.290000153869,0.));
#274 = B_SPLINE_CURVE_WITH_KNOTS('',1,(#275,#276),.UNSPECIFIED.,.F.,.F.,
  (2,2),(-0.5,0.),.PIECEWISE_BEZIER_KNOTS.);
#275 = CARTESIAN_POINT('',(4.369999908953,-2.290000173748,
    6.217248937901E-15));
#276 = CARTESIAN_POINT('',(3.869999908953,-2.290000153869,
    6.217248937901E-15));
#277 = ORIENTED_EDGE('',*,*,#278,.T.);
#278 = EDGE_CURVE('',#272,#279,#281,.T.);
#279 = VERTEX_POINT('',#280);
#280 = CARTESIAN_POINT('',(3.869999889074,-2.790000153869,0.));
#281 = B_SPLINE_CURVE_WITH_KNOTS('',1,(#282,#283),.UNSPECIFIED.,.F.,.F.,
  (2,2),(0.528686131387,1.028686131387),.PIECEWISE_BEZIER_KNOTS.);
#282 = CARTESIAN_POINT('',(3.869999908953,-2.290000153869,
    1.7763568394E-15));
#283 = CARTESIAN_POINT('',(3.869999889074,-2.790000153869,
    1.7763568394E-15));
#284 = ORIENTED_EDGE('',*,*,#285,.T.);
#285 = EDGE_CURVE('',#279,#286,#288,.T.);
#286 = VERTEX_POINT('',#287);
#287 = CARTESIAN_POINT('',(4.369999889074,-2.790000173748,0.));
#288 = B_SPLINE_CURVE_WITH_KNOTS('',1,(#289,#290),.UNSPECIFIED.,.F.,.F.,
  (2,2),(0.,0.5),.PIECEWISE_BEZIER_KNOTS.);
#289 = CARTESIAN_POINT('',(3.869999889074,-2.790000153869,
    1.7763568394E-15));
#290 = CARTESIAN_POINT('',(4.369999889074,-2.790000173748,
    1.7763568394E-15));
#291 = ORIENTED_EDGE('',*,*,#292,.T.);
#292 = EDGE_CURVE('',#286,#270,#293,.T.);
#293 = B_SPLINE_CURVE_WITH_KNOTS('',1,(#294,#295),.UNSPECIFIED.,.F.,.F.,
  (2,2),(-1.028686131387,-0.528686131387),.PIECEWISE_BEZIER_KNOTS.);
#294 = CARTESIAN_POINT('',(4.369999889074,-2.790000173748,
    1.7763568394E-15));
#295 = CARTESIAN_POINT('',(4.369999908953,-2.290000173748,
    1.7763568394E-15));
#296 = B_SPLINE_SURFACE_WITH_KNOTS('',1,1,(
    (#297,#298)
    ,(#299,#300
    )),.UNSPECIFIED.,.F.,.F.,.F.,(2,2),(2,2),(0.528686131387,
    1.028686131387),(-4.670802919708,-4.170802919708),
  .PIECEWISE_BEZIER_KNOTS.);
#297 = CARTESIAN_POINT('',(4.369999908953,-2.290000173748,
    1.7763568394E-15));
#298 = CARTESIAN_POINT('',(3.869999908953,-2.290000153869,
    1.7763568394E-15));
#299 = CARTESIAN_POINT('',(4.369999889074,-2.790000173748,
    1.7763568394E-15));
#300 = CARTESIAN_POINT('',(3.869999889074,-2.790000153869,
    1.7763568394E-15));
#301 = ADVANCED_FACE('',(#302),#324,.T.);
#302 = FACE_BOUND('',#303,.F.);
#303 = EDGE_LOOP('',(#304,#313,#318,#319));
#304 = ORIENTED_EDGE('',*,*,#305,.T.);
#305 = EDGE_CURVE('',#306,#308,#310,.T.);
#306 = VERTEX_POINT('',#307);
#307 = CARTESIAN_POINT('',(4.369999889074,-2.790000173748,9.));
#308 = VERTEX_POINT('',#309);
#309 = CARTESIAN_POINT('',(4.369999908953,-2.290000173748,9.));
#310 = B_SPLINE_CURVE_WITH_KNOTS('',1,(#311,#312),.UNSPECIFIED.,.F.,.F.,
  (2,2),(-10.66,-10.16),.PIECEWISE_BEZIER_KNOTS.);
#311 = CARTESIAN_POINT('',(4.369999889074,-2.790000173748,9.));
#312 = CARTESIAN_POINT('',(4.369999908953,-2.290000173748,9.));
#313 = ORIENTED_EDGE('',*,*,#314,.F.);
#314 = EDGE_CURVE('',#270,#308,#315,.T.);
#315 = B_SPLINE_CURVE_WITH_KNOTS('',1,(#316,#317),.UNSPECIFIED.,.F.,.F.,
  (2,2),(0.,9.),.PIECEWISE_BEZIER_KNOTS.);
#316 = CARTESIAN_POINT('',(4.369999908953,-2.290000173748,
    6.217248937901E-15));
#317 = CARTESIAN_POINT('',(4.369999908953,-2.290000173748,9.));
#318 = ORIENTED_EDGE('',*,*,#292,.F.);
#319 = ORIENTED_EDGE('',*,*,#320,.T.);
#320 = EDGE_CURVE('',#286,#306,#321,.T.);
#321 = B_SPLINE_CURVE_WITH_KNOTS('',1,(#322,#323),.UNSPECIFIED.,.F.,.F.,
  (2,2),(0.,9.),.PIECEWISE_BEZIER_KNOTS.);
#322 = CARTESIAN_POINT('',(4.369999889074,-2.790000173748,
    1.7763568394E-15));
#323 = CARTESIAN_POINT('',(4.369999889074,-2.790000173748,9.));
#324 = B_SPLINE_SURFACE_WITH_KNOTS('',1,1,(
    (#325,#326)
    ,(#327,#328
  )),.UNSPECIFIED.,.F.,.F.,.F.,(2,2),(2,2),(-10.66,-10.16),(
    -1.636935487787E-15,9.),.PIECEWISE_BEZIER_KNOTS.);
#325 = CARTESIAN_POINT('',(4.369999889074,-2.790000173748,
    1.7763568394E-15));
#326 = CARTESIAN_POINT('',(4.369999889074,-2.790000173748,9.));
#327 = CARTESIAN_POINT('',(4.369999908953,-2.290000173748,
    1.7763568394E-15));
#328 = CARTESIAN_POINT('',(4.369999908953,-2.290000173748,9.));
#329 = ADVANCED_FACE('',(#330),#346,.T.);
#330 = FACE_BOUND('',#331,.F.);
#331 = EDGE_LOOP('',(#332,#339,#340,#341));
#332 = ORIENTED_EDGE('',*,*,#333,.T.);
#333 = EDGE_CURVE('',#334,#306,#336,.T.);
#334 = VERTEX_POINT('',#335);
#335 = CARTESIAN_POINT('',(3.869999889074,-2.790000153869,9.));
#336 = B_SPLINE_CURVE_WITH_KNOTS('',1,(#337,#338),.UNSPECIFIED.,.F.,.F.,
  (2,2),(0.,0.5),.PIECEWISE_BEZIER_KNOTS.);
#337 = CARTESIAN_POINT('',(3.869999889074,-2.790000153869,9.));
#338 = CARTESIAN_POINT('',(4.369999889074,-2.790000173748,9.));
#339 = ORIENTED_EDGE('',*,*,#320,.F.);
#340 = ORIENTED_EDGE('',*,*,#285,.F.);
#341 = ORIENTED_EDGE('',*,*,#342,.T.);
#342 = EDGE_CURVE('',#279,#334,#343,.T.);
#343 = B_SPLINE_CURVE_WITH_KNOTS('',1,(#344,#345),.UNSPECIFIED.,.F.,.F.,
  (2,2),(0.,9.),.PIECEWISE_BEZIER_KNOTS.);
#344 = CARTESIAN_POINT('',(3.869999889074,-2.790000153869,
    1.7763568394E-15));
#345 = CARTESIAN_POINT('',(3.869999889074,-2.790000153869,9.));
#346 = B_SPLINE_SURFACE_WITH_KNOTS('',1,1,(
    (#347,#348)
    ,(#349,#350
    )),.UNSPECIFIED.,.F.,.F.,.F.,(2,2),(2,2),(-3.945683060537E-25,9.),(
    -0.5,1.719617741707E-14),.PIECEWISE_BEZIER_KNOTS.);
#347 = CARTESIAN_POINT('',(4.369999889074,-2.790000173748,
    1.7763568394E-15));
#348 = CARTESIAN_POINT('',(3.869999889074,-2.790000153869,
    1.7763568394E-15));
#349 = CARTESIAN_POINT('',(4.369999889074,-2.790000173748,9.));
#350 = CARTESIAN_POINT('',(3.869999889074,-2.790000153869,9.));
#351 = ADVANCED_FACE('',(#352),#368,.T.);
#352 = FACE_BOUND('',#353,.F.);
#353 = EDGE_LOOP('',(#354,#361,#362,#363));
#354 = ORIENTED_EDGE('',*,*,#355,.T.);
#355 = EDGE_CURVE('',#356,#334,#358,.T.);
#356 = VERTEX_POINT('',#357);
#357 = CARTESIAN_POINT('',(3.869999908953,-2.290000153869,9.));
#358 = B_SPLINE_CURVE_WITH_KNOTS('',1,(#359,#360),.UNSPECIFIED.,.F.,.F.,
  (2,2),(10.16,10.66),.PIECEWISE_BEZIER_KNOTS.);
#359 = CARTESIAN_POINT('',(3.869999908953,-2.290000153869,9.));
#360 = CARTESIAN_POINT('',(3.869999889074,-2.790000153869,9.));
#361 = ORIENTED_EDGE('',*,*,#342,.F.);
#362 = ORIENTED_EDGE('',*,*,#278,.F.);
#363 = ORIENTED_EDGE('',*,*,#364,.T.);
#364 = EDGE_CURVE('',#272,#356,#365,.T.);
#365 = B_SPLINE_CURVE_WITH_KNOTS('',1,(#366,#367),.UNSPECIFIED.,.F.,.F.,
  (2,2),(0.,9.),.PIECEWISE_BEZIER_KNOTS.);
#366 = CARTESIAN_POINT('',(3.869999908953,-2.290000153869,
    6.217248937901E-15));
#367 = CARTESIAN_POINT('',(3.869999908953,-2.290000153869,9.));
#368 = B_SPLINE_SURFACE_WITH_KNOTS('',1,1,(
    (#369,#370)
    ,(#371,#372)),.UNSPECIFIED.,.F.,.F.,.F.,(2,2),(2,2),(10.16,10.66),(
    -1.636931146743E-15,9.),.PIECEWISE_BEZIER_KNOTS.);
#369 = CARTESIAN_POINT('',(3.869999908953,-2.290000153869,
    1.7763568394E-15));
#370 = CARTESIAN_POINT('',(3.869999908953,-2.290000153869,9.));
#371 = CARTESIAN_POINT('',(3.869999889074,-2.790000153869,
    1.7763568394E-15));
#372 = CARTESIAN_POINT('',(3.869999889074,-2.790000153869,9.));
#373 = ADVANCED_FACE('',(#374),#384,.T.);
#374 = FACE_BOUND('',#375,.F.);
#375 = EDGE_LOOP('',(#376,#381,#382,#383));
#376 = ORIENTED_EDGE('',*,*,#377,.T.);
#377 = EDGE_CURVE('',#308,#356,#378,.T.);
#378 = B_SPLINE_CURVE_WITH_KNOTS('',1,(#379,#380),.UNSPECIFIED.,.F.,.F.,
  (2,2),(-0.5,0.),.PIECEWISE_BEZIER_KNOTS.);
#379 = CARTESIAN_POINT('',(4.369999908953,-2.290000173748,9.));
#380 = CARTESIAN_POINT('',(3.869999908953,-2.290000153869,9.));
#381 = ORIENTED_EDGE('',*,*,#364,.F.);
#382 = ORIENTED_EDGE('',*,*,#269,.F.);
#383 = ORIENTED_EDGE('',*,*,#314,.T.);
#384 = B_SPLINE_SURFACE_WITH_KNOTS('',1,1,(
    (#385,#386)
    ,(#387,#388
    )),.UNSPECIFIED.,.F.,.F.,.F.,(2,2),(2,2),(-0.5,1.719617741707E-14),(
    -3.945708698516E-25,9.),.PIECEWISE_BEZIER_KNOTS.);
#385 = CARTESIAN_POINT('',(4.369999908953,-2.290000173748,
    6.217248937901E-15));
#386 = CARTESIAN_POINT('',(4.369999908953,-2.290000173748,9.));
#387 = CARTESIAN_POINT('',(3.869999908953,-2.290000153869,
    6.217248937901E-15));
#388 = CARTESIAN_POINT('',(3.869999908953,-2.290000153869,9.));
#389 = ADVANCED_FACE('',(#390),#420,.T.);
#390 = FACE_BOUND('',#391,.F.);
#391 = EDGE_LOOP('',(#392,#401,#408,#415));
#392 = ORIENTED_EDGE('',*,*,#393,.T.);
#393 = EDGE_CURVE('',#394,#396,#398,.T.);
#394 = VERTEX_POINT('',#395);
#395 = CARTESIAN_POINT('',(4.37000000994,0.249999826252,0.));
#396 = VERTEX_POINT('',#397);
#397 = CARTESIAN_POINT('',(3.87000000994,0.249999846131,0.));
#398 = B_SPLINE_CURVE_WITH_KNOTS('',1,(#399,#400),.UNSPECIFIED.,.F.,.F.,
  (2,2),(-0.5,-0.),.PIECEWISE_BEZIER_KNOTS.);
#399 = CARTESIAN_POINT('',(4.37000000994,0.249999826252,
    5.329070518201E-15));
#400 = CARTESIAN_POINT('',(3.87000000994,0.249999846131,
    5.329070518201E-15));
#401 = ORIENTED_EDGE('',*,*,#402,.T.);
#402 = EDGE_CURVE('',#396,#403,#405,.T.);
#403 = VERTEX_POINT('',#404);
#404 = CARTESIAN_POINT('',(3.86999999006,-0.250000153869,0.));
#405 = B_SPLINE_CURVE_WITH_KNOTS('',1,(#406,#407),.UNSPECIFIED.,.F.,.F.,
  (2,2),(-2.011313868613,-1.511313868613),.PIECEWISE_BEZIER_KNOTS.);
#406 = CARTESIAN_POINT('',(3.87000000994,0.249999846131,1.7763568394E-15
    ));
#407 = CARTESIAN_POINT('',(3.86999999006,-0.250000153869,
    1.7763568394E-15));
#408 = ORIENTED_EDGE('',*,*,#409,.T.);
#409 = EDGE_CURVE('',#403,#410,#412,.T.);
#410 = VERTEX_POINT('',#411);
#411 = CARTESIAN_POINT('',(4.36999999006,-0.250000173748,0.));
#412 = B_SPLINE_CURVE_WITH_KNOTS('',1,(#413,#414),.UNSPECIFIED.,.F.,.F.,
  (2,2),(0.,0.5),.PIECEWISE_BEZIER_KNOTS.);
#413 = CARTESIAN_POINT('',(3.86999999006,-0.250000153869,
    1.7763568394E-15));
#414 = CARTESIAN_POINT('',(4.36999999006,-0.250000173748,
    1.7763568394E-15));
#415 = ORIENTED_EDGE('',*,*,#416,.T.);
#416 = EDGE_CURVE('',#410,#394,#417,.T.);
#417 = B_SPLINE_CURVE_WITH_KNOTS('',1,(#418,#419),.UNSPECIFIED.,.F.,.F.,
  (2,2),(1.511313868613,2.011313868613),.PIECEWISE_BEZIER_KNOTS.);
#418 = CARTESIAN_POINT('',(4.36999999006,-0.250000173748,
    1.7763568394E-15));
#419 = CARTESIAN_POINT('',(4.37000000994,0.249999826252,1.7763568394E-15
    ));
#420 = B_SPLINE_SURFACE_WITH_KNOTS('',1,1,(
    (#421,#422)
    ,(#423,#424
    )),.UNSPECIFIED.,.F.,.F.,.F.,(2,2),(2,2),(-2.011313868613,
    -1.511313868613),(-4.670802919708,-4.170802919708),
  .PIECEWISE_BEZIER_KNOTS.);
#421 = CARTESIAN_POINT('',(4.37000000994,0.249999826252,1.7763568394E-15
    ));
#422 = CARTESIAN_POINT('',(3.87000000994,0.249999846131,1.7763568394E-15
    ));
#423 = CARTESIAN_POINT('',(4.36999999006,-0.250000173748,
    1.7763568394E-15));
#424 = CARTESIAN_POINT('',(3.86999999006,-0.250000153869,
    1.7763568394E-15));
#425 = ADVANCED_FACE('',(#426),#448,.T.);
#426 = FACE_BOUND('',#427,.F.);
#427 = EDGE_LOOP('',(#428,#437,#442,#443));
#428 = ORIENTED_EDGE('',*,*,#429,.T.);
#429 = EDGE_CURVE('',#430,#432,#434,.T.);
#430 = VERTEX_POINT('',#431);
#431 = CARTESIAN_POINT('',(4.36999999006,-0.250000173748,9.));
#432 = VERTEX_POINT('',#433);
#433 = CARTESIAN_POINT('',(4.37000000994,0.249999826252,9.));
#434 = B_SPLINE_CURVE_WITH_KNOTS('',1,(#435,#436),.UNSPECIFIED.,.F.,.F.,
  (2,2),(-8.12,-7.62),.PIECEWISE_BEZIER_KNOTS.);
#435 = CARTESIAN_POINT('',(4.36999999006,-0.250000173748,9.));
#436 = CARTESIAN_POINT('',(4.37000000994,0.249999826252,9.));
#437 = ORIENTED_EDGE('',*,*,#438,.F.);
#438 = EDGE_CURVE('',#394,#432,#439,.T.);
#439 = B_SPLINE_CURVE_WITH_KNOTS('',1,(#440,#441),.UNSPECIFIED.,.F.,.F.,
  (2,2),(0.,9.),.PIECEWISE_BEZIER_KNOTS.);
#440 = CARTESIAN_POINT('',(4.37000000994,0.249999826252,
    5.329070518201E-15));
#441 = CARTESIAN_POINT('',(4.37000000994,0.249999826252,9.));
#442 = ORIENTED_EDGE('',*,*,#416,.F.);
#443 = ORIENTED_EDGE('',*,*,#444,.T.);
#444 = EDGE_CURVE('',#410,#430,#445,.T.);
#445 = B_SPLINE_CURVE_WITH_KNOTS('',1,(#446,#447),.UNSPECIFIED.,.F.,.F.,
  (2,2),(0.,9.),.PIECEWISE_BEZIER_KNOTS.);
#446 = CARTESIAN_POINT('',(4.36999999006,-0.250000173748,
    1.7763568394E-15));
#447 = CARTESIAN_POINT('',(4.36999999006,-0.250000173748,9.));
#448 = B_SPLINE_SURFACE_WITH_KNOTS('',1,1,(
    (#449,#450)
    ,(#451,#452)),.UNSPECIFIED.,.F.,.F.,.F.,(2,2),(2,2),(-8.12,-7.62),(
    -2.056252312315E-15,9.),.PIECEWISE_BEZIER_KNOTS.);
#449 = CARTESIAN_POINT('',(4.36999999006,-0.250000173748,
    1.7763568394E-15));
#450 = CARTESIAN_POINT('',(4.36999999006,-0.250000173748,9.));
#451 = CARTESIAN_POINT('',(4.37000000994,0.249999826252,
    8.881784197001E-16));
#452 = CARTESIAN_POINT('',(4.37000000994,0.249999826252,9.));
#453 = ADVANCED_FACE('',(#454),#470,.T.);
#454 = FACE_BOUND('',#455,.F.);
#455 = EDGE_LOOP('',(#456,#463,#464,#465));
#456 = ORIENTED_EDGE('',*,*,#457,.T.);
#457 = EDGE_CURVE('',#458,#430,#460,.T.);
#458 = VERTEX_POINT('',#459);
#459 = CARTESIAN_POINT('',(3.86999999006,-0.250000153869,9.));
#460 = B_SPLINE_CURVE_WITH_KNOTS('',1,(#461,#462),.UNSPECIFIED.,.F.,.F.,
  (2,2),(0.,0.5),.PIECEWISE_BEZIER_KNOTS.);
#461 = CARTESIAN_POINT('',(3.86999999006,-0.250000153869,9.));
#462 = CARTESIAN_POINT('',(4.36999999006,-0.250000173748,9.));
#463 = ORIENTED_EDGE('',*,*,#444,.F.);
#464 = ORIENTED_EDGE('',*,*,#409,.F.);
#465 = ORIENTED_EDGE('',*,*,#466,.T.);
#466 = EDGE_CURVE('',#403,#458,#467,.T.);
#467 = B_SPLINE_CURVE_WITH_KNOTS('',1,(#468,#469),.UNSPECIFIED.,.F.,.F.,
  (2,2),(0.,9.),.PIECEWISE_BEZIER_KNOTS.);
#468 = CARTESIAN_POINT('',(3.86999999006,-0.250000153869,
    1.7763568394E-15));
#469 = CARTESIAN_POINT('',(3.86999999006,-0.250000153869,9.));
#470 = B_SPLINE_SURFACE_WITH_KNOTS('',1,1,(
    (#471,#472)
    ,(#473,#474
    )),.UNSPECIFIED.,.F.,.F.,.F.,(2,2),(2,2),(-3.945716587125E-25,9.),(
    -0.5,1.719617741707E-14),.PIECEWISE_BEZIER_KNOTS.);
#471 = CARTESIAN_POINT('',(4.36999999006,-0.250000173748,
    1.7763568394E-15));
#472 = CARTESIAN_POINT('',(3.86999999006,-0.250000153869,
    1.7763568394E-15));
#473 = CARTESIAN_POINT('',(4.36999999006,-0.250000173748,9.));
#474 = CARTESIAN_POINT('',(3.86999999006,-0.250000153869,9.));
#475 = ADVANCED_FACE('',(#476),#492,.T.);
#476 = FACE_BOUND('',#477,.F.);
#477 = EDGE_LOOP('',(#478,#485,#486,#487));
#478 = ORIENTED_EDGE('',*,*,#479,.T.);
#479 = EDGE_CURVE('',#480,#458,#482,.T.);
#480 = VERTEX_POINT('',#481);
#481 = CARTESIAN_POINT('',(3.87000000994,0.249999846131,9.));
#482 = B_SPLINE_CURVE_WITH_KNOTS('',1,(#483,#484),.UNSPECIFIED.,.F.,.F.,
  (2,2),(7.62,8.12),.PIECEWISE_BEZIER_KNOTS.);
#483 = CARTESIAN_POINT('',(3.87000000994,0.249999846131,9.));
#484 = CARTESIAN_POINT('',(3.86999999006,-0.250000153869,9.));
#485 = ORIENTED_EDGE('',*,*,#466,.F.);
#486 = ORIENTED_EDGE('',*,*,#402,.F.);
#487 = ORIENTED_EDGE('',*,*,#488,.T.);
#488 = EDGE_CURVE('',#396,#480,#489,.T.);
#489 = B_SPLINE_CURVE_WITH_KNOTS('',1,(#490,#491),.UNSPECIFIED.,.F.,.F.,
  (2,2),(0.,9.),.PIECEWISE_BEZIER_KNOTS.);
#490 = CARTESIAN_POINT('',(3.87000000994,0.249999846131,
    5.329070518201E-15));
#491 = CARTESIAN_POINT('',(3.87000000994,0.249999846131,9.));
#492 = B_SPLINE_SURFACE_WITH_KNOTS('',1,1,(
    (#493,#494)
    ,(#495,#496)),.UNSPECIFIED.,.F.,.F.,.F.,(2,2),(2,2),(7.62,8.12),(
    -2.056252153496E-15,9.),.PIECEWISE_BEZIER_KNOTS.);
#493 = CARTESIAN_POINT('',(3.87000000994,0.249999846131,
    8.881784197001E-16));
#494 = CARTESIAN_POINT('',(3.87000000994,0.249999846131,9.));
#495 = CARTESIAN_POINT('',(3.86999999006,-0.250000153869,
    1.7763568394E-15));
#496 = CARTESIAN_POINT('',(3.86999999006,-0.250000153869,9.));
#497 = ADVANCED_FACE('',(#498),#508,.T.);
#498 = FACE_BOUND('',#499,.F.);
#499 = EDGE_LOOP('',(#500,#505,#506,#507));
#500 = ORIENTED_EDGE('',*,*,#501,.T.);
#501 = EDGE_CURVE('',#432,#480,#502,.T.);
#502 = B_SPLINE_CURVE_WITH_KNOTS('',1,(#503,#504),.UNSPECIFIED.,.F.,.F.,
  (2,2),(-0.5,-0.),.PIECEWISE_BEZIER_KNOTS.);
#503 = CARTESIAN_POINT('',(4.37000000994,0.249999826252,9.));
#504 = CARTESIAN_POINT('',(3.87000000994,0.249999846131,9.));
#505 = ORIENTED_EDGE('',*,*,#488,.F.);
#506 = ORIENTED_EDGE('',*,*,#393,.F.);
#507 = ORIENTED_EDGE('',*,*,#438,.T.);
#508 = B_SPLINE_SURFACE_WITH_KNOTS('',1,1,(
    (#509,#510)
    ,(#511,#512
    )),.UNSPECIFIED.,.F.,.F.,.F.,(2,2),(2,2),(-9.,3.945750113714E-25),(
    -0.5,1.719617741707E-14),.PIECEWISE_BEZIER_KNOTS.);
#509 = CARTESIAN_POINT('',(4.37000000994,0.249999826252,9.));
#510 = CARTESIAN_POINT('',(3.87000000994,0.249999846131,9.));
#511 = CARTESIAN_POINT('',(4.37000000994,0.249999826252,
    5.329070518201E-15));
#512 = CARTESIAN_POINT('',(3.87000000994,0.249999846131,
    5.329070518201E-15));
#513 = ADVANCED_FACE('',(#514),#544,.T.);
#514 = FACE_BOUND('',#515,.F.);
#515 = EDGE_LOOP('',(#516,#525,#532,#539));
#516 = ORIENTED_EDGE('',*,*,#517,.T.);
#517 = EDGE_CURVE('',#518,#520,#522,.T.);
#518 = VERTEX_POINT('',#519);
#519 = CARTESIAN_POINT('',(4.370000110926,2.789999826252,0.));
#520 = VERTEX_POINT('',#521);
#521 = CARTESIAN_POINT('',(3.870000110926,2.789999846131,0.));
#522 = B_SPLINE_CURVE_WITH_KNOTS('',1,(#523,#524),.UNSPECIFIED.,.F.,.F.,
  (2,2),(-0.5,-0.),.PIECEWISE_BEZIER_KNOTS.);
#523 = CARTESIAN_POINT('',(4.370000110926,2.789999826252,
    5.329070518201E-15));
#524 = CARTESIAN_POINT('',(3.870000110926,2.789999846131,
    5.329070518201E-15));
#525 = ORIENTED_EDGE('',*,*,#526,.T.);
#526 = EDGE_CURVE('',#520,#527,#529,.T.);
#527 = VERTEX_POINT('',#528);
#528 = CARTESIAN_POINT('',(3.870000091047,2.289999846131,0.));
#529 = B_SPLINE_CURVE_WITH_KNOTS('',1,(#530,#531),.UNSPECIFIED.,.F.,.F.,
  (2,2),(-4.551313868613,-4.051313868613),.PIECEWISE_BEZIER_KNOTS.);
#530 = CARTESIAN_POINT('',(3.870000110926,2.789999846131,
    1.7763568394E-15));
#531 = CARTESIAN_POINT('',(3.870000091047,2.289999846131,
    1.7763568394E-15));
#532 = ORIENTED_EDGE('',*,*,#533,.T.);
#533 = EDGE_CURVE('',#527,#534,#536,.T.);
#534 = VERTEX_POINT('',#535);
#535 = CARTESIAN_POINT('',(4.370000091047,2.289999826252,0.));
#536 = B_SPLINE_CURVE_WITH_KNOTS('',1,(#537,#538),.UNSPECIFIED.,.F.,.F.,
  (2,2),(0.,0.5),.PIECEWISE_BEZIER_KNOTS.);
#537 = CARTESIAN_POINT('',(3.870000091047,2.289999846131,0.));
#538 = CARTESIAN_POINT('',(4.370000091047,2.289999826252,0.));
#539 = ORIENTED_EDGE('',*,*,#540,.T.);
#540 = EDGE_CURVE('',#534,#518,#541,.T.);
#541 = B_SPLINE_CURVE_WITH_KNOTS('',1,(#542,#543),.UNSPECIFIED.,.F.,.F.,
  (2,2),(4.051313868613,4.551313868613),.PIECEWISE_BEZIER_KNOTS.);
#542 = CARTESIAN_POINT('',(4.370000091047,2.289999826252,
    1.7763568394E-15));
#543 = CARTESIAN_POINT('',(4.370000110926,2.789999826252,
    1.7763568394E-15));
#544 = B_SPLINE_SURFACE_WITH_KNOTS('',1,1,(
    (#545,#546)
    ,(#547,#548
    )),.UNSPECIFIED.,.F.,.F.,.F.,(2,2),(2,2),(-4.551313868613,
    -4.051313868613),(-4.670802919708,-4.170802919708),
  .PIECEWISE_BEZIER_KNOTS.);
#545 = CARTESIAN_POINT('',(4.370000110926,2.789999826252,
    1.7763568394E-15));
#546 = CARTESIAN_POINT('',(3.870000110926,2.789999846131,
    1.7763568394E-15));
#547 = CARTESIAN_POINT('',(4.370000091047,2.289999826252,
    1.7763568394E-15));
#548 = CARTESIAN_POINT('',(3.870000091047,2.289999846131,
    1.7763568394E-15));
#549 = ADVANCED_FACE('',(#550),#572,.T.);
#550 = FACE_BOUND('',#551,.F.);
#551 = EDGE_LOOP('',(#552,#561,#566,#567));
#552 = ORIENTED_EDGE('',*,*,#553,.T.);
#553 = EDGE_CURVE('',#554,#556,#558,.T.);
#554 = VERTEX_POINT('',#555);
#555 = CARTESIAN_POINT('',(4.370000091047,2.289999826252,9.));
#556 = VERTEX_POINT('',#557);
#557 = CARTESIAN_POINT('',(4.370000110926,2.789999826252,9.));
#558 = B_SPLINE_CURVE_WITH_KNOTS('',1,(#559,#560),.UNSPECIFIED.,.F.,.F.,
  (2,2),(-5.58,-5.08),.PIECEWISE_BEZIER_KNOTS.);
#559 = CARTESIAN_POINT('',(4.370000091047,2.289999826252,9.));
#560 = CARTESIAN_POINT('',(4.370000110926,2.789999826252,9.));
#561 = ORIENTED_EDGE('',*,*,#562,.F.);
#562 = EDGE_CURVE('',#518,#556,#563,.T.);
#563 = B_SPLINE_CURVE_WITH_KNOTS('',1,(#564,#565),.UNSPECIFIED.,.F.,.F.,
  (2,2),(0.,9.),.PIECEWISE_BEZIER_KNOTS.);
#564 = CARTESIAN_POINT('',(4.370000110926,2.789999826252,
    5.329070518201E-15));
#565 = CARTESIAN_POINT('',(4.370000110926,2.789999826252,9.));
#566 = ORIENTED_EDGE('',*,*,#540,.F.);
#567 = ORIENTED_EDGE('',*,*,#568,.T.);
#568 = EDGE_CURVE('',#534,#554,#569,.T.);
#569 = B_SPLINE_CURVE_WITH_KNOTS('',1,(#570,#571),.UNSPECIFIED.,.F.,.F.,
  (2,2),(0.,9.),.PIECEWISE_BEZIER_KNOTS.);
#570 = CARTESIAN_POINT('',(4.370000091047,2.289999826252,0.));
#571 = CARTESIAN_POINT('',(4.370000091047,2.289999826252,9.));
#572 = B_SPLINE_SURFACE_WITH_KNOTS('',1,1,(
    (#573,#574)
    ,(#575,#576)),.UNSPECIFIED.,.F.,.F.,.F.,(2,2),(2,2),(-5.58,-5.08),(
    -3.364406449104E-15,9.),.PIECEWISE_BEZIER_KNOTS.);
#573 = CARTESIAN_POINT('',(4.370000091047,2.289999826252,0.));
#574 = CARTESIAN_POINT('',(4.370000091047,2.289999826252,9.));
#575 = CARTESIAN_POINT('',(4.370000110926,2.789999826252,0.));
#576 = CARTESIAN_POINT('',(4.370000110926,2.789999826252,9.));
#577 = ADVANCED_FACE('',(#578),#594,.T.);
#578 = FACE_BOUND('',#579,.F.);
#579 = EDGE_LOOP('',(#580,#587,#588,#589));
#580 = ORIENTED_EDGE('',*,*,#581,.T.);
#581 = EDGE_CURVE('',#582,#554,#584,.T.);
#582 = VERTEX_POINT('',#583);
#583 = CARTESIAN_POINT('',(3.870000091047,2.289999846131,9.));
#584 = B_SPLINE_CURVE_WITH_KNOTS('',1,(#585,#586),.UNSPECIFIED.,.F.,.F.,
  (2,2),(0.,0.5),.PIECEWISE_BEZIER_KNOTS.);
#585 = CARTESIAN_POINT('',(3.870000091047,2.289999846131,9.));
#586 = CARTESIAN_POINT('',(4.370000091047,2.289999826252,9.));
#587 = ORIENTED_EDGE('',*,*,#568,.F.);
#588 = ORIENTED_EDGE('',*,*,#533,.F.);
#589 = ORIENTED_EDGE('',*,*,#590,.T.);
#590 = EDGE_CURVE('',#527,#582,#591,.T.);
#591 = B_SPLINE_CURVE_WITH_KNOTS('',1,(#592,#593),.UNSPECIFIED.,.F.,.F.,
  (2,2),(0.,9.),.PIECEWISE_BEZIER_KNOTS.);
#592 = CARTESIAN_POINT('',(3.870000091047,2.289999846131,0.));
#593 = CARTESIAN_POINT('',(3.870000091047,2.289999846131,9.));
#594 = B_SPLINE_SURFACE_WITH_KNOTS('',1,1,(
    (#595,#596)
    ,(#597,#598
    )),.UNSPECIFIED.,.F.,.F.,.F.,(2,2),(2,2),(-3.945750113714E-25,9.),(
    -0.5,0.),.PIECEWISE_BEZIER_KNOTS.);
#595 = CARTESIAN_POINT('',(4.370000091047,2.289999826252,0.));
#596 = CARTESIAN_POINT('',(3.870000091047,2.289999846131,0.));
#597 = CARTESIAN_POINT('',(4.370000091047,2.289999826252,9.));
#598 = CARTESIAN_POINT('',(3.870000091047,2.289999846131,9.));
#599 = ADVANCED_FACE('',(#600),#616,.T.);
#600 = FACE_BOUND('',#601,.F.);
#601 = EDGE_LOOP('',(#602,#609,#610,#611));
#602 = ORIENTED_EDGE('',*,*,#603,.T.);
#603 = EDGE_CURVE('',#604,#582,#606,.T.);
#604 = VERTEX_POINT('',#605);
#605 = CARTESIAN_POINT('',(3.870000110926,2.789999846131,9.));
#606 = B_SPLINE_CURVE_WITH_KNOTS('',1,(#607,#608),.UNSPECIFIED.,.F.,.F.,
  (2,2),(5.08,5.58),.PIECEWISE_BEZIER_KNOTS.);
#607 = CARTESIAN_POINT('',(3.870000110926,2.789999846131,9.));
#608 = CARTESIAN_POINT('',(3.870000091047,2.289999846131,9.));
#609 = ORIENTED_EDGE('',*,*,#590,.F.);
#610 = ORIENTED_EDGE('',*,*,#526,.F.);
#611 = ORIENTED_EDGE('',*,*,#612,.T.);
#612 = EDGE_CURVE('',#520,#604,#613,.T.);
#613 = B_SPLINE_CURVE_WITH_KNOTS('',1,(#614,#615),.UNSPECIFIED.,.F.,.F.,
  (2,2),(0.,9.),.PIECEWISE_BEZIER_KNOTS.);
#614 = CARTESIAN_POINT('',(3.870000110926,2.789999846131,
    5.329070518201E-15));
#615 = CARTESIAN_POINT('',(3.870000110926,2.789999846131,9.));
#616 = B_SPLINE_SURFACE_WITH_KNOTS('',1,1,(
    (#617,#618)
    ,(#619,#620)),.UNSPECIFIED.,.F.,.F.,.F.,(2,2),(2,2),(5.08,5.58),(
    -3.364410631329E-15,9.),.PIECEWISE_BEZIER_KNOTS.);
#617 = CARTESIAN_POINT('',(3.870000110926,2.789999846131,0.));
#618 = CARTESIAN_POINT('',(3.870000110926,2.789999846131,9.));
#619 = CARTESIAN_POINT('',(3.870000091047,2.289999846131,0.));
#620 = CARTESIAN_POINT('',(3.870000091047,2.289999846131,9.));
#621 = ADVANCED_FACE('',(#622),#632,.T.);
#622 = FACE_BOUND('',#623,.F.);
#623 = EDGE_LOOP('',(#624,#629,#630,#631));
#624 = ORIENTED_EDGE('',*,*,#625,.T.);
#625 = EDGE_CURVE('',#556,#604,#626,.T.);
#626 = B_SPLINE_CURVE_WITH_KNOTS('',1,(#627,#628),.UNSPECIFIED.,.F.,.F.,
  (2,2),(-0.5,-0.),.PIECEWISE_BEZIER_KNOTS.);
#627 = CARTESIAN_POINT('',(4.370000110926,2.789999826252,9.));
#628 = CARTESIAN_POINT('',(3.870000110926,2.789999846131,9.));
#629 = ORIENTED_EDGE('',*,*,#612,.F.);
#630 = ORIENTED_EDGE('',*,*,#517,.F.);
#631 = ORIENTED_EDGE('',*,*,#562,.T.);
#632 = B_SPLINE_SURFACE_WITH_KNOTS('',1,1,(
    (#633,#634)
    ,(#635,#636
    )),.UNSPECIFIED.,.F.,.F.,.F.,(2,2),(2,2),(-9.,3.945716587125E-25),(
    -0.5,0.),.PIECEWISE_BEZIER_KNOTS.);
#633 = CARTESIAN_POINT('',(4.370000110926,2.789999826252,9.));
#634 = CARTESIAN_POINT('',(3.870000110926,2.789999846131,9.));
#635 = CARTESIAN_POINT('',(4.370000110926,2.789999826252,
    5.329070518201E-15));
#636 = CARTESIAN_POINT('',(3.870000110926,2.789999846131,
    5.329070518201E-15));
#637 = ADVANCED_FACE('',(#638),#668,.T.);
#638 = FACE_BOUND('',#639,.F.);
#639 = EDGE_LOOP('',(#640,#649,#656,#663));
#640 = ORIENTED_EDGE('',*,*,#641,.T.);
#641 = EDGE_CURVE('',#642,#644,#646,.T.);
#642 = VERTEX_POINT('',#643);
#643 = CARTESIAN_POINT('',(4.370000211913,5.329999826252,0.));
#644 = VERTEX_POINT('',#645);
#645 = CARTESIAN_POINT('',(3.870000211913,5.329999846131,0.));
#646 = B_SPLINE_CURVE_WITH_KNOTS('',1,(#647,#648),.UNSPECIFIED.,.F.,.F.,
  (2,2),(-0.5,-0.),.PIECEWISE_BEZIER_KNOTS.);
#647 = CARTESIAN_POINT('',(4.370000211913,5.329999826252,
    3.552713678801E-15));
#648 = CARTESIAN_POINT('',(3.870000211913,5.329999846131,
    3.552713678801E-15));
#649 = ORIENTED_EDGE('',*,*,#650,.T.);
#650 = EDGE_CURVE('',#644,#651,#653,.T.);
#651 = VERTEX_POINT('',#652);
#652 = CARTESIAN_POINT('',(3.870000192034,4.829999846131,0.));
#653 = B_SPLINE_CURVE_WITH_KNOTS('',1,(#654,#655),.UNSPECIFIED.,.F.,.F.,
  (2,2),(-7.091313868613,-6.591313868613),.PIECEWISE_BEZIER_KNOTS.);
#654 = CARTESIAN_POINT('',(3.870000211913,5.329999846131,
    1.7763568394E-15));
#655 = CARTESIAN_POINT('',(3.870000192034,4.829999846131,
    1.7763568394E-15));
#656 = ORIENTED_EDGE('',*,*,#657,.T.);
#657 = EDGE_CURVE('',#651,#658,#660,.T.);
#658 = VERTEX_POINT('',#659);
#659 = CARTESIAN_POINT('',(4.370000192034,4.829999826252,0.));
#660 = B_SPLINE_CURVE_WITH_KNOTS('',1,(#661,#662),.UNSPECIFIED.,.F.,.F.,
  (2,2),(0.,0.5),.PIECEWISE_BEZIER_KNOTS.);
#661 = CARTESIAN_POINT('',(3.870000192034,4.829999846131,0.));
#662 = CARTESIAN_POINT('',(4.370000192034,4.829999826252,0.));
#663 = ORIENTED_EDGE('',*,*,#664,.T.);
#664 = EDGE_CURVE('',#658,#642,#665,.T.);
#665 = B_SPLINE_CURVE_WITH_KNOTS('',1,(#666,#667),.UNSPECIFIED.,.F.,.F.,
  (2,2),(6.591313868613,7.091313868613),.PIECEWISE_BEZIER_KNOTS.);
#666 = CARTESIAN_POINT('',(4.370000192034,4.829999826252,
    1.7763568394E-15));
#667 = CARTESIAN_POINT('',(4.370000211913,5.329999826252,
    1.7763568394E-15));
#668 = B_SPLINE_SURFACE_WITH_KNOTS('',1,1,(
    (#669,#670)
    ,(#671,#672
    )),.UNSPECIFIED.,.F.,.F.,.F.,(2,2),(2,2),(-7.091313868613,
    -6.591313868613),(-4.670802919708,-4.170802919708),
  .PIECEWISE_BEZIER_KNOTS.);
#669 = CARTESIAN_POINT('',(4.370000211913,5.329999826252,
    1.7763568394E-15));
#670 = CARTESIAN_POINT('',(3.870000211913,5.329999846131,
    1.7763568394E-15));
#671 = CARTESIAN_POINT('',(4.370000192034,4.829999826252,
    1.7763568394E-15));
#672 = CARTESIAN_POINT('',(3.870000192034,4.829999846131,
    1.7763568394E-15));
#673 = ADVANCED_FACE('',(#674),#696,.T.);
#674 = FACE_BOUND('',#675,.F.);
#675 = EDGE_LOOP('',(#676,#685,#690,#691));
#676 = ORIENTED_EDGE('',*,*,#677,.T.);
#677 = EDGE_CURVE('',#678,#680,#682,.T.);
#678 = VERTEX_POINT('',#679);
#679 = CARTESIAN_POINT('',(4.370000192034,4.829999826252,9.));
#680 = VERTEX_POINT('',#681);
#681 = CARTESIAN_POINT('',(4.370000211913,5.329999826252,9.));
#682 = B_SPLINE_CURVE_WITH_KNOTS('',1,(#683,#684),.UNSPECIFIED.,.F.,.F.,
  (2,2),(-3.04,-2.54),.PIECEWISE_BEZIER_KNOTS.);
#683 = CARTESIAN_POINT('',(4.370000192034,4.829999826252,9.));
#684 = CARTESIAN_POINT('',(4.370000211913,5.329999826252,9.));
#685 = ORIENTED_EDGE('',*,*,#686,.F.);
#686 = EDGE_CURVE('',#642,#680,#687,.T.);
#687 = B_SPLINE_CURVE_WITH_KNOTS('',1,(#688,#689),.UNSPECIFIED.,.F.,.F.,
  (2,2),(0.,9.),.PIECEWISE_BEZIER_KNOTS.);
#688 = CARTESIAN_POINT('',(4.370000211913,5.329999826252,
    3.552713678801E-15));
#689 = CARTESIAN_POINT('',(4.370000211913,5.329999826252,9.));
#690 = ORIENTED_EDGE('',*,*,#664,.F.);
#691 = ORIENTED_EDGE('',*,*,#692,.T.);
#692 = EDGE_CURVE('',#658,#678,#693,.T.);
#693 = B_SPLINE_CURVE_WITH_KNOTS('',1,(#694,#695),.UNSPECIFIED.,.F.,.F.,
  (2,2),(0.,9.),.PIECEWISE_BEZIER_KNOTS.);
#694 = CARTESIAN_POINT('',(4.370000192034,4.829999826252,0.));
#695 = CARTESIAN_POINT('',(4.370000192034,4.829999826252,9.));
#696 = B_SPLINE_SURFACE_WITH_KNOTS('',1,1,(
    (#697,#698)
    ,(#699,#700)),.UNSPECIFIED.,.F.,.F.,.F.,(2,2),(2,2),(-3.04,-2.54),(
    -3.784381980905E-15,9.),.PIECEWISE_BEZIER_KNOTS.);
#697 = CARTESIAN_POINT('',(4.370000192034,4.829999826252,0.));
#698 = CARTESIAN_POINT('',(4.370000192034,4.829999826252,9.));
#699 = CARTESIAN_POINT('',(4.370000211913,5.329999826252,
    -8.881784197001E-16));
#700 = CARTESIAN_POINT('',(4.370000211913,5.329999826252,9.));
#701 = ADVANCED_FACE('',(#702),#718,.T.);
#702 = FACE_BOUND('',#703,.F.);
#703 = EDGE_LOOP('',(#704,#711,#712,#713));
#704 = ORIENTED_EDGE('',*,*,#705,.T.);
#705 = EDGE_CURVE('',#706,#678,#708,.T.);
#706 = VERTEX_POINT('',#707);
#707 = CARTESIAN_POINT('',(3.870000192034,4.829999846131,9.));
#708 = B_SPLINE_CURVE_WITH_KNOTS('',1,(#709,#710),.UNSPECIFIED.,.F.,.F.,
  (2,2),(0.,0.5),.PIECEWISE_BEZIER_KNOTS.);
#709 = CARTESIAN_POINT('',(3.870000192034,4.829999846131,9.));
#710 = CARTESIAN_POINT('',(4.370000192034,4.829999826252,9.));
#711 = ORIENTED_EDGE('',*,*,#692,.F.);
#712 = ORIENTED_EDGE('',*,*,#657,.F.);
#713 = ORIENTED_EDGE('',*,*,#714,.T.);
#714 = EDGE_CURVE('',#651,#706,#715,.T.);
#715 = B_SPLINE_CURVE_WITH_KNOTS('',1,(#716,#717),.UNSPECIFIED.,.F.,.F.,
  (2,2),(0.,9.),.PIECEWISE_BEZIER_KNOTS.);
#716 = CARTESIAN_POINT('',(3.870000192034,4.829999846131,0.));
#717 = CARTESIAN_POINT('',(3.870000192034,4.829999846131,9.));
#718 = B_SPLINE_SURFACE_WITH_KNOTS('',1,1,(
    (#719,#720)
    ,(#721,#722
    )),.UNSPECIFIED.,.F.,.F.,.F.,(2,2),(2,2),(-3.945716587125E-25,9.),(
    -0.5,1.719617741707E-14),.PIECEWISE_BEZIER_KNOTS.);
#719 = CARTESIAN_POINT('',(4.370000192034,4.829999826252,0.));
#720 = CARTESIAN_POINT('',(3.870000192034,4.829999846131,0.));
#721 = CARTESIAN_POINT('',(4.370000192034,4.829999826252,9.));
#722 = CARTESIAN_POINT('',(3.870000192034,4.829999846131,9.));
#723 = ADVANCED_FACE('',(#724),#740,.T.);
#724 = FACE_BOUND('',#725,.F.);
#725 = EDGE_LOOP('',(#726,#733,#734,#735));
#726 = ORIENTED_EDGE('',*,*,#727,.T.);
#727 = EDGE_CURVE('',#728,#706,#730,.T.);
#728 = VERTEX_POINT('',#729);
#729 = CARTESIAN_POINT('',(3.870000211913,5.329999846131,9.));
#730 = B_SPLINE_CURVE_WITH_KNOTS('',1,(#731,#732),.UNSPECIFIED.,.F.,.F.,
  (2,2),(2.54,3.04),.PIECEWISE_BEZIER_KNOTS.);
#731 = CARTESIAN_POINT('',(3.870000211913,5.329999846131,9.));
#732 = CARTESIAN_POINT('',(3.870000192034,4.829999846131,9.));
#733 = ORIENTED_EDGE('',*,*,#714,.F.);
#734 = ORIENTED_EDGE('',*,*,#650,.F.);
#735 = ORIENTED_EDGE('',*,*,#736,.T.);
#736 = EDGE_CURVE('',#644,#728,#737,.T.);
#737 = B_SPLINE_CURVE_WITH_KNOTS('',1,(#738,#739),.UNSPECIFIED.,.F.,.F.,
  (2,2),(0.,9.),.PIECEWISE_BEZIER_KNOTS.);
#738 = CARTESIAN_POINT('',(3.870000211913,5.329999846131,
    3.552713678801E-15));
#739 = CARTESIAN_POINT('',(3.870000211913,5.329999846131,9.));
#740 = B_SPLINE_SURFACE_WITH_KNOTS('',1,1,(
    (#741,#742)
    ,(#743,#744)),.UNSPECIFIED.,.F.,.F.,.F.,(2,2),(2,2),(2.54,3.04),(
    -3.784386348418E-15,9.),.PIECEWISE_BEZIER_KNOTS.);
#741 = CARTESIAN_POINT('',(3.870000211913,5.329999846131,
    -8.881784197001E-16));
#742 = CARTESIAN_POINT('',(3.870000211913,5.329999846131,9.));
#743 = CARTESIAN_POINT('',(3.870000192034,4.829999846131,0.));
#744 = CARTESIAN_POINT('',(3.870000192034,4.829999846131,9.));
#745 = ADVANCED_FACE('',(#746),#756,.T.);
#746 = FACE_BOUND('',#747,.F.);
#747 = EDGE_LOOP('',(#748,#753,#754,#755));
#748 = ORIENTED_EDGE('',*,*,#749,.T.);
#749 = EDGE_CURVE('',#680,#728,#750,.T.);
#750 = B_SPLINE_CURVE_WITH_KNOTS('',1,(#751,#752),.UNSPECIFIED.,.F.,.F.,
  (2,2),(-0.5,-0.),.PIECEWISE_BEZIER_KNOTS.);
#751 = CARTESIAN_POINT('',(4.370000211913,5.329999826252,9.));
#752 = CARTESIAN_POINT('',(3.870000211913,5.329999846131,9.));
#753 = ORIENTED_EDGE('',*,*,#736,.F.);
#754 = ORIENTED_EDGE('',*,*,#641,.F.);
#755 = ORIENTED_EDGE('',*,*,#686,.T.);
#756 = B_SPLINE_SURFACE_WITH_KNOTS('',1,1,(
    (#757,#758)
    ,(#759,#760
    )),.UNSPECIFIED.,.F.,.F.,.F.,(2,2),(2,2),(-9.,3.945750113714E-25),(
    -0.5,1.719617741707E-14),.PIECEWISE_BEZIER_KNOTS.);
#757 = CARTESIAN_POINT('',(4.370000211913,5.329999826252,9.));
#758 = CARTESIAN_POINT('',(3.870000211913,5.329999846131,9.));
#759 = CARTESIAN_POINT('',(4.370000211913,5.329999826252,
    3.552713678801E-15));
#760 = CARTESIAN_POINT('',(3.870000211913,5.329999846131,
    3.552713678801E-15));
#761 = ADVANCED_FACE('',(#762),#792,.T.);
#762 = FACE_BOUND('',#763,.F.);
#763 = EDGE_LOOP('',(#764,#773,#780,#787));
#764 = ORIENTED_EDGE('',*,*,#765,.T.);
#765 = EDGE_CURVE('',#766,#768,#770,.T.);
#766 = VERTEX_POINT('',#767);
#767 = CARTESIAN_POINT('',(4.3700003129,7.869999826252,0.));
#768 = VERTEX_POINT('',#769);
#769 = CARTESIAN_POINT('',(3.8700003129,7.869999846131,0.));
#770 = B_SPLINE_CURVE_WITH_KNOTS('',1,(#771,#772),.UNSPECIFIED.,.F.,.F.,
  (2,2),(-0.5,-0.),.PIECEWISE_BEZIER_KNOTS.);
#771 = CARTESIAN_POINT('',(4.3700003129,7.869999826252,
    3.552713678801E-15));
#772 = CARTESIAN_POINT('',(3.8700003129,7.869999846131,
    3.552713678801E-15));
#773 = ORIENTED_EDGE('',*,*,#774,.T.);
#774 = EDGE_CURVE('',#768,#775,#777,.T.);
#775 = VERTEX_POINT('',#776);
#776 = CARTESIAN_POINT('',(3.870000293021,7.369999846131,
    1.42108547152E-14));
#777 = B_SPLINE_CURVE_WITH_KNOTS('',1,(#778,#779),.UNSPECIFIED.,.F.,.F.,
  (2,2),(0.,0.5),.PIECEWISE_BEZIER_KNOTS.);
#778 = CARTESIAN_POINT('',(3.8700003129,7.869999846131,
    3.552713678801E-15));
#779 = CARTESIAN_POINT('',(3.870000293021,7.369999846131,
    3.552713678801E-15));
#780 = ORIENTED_EDGE('',*,*,#781,.T.);
#781 = EDGE_CURVE('',#775,#782,#784,.T.);
#782 = VERTEX_POINT('',#783);
#783 = CARTESIAN_POINT('',(4.370000293021,7.369999826252,
    1.42108547152E-14));
#784 = B_SPLINE_CURVE_WITH_KNOTS('',1,(#785,#786),.UNSPECIFIED.,.F.,.F.,
  (2,2),(0.,0.5),.PIECEWISE_BEZIER_KNOTS.);
#785 = CARTESIAN_POINT('',(3.870000293021,7.369999846131,
    8.881784197001E-15));
#786 = CARTESIAN_POINT('',(4.370000293021,7.369999826252,
    8.881784197001E-15));
#787 = ORIENTED_EDGE('',*,*,#788,.T.);
#788 = EDGE_CURVE('',#782,#766,#789,.T.);
#789 = B_SPLINE_CURVE_WITH_KNOTS('',1,(#790,#791),.UNSPECIFIED.,.F.,.F.,
  (2,2),(-0.5,0.),.PIECEWISE_BEZIER_KNOTS.);
#790 = CARTESIAN_POINT('',(4.370000293021,7.369999826252,
    3.552713678801E-15));
#791 = CARTESIAN_POINT('',(4.3700003129,7.869999826252,
    3.552713678801E-15));
#792 = B_SPLINE_SURFACE_WITH_KNOTS('',1,1,(
    (#793,#794)
    ,(#795,#796
    )),.UNSPECIFIED.,.F.,.F.,.F.,(2,2),(2,2),(-9.631313868613,
    -9.131313868613),(-4.670802919708,-4.170802919708),
  .PIECEWISE_BEZIER_KNOTS.);
#793 = CARTESIAN_POINT('',(4.3700003129,7.869999826252,1.7763568394E-15)
  );
#794 = CARTESIAN_POINT('',(3.8700003129,7.869999846131,1.7763568394E-15)
  );
#795 = CARTESIAN_POINT('',(4.370000293021,7.369999826252,
    1.7763568394E-15));
#796 = CARTESIAN_POINT('',(3.870000293021,7.369999846131,
    1.7763568394E-15));
#797 = ADVANCED_FACE('',(#798),#820,.T.);
#798 = FACE_BOUND('',#799,.F.);
#799 = EDGE_LOOP('',(#800,#809,#814,#815));
#800 = ORIENTED_EDGE('',*,*,#801,.T.);
#801 = EDGE_CURVE('',#802,#804,#806,.T.);
#802 = VERTEX_POINT('',#803);
#803 = CARTESIAN_POINT('',(4.37000029302,7.369999826252,9.));
#804 = VERTEX_POINT('',#805);
#805 = CARTESIAN_POINT('',(4.3700003129,7.869999826252,9.));
#806 = B_SPLINE_CURVE_WITH_KNOTS('',1,(#807,#808),.UNSPECIFIED.,.F.,.F.,
  (2,2),(-0.5,0.),.PIECEWISE_BEZIER_KNOTS.);
#807 = CARTESIAN_POINT('',(4.37000029302,7.369999826252,9.));
#808 = CARTESIAN_POINT('',(4.3700003129,7.869999826252,9.));
#809 = ORIENTED_EDGE('',*,*,#810,.F.);
#810 = EDGE_CURVE('',#766,#804,#811,.T.);
#811 = B_SPLINE_CURVE_WITH_KNOTS('',1,(#812,#813),.UNSPECIFIED.,.F.,.F.,
  (2,2),(0.,9.),.PIECEWISE_BEZIER_KNOTS.);
#812 = CARTESIAN_POINT('',(4.3700003129,7.869999826252,
    3.552713678801E-15));
#813 = CARTESIAN_POINT('',(4.3700003129,7.869999826252,9.));
#814 = ORIENTED_EDGE('',*,*,#788,.F.);
#815 = ORIENTED_EDGE('',*,*,#816,.T.);
#816 = EDGE_CURVE('',#782,#802,#817,.T.);
#817 = B_SPLINE_CURVE_WITH_KNOTS('',1,(#818,#819),.UNSPECIFIED.,.F.,.F.,
  (2,2),(0.,9.),.PIECEWISE_BEZIER_KNOTS.);
#818 = CARTESIAN_POINT('',(4.370000293021,7.369999826252,
    8.881784197001E-15));
#819 = CARTESIAN_POINT('',(4.370000293021,7.369999826252,9.));
#820 = B_SPLINE_SURFACE_WITH_KNOTS('',1,1,(
    (#821,#822)
    ,(#823,#824
    )),.UNSPECIFIED.,.F.,.F.,.F.,(2,2),(2,2),(-0.5,1.491568327141E-14),(
    -3.308722450212E-24,9.),.PIECEWISE_BEZIER_KNOTS.);
#821 = CARTESIAN_POINT('',(4.370000293021,7.369999826252,
    3.552713678801E-15));
#822 = CARTESIAN_POINT('',(4.370000293021,7.369999826252,9.));
#823 = CARTESIAN_POINT('',(4.3700003129,7.869999826252,
    3.552713678801E-15));
#824 = CARTESIAN_POINT('',(4.3700003129,7.869999826252,9.));
#825 = ADVANCED_FACE('',(#826),#842,.T.);
#826 = FACE_BOUND('',#827,.F.);
#827 = EDGE_LOOP('',(#828,#835,#836,#837));
#828 = ORIENTED_EDGE('',*,*,#829,.T.);
#829 = EDGE_CURVE('',#830,#802,#832,.T.);
#830 = VERTEX_POINT('',#831);
#831 = CARTESIAN_POINT('',(3.87000029302,7.369999846131,9.));
#832 = B_SPLINE_CURVE_WITH_KNOTS('',1,(#833,#834),.UNSPECIFIED.,.F.,.F.,
  (2,2),(0.,0.5),.PIECEWISE_BEZIER_KNOTS.);
#833 = CARTESIAN_POINT('',(3.87000029302,7.369999846131,9.));
#834 = CARTESIAN_POINT('',(4.37000029302,7.369999826252,9.));
#835 = ORIENTED_EDGE('',*,*,#816,.F.);
#836 = ORIENTED_EDGE('',*,*,#781,.F.);
#837 = ORIENTED_EDGE('',*,*,#838,.T.);
#838 = EDGE_CURVE('',#775,#830,#839,.T.);
#839 = B_SPLINE_CURVE_WITH_KNOTS('',1,(#840,#841),.UNSPECIFIED.,.F.,.F.,
  (2,2),(0.,9.),.PIECEWISE_BEZIER_KNOTS.);
#840 = CARTESIAN_POINT('',(3.870000293021,7.369999846131,
    8.881784197001E-15));
#841 = CARTESIAN_POINT('',(3.870000293021,7.369999846131,9.));
#842 = B_SPLINE_SURFACE_WITH_KNOTS('',1,1,(
    (#843,#844)
    ,(#845,#846
    )),.UNSPECIFIED.,.F.,.F.,.F.,(2,2),(2,2),(-1.719617741707E-14,0.5),(
    -3.94570278206E-25,9.),.PIECEWISE_BEZIER_KNOTS.);
#843 = CARTESIAN_POINT('',(3.87000029302,7.369999846131,
    8.881784197001E-15));
#844 = CARTESIAN_POINT('',(3.87000029302,7.369999846131,9.));
#845 = CARTESIAN_POINT('',(4.370000293021,7.369999826252,
    8.881784197001E-15));
#846 = CARTESIAN_POINT('',(4.370000293021,7.369999826252,9.));
#847 = ADVANCED_FACE('',(#848),#864,.T.);
#848 = FACE_BOUND('',#849,.F.);
#849 = EDGE_LOOP('',(#850,#857,#858,#859));
#850 = ORIENTED_EDGE('',*,*,#851,.T.);
#851 = EDGE_CURVE('',#852,#830,#854,.T.);
#852 = VERTEX_POINT('',#853);
#853 = CARTESIAN_POINT('',(3.8700003129,7.869999846131,9.));
#854 = B_SPLINE_CURVE_WITH_KNOTS('',1,(#855,#856),.UNSPECIFIED.,.F.,.F.,
  (2,2),(0.,0.5),.PIECEWISE_BEZIER_KNOTS.);
#855 = CARTESIAN_POINT('',(3.8700003129,7.869999846131,9.));
#856 = CARTESIAN_POINT('',(3.87000029302,7.369999846131,9.));
#857 = ORIENTED_EDGE('',*,*,#838,.F.);
#858 = ORIENTED_EDGE('',*,*,#774,.F.);
#859 = ORIENTED_EDGE('',*,*,#860,.T.);
#860 = EDGE_CURVE('',#768,#852,#861,.T.);
#861 = B_SPLINE_CURVE_WITH_KNOTS('',1,(#862,#863),.UNSPECIFIED.,.F.,.F.,
  (2,2),(0.,9.),.PIECEWISE_BEZIER_KNOTS.);
#862 = CARTESIAN_POINT('',(3.8700003129,7.869999846131,
    3.552713678801E-15));
#863 = CARTESIAN_POINT('',(3.8700003129,7.869999846131,9.));
#864 = B_SPLINE_SURFACE_WITH_KNOTS('',1,1,(
    (#865,#866)
    ,(#867,#868
    )),.UNSPECIFIED.,.F.,.F.,.F.,(2,2),(2,2),(-1.846839695021E-14,0.5),(
    -3.308722450212E-24,9.),.PIECEWISE_BEZIER_KNOTS.);
#865 = CARTESIAN_POINT('',(3.8700003129,7.869999846131,
    3.552713678801E-15));
#866 = CARTESIAN_POINT('',(3.8700003129,7.869999846131,9.));
#867 = CARTESIAN_POINT('',(3.870000293021,7.369999846131,
    3.552713678801E-15));
#868 = CARTESIAN_POINT('',(3.870000293021,7.369999846131,9.));
#869 = ADVANCED_FACE('',(#870),#880,.T.);
#870 = FACE_BOUND('',#871,.F.);
#871 = EDGE_LOOP('',(#872,#877,#878,#879));
#872 = ORIENTED_EDGE('',*,*,#873,.T.);
#873 = EDGE_CURVE('',#804,#852,#874,.T.);
#874 = B_SPLINE_CURVE_WITH_KNOTS('',1,(#875,#876),.UNSPECIFIED.,.F.,.F.,
  (2,2),(-0.5,-0.),.PIECEWISE_BEZIER_KNOTS.);
#875 = CARTESIAN_POINT('',(4.3700003129,7.869999826252,9.));
#876 = CARTESIAN_POINT('',(3.8700003129,7.869999846131,9.));
#877 = ORIENTED_EDGE('',*,*,#860,.F.);
#878 = ORIENTED_EDGE('',*,*,#765,.F.);
#879 = ORIENTED_EDGE('',*,*,#810,.T.);
#880 = B_SPLINE_SURFACE_WITH_KNOTS('',1,1,(
    (#881,#882)
    ,(#883,#884
    )),.UNSPECIFIED.,.F.,.F.,.F.,(2,2),(2,2),(-9.,3.945683060537E-25),(
    -0.5,1.719617741707E-14),.PIECEWISE_BEZIER_KNOTS.);
#881 = CARTESIAN_POINT('',(4.3700003129,7.869999826252,9.));
#882 = CARTESIAN_POINT('',(3.8700003129,7.869999846131,9.));
#883 = CARTESIAN_POINT('',(4.3700003129,7.869999826252,
    3.552713678801E-15));
#884 = CARTESIAN_POINT('',(3.8700003129,7.869999846131,
    3.552713678801E-15));
#885 = ADVANCED_FACE('',(#886),#916,.T.);
#886 = FACE_BOUND('',#887,.F.);
#887 = EDGE_LOOP('',(#888,#897,#904,#911));
#888 = ORIENTED_EDGE('',*,*,#889,.T.);
#889 = EDGE_CURVE('',#890,#892,#894,.T.);
#890 = VERTEX_POINT('',#891);
#891 = CARTESIAN_POINT('',(0.120000343911,8.649999995225,6.6));
#892 = VERTEX_POINT('',#893);
#893 = CARTESIAN_POINT('',(0.119999656089,-8.650000004775,6.6));
#894 = B_SPLINE_CURVE_WITH_KNOTS('',1,(#895,#896),.UNSPECIFIED.,.F.,.F.,
  (2,2),(0.,17.3),.PIECEWISE_BEZIER_KNOTS.);
#895 = CARTESIAN_POINT('',(0.120000343911,8.649999995225,6.6));
#896 = CARTESIAN_POINT('',(0.119999656089,-8.650000004775,6.6));
#897 = ORIENTED_EDGE('',*,*,#898,.F.);
#898 = EDGE_CURVE('',#899,#892,#901,.T.);
#899 = VERTEX_POINT('',#900);
#900 = CARTESIAN_POINT('',(0.119999656089,-8.650000004775,9.));
#901 = B_SPLINE_CURVE_WITH_KNOTS('',1,(#902,#903),.UNSPECIFIED.,.F.,.F.,
  (2,2),(0.,2.4),.PIECEWISE_BEZIER_KNOTS.);
#902 = CARTESIAN_POINT('',(0.119999656089,-8.650000004775,9.));
#903 = CARTESIAN_POINT('',(0.119999656089,-8.650000004775,6.6));
#904 = ORIENTED_EDGE('',*,*,#905,.F.);
#905 = EDGE_CURVE('',#906,#899,#908,.T.);
#906 = VERTEX_POINT('',#907);
#907 = CARTESIAN_POINT('',(0.120000343911,8.649999995225,9.));
#908 = B_SPLINE_CURVE_WITH_KNOTS('',1,(#909,#910),.UNSPECIFIED.,.F.,.F.,
  (2,2),(0.,17.3),.PIECEWISE_BEZIER_KNOTS.);
#909 = CARTESIAN_POINT('',(0.120000343911,8.649999995225,9.));
#910 = CARTESIAN_POINT('',(0.119999656089,-8.650000004775,9.));
#911 = ORIENTED_EDGE('',*,*,#912,.T.);
#912 = EDGE_CURVE('',#906,#890,#913,.T.);
#913 = B_SPLINE_CURVE_WITH_KNOTS('',1,(#914,#915),.UNSPECIFIED.,.F.,.F.,
  (2,2),(0.,2.4),.PIECEWISE_BEZIER_KNOTS.);
#914 = CARTESIAN_POINT('',(0.120000343911,8.649999995225,9.));
#915 = CARTESIAN_POINT('',(0.120000343911,8.649999995225,6.6));
#916 = B_SPLINE_SURFACE_WITH_KNOTS('',1,1,(
    (#917,#918)
    ,(#919,#920
    )),.UNSPECIFIED.,.F.,.F.,.F.,(2,2),(2,2),(-17.3,0.),(-2.4,
    2.321962418583E-15),.PIECEWISE_BEZIER_KNOTS.);
#917 = CARTESIAN_POINT('',(0.119999656089,-8.650000004775,6.6));
#918 = CARTESIAN_POINT('',(0.119999656089,-8.650000004775,9.));
#919 = CARTESIAN_POINT('',(0.120000343911,8.649999995225,6.6));
#920 = CARTESIAN_POINT('',(0.120000343911,8.649999995225,9.));
#921 = ADVANCED_FACE('',(#922),#944,.T.);
#922 = FACE_BOUND('',#923,.F.);
#923 = EDGE_LOOP('',(#924,#931,#938,#943));
#924 = ORIENTED_EDGE('',*,*,#925,.T.);
#925 = EDGE_CURVE('',#892,#926,#928,.T.);
#926 = VERTEX_POINT('',#927);
#927 = CARTESIAN_POINT('',(4.879999656089,-8.650000194025,6.6));
#928 = B_SPLINE_CURVE_WITH_KNOTS('',1,(#929,#930),.UNSPECIFIED.,.F.,.F.,
  (2,2),(0.,4.76),.PIECEWISE_BEZIER_KNOTS.);
#929 = CARTESIAN_POINT('',(0.119999656089,-8.650000004775,6.6));
#930 = CARTESIAN_POINT('',(4.879999656089,-8.650000194025,6.6));
#931 = ORIENTED_EDGE('',*,*,#932,.F.);
#932 = EDGE_CURVE('',#933,#926,#935,.T.);
#933 = VERTEX_POINT('',#934);
#934 = CARTESIAN_POINT('',(4.879999656089,-8.650000194025,9.));
#935 = B_SPLINE_CURVE_WITH_KNOTS('',1,(#936,#937),.UNSPECIFIED.,.F.,.F.,
  (2,2),(0.,2.4),.PIECEWISE_BEZIER_KNOTS.);
#936 = CARTESIAN_POINT('',(4.879999656089,-8.650000194025,9.));
#937 = CARTESIAN_POINT('',(4.879999656089,-8.650000194025,6.6));
#938 = ORIENTED_EDGE('',*,*,#939,.F.);
#939 = EDGE_CURVE('',#899,#933,#940,.T.);
#940 = B_SPLINE_CURVE_WITH_KNOTS('',1,(#941,#942),.UNSPECIFIED.,.F.,.F.,
  (2,2),(0.,4.76),.PIECEWISE_BEZIER_KNOTS.);
#941 = CARTESIAN_POINT('',(0.119999656089,-8.650000004775,9.));
#942 = CARTESIAN_POINT('',(4.879999656089,-8.650000194025,9.));
#943 = ORIENTED_EDGE('',*,*,#898,.T.);
#944 = B_SPLINE_SURFACE_WITH_KNOTS('',1,1,(
    (#945,#946)
    ,(#947,#948
    )),.UNSPECIFIED.,.F.,.F.,.F.,(2,2),(2,2),(-1.487900845596E-23,2.4),(
    -4.76,1.041296394715E-29),.PIECEWISE_BEZIER_KNOTS.);
#945 = CARTESIAN_POINT('',(4.879999656089,-8.650000194025,9.));
#946 = CARTESIAN_POINT('',(0.119999656089,-8.650000004775,9.));
#947 = CARTESIAN_POINT('',(4.879999656089,-8.650000194025,6.6));
#948 = CARTESIAN_POINT('',(0.119999656089,-8.650000004775,6.6));
#949 = ADVANCED_FACE('',(#950),#972,.T.);
#950 = FACE_BOUND('',#951,.F.);
#951 = EDGE_LOOP('',(#952,#959,#966,#971));
#952 = ORIENTED_EDGE('',*,*,#953,.T.);
#953 = EDGE_CURVE('',#926,#954,#956,.T.);
#954 = VERTEX_POINT('',#955);
#955 = CARTESIAN_POINT('',(4.880000343911,8.649999805975,6.6));
#956 = B_SPLINE_CURVE_WITH_KNOTS('',1,(#957,#958),.UNSPECIFIED.,.F.,.F.,
  (2,2),(-17.3,0.),.PIECEWISE_BEZIER_KNOTS.);
#957 = CARTESIAN_POINT('',(4.879999656089,-8.650000194025,6.6));
#958 = CARTESIAN_POINT('',(4.880000343911,8.649999805975,6.6));
#959 = ORIENTED_EDGE('',*,*,#960,.F.);
#960 = EDGE_CURVE('',#961,#954,#963,.T.);
#961 = VERTEX_POINT('',#962);
#962 = CARTESIAN_POINT('',(4.880000343911,8.649999805975,9.));
#963 = B_SPLINE_CURVE_WITH_KNOTS('',1,(#964,#965),.UNSPECIFIED.,.F.,.F.,
  (2,2),(0.,2.4),.PIECEWISE_BEZIER_KNOTS.);
#964 = CARTESIAN_POINT('',(4.880000343911,8.649999805975,9.));
#965 = CARTESIAN_POINT('',(4.880000343911,8.649999805975,6.6));
#966 = ORIENTED_EDGE('',*,*,#967,.F.);
#967 = EDGE_CURVE('',#933,#961,#968,.T.);
#968 = B_SPLINE_CURVE_WITH_KNOTS('',1,(#969,#970),.UNSPECIFIED.,.F.,.F.,
  (2,2),(-17.3,0.),.PIECEWISE_BEZIER_KNOTS.);
#969 = CARTESIAN_POINT('',(4.879999656089,-8.650000194025,9.));
#970 = CARTESIAN_POINT('',(4.880000343911,8.649999805975,9.));
#971 = ORIENTED_EDGE('',*,*,#932,.T.);
#972 = B_SPLINE_SURFACE_WITH_KNOTS('',1,1,(
    (#973,#974)
    ,(#975,#976)),.UNSPECIFIED.,.F.,.F.,.F.,(2,2),(2,2),(0.,17.3),(-2.4,
    2.321962312704E-15),.PIECEWISE_BEZIER_KNOTS.);
#973 = CARTESIAN_POINT('',(4.880000343911,8.649999805975,6.6));
#974 = CARTESIAN_POINT('',(4.880000343911,8.649999805975,9.));
#975 = CARTESIAN_POINT('',(4.879999656089,-8.650000194025,6.6));
#976 = CARTESIAN_POINT('',(4.879999656089,-8.650000194025,9.));
#977 = ADVANCED_FACE('',(#978),#992,.T.);
#978 = FACE_BOUND('',#979,.F.);
#979 = EDGE_LOOP('',(#980,#985,#986,#991));
#980 = ORIENTED_EDGE('',*,*,#981,.T.);
#981 = EDGE_CURVE('',#954,#890,#982,.T.);
#982 = B_SPLINE_CURVE_WITH_KNOTS('',1,(#983,#984),.UNSPECIFIED.,.F.,.F.,
  (2,2),(-4.76,-0.),.PIECEWISE_BEZIER_KNOTS.);
#983 = CARTESIAN_POINT('',(4.880000343911,8.649999805975,6.6));
#984 = CARTESIAN_POINT('',(0.120000343911,8.649999995225,6.6));
#985 = ORIENTED_EDGE('',*,*,#912,.F.);
#986 = ORIENTED_EDGE('',*,*,#987,.F.);
#987 = EDGE_CURVE('',#961,#906,#988,.T.);
#988 = B_SPLINE_CURVE_WITH_KNOTS('',1,(#989,#990),.UNSPECIFIED.,.F.,.F.,
  (2,2),(-4.76,-0.),.PIECEWISE_BEZIER_KNOTS.);
#989 = CARTESIAN_POINT('',(4.880000343911,8.649999805975,9.));
#990 = CARTESIAN_POINT('',(0.120000343911,8.649999995225,9.));
#991 = ORIENTED_EDGE('',*,*,#960,.T.);
#992 = B_SPLINE_SURFACE_WITH_KNOTS('',1,1,(
    (#993,#994)
    ,(#995,#996
    )),.UNSPECIFIED.,.F.,.F.,.F.,(2,2),(2,2),(-2.4,1.487897216836E-23),(
    -4.76,4.29613687543E-15),.PIECEWISE_BEZIER_KNOTS.);
#993 = CARTESIAN_POINT('',(4.880000343911,8.649999805975,6.6));
#994 = CARTESIAN_POINT('',(0.120000343911,8.649999995225,6.6));
#995 = CARTESIAN_POINT('',(4.880000343911,8.649999805975,9.));
#996 = CARTESIAN_POINT('',(0.120000343911,8.649999995225,9.));
#997 = ADVANCED_FACE('',(#998),#1063,.T.);
#998 = FACE_BOUND('',#999,.F.);
#999 = EDGE_LOOP('',(#1000,#1009,#1016,#1023,#1030,#1037,#1044,#1051,
    #1058));
#1000 = ORIENTED_EDGE('',*,*,#1001,.T.);
#1001 = EDGE_CURVE('',#1002,#1004,#1006,.T.);
#1002 = VERTEX_POINT('',#1003);
#1003 = CARTESIAN_POINT('',(-3.78000028984,-7.289999849716,13.7));
#1004 = VERTEX_POINT('',#1005);
#1005 = CARTESIAN_POINT('',(-0.42000028984,-7.289999983305,13.7));
#1006 = B_SPLINE_CURVE_WITH_KNOTS('',1,(#1007,#1008),.UNSPECIFIED.,.F.,
  .F.,(2,2),(-3.479197080292,-0.119197080292),.PIECEWISE_BEZIER_KNOTS.);
#1007 = CARTESIAN_POINT('',(-3.78000028984,-7.289999849716,13.7));
#1008 = CARTESIAN_POINT('',(-0.42000028984,-7.289999983305,13.7));
#1009 = ORIENTED_EDGE('',*,*,#1010,.T.);
#1010 = EDGE_CURVE('',#1004,#1011,#1013,.T.);
#1011 = VERTEX_POINT('',#1012);
#1012 = CARTESIAN_POINT('',(1.66999971016,-7.2900000664,13.7));
#1013 = B_SPLINE_CURVE_WITH_KNOTS('',1,(#1014,#1015),.UNSPECIFIED.,.F.,
  .F.,(2,2),(-6.7,-4.61),.PIECEWISE_BEZIER_KNOTS.);
#1014 = CARTESIAN_POINT('',(-0.42000028984,-7.289999983305,13.7));
#1015 = CARTESIAN_POINT('',(1.66999971016,-7.2900000664,13.7));
#1016 = ORIENTED_EDGE('',*,*,#1017,.T.);
#1017 = EDGE_CURVE('',#1011,#1018,#1020,.T.);
#1018 = VERTEX_POINT('',#1019);
#1019 = CARTESIAN_POINT('',(4.91999971016,-7.290000195616,13.7));
#1020 = B_SPLINE_CURVE_WITH_KNOTS('',1,(#1021,#1022),.UNSPECIFIED.,.F.,
  .F.,(2,2),(1.970802919708,5.220802919708),.PIECEWISE_BEZIER_KNOTS.);
#1021 = CARTESIAN_POINT('',(1.66999971016,-7.2900000664,13.7));
#1022 = CARTESIAN_POINT('',(4.91999971016,-7.290000195616,13.7));
#1023 = ORIENTED_EDGE('',*,*,#1024,.T.);
#1024 = EDGE_CURVE('',#1018,#1025,#1027,.T.);
#1025 = VERTEX_POINT('',#1026);
#1026 = CARTESIAN_POINT('',(6.27999971016,-7.290000249687,13.7));
#1027 = B_SPLINE_CURVE_WITH_KNOTS('',1,(#1028,#1029),.UNSPECIFIED.,.F.,
  .F.,(2,2),(-1.36,0.),.PIECEWISE_BEZIER_KNOTS.);
#1028 = CARTESIAN_POINT('',(4.91999971016,-7.290000195616,13.7));
#1029 = CARTESIAN_POINT('',(6.27999971016,-7.290000249687,13.7));
#1030 = ORIENTED_EDGE('',*,*,#1031,.T.);
#1031 = EDGE_CURVE('',#1025,#1032,#1034,.T.);
#1032 = VERTEX_POINT('',#1033);
#1033 = CARTESIAN_POINT('',(6.27999968392,-7.950000249687,13.7));
#1034 = B_SPLINE_CURVE_WITH_KNOTS('',1,(#1035,#1036),.UNSPECIFIED.,.F.,
  .F.,(2,2),(0.,0.66),.PIECEWISE_BEZIER_KNOTS.);
#1035 = CARTESIAN_POINT('',(6.27999971016,-7.290000249687,13.7));
#1036 = CARTESIAN_POINT('',(6.27999968392,-7.950000249687,13.7));
#1037 = ORIENTED_EDGE('',*,*,#1038,.T.);
#1038 = EDGE_CURVE('',#1032,#1039,#1041,.T.);
#1039 = VERTEX_POINT('',#1040);
#1040 = CARTESIAN_POINT('',(4.919999683919,-7.950000195616,13.7));
#1041 = B_SPLINE_CURVE_WITH_KNOTS('',1,(#1042,#1043),.UNSPECIFIED.,.F.,
  .F.,(2,2),(-0.,1.36),.PIECEWISE_BEZIER_KNOTS.);
#1042 = CARTESIAN_POINT('',(6.27999968392,-7.950000249687,13.7));
#1043 = CARTESIAN_POINT('',(4.919999683919,-7.950000195616,13.7));
#1044 = ORIENTED_EDGE('',*,*,#1045,.T.);
#1045 = EDGE_CURVE('',#1039,#1046,#1048,.T.);
#1046 = VERTEX_POINT('',#1047);
#1047 = CARTESIAN_POINT('',(1.66999968392,-7.9500000664,13.7));
#1048 = B_SPLINE_CURVE_WITH_KNOTS('',1,(#1049,#1050),.UNSPECIFIED.,.F.,
  .F.,(2,2),(-5.220802919708,-1.970802919708),.PIECEWISE_BEZIER_KNOTS.);
#1049 = CARTESIAN_POINT('',(4.919999683919,-7.950000195616,13.7));
#1050 = CARTESIAN_POINT('',(1.66999968392,-7.9500000664,13.7));
#1051 = ORIENTED_EDGE('',*,*,#1052,.T.);
#1052 = EDGE_CURVE('',#1046,#1053,#1055,.T.);
#1053 = VERTEX_POINT('',#1054);
#1054 = CARTESIAN_POINT('',(-3.78000031608,-7.949999849716,13.7));
#1055 = B_SPLINE_CURVE_WITH_KNOTS('',1,(#1056,#1057),.UNSPECIFIED.,.F.,
  .F.,(2,2),(4.61,10.06),.PIECEWISE_BEZIER_KNOTS.);
#1056 = CARTESIAN_POINT('',(1.66999968392,-7.9500000664,13.7));
#1057 = CARTESIAN_POINT('',(-3.78000031608,-7.949999849716,13.7));
#1058 = ORIENTED_EDGE('',*,*,#1059,.T.);
#1059 = EDGE_CURVE('',#1053,#1002,#1060,.T.);
#1060 = B_SPLINE_CURVE_WITH_KNOTS('',1,(#1061,#1062),.UNSPECIFIED.,.F.,
  .F.,(2,2),(-6.188686131387,-5.528686131387),.PIECEWISE_BEZIER_KNOTS.);
#1061 = CARTESIAN_POINT('',(-3.78000031608,-7.949999849716,13.7));
#1062 = CARTESIAN_POINT('',(-3.78000028984,-7.289999849716,13.7));
#1063 = B_SPLINE_SURFACE_WITH_KNOTS('',1,1,(
    (#1064,#1065)
    ,(#1066,#1067
    )),.UNSPECIFIED.,.F.,.F.,.F.,(2,2),(2,2),(-6.188686131387,
    -5.528686131387),(-6.580802919708,3.479197080292),
  .PIECEWISE_BEZIER_KNOTS.);
#1064 = CARTESIAN_POINT('',(6.27999968392,-7.950000249687,13.7));
#1065 = CARTESIAN_POINT('',(-3.78000031608,-7.949999849716,13.7));
#1066 = CARTESIAN_POINT('',(6.27999971016,-7.290000249687,13.7));
#1067 = CARTESIAN_POINT('',(-3.78000028984,-7.289999849716,13.7));
#1068 = ADVANCED_FACE('',(#1069),#1091,.T.);
#1069 = FACE_BOUND('',#1070,.F.);
#1070 = EDGE_LOOP('',(#1071,#1080,#1085,#1086));
#1071 = ORIENTED_EDGE('',*,*,#1072,.T.);
#1072 = EDGE_CURVE('',#1073,#1075,#1077,.T.);
#1073 = VERTEX_POINT('',#1074);
#1074 = CARTESIAN_POINT('',(-3.78000031608,-7.949999849716,11.6));
#1075 = VERTEX_POINT('',#1076);
#1076 = CARTESIAN_POINT('',(-3.78000028984,-7.289999849716,11.6));
#1077 = B_SPLINE_CURVE_WITH_KNOTS('',1,(#1078,#1079),.UNSPECIFIED.,.F.,
  .F.,(2,2),(-15.9,-15.24),.PIECEWISE_BEZIER_KNOTS.);
#1078 = CARTESIAN_POINT('',(-3.78000031608,-7.949999849716,11.6));
#1079 = CARTESIAN_POINT('',(-3.78000028984,-7.289999849716,11.6));
#1080 = ORIENTED_EDGE('',*,*,#1081,.F.);
#1081 = EDGE_CURVE('',#1002,#1075,#1082,.T.);
#1082 = B_SPLINE_CURVE_WITH_KNOTS('',1,(#1083,#1084),.UNSPECIFIED.,.F.,
  .F.,(2,2),(-2.1,0.),.PIECEWISE_BEZIER_KNOTS.);
#1083 = CARTESIAN_POINT('',(-3.78000028984,-7.289999849716,13.7));
#1084 = CARTESIAN_POINT('',(-3.78000028984,-7.289999849716,11.6));
#1085 = ORIENTED_EDGE('',*,*,#1059,.F.);
#1086 = ORIENTED_EDGE('',*,*,#1087,.T.);
#1087 = EDGE_CURVE('',#1053,#1073,#1088,.T.);
#1088 = B_SPLINE_CURVE_WITH_KNOTS('',1,(#1089,#1090),.UNSPECIFIED.,.F.,
  .F.,(2,2),(0.,2.1),.PIECEWISE_BEZIER_KNOTS.);
#1089 = CARTESIAN_POINT('',(-3.78000031608,-7.949999849716,13.7));
#1090 = CARTESIAN_POINT('',(-3.78000031608,-7.949999849716,11.6));
#1091 = B_SPLINE_SURFACE_WITH_KNOTS('',1,1,(
    (#1092,#1093)
    ,(#1094,#1095
    )),.UNSPECIFIED.,.F.,.F.,.F.,(2,2),(2,2),(15.24,15.9),(-2.1,
    4.440892098501E-15),.PIECEWISE_BEZIER_KNOTS.);
#1092 = CARTESIAN_POINT('',(-3.78000028984,-7.289999849716,11.6));
#1093 = CARTESIAN_POINT('',(-3.78000028984,-7.289999849716,13.7));
#1094 = CARTESIAN_POINT('',(-3.78000031608,-7.949999849716,11.6));
#1095 = CARTESIAN_POINT('',(-3.78000031608,-7.949999849716,13.7));
#1096 = ADVANCED_FACE('',(#1097),#1119,.F.);
#1097 = FACE_BOUND('',#1098,.F.);
#1098 = EDGE_LOOP('',(#1099,#1108,#1113,#1114));
#1099 = ORIENTED_EDGE('',*,*,#1100,.T.);
#1100 = EDGE_CURVE('',#1101,#1103,#1105,.T.);
#1101 = VERTEX_POINT('',#1102);
#1102 = CARTESIAN_POINT('',(4.919999683919,-7.950000195616,11.6));
#1103 = VERTEX_POINT('',#1104);
#1104 = CARTESIAN_POINT('',(1.66999968392,-7.9500000664,11.6));
#1105 = B_SPLINE_CURVE_WITH_KNOTS('',1,(#1106,#1107),.UNSPECIFIED.,.F.,
  .F.,(2,2),(-11.2,-7.95),.PIECEWISE_BEZIER_KNOTS.);
#1106 = CARTESIAN_POINT('',(4.919999683919,-7.950000195616,11.6));
#1107 = CARTESIAN_POINT('',(1.66999968392,-7.9500000664,11.6));
#1108 = ORIENTED_EDGE('',*,*,#1109,.T.);
#1109 = EDGE_CURVE('',#1103,#1046,#1110,.T.);
#1110 = B_SPLINE_CURVE_WITH_KNOTS('',1,(#1111,#1112),.UNSPECIFIED.,.F.,
  .F.,(2,2),(0.,2.1),.PIECEWISE_BEZIER_KNOTS.);
#1111 = CARTESIAN_POINT('',(1.66999968392,-7.9500000664,11.6));
#1112 = CARTESIAN_POINT('',(1.66999968392,-7.9500000664,13.7));
#1113 = ORIENTED_EDGE('',*,*,#1045,.F.);
#1114 = ORIENTED_EDGE('',*,*,#1115,.T.);
#1115 = EDGE_CURVE('',#1039,#1101,#1116,.T.);
#1116 = B_SPLINE_CURVE_WITH_KNOTS('',1,(#1117,#1118),.UNSPECIFIED.,.F.,
  .F.,(2,2),(-2.1,0.),.PIECEWISE_BEZIER_KNOTS.);
#1117 = CARTESIAN_POINT('',(4.919999683919,-7.950000195616,13.7));
#1118 = CARTESIAN_POINT('',(4.919999683919,-7.950000195616,11.6));
#1119 = B_SPLINE_SURFACE_WITH_KNOTS('',1,1,(
    (#1120,#1121)
    ,(#1122,#1123
    )),.UNSPECIFIED.,.F.,.F.,.F.,(2,2),(2,2),(-2.1,2.436794176127E-23),(
    -11.2,-7.95),.PIECEWISE_BEZIER_KNOTS.);
#1120 = CARTESIAN_POINT('',(4.919999683919,-7.950000195616,13.7));
#1121 = CARTESIAN_POINT('',(1.66999968392,-7.9500000664,13.7));
#1122 = CARTESIAN_POINT('',(4.919999683919,-7.950000195616,11.6));
#1123 = CARTESIAN_POINT('',(1.66999968392,-7.9500000664,11.6));
#1124 = ADVANCED_FACE('',(#1125),#1147,.F.);
#1125 = FACE_BOUND('',#1126,.F.);
#1126 = EDGE_LOOP('',(#1127,#1128,#1135,#1142));
#1127 = ORIENTED_EDGE('',*,*,#1017,.F.);
#1128 = ORIENTED_EDGE('',*,*,#1129,.T.);
#1129 = EDGE_CURVE('',#1011,#1130,#1132,.T.);
#1130 = VERTEX_POINT('',#1131);
#1131 = CARTESIAN_POINT('',(1.66999971016,-7.2900000664,11.6));
#1132 = B_SPLINE_CURVE_WITH_KNOTS('',1,(#1133,#1134),.UNSPECIFIED.,.F.,
  .F.,(2,2),(-2.1,0.),.PIECEWISE_BEZIER_KNOTS.);
#1133 = CARTESIAN_POINT('',(1.66999971016,-7.2900000664,13.7));
#1134 = CARTESIAN_POINT('',(1.66999971016,-7.2900000664,11.6));
#1135 = ORIENTED_EDGE('',*,*,#1136,.T.);
#1136 = EDGE_CURVE('',#1130,#1137,#1139,.T.);
#1137 = VERTEX_POINT('',#1138);
#1138 = CARTESIAN_POINT('',(4.91999971016,-7.290000195616,11.6));
#1139 = B_SPLINE_CURVE_WITH_KNOTS('',1,(#1140,#1141),.UNSPECIFIED.,.F.,
  .F.,(2,2),(2.09,5.34),.PIECEWISE_BEZIER_KNOTS.);
#1140 = CARTESIAN_POINT('',(1.66999971016,-7.2900000664,11.6));
#1141 = CARTESIAN_POINT('',(4.91999971016,-7.290000195616,11.6));
#1142 = ORIENTED_EDGE('',*,*,#1143,.T.);
#1143 = EDGE_CURVE('',#1137,#1018,#1144,.T.);
#1144 = B_SPLINE_CURVE_WITH_KNOTS('',1,(#1145,#1146),.UNSPECIFIED.,.F.,
  .F.,(2,2),(0.,2.1),.PIECEWISE_BEZIER_KNOTS.);
#1145 = CARTESIAN_POINT('',(4.91999971016,-7.290000195616,11.6));
#1146 = CARTESIAN_POINT('',(4.91999971016,-7.290000195616,13.7));
#1147 = B_SPLINE_SURFACE_WITH_KNOTS('',1,1,(
    (#1148,#1149)
    ,(#1150,#1151)),.UNSPECIFIED.,.F.,.F.,.F.,(2,2),(2,2),(2.09,5.34),(
    -6.943752480703E-23,2.1),.PIECEWISE_BEZIER_KNOTS.);
#1148 = CARTESIAN_POINT('',(1.66999971016,-7.2900000664,11.6));
#1149 = CARTESIAN_POINT('',(1.66999971016,-7.2900000664,13.7));
#1150 = CARTESIAN_POINT('',(4.91999971016,-7.290000195616,11.6));
#1151 = CARTESIAN_POINT('',(4.91999971016,-7.290000195616,13.7));
#1152 = ADVANCED_FACE('',(#1153),#1169,.F.);
#1153 = FACE_BOUND('',#1154,.F.);
#1154 = EDGE_LOOP('',(#1155,#1162,#1167,#1168));
#1155 = ORIENTED_EDGE('',*,*,#1156,.T.);
#1156 = EDGE_CURVE('',#1075,#1157,#1159,.T.);
#1157 = VERTEX_POINT('',#1158);
#1158 = CARTESIAN_POINT('',(-0.42000028984,-7.289999983305,11.6));
#1159 = B_SPLINE_CURVE_WITH_KNOTS('',1,(#1160,#1161),.UNSPECIFIED.,.F.,
  .F.,(2,2),(-3.36,0.),.PIECEWISE_BEZIER_KNOTS.);
#1160 = CARTESIAN_POINT('',(-3.78000028984,-7.289999849716,11.6));
#1161 = CARTESIAN_POINT('',(-0.42000028984,-7.289999983305,11.6));
#1162 = ORIENTED_EDGE('',*,*,#1163,.T.);
#1163 = EDGE_CURVE('',#1157,#1004,#1164,.T.);
#1164 = B_SPLINE_CURVE_WITH_KNOTS('',1,(#1165,#1166),.UNSPECIFIED.,.F.,
  .F.,(2,2),(0.,2.1),.PIECEWISE_BEZIER_KNOTS.);
#1165 = CARTESIAN_POINT('',(-0.42000028984,-7.289999983305,11.6));
#1166 = CARTESIAN_POINT('',(-0.42000028984,-7.289999983305,13.7));
#1167 = ORIENTED_EDGE('',*,*,#1001,.F.);
#1168 = ORIENTED_EDGE('',*,*,#1081,.T.);
#1169 = B_SPLINE_SURFACE_WITH_KNOTS('',1,1,(
    (#1170,#1171)
    ,(#1172,#1173
    )),.UNSPECIFIED.,.F.,.F.,.F.,(2,2),(2,2),(-3.36,5.759281940243E-15),
  (-1.382333686627E-30,2.1),.PIECEWISE_BEZIER_KNOTS.);
#1170 = CARTESIAN_POINT('',(-3.78000028984,-7.289999849716,11.6));
#1171 = CARTESIAN_POINT('',(-3.78000028984,-7.289999849716,13.7));
#1172 = CARTESIAN_POINT('',(-0.42000028984,-7.289999983305,11.6));
#1173 = CARTESIAN_POINT('',(-0.42000028984,-7.289999983305,13.7));
#1174 = ADVANCED_FACE('',(#1175),#1191,.T.);
#1175 = FACE_BOUND('',#1176,.F.);
#1176 = EDGE_LOOP('',(#1177,#1184,#1185,#1186));
#1177 = ORIENTED_EDGE('',*,*,#1178,.F.);
#1178 = EDGE_CURVE('',#1157,#1179,#1181,.T.);
#1179 = VERTEX_POINT('',#1180);
#1180 = CARTESIAN_POINT('',(-0.42000031608,-7.949999983305,11.6));
#1181 = B_SPLINE_CURVE_WITH_KNOTS('',1,(#1182,#1183),.UNSPECIFIED.,.F.,
  .F.,(2,2),(1.88,2.54),.PIECEWISE_BEZIER_KNOTS.);
#1182 = CARTESIAN_POINT('',(-0.42000028984,-7.289999983305,11.6));
#1183 = CARTESIAN_POINT('',(-0.42000031608,-7.949999983305,11.6));
#1184 = ORIENTED_EDGE('',*,*,#1156,.F.);
#1185 = ORIENTED_EDGE('',*,*,#1072,.F.);
#1186 = ORIENTED_EDGE('',*,*,#1187,.F.);
#1187 = EDGE_CURVE('',#1179,#1073,#1188,.T.);
#1188 = B_SPLINE_CURVE_WITH_KNOTS('',1,(#1189,#1190),.UNSPECIFIED.,.F.,
  .F.,(2,2),(-5.86,-2.5),.PIECEWISE_BEZIER_KNOTS.);
#1189 = CARTESIAN_POINT('',(-0.42000031608,-7.949999983305,11.6));
#1190 = CARTESIAN_POINT('',(-3.78000031608,-7.949999849716,11.6));
#1191 = B_SPLINE_SURFACE_WITH_KNOTS('',1,1,(
    (#1192,#1193)
    ,(#1194,#1195
    )),.UNSPECIFIED.,.F.,.F.,.F.,(2,2),(2,2),(5.528686131387,
    6.188686131387),(0.119197080292,3.479197080292),
  .PIECEWISE_BEZIER_KNOTS.);
#1192 = CARTESIAN_POINT('',(-0.42000028984,-7.289999983305,11.6));
#1193 = CARTESIAN_POINT('',(-3.78000028984,-7.289999849716,11.6));
#1194 = CARTESIAN_POINT('',(-0.42000031608,-7.949999983305,11.6));
#1195 = CARTESIAN_POINT('',(-3.78000031608,-7.949999849716,11.6));
#1196 = ADVANCED_FACE('',(#1197),#1269,.T.);
#1197 = FACE_BOUND('',#1198,.F.);
#1198 = EDGE_LOOP('',(#1199,#1208,#1215,#1222,#1229,#1236,#1243,#1250,
    #1257,#1264));
#1199 = ORIENTED_EDGE('',*,*,#1200,.T.);
#1200 = EDGE_CURVE('',#1201,#1203,#1205,.T.);
#1201 = VERTEX_POINT('',#1202);
#1202 = CARTESIAN_POINT('',(-3.780000188853,-4.749999849716,13.7));
#1203 = VERTEX_POINT('',#1204);
#1204 = CARTESIAN_POINT('',(-0.420000188853,-4.749999983305,13.7));
#1205 = B_SPLINE_CURVE_WITH_KNOTS('',1,(#1206,#1207),.UNSPECIFIED.,.F.,
  .F.,(2,2),(-3.479197080292,-0.119197080292),.PIECEWISE_BEZIER_KNOTS.);
#1206 = CARTESIAN_POINT('',(-3.780000188853,-4.749999849716,13.7));
#1207 = CARTESIAN_POINT('',(-0.420000188853,-4.749999983305,13.7));
#1208 = ORIENTED_EDGE('',*,*,#1209,.T.);
#1209 = EDGE_CURVE('',#1203,#1210,#1212,.T.);
#1210 = VERTEX_POINT('',#1211);
#1211 = CARTESIAN_POINT('',(1.669999811147,-4.7500000664,13.7));
#1212 = B_SPLINE_CURVE_WITH_KNOTS('',1,(#1213,#1214),.UNSPECIFIED.,.F.,
  .F.,(2,2),(-6.7,-4.61),.PIECEWISE_BEZIER_KNOTS.);
#1213 = CARTESIAN_POINT('',(-0.420000188853,-4.749999983305,13.7));
#1214 = CARTESIAN_POINT('',(1.669999811147,-4.7500000664,13.7));
#1215 = ORIENTED_EDGE('',*,*,#1216,.T.);
#1216 = EDGE_CURVE('',#1210,#1217,#1219,.T.);
#1217 = VERTEX_POINT('',#1218);
#1218 = CARTESIAN_POINT('',(4.919999811147,-4.750000195616,13.7));
#1219 = B_SPLINE_CURVE_WITH_KNOTS('',1,(#1220,#1221),.UNSPECIFIED.,.F.,
  .F.,(2,2),(1.970802919708,5.220802919708),.PIECEWISE_BEZIER_KNOTS.);
#1220 = CARTESIAN_POINT('',(1.669999811147,-4.7500000664,13.7));
#1221 = CARTESIAN_POINT('',(4.919999811147,-4.750000195616,13.7));
#1222 = ORIENTED_EDGE('',*,*,#1223,.T.);
#1223 = EDGE_CURVE('',#1217,#1224,#1226,.T.);
#1224 = VERTEX_POINT('',#1225);
#1225 = CARTESIAN_POINT('',(6.279999811147,-4.750000249687,13.7));
#1226 = B_SPLINE_CURVE_WITH_KNOTS('',1,(#1227,#1228),.UNSPECIFIED.,.F.,
  .F.,(2,2),(-1.36,0.),.PIECEWISE_BEZIER_KNOTS.);
#1227 = CARTESIAN_POINT('',(4.919999811147,-4.750000195616,13.7));
#1228 = CARTESIAN_POINT('',(6.279999811147,-4.750000249687,13.7));
#1229 = ORIENTED_EDGE('',*,*,#1230,.T.);
#1230 = EDGE_CURVE('',#1224,#1231,#1233,.T.);
#1231 = VERTEX_POINT('',#1232);
#1232 = CARTESIAN_POINT('',(6.279999784906,-5.410000249687,13.7));
#1233 = B_SPLINE_CURVE_WITH_KNOTS('',1,(#1234,#1235),.UNSPECIFIED.,.F.,
  .F.,(2,2),(0.,0.66),.PIECEWISE_BEZIER_KNOTS.);
#1234 = CARTESIAN_POINT('',(6.279999811147,-4.750000249687,13.7));
#1235 = CARTESIAN_POINT('',(6.279999784906,-5.410000249687,13.7));
#1236 = ORIENTED_EDGE('',*,*,#1237,.T.);
#1237 = EDGE_CURVE('',#1231,#1238,#1240,.T.);
#1238 = VERTEX_POINT('',#1239);
#1239 = CARTESIAN_POINT('',(4.919999784906,-5.410000195616,13.7));
#1240 = B_SPLINE_CURVE_WITH_KNOTS('',1,(#1241,#1242),.UNSPECIFIED.,.F.,
  .F.,(2,2),(-0.,1.36),.PIECEWISE_BEZIER_KNOTS.);
#1241 = CARTESIAN_POINT('',(6.279999784906,-5.410000249687,13.7));
#1242 = CARTESIAN_POINT('',(4.919999784906,-5.410000195616,13.7));
#1243 = ORIENTED_EDGE('',*,*,#1244,.T.);
#1244 = EDGE_CURVE('',#1238,#1245,#1247,.T.);
#1245 = VERTEX_POINT('',#1246);
#1246 = CARTESIAN_POINT('',(1.669999784906,-5.4100000664,13.7));
#1247 = B_SPLINE_CURVE_WITH_KNOTS('',1,(#1248,#1249),.UNSPECIFIED.,.F.,
  .F.,(2,2),(-5.220802919708,-1.970802919708),.PIECEWISE_BEZIER_KNOTS.);
#1248 = CARTESIAN_POINT('',(4.919999784906,-5.410000195616,13.7));
#1249 = CARTESIAN_POINT('',(1.669999784906,-5.4100000664,13.7));
#1250 = ORIENTED_EDGE('',*,*,#1251,.T.);
#1251 = EDGE_CURVE('',#1245,#1252,#1254,.T.);
#1252 = VERTEX_POINT('',#1253);
#1253 = CARTESIAN_POINT('',(-0.420000215094,-5.409999983305,13.7));
#1254 = B_SPLINE_CURVE_WITH_KNOTS('',1,(#1255,#1256),.UNSPECIFIED.,.F.,
  .F.,(2,2),(4.61,6.7),.PIECEWISE_BEZIER_KNOTS.);
#1255 = CARTESIAN_POINT('',(1.669999784906,-5.4100000664,13.7));
#1256 = CARTESIAN_POINT('',(-0.420000215094,-5.409999983305,13.7));
#1257 = ORIENTED_EDGE('',*,*,#1258,.T.);
#1258 = EDGE_CURVE('',#1252,#1259,#1261,.T.);
#1259 = VERTEX_POINT('',#1260);
#1260 = CARTESIAN_POINT('',(-3.780000215094,-5.409999849716,13.7));
#1261 = B_SPLINE_CURVE_WITH_KNOTS('',1,(#1262,#1263),.UNSPECIFIED.,.F.,
  .F.,(2,2),(0.119197080292,3.479197080292),.PIECEWISE_BEZIER_KNOTS.);
#1262 = CARTESIAN_POINT('',(-0.420000215094,-5.409999983305,13.7));
#1263 = CARTESIAN_POINT('',(-3.780000215094,-5.409999849716,13.7));
#1264 = ORIENTED_EDGE('',*,*,#1265,.T.);
#1265 = EDGE_CURVE('',#1259,#1201,#1266,.T.);
#1266 = B_SPLINE_CURVE_WITH_KNOTS('',1,(#1267,#1268),.UNSPECIFIED.,.F.,
  .F.,(2,2),(-3.648686131387,-2.988686131387),.PIECEWISE_BEZIER_KNOTS.);
#1267 = CARTESIAN_POINT('',(-3.780000215094,-5.409999849716,13.7));
#1268 = CARTESIAN_POINT('',(-3.780000188853,-4.749999849716,13.7));
#1269 = B_SPLINE_SURFACE_WITH_KNOTS('',1,1,(
    (#1270,#1271)
    ,(#1272,#1273
    )),.UNSPECIFIED.,.F.,.F.,.F.,(2,2),(2,2),(-3.648686131387,
    -2.988686131387),(-6.580802919708,3.479197080292),
  .PIECEWISE_BEZIER_KNOTS.);
#1270 = CARTESIAN_POINT('',(6.279999784906,-5.410000249687,13.7));
#1271 = CARTESIAN_POINT('',(-3.780000215094,-5.409999849716,13.7));
#1272 = CARTESIAN_POINT('',(6.279999811147,-4.750000249687,13.7));
#1273 = CARTESIAN_POINT('',(-3.780000188853,-4.749999849716,13.7));
#1274 = ADVANCED_FACE('',(#1275),#1297,.T.);
#1275 = FACE_BOUND('',#1276,.F.);
#1276 = EDGE_LOOP('',(#1277,#1286,#1291,#1292));
#1277 = ORIENTED_EDGE('',*,*,#1278,.T.);
#1278 = EDGE_CURVE('',#1279,#1281,#1283,.T.);
#1279 = VERTEX_POINT('',#1280);
#1280 = CARTESIAN_POINT('',(-3.780000215094,-5.409999849716,11.6));
#1281 = VERTEX_POINT('',#1282);
#1282 = CARTESIAN_POINT('',(-3.780000188853,-4.749999849716,11.6));
#1283 = B_SPLINE_CURVE_WITH_KNOTS('',1,(#1284,#1285),.UNSPECIFIED.,.F.,
  .F.,(2,2),(-13.36,-12.7),.PIECEWISE_BEZIER_KNOTS.);
#1284 = CARTESIAN_POINT('',(-3.780000215094,-5.409999849716,11.6));
#1285 = CARTESIAN_POINT('',(-3.780000188853,-4.749999849716,11.6));
#1286 = ORIENTED_EDGE('',*,*,#1287,.F.);
#1287 = EDGE_CURVE('',#1201,#1281,#1288,.T.);
#1288 = B_SPLINE_CURVE_WITH_KNOTS('',1,(#1289,#1290),.UNSPECIFIED.,.F.,
  .F.,(2,2),(-2.1,0.),.PIECEWISE_BEZIER_KNOTS.);
#1289 = CARTESIAN_POINT('',(-3.780000188853,-4.749999849716,13.7));
#1290 = CARTESIAN_POINT('',(-3.780000188853,-4.749999849716,11.6));
#1291 = ORIENTED_EDGE('',*,*,#1265,.F.);
#1292 = ORIENTED_EDGE('',*,*,#1293,.T.);
#1293 = EDGE_CURVE('',#1259,#1279,#1294,.T.);
#1294 = B_SPLINE_CURVE_WITH_KNOTS('',1,(#1295,#1296),.UNSPECIFIED.,.F.,
  .F.,(2,2),(0.,2.1),.PIECEWISE_BEZIER_KNOTS.);
#1295 = CARTESIAN_POINT('',(-3.780000215094,-5.409999849716,13.7));
#1296 = CARTESIAN_POINT('',(-3.780000215094,-5.409999849716,11.6));
#1297 = B_SPLINE_SURFACE_WITH_KNOTS('',1,1,(
    (#1298,#1299)
    ,(#1300,#1301
    )),.UNSPECIFIED.,.F.,.F.,.F.,(2,2),(2,2),(12.7,13.36),(-2.1,
    3.996802888651E-15),.PIECEWISE_BEZIER_KNOTS.);
#1298 = CARTESIAN_POINT('',(-3.780000188853,-4.749999849716,11.6));
#1299 = CARTESIAN_POINT('',(-3.780000188853,-4.749999849716,13.7));
#1300 = CARTESIAN_POINT('',(-3.780000215094,-5.409999849716,11.6));
#1301 = CARTESIAN_POINT('',(-3.780000215094,-5.409999849716,13.7));
#1302 = ADVANCED_FACE('',(#1303),#1325,.F.);
#1303 = FACE_BOUND('',#1304,.F.);
#1304 = EDGE_LOOP('',(#1305,#1314,#1319,#1320));
#1305 = ORIENTED_EDGE('',*,*,#1306,.T.);
#1306 = EDGE_CURVE('',#1307,#1309,#1311,.T.);
#1307 = VERTEX_POINT('',#1308);
#1308 = CARTESIAN_POINT('',(4.919999784906,-5.410000195616,11.6));
#1309 = VERTEX_POINT('',#1310);
#1310 = CARTESIAN_POINT('',(1.669999784906,-5.4100000664,11.6));
#1311 = B_SPLINE_CURVE_WITH_KNOTS('',1,(#1312,#1313),.UNSPECIFIED.,.F.,
  .F.,(2,2),(1.36,4.61),.PIECEWISE_BEZIER_KNOTS.);
#1312 = CARTESIAN_POINT('',(4.919999784906,-5.410000195616,11.6));
#1313 = CARTESIAN_POINT('',(1.669999784906,-5.4100000664,11.6));
#1314 = ORIENTED_EDGE('',*,*,#1315,.T.);
#1315 = EDGE_CURVE('',#1309,#1245,#1316,.T.);
#1316 = B_SPLINE_CURVE_WITH_KNOTS('',1,(#1317,#1318),.UNSPECIFIED.,.F.,
  .F.,(2,2),(0.,2.1),.PIECEWISE_BEZIER_KNOTS.);
#1317 = CARTESIAN_POINT('',(1.669999784906,-5.4100000664,11.6));
#1318 = CARTESIAN_POINT('',(1.669999784906,-5.4100000664,13.7));
#1319 = ORIENTED_EDGE('',*,*,#1244,.F.);
#1320 = ORIENTED_EDGE('',*,*,#1321,.T.);
#1321 = EDGE_CURVE('',#1238,#1307,#1322,.T.);
#1322 = B_SPLINE_CURVE_WITH_KNOTS('',1,(#1323,#1324),.UNSPECIFIED.,.F.,
  .F.,(2,2),(-2.1,0.),.PIECEWISE_BEZIER_KNOTS.);
#1323 = CARTESIAN_POINT('',(4.919999784906,-5.410000195616,13.7));
#1324 = CARTESIAN_POINT('',(4.919999784906,-5.410000195616,11.6));
#1325 = B_SPLINE_SURFACE_WITH_KNOTS('',1,1,(
    (#1326,#1327)
    ,(#1328,#1329
    )),.UNSPECIFIED.,.F.,.F.,.F.,(2,2),(2,2),(-2.1,9.81858477906E-30),(
    1.36,4.61),.PIECEWISE_BEZIER_KNOTS.);
#1326 = CARTESIAN_POINT('',(4.919999784906,-5.410000195616,13.7));
#1327 = CARTESIAN_POINT('',(1.669999784906,-5.4100000664,13.7));
#1328 = CARTESIAN_POINT('',(4.919999784906,-5.410000195616,11.6));
#1329 = CARTESIAN_POINT('',(1.669999784906,-5.4100000664,11.6));
#1330 = ADVANCED_FACE('',(#1331),#1347,.F.);
#1331 = FACE_BOUND('',#1332,.F.);
#1332 = EDGE_LOOP('',(#1333,#1334,#1341,#1346));
#1333 = ORIENTED_EDGE('',*,*,#1258,.F.);
#1334 = ORIENTED_EDGE('',*,*,#1335,.F.);
#1335 = EDGE_CURVE('',#1336,#1252,#1338,.T.);
#1336 = VERTEX_POINT('',#1337);
#1337 = CARTESIAN_POINT('',(-0.420000215094,-5.409999983305,11.6));
#1338 = B_SPLINE_CURVE_WITH_KNOTS('',1,(#1339,#1340),.UNSPECIFIED.,.F.,
  .F.,(2,2),(0.,2.1),.PIECEWISE_BEZIER_KNOTS.);
#1339 = CARTESIAN_POINT('',(-0.420000215094,-5.409999983305,11.6));
#1340 = CARTESIAN_POINT('',(-0.420000215094,-5.409999983305,13.7));
#1341 = ORIENTED_EDGE('',*,*,#1342,.T.);
#1342 = EDGE_CURVE('',#1336,#1279,#1343,.T.);
#1343 = B_SPLINE_CURVE_WITH_KNOTS('',1,(#1344,#1345),.UNSPECIFIED.,.F.,
  .F.,(2,2),(6.7,10.06),.PIECEWISE_BEZIER_KNOTS.);
#1344 = CARTESIAN_POINT('',(-0.420000215094,-5.409999983305,11.6));
#1345 = CARTESIAN_POINT('',(-3.780000215094,-5.409999849716,11.6));
#1346 = ORIENTED_EDGE('',*,*,#1293,.F.);
#1347 = B_SPLINE_SURFACE_WITH_KNOTS('',1,1,(
    (#1348,#1349)
    ,(#1350,#1351
    )),.UNSPECIFIED.,.F.,.F.,.F.,(2,2),(2,2),(-2.1,2.142623923587E-29),(
    6.7,10.06),.PIECEWISE_BEZIER_KNOTS.);
#1348 = CARTESIAN_POINT('',(-0.420000215094,-5.409999983305,13.7));
#1349 = CARTESIAN_POINT('',(-3.780000215094,-5.409999849716,13.7));
#1350 = CARTESIAN_POINT('',(-0.420000215094,-5.409999983305,11.6));
#1351 = CARTESIAN_POINT('',(-3.780000215094,-5.409999849716,11.6));
#1352 = ADVANCED_FACE('',(#1353),#1375,.F.);
#1353 = FACE_BOUND('',#1354,.F.);
#1354 = EDGE_LOOP('',(#1355,#1356,#1363,#1370));
#1355 = ORIENTED_EDGE('',*,*,#1216,.F.);
#1356 = ORIENTED_EDGE('',*,*,#1357,.T.);
#1357 = EDGE_CURVE('',#1210,#1358,#1360,.T.);
#1358 = VERTEX_POINT('',#1359);
#1359 = CARTESIAN_POINT('',(1.669999811147,-4.7500000664,11.6));
#1360 = B_SPLINE_CURVE_WITH_KNOTS('',1,(#1361,#1362),.UNSPECIFIED.,.F.,
  .F.,(2,2),(-2.1,0.),.PIECEWISE_BEZIER_KNOTS.);
#1361 = CARTESIAN_POINT('',(1.669999811147,-4.7500000664,13.7));
#1362 = CARTESIAN_POINT('',(1.669999811147,-4.7500000664,11.6));
#1363 = ORIENTED_EDGE('',*,*,#1364,.T.);
#1364 = EDGE_CURVE('',#1358,#1365,#1367,.T.);
#1365 = VERTEX_POINT('',#1366);
#1366 = CARTESIAN_POINT('',(4.919999811147,-4.750000195616,11.6));
#1367 = B_SPLINE_CURVE_WITH_KNOTS('',1,(#1368,#1369),.UNSPECIFIED.,.F.,
  .F.,(2,2),(2.09,5.34),.PIECEWISE_BEZIER_KNOTS.);
#1368 = CARTESIAN_POINT('',(1.669999811147,-4.7500000664,11.6));
#1369 = CARTESIAN_POINT('',(4.919999811147,-4.750000195616,11.6));
#1370 = ORIENTED_EDGE('',*,*,#1371,.T.);
#1371 = EDGE_CURVE('',#1365,#1217,#1372,.T.);
#1372 = B_SPLINE_CURVE_WITH_KNOTS('',1,(#1373,#1374),.UNSPECIFIED.,.F.,
  .F.,(2,2),(0.,2.1),.PIECEWISE_BEZIER_KNOTS.);
#1373 = CARTESIAN_POINT('',(4.919999811147,-4.750000195616,11.6));
#1374 = CARTESIAN_POINT('',(4.919999811147,-4.750000195616,13.7));
#1375 = B_SPLINE_SURFACE_WITH_KNOTS('',1,1,(
    (#1376,#1377)
    ,(#1378,#1379)),.UNSPECIFIED.,.F.,.F.,.F.,(2,2),(2,2),(2.09,5.34),(
    -6.943758633819E-23,2.1),.PIECEWISE_BEZIER_KNOTS.);
#1376 = CARTESIAN_POINT('',(1.669999811147,-4.7500000664,11.6));
#1377 = CARTESIAN_POINT('',(1.669999811147,-4.7500000664,13.7));
#1378 = CARTESIAN_POINT('',(4.919999811147,-4.750000195616,11.6));
#1379 = CARTESIAN_POINT('',(4.919999811147,-4.750000195616,13.7));
#1380 = ADVANCED_FACE('',(#1381),#1397,.F.);
#1381 = FACE_BOUND('',#1382,.F.);
#1382 = EDGE_LOOP('',(#1383,#1390,#1395,#1396));
#1383 = ORIENTED_EDGE('',*,*,#1384,.T.);
#1384 = EDGE_CURVE('',#1281,#1385,#1387,.T.);
#1385 = VERTEX_POINT('',#1386);
#1386 = CARTESIAN_POINT('',(-0.420000188853,-4.749999983305,11.6));
#1387 = B_SPLINE_CURVE_WITH_KNOTS('',1,(#1388,#1389),.UNSPECIFIED.,.F.,
  .F.,(2,2),(-3.36,0.),.PIECEWISE_BEZIER_KNOTS.);
#1388 = CARTESIAN_POINT('',(-3.780000188853,-4.749999849716,11.6));
#1389 = CARTESIAN_POINT('',(-0.420000188853,-4.749999983305,11.6));
#1390 = ORIENTED_EDGE('',*,*,#1391,.T.);
#1391 = EDGE_CURVE('',#1385,#1203,#1392,.T.);
#1392 = B_SPLINE_CURVE_WITH_KNOTS('',1,(#1393,#1394),.UNSPECIFIED.,.F.,
  .F.,(2,2),(0.,2.1),.PIECEWISE_BEZIER_KNOTS.);
#1393 = CARTESIAN_POINT('',(-0.420000188853,-4.749999983305,11.6));
#1394 = CARTESIAN_POINT('',(-0.420000188853,-4.749999983305,13.7));
#1395 = ORIENTED_EDGE('',*,*,#1200,.F.);
#1396 = ORIENTED_EDGE('',*,*,#1287,.T.);
#1397 = B_SPLINE_SURFACE_WITH_KNOTS('',1,1,(
    (#1398,#1399)
    ,(#1400,#1401
    )),.UNSPECIFIED.,.F.,.F.,.F.,(2,2),(2,2),(-3.36,5.759281940243E-15),
  (-1.382333686627E-30,2.1),.PIECEWISE_BEZIER_KNOTS.);
#1398 = CARTESIAN_POINT('',(-3.780000188853,-4.749999849716,11.6));
#1399 = CARTESIAN_POINT('',(-3.780000188853,-4.749999849716,13.7));
#1400 = CARTESIAN_POINT('',(-0.420000188853,-4.749999983305,11.6));
#1401 = CARTESIAN_POINT('',(-0.420000188853,-4.749999983305,13.7));
#1402 = ADVANCED_FACE('',(#1403),#1413,.T.);
#1403 = FACE_BOUND('',#1404,.F.);
#1404 = EDGE_LOOP('',(#1405,#1410,#1411,#1412));
#1405 = ORIENTED_EDGE('',*,*,#1406,.F.);
#1406 = EDGE_CURVE('',#1385,#1336,#1407,.T.);
#1407 = B_SPLINE_CURVE_WITH_KNOTS('',1,(#1408,#1409),.UNSPECIFIED.,.F.,
  .F.,(2,2),(-0.66,0.),.PIECEWISE_BEZIER_KNOTS.);
#1408 = CARTESIAN_POINT('',(-0.420000188853,-4.749999983305,11.6));
#1409 = CARTESIAN_POINT('',(-0.420000215094,-5.409999983305,11.6));
#1410 = ORIENTED_EDGE('',*,*,#1384,.F.);
#1411 = ORIENTED_EDGE('',*,*,#1278,.F.);
#1412 = ORIENTED_EDGE('',*,*,#1342,.F.);
#1413 = B_SPLINE_SURFACE_WITH_KNOTS('',1,1,(
    (#1414,#1415)
    ,(#1416,#1417
    )),.UNSPECIFIED.,.F.,.F.,.F.,(2,2),(2,2),(2.988686131387,
    3.648686131387),(0.119197080292,3.479197080292),
  .PIECEWISE_BEZIER_KNOTS.);
#1414 = CARTESIAN_POINT('',(-0.420000188853,-4.749999983305,11.6));
#1415 = CARTESIAN_POINT('',(-3.780000188853,-4.749999849716,11.6));
#1416 = CARTESIAN_POINT('',(-0.420000215094,-5.409999983305,11.6));
#1417 = CARTESIAN_POINT('',(-3.780000215094,-5.409999849716,11.6));
#1418 = ADVANCED_FACE('',(#1419),#1491,.T.);
#1419 = FACE_BOUND('',#1420,.F.);
#1420 = EDGE_LOOP('',(#1421,#1430,#1437,#1444,#1451,#1458,#1465,#1472,
    #1479,#1486));
#1421 = ORIENTED_EDGE('',*,*,#1422,.T.);
#1422 = EDGE_CURVE('',#1423,#1425,#1427,.T.);
#1423 = VERTEX_POINT('',#1424);
#1424 = CARTESIAN_POINT('',(-3.780000087866,-2.209999849716,13.7));
#1425 = VERTEX_POINT('',#1426);
#1426 = CARTESIAN_POINT('',(-0.420000087866,-2.209999983305,13.7));
#1427 = B_SPLINE_CURVE_WITH_KNOTS('',1,(#1428,#1429),.UNSPECIFIED.,.F.,
  .F.,(2,2),(-3.479197080292,-0.119197080292),.PIECEWISE_BEZIER_KNOTS.);
#1428 = CARTESIAN_POINT('',(-3.780000087866,-2.209999849716,13.7));
#1429 = CARTESIAN_POINT('',(-0.420000087866,-2.209999983305,13.7));
#1430 = ORIENTED_EDGE('',*,*,#1431,.T.);
#1431 = EDGE_CURVE('',#1425,#1432,#1434,.T.);
#1432 = VERTEX_POINT('',#1433);
#1433 = CARTESIAN_POINT('',(1.669999912134,-2.2100000664,13.7));
#1434 = B_SPLINE_CURVE_WITH_KNOTS('',1,(#1435,#1436),.UNSPECIFIED.,.F.,
  .F.,(2,2),(-6.7,-4.61),.PIECEWISE_BEZIER_KNOTS.);
#1435 = CARTESIAN_POINT('',(-0.420000087866,-2.209999983305,13.7));
#1436 = CARTESIAN_POINT('',(1.669999912134,-2.2100000664,13.7));
#1437 = ORIENTED_EDGE('',*,*,#1438,.T.);
#1438 = EDGE_CURVE('',#1432,#1439,#1441,.T.);
#1439 = VERTEX_POINT('',#1440);
#1440 = CARTESIAN_POINT('',(4.919999912134,-2.210000195616,13.7));
#1441 = B_SPLINE_CURVE_WITH_KNOTS('',1,(#1442,#1443),.UNSPECIFIED.,.F.,
  .F.,(2,2),(1.970802919708,5.220802919708),.PIECEWISE_BEZIER_KNOTS.);
#1442 = CARTESIAN_POINT('',(1.669999912134,-2.2100000664,13.7));
#1443 = CARTESIAN_POINT('',(4.919999912134,-2.210000195616,13.7));
#1444 = ORIENTED_EDGE('',*,*,#1445,.T.);
#1445 = EDGE_CURVE('',#1439,#1446,#1448,.T.);
#1446 = VERTEX_POINT('',#1447);
#1447 = CARTESIAN_POINT('',(6.279999912134,-2.210000249687,13.7));
#1448 = B_SPLINE_CURVE_WITH_KNOTS('',1,(#1449,#1450),.UNSPECIFIED.,.F.,
  .F.,(2,2),(-1.36,0.),.PIECEWISE_BEZIER_KNOTS.);
#1449 = CARTESIAN_POINT('',(4.919999912134,-2.210000195616,13.7));
#1450 = CARTESIAN_POINT('',(6.279999912134,-2.210000249687,13.7));
#1451 = ORIENTED_EDGE('',*,*,#1452,.T.);
#1452 = EDGE_CURVE('',#1446,#1453,#1455,.T.);
#1453 = VERTEX_POINT('',#1454);
#1454 = CARTESIAN_POINT('',(6.279999885893,-2.870000249687,13.7));
#1455 = B_SPLINE_CURVE_WITH_KNOTS('',1,(#1456,#1457),.UNSPECIFIED.,.F.,
  .F.,(2,2),(0.,0.66),.PIECEWISE_BEZIER_KNOTS.);
#1456 = CARTESIAN_POINT('',(6.279999912134,-2.210000249687,13.7));
#1457 = CARTESIAN_POINT('',(6.279999885893,-2.870000249687,13.7));
#1458 = ORIENTED_EDGE('',*,*,#1459,.T.);
#1459 = EDGE_CURVE('',#1453,#1460,#1462,.T.);
#1460 = VERTEX_POINT('',#1461);
#1461 = CARTESIAN_POINT('',(4.919999885893,-2.870000195616,13.7));
#1462 = B_SPLINE_CURVE_WITH_KNOTS('',1,(#1463,#1464),.UNSPECIFIED.,.F.,
  .F.,(2,2),(-0.,1.36),.PIECEWISE_BEZIER_KNOTS.);
#1463 = CARTESIAN_POINT('',(6.279999885893,-2.870000249687,13.7));
#1464 = CARTESIAN_POINT('',(4.919999885893,-2.870000195616,13.7));
#1465 = ORIENTED_EDGE('',*,*,#1466,.T.);
#1466 = EDGE_CURVE('',#1460,#1467,#1469,.T.);
#1467 = VERTEX_POINT('',#1468);
#1468 = CARTESIAN_POINT('',(1.669999885893,-2.8700000664,13.7));
#1469 = B_SPLINE_CURVE_WITH_KNOTS('',1,(#1470,#1471),.UNSPECIFIED.,.F.,
  .F.,(2,2),(-5.220802919708,-1.970802919708),.PIECEWISE_BEZIER_KNOTS.);
#1470 = CARTESIAN_POINT('',(4.919999885893,-2.870000195616,13.7));
#1471 = CARTESIAN_POINT('',(1.669999885893,-2.8700000664,13.7));
#1472 = ORIENTED_EDGE('',*,*,#1473,.T.);
#1473 = EDGE_CURVE('',#1467,#1474,#1476,.T.);
#1474 = VERTEX_POINT('',#1475);
#1475 = CARTESIAN_POINT('',(-0.420000114107,-2.869999983305,13.7));
#1476 = B_SPLINE_CURVE_WITH_KNOTS('',1,(#1477,#1478),.UNSPECIFIED.,.F.,
  .F.,(2,2),(4.61,6.7),.PIECEWISE_BEZIER_KNOTS.);
#1477 = CARTESIAN_POINT('',(1.669999885893,-2.8700000664,13.7));
#1478 = CARTESIAN_POINT('',(-0.420000114107,-2.869999983305,13.7));
#1479 = ORIENTED_EDGE('',*,*,#1480,.T.);
#1480 = EDGE_CURVE('',#1474,#1481,#1483,.T.);
#1481 = VERTEX_POINT('',#1482);
#1482 = CARTESIAN_POINT('',(-3.780000114107,-2.869999849716,13.7));
#1483 = B_SPLINE_CURVE_WITH_KNOTS('',1,(#1484,#1485),.UNSPECIFIED.,.F.,
  .F.,(2,2),(0.119197080292,3.479197080292),.PIECEWISE_BEZIER_KNOTS.);
#1484 = CARTESIAN_POINT('',(-0.420000114107,-2.869999983305,13.7));
#1485 = CARTESIAN_POINT('',(-3.780000114107,-2.869999849716,13.7));
#1486 = ORIENTED_EDGE('',*,*,#1487,.T.);
#1487 = EDGE_CURVE('',#1481,#1423,#1488,.T.);
#1488 = B_SPLINE_CURVE_WITH_KNOTS('',1,(#1489,#1490),.UNSPECIFIED.,.F.,
  .F.,(2,2),(-1.108686131387,-0.448686131387),.PIECEWISE_BEZIER_KNOTS.);
#1489 = CARTESIAN_POINT('',(-3.780000114107,-2.869999849716,13.7));
#1490 = CARTESIAN_POINT('',(-3.780000087866,-2.209999849716,13.7));
#1491 = B_SPLINE_SURFACE_WITH_KNOTS('',1,1,(
    (#1492,#1493)
    ,(#1494,#1495
    )),.UNSPECIFIED.,.F.,.F.,.F.,(2,2),(2,2),(-1.108686131387,
    -0.448686131387),(-6.580802919708,3.479197080292),
  .PIECEWISE_BEZIER_KNOTS.);
#1492 = CARTESIAN_POINT('',(6.279999885893,-2.870000249687,13.7));
#1493 = CARTESIAN_POINT('',(-3.780000114107,-2.869999849716,13.7));
#1494 = CARTESIAN_POINT('',(6.279999912134,-2.210000249687,13.7));
#1495 = CARTESIAN_POINT('',(-3.780000087866,-2.209999849716,13.7));
#1496 = ADVANCED_FACE('',(#1497),#1519,.T.);
#1497 = FACE_BOUND('',#1498,.F.);
#1498 = EDGE_LOOP('',(#1499,#1508,#1513,#1514));
#1499 = ORIENTED_EDGE('',*,*,#1500,.T.);
#1500 = EDGE_CURVE('',#1501,#1503,#1505,.T.);
#1501 = VERTEX_POINT('',#1502);
#1502 = CARTESIAN_POINT('',(-3.780000114107,-2.869999849716,11.6));
#1503 = VERTEX_POINT('',#1504);
#1504 = CARTESIAN_POINT('',(-3.780000087866,-2.209999849716,11.6));
#1505 = B_SPLINE_CURVE_WITH_KNOTS('',1,(#1506,#1507),.UNSPECIFIED.,.F.,
  .F.,(2,2),(-10.82,-10.16),.PIECEWISE_BEZIER_KNOTS.);
#1506 = CARTESIAN_POINT('',(-3.780000114107,-2.869999849716,11.6));
#1507 = CARTESIAN_POINT('',(-3.780000087866,-2.209999849716,11.6));
#1508 = ORIENTED_EDGE('',*,*,#1509,.F.);
#1509 = EDGE_CURVE('',#1423,#1503,#1510,.T.);
#1510 = B_SPLINE_CURVE_WITH_KNOTS('',1,(#1511,#1512),.UNSPECIFIED.,.F.,
  .F.,(2,2),(-2.1,0.),.PIECEWISE_BEZIER_KNOTS.);
#1511 = CARTESIAN_POINT('',(-3.780000087866,-2.209999849716,13.7));
#1512 = CARTESIAN_POINT('',(-3.780000087866,-2.209999849716,11.6));
#1513 = ORIENTED_EDGE('',*,*,#1487,.F.);
#1514 = ORIENTED_EDGE('',*,*,#1515,.T.);
#1515 = EDGE_CURVE('',#1481,#1501,#1516,.T.);
#1516 = B_SPLINE_CURVE_WITH_KNOTS('',1,(#1517,#1518),.UNSPECIFIED.,.F.,
  .F.,(2,2),(0.,2.1),.PIECEWISE_BEZIER_KNOTS.);
#1517 = CARTESIAN_POINT('',(-3.780000114107,-2.869999849716,13.7));
#1518 = CARTESIAN_POINT('',(-3.780000114107,-2.869999849716,11.6));
#1519 = B_SPLINE_SURFACE_WITH_KNOTS('',1,1,(
    (#1520,#1521)
    ,(#1522,#1523
  )),.UNSPECIFIED.,.F.,.F.,.F.,(2,2),(2,2),(10.16,10.82),(-2.1,
    3.306626414245E-15),.PIECEWISE_BEZIER_KNOTS.);
#1520 = CARTESIAN_POINT('',(-3.780000087866,-2.209999849716,11.6));
#1521 = CARTESIAN_POINT('',(-3.780000087866,-2.209999849716,13.7));
#1522 = CARTESIAN_POINT('',(-3.780000114107,-2.869999849716,11.6));
#1523 = CARTESIAN_POINT('',(-3.780000114107,-2.869999849716,13.7));
#1524 = ADVANCED_FACE('',(#1525),#1547,.F.);
#1525 = FACE_BOUND('',#1526,.F.);
#1526 = EDGE_LOOP('',(#1527,#1536,#1541,#1542));
#1527 = ORIENTED_EDGE('',*,*,#1528,.T.);
#1528 = EDGE_CURVE('',#1529,#1531,#1533,.T.);
#1529 = VERTEX_POINT('',#1530);
#1530 = CARTESIAN_POINT('',(4.919999885893,-2.870000195616,11.6));
#1531 = VERTEX_POINT('',#1532);
#1532 = CARTESIAN_POINT('',(1.669999885893,-2.8700000664,11.6));
#1533 = B_SPLINE_CURVE_WITH_KNOTS('',1,(#1534,#1535),.UNSPECIFIED.,.F.,
  .F.,(2,2),(1.36,4.61),.PIECEWISE_BEZIER_KNOTS.);
#1534 = CARTESIAN_POINT('',(4.919999885893,-2.870000195616,11.6));
#1535 = CARTESIAN_POINT('',(1.669999885893,-2.8700000664,11.6));
#1536 = ORIENTED_EDGE('',*,*,#1537,.T.);
#1537 = EDGE_CURVE('',#1531,#1467,#1538,.T.);
#1538 = B_SPLINE_CURVE_WITH_KNOTS('',1,(#1539,#1540),.UNSPECIFIED.,.F.,
  .F.,(2,2),(0.,2.1),.PIECEWISE_BEZIER_KNOTS.);
#1539 = CARTESIAN_POINT('',(1.669999885893,-2.8700000664,11.6));
#1540 = CARTESIAN_POINT('',(1.669999885893,-2.8700000664,13.7));
#1541 = ORIENTED_EDGE('',*,*,#1466,.F.);
#1542 = ORIENTED_EDGE('',*,*,#1543,.T.);
#1543 = EDGE_CURVE('',#1460,#1529,#1544,.T.);
#1544 = B_SPLINE_CURVE_WITH_KNOTS('',1,(#1545,#1546),.UNSPECIFIED.,.F.,
  .F.,(2,2),(-2.1,0.),.PIECEWISE_BEZIER_KNOTS.);
#1545 = CARTESIAN_POINT('',(4.919999885893,-2.870000195616,13.7));
#1546 = CARTESIAN_POINT('',(4.919999885893,-2.870000195616,11.6));
#1547 = B_SPLINE_SURFACE_WITH_KNOTS('',1,1,(
    (#1548,#1549)
    ,(#1550,#1551
    )),.UNSPECIFIED.,.F.,.F.,.F.,(2,2),(2,2),(-2.1,4.862088614079E-23),(
    1.36,4.61),.PIECEWISE_BEZIER_KNOTS.);
#1548 = CARTESIAN_POINT('',(4.919999885893,-2.870000195616,13.7));
#1549 = CARTESIAN_POINT('',(1.669999885893,-2.8700000664,13.7));
#1550 = CARTESIAN_POINT('',(4.919999885893,-2.870000195616,11.6));
#1551 = CARTESIAN_POINT('',(1.669999885893,-2.8700000664,11.6));
#1552 = ADVANCED_FACE('',(#1553),#1569,.F.);
#1553 = FACE_BOUND('',#1554,.F.);
#1554 = EDGE_LOOP('',(#1555,#1556,#1563,#1568));
#1555 = ORIENTED_EDGE('',*,*,#1480,.F.);
#1556 = ORIENTED_EDGE('',*,*,#1557,.F.);
#1557 = EDGE_CURVE('',#1558,#1474,#1560,.T.);
#1558 = VERTEX_POINT('',#1559);
#1559 = CARTESIAN_POINT('',(-0.420000114107,-2.869999983305,11.6));
#1560 = B_SPLINE_CURVE_WITH_KNOTS('',1,(#1561,#1562),.UNSPECIFIED.,.F.,
  .F.,(2,2),(0.,2.1),.PIECEWISE_BEZIER_KNOTS.);
#1561 = CARTESIAN_POINT('',(-0.420000114107,-2.869999983305,11.6));
#1562 = CARTESIAN_POINT('',(-0.420000114107,-2.869999983305,13.7));
#1563 = ORIENTED_EDGE('',*,*,#1564,.T.);
#1564 = EDGE_CURVE('',#1558,#1501,#1565,.T.);
#1565 = B_SPLINE_CURVE_WITH_KNOTS('',1,(#1566,#1567),.UNSPECIFIED.,.F.,
  .F.,(2,2),(6.7,10.06),.PIECEWISE_BEZIER_KNOTS.);
#1566 = CARTESIAN_POINT('',(-0.420000114107,-2.869999983305,11.6));
#1567 = CARTESIAN_POINT('',(-3.780000114107,-2.869999849716,11.6));
#1568 = ORIENTED_EDGE('',*,*,#1515,.F.);
#1569 = B_SPLINE_SURFACE_WITH_KNOTS('',1,1,(
    (#1570,#1571)
    ,(#1572,#1573
    )),.UNSPECIFIED.,.F.,.F.,.F.,(2,2),(2,2),(-2.1,5.683036949379E-23),(
    6.7,10.06),.PIECEWISE_BEZIER_KNOTS.);
#1570 = CARTESIAN_POINT('',(-0.420000114107,-2.869999983305,13.7));
#1571 = CARTESIAN_POINT('',(-3.780000114107,-2.869999849716,13.7));
#1572 = CARTESIAN_POINT('',(-0.420000114107,-2.869999983305,11.6));
#1573 = CARTESIAN_POINT('',(-3.780000114107,-2.869999849716,11.6));
#1574 = ADVANCED_FACE('',(#1575),#1597,.F.);
#1575 = FACE_BOUND('',#1576,.F.);
#1576 = EDGE_LOOP('',(#1577,#1578,#1585,#1592));
#1577 = ORIENTED_EDGE('',*,*,#1438,.F.);
#1578 = ORIENTED_EDGE('',*,*,#1579,.T.);
#1579 = EDGE_CURVE('',#1432,#1580,#1582,.T.);
#1580 = VERTEX_POINT('',#1581);
#1581 = CARTESIAN_POINT('',(1.669999912134,-2.2100000664,11.6));
#1582 = B_SPLINE_CURVE_WITH_KNOTS('',1,(#1583,#1584),.UNSPECIFIED.,.F.,
  .F.,(2,2),(-2.1,1.697030406201E-29),.PIECEWISE_BEZIER_KNOTS.);
#1583 = CARTESIAN_POINT('',(1.669999912134,-2.2100000664,13.7));
#1584 = CARTESIAN_POINT('',(1.669999912134,-2.2100000664,11.6));
#1585 = ORIENTED_EDGE('',*,*,#1586,.T.);
#1586 = EDGE_CURVE('',#1580,#1587,#1589,.T.);
#1587 = VERTEX_POINT('',#1588);
#1588 = CARTESIAN_POINT('',(4.919999912134,-2.210000195616,11.6));
#1589 = B_SPLINE_CURVE_WITH_KNOTS('',1,(#1590,#1591),.UNSPECIFIED.,.F.,
  .F.,(2,2),(2.09,5.34),.PIECEWISE_BEZIER_KNOTS.);
#1590 = CARTESIAN_POINT('',(1.669999912134,-2.2100000664,11.6));
#1591 = CARTESIAN_POINT('',(4.919999912134,-2.210000195616,11.6));
#1592 = ORIENTED_EDGE('',*,*,#1593,.T.);
#1593 = EDGE_CURVE('',#1587,#1439,#1594,.T.);
#1594 = B_SPLINE_CURVE_WITH_KNOTS('',1,(#1595,#1596),.UNSPECIFIED.,.F.,
  .F.,(2,2),(0.,2.1),.PIECEWISE_BEZIER_KNOTS.);
#1595 = CARTESIAN_POINT('',(4.919999912134,-2.210000195616,11.6));
#1596 = CARTESIAN_POINT('',(4.919999912134,-2.210000195616,13.7));
#1597 = B_SPLINE_SURFACE_WITH_KNOTS('',1,1,(
    (#1598,#1599)
    ,(#1600,#1601)),.UNSPECIFIED.,.F.,.F.,.F.,(2,2),(2,2),(2.09,5.34),(
    -6.687287056635E-23,2.1),.PIECEWISE_BEZIER_KNOTS.);
#1598 = CARTESIAN_POINT('',(1.669999912134,-2.2100000664,11.6));
#1599 = CARTESIAN_POINT('',(1.669999912134,-2.2100000664,13.7));
#1600 = CARTESIAN_POINT('',(4.919999912134,-2.210000195616,11.6));
#1601 = CARTESIAN_POINT('',(4.919999912134,-2.210000195616,13.7));
#1602 = ADVANCED_FACE('',(#1603),#1619,.F.);
#1603 = FACE_BOUND('',#1604,.F.);
#1604 = EDGE_LOOP('',(#1605,#1612,#1617,#1618));
#1605 = ORIENTED_EDGE('',*,*,#1606,.T.);
#1606 = EDGE_CURVE('',#1503,#1607,#1609,.T.);
#1607 = VERTEX_POINT('',#1608);
#1608 = CARTESIAN_POINT('',(-0.420000087866,-2.209999983305,11.6));
#1609 = B_SPLINE_CURVE_WITH_KNOTS('',1,(#1610,#1611),.UNSPECIFIED.,.F.,
  .F.,(2,2),(-3.36,0.),.PIECEWISE_BEZIER_KNOTS.);
#1610 = CARTESIAN_POINT('',(-3.780000087866,-2.209999849716,11.6));
#1611 = CARTESIAN_POINT('',(-0.420000087866,-2.209999983305,11.6));
#1612 = ORIENTED_EDGE('',*,*,#1613,.T.);
#1613 = EDGE_CURVE('',#1607,#1425,#1614,.T.);
#1614 = B_SPLINE_CURVE_WITH_KNOTS('',1,(#1615,#1616),.UNSPECIFIED.,.F.,
  .F.,(2,2),(0.,2.1),.PIECEWISE_BEZIER_KNOTS.);
#1615 = CARTESIAN_POINT('',(-0.420000087866,-2.209999983305,11.6));
#1616 = CARTESIAN_POINT('',(-0.420000087866,-2.209999983305,13.7));
#1617 = ORIENTED_EDGE('',*,*,#1422,.F.);
#1618 = ORIENTED_EDGE('',*,*,#1509,.T.);
#1619 = B_SPLINE_SURFACE_WITH_KNOTS('',1,1,(
    (#1620,#1621)
    ,(#1622,#1623
    )),.UNSPECIFIED.,.F.,.F.,.F.,(2,2),(2,2),(-3.36,2.070759874971E-29),
  (-4.704258017885E-23,2.1),.PIECEWISE_BEZIER_KNOTS.);
#1620 = CARTESIAN_POINT('',(-3.780000087866,-2.209999849716,11.6));
#1621 = CARTESIAN_POINT('',(-3.780000087866,-2.209999849716,13.7));
#1622 = CARTESIAN_POINT('',(-0.420000087866,-2.209999983305,11.6));
#1623 = CARTESIAN_POINT('',(-0.420000087866,-2.209999983305,13.7));
#1624 = ADVANCED_FACE('',(#1625),#1635,.T.);
#1625 = FACE_BOUND('',#1626,.F.);
#1626 = EDGE_LOOP('',(#1627,#1632,#1633,#1634));
#1627 = ORIENTED_EDGE('',*,*,#1628,.F.);
#1628 = EDGE_CURVE('',#1607,#1558,#1629,.T.);
#1629 = B_SPLINE_CURVE_WITH_KNOTS('',1,(#1630,#1631),.UNSPECIFIED.,.F.,
  .F.,(2,2),(-3.2,-2.54),.PIECEWISE_BEZIER_KNOTS.);
#1630 = CARTESIAN_POINT('',(-0.420000087866,-2.209999983305,11.6));
#1631 = CARTESIAN_POINT('',(-0.420000114107,-2.869999983305,11.6));
#1632 = ORIENTED_EDGE('',*,*,#1606,.F.);
#1633 = ORIENTED_EDGE('',*,*,#1500,.F.);
#1634 = ORIENTED_EDGE('',*,*,#1564,.F.);
#1635 = B_SPLINE_SURFACE_WITH_KNOTS('',1,1,(
    (#1636,#1637)
    ,(#1638,#1639
    )),.UNSPECIFIED.,.F.,.F.,.F.,(2,2),(2,2),(0.448686131387,
    1.108686131387),(0.119197080292,3.479197080292),
  .PIECEWISE_BEZIER_KNOTS.);
#1636 = CARTESIAN_POINT('',(-0.420000087866,-2.209999983305,11.6));
#1637 = CARTESIAN_POINT('',(-3.780000087866,-2.209999849716,11.6));
#1638 = CARTESIAN_POINT('',(-0.420000114107,-2.869999983305,11.6));
#1639 = CARTESIAN_POINT('',(-3.780000114107,-2.869999849716,11.6));
#1640 = ADVANCED_FACE('',(#1641),#1713,.T.);
#1641 = FACE_BOUND('',#1642,.F.);
#1642 = EDGE_LOOP('',(#1643,#1652,#1659,#1666,#1673,#1680,#1687,#1694,
    #1701,#1708));
#1643 = ORIENTED_EDGE('',*,*,#1644,.T.);
#1644 = EDGE_CURVE('',#1645,#1647,#1649,.T.);
#1645 = VERTEX_POINT('',#1646);
#1646 = CARTESIAN_POINT('',(-3.77999998688,0.330000150284,13.7));
#1647 = VERTEX_POINT('',#1648);
#1648 = CARTESIAN_POINT('',(-0.41999998688,0.330000016695,13.7));
#1649 = B_SPLINE_CURVE_WITH_KNOTS('',1,(#1650,#1651),.UNSPECIFIED.,.F.,
  .F.,(2,2),(-3.479197080292,-0.119197080292),.PIECEWISE_BEZIER_KNOTS.);
#1650 = CARTESIAN_POINT('',(-3.77999998688,0.330000150284,13.7));
#1651 = CARTESIAN_POINT('',(-0.41999998688,0.330000016695,13.7));
#1652 = ORIENTED_EDGE('',*,*,#1653,.T.);
#1653 = EDGE_CURVE('',#1647,#1654,#1656,.T.);
#1654 = VERTEX_POINT('',#1655);
#1655 = CARTESIAN_POINT('',(1.67000001312,0.3299999336,13.7));
#1656 = B_SPLINE_CURVE_WITH_KNOTS('',1,(#1657,#1658),.UNSPECIFIED.,.F.,
  .F.,(2,2),(-6.7,-4.61),.PIECEWISE_BEZIER_KNOTS.);
#1657 = CARTESIAN_POINT('',(-0.41999998688,0.330000016695,13.7));
#1658 = CARTESIAN_POINT('',(1.67000001312,0.3299999336,13.7));
#1659 = ORIENTED_EDGE('',*,*,#1660,.T.);
#1660 = EDGE_CURVE('',#1654,#1661,#1663,.T.);
#1661 = VERTEX_POINT('',#1662);
#1662 = CARTESIAN_POINT('',(4.92000001312,0.329999804384,13.7));
#1663 = B_SPLINE_CURVE_WITH_KNOTS('',1,(#1664,#1665),.UNSPECIFIED.,.F.,
  .F.,(2,2),(1.970802919708,5.220802919708),.PIECEWISE_BEZIER_KNOTS.);
#1664 = CARTESIAN_POINT('',(1.67000001312,0.3299999336,13.7));
#1665 = CARTESIAN_POINT('',(4.92000001312,0.329999804384,13.7));
#1666 = ORIENTED_EDGE('',*,*,#1667,.T.);
#1667 = EDGE_CURVE('',#1661,#1668,#1670,.T.);
#1668 = VERTEX_POINT('',#1669);
#1669 = CARTESIAN_POINT('',(6.28000001312,0.329999750313,13.7));
#1670 = B_SPLINE_CURVE_WITH_KNOTS('',1,(#1671,#1672),.UNSPECIFIED.,.F.,
  .F.,(2,2),(-1.36,0.),.PIECEWISE_BEZIER_KNOTS.);
#1671 = CARTESIAN_POINT('',(4.92000001312,0.329999804384,13.7));
#1672 = CARTESIAN_POINT('',(6.28000001312,0.329999750313,13.7));
#1673 = ORIENTED_EDGE('',*,*,#1674,.T.);
#1674 = EDGE_CURVE('',#1668,#1675,#1677,.T.);
#1675 = VERTEX_POINT('',#1676);
#1676 = CARTESIAN_POINT('',(6.27999998688,-0.330000249687,13.7));
#1677 = B_SPLINE_CURVE_WITH_KNOTS('',1,(#1678,#1679),.UNSPECIFIED.,.F.,
  .F.,(2,2),(0.,0.66),.PIECEWISE_BEZIER_KNOTS.);
#1678 = CARTESIAN_POINT('',(6.28000001312,0.329999750313,13.7));
#1679 = CARTESIAN_POINT('',(6.27999998688,-0.330000249687,13.7));
#1680 = ORIENTED_EDGE('',*,*,#1681,.T.);
#1681 = EDGE_CURVE('',#1675,#1682,#1684,.T.);
#1682 = VERTEX_POINT('',#1683);
#1683 = CARTESIAN_POINT('',(4.91999998688,-0.330000195616,13.7));
#1684 = B_SPLINE_CURVE_WITH_KNOTS('',1,(#1685,#1686),.UNSPECIFIED.,.F.,
  .F.,(2,2),(-0.,1.36),.PIECEWISE_BEZIER_KNOTS.);
#1685 = CARTESIAN_POINT('',(6.27999998688,-0.330000249687,13.7));
#1686 = CARTESIAN_POINT('',(4.91999998688,-0.330000195616,13.7));
#1687 = ORIENTED_EDGE('',*,*,#1688,.T.);
#1688 = EDGE_CURVE('',#1682,#1689,#1691,.T.);
#1689 = VERTEX_POINT('',#1690);
#1690 = CARTESIAN_POINT('',(1.66999998688,-0.3300000664,13.7));
#1691 = B_SPLINE_CURVE_WITH_KNOTS('',1,(#1692,#1693),.UNSPECIFIED.,.F.,
  .F.,(2,2),(-5.220802919708,-1.970802919708),.PIECEWISE_BEZIER_KNOTS.);
#1692 = CARTESIAN_POINT('',(4.91999998688,-0.330000195616,13.7));
#1693 = CARTESIAN_POINT('',(1.66999998688,-0.3300000664,13.7));
#1694 = ORIENTED_EDGE('',*,*,#1695,.T.);
#1695 = EDGE_CURVE('',#1689,#1696,#1698,.T.);
#1696 = VERTEX_POINT('',#1697);
#1697 = CARTESIAN_POINT('',(-0.42000001312,-0.329999983305,13.7));
#1698 = B_SPLINE_CURVE_WITH_KNOTS('',1,(#1699,#1700),.UNSPECIFIED.,.F.,
  .F.,(2,2),(4.61,6.7),.PIECEWISE_BEZIER_KNOTS.);
#1699 = CARTESIAN_POINT('',(1.66999998688,-0.3300000664,13.7));
#1700 = CARTESIAN_POINT('',(-0.42000001312,-0.329999983305,13.7));
#1701 = ORIENTED_EDGE('',*,*,#1702,.T.);
#1702 = EDGE_CURVE('',#1696,#1703,#1705,.T.);
#1703 = VERTEX_POINT('',#1704);
#1704 = CARTESIAN_POINT('',(-3.78000001312,-0.329999849716,13.7));
#1705 = B_SPLINE_CURVE_WITH_KNOTS('',1,(#1706,#1707),.UNSPECIFIED.,.F.,
  .F.,(2,2),(0.119197080292,3.479197080292),.PIECEWISE_BEZIER_KNOTS.);
#1706 = CARTESIAN_POINT('',(-0.42000001312,-0.329999983305,13.7));
#1707 = CARTESIAN_POINT('',(-3.78000001312,-0.329999849716,13.7));
#1708 = ORIENTED_EDGE('',*,*,#1709,.T.);
#1709 = EDGE_CURVE('',#1703,#1645,#1710,.T.);
#1710 = B_SPLINE_CURVE_WITH_KNOTS('',1,(#1711,#1712),.UNSPECIFIED.,.F.,
  .F.,(2,2),(1.431313868613,2.091313868613),.PIECEWISE_BEZIER_KNOTS.);
#1711 = CARTESIAN_POINT('',(-3.78000001312,-0.329999849716,13.7));
#1712 = CARTESIAN_POINT('',(-3.77999998688,0.330000150284,13.7));
#1713 = B_SPLINE_SURFACE_WITH_KNOTS('',1,1,(
    (#1714,#1715)
    ,(#1716,#1717
    )),.UNSPECIFIED.,.F.,.F.,.F.,(2,2),(2,2),(1.431313868613,
    2.091313868613),(-6.580802919708,3.479197080292),
  .PIECEWISE_BEZIER_KNOTS.);
#1714 = CARTESIAN_POINT('',(6.27999998688,-0.330000249687,13.7));
#1715 = CARTESIAN_POINT('',(-3.78000001312,-0.329999849716,13.7));
#1716 = CARTESIAN_POINT('',(6.28000001312,0.329999750313,13.7));
#1717 = CARTESIAN_POINT('',(-3.77999998688,0.330000150284,13.7));
#1718 = ADVANCED_FACE('',(#1719),#1741,.T.);
#1719 = FACE_BOUND('',#1720,.F.);
#1720 = EDGE_LOOP('',(#1721,#1730,#1735,#1736));
#1721 = ORIENTED_EDGE('',*,*,#1722,.T.);
#1722 = EDGE_CURVE('',#1723,#1725,#1727,.T.);
#1723 = VERTEX_POINT('',#1724);
#1724 = CARTESIAN_POINT('',(-3.78000001312,-0.329999849716,11.6));
#1725 = VERTEX_POINT('',#1726);
#1726 = CARTESIAN_POINT('',(-3.77999998688,0.330000150284,11.6));
#1727 = B_SPLINE_CURVE_WITH_KNOTS('',1,(#1728,#1729),.UNSPECIFIED.,.F.,
  .F.,(2,2),(-8.28,-7.62),.PIECEWISE_BEZIER_KNOTS.);
#1728 = CARTESIAN_POINT('',(-3.78000001312,-0.329999849716,11.6));
#1729 = CARTESIAN_POINT('',(-3.77999998688,0.330000150284,11.6));
#1730 = ORIENTED_EDGE('',*,*,#1731,.F.);
#1731 = EDGE_CURVE('',#1645,#1725,#1732,.T.);
#1732 = B_SPLINE_CURVE_WITH_KNOTS('',1,(#1733,#1734),.UNSPECIFIED.,.F.,
  .F.,(2,2),(-2.1,0.),.PIECEWISE_BEZIER_KNOTS.);
#1733 = CARTESIAN_POINT('',(-3.77999998688,0.330000150284,13.7));
#1734 = CARTESIAN_POINT('',(-3.77999998688,0.330000150284,11.6));
#1735 = ORIENTED_EDGE('',*,*,#1709,.F.);
#1736 = ORIENTED_EDGE('',*,*,#1737,.T.);
#1737 = EDGE_CURVE('',#1703,#1723,#1738,.T.);
#1738 = B_SPLINE_CURVE_WITH_KNOTS('',1,(#1739,#1740),.UNSPECIFIED.,.F.,
  .F.,(2,2),(0.,2.1),.PIECEWISE_BEZIER_KNOTS.);
#1739 = CARTESIAN_POINT('',(-3.78000001312,-0.329999849716,13.7));
#1740 = CARTESIAN_POINT('',(-3.78000001312,-0.329999849716,11.6));
#1741 = B_SPLINE_SURFACE_WITH_KNOTS('',1,1,(
    (#1742,#1743)
    ,(#1744,#1745
    )),.UNSPECIFIED.,.F.,.F.,.F.,(2,2),(2,2),(7.62,8.28),(-2.1,
    2.22044604925E-15),.PIECEWISE_BEZIER_KNOTS.);
#1742 = CARTESIAN_POINT('',(-3.77999998688,0.330000150284,11.6));
#1743 = CARTESIAN_POINT('',(-3.77999998688,0.330000150284,13.7));
#1744 = CARTESIAN_POINT('',(-3.78000001312,-0.329999849716,11.6));
#1745 = CARTESIAN_POINT('',(-3.78000001312,-0.329999849716,13.7));
#1746 = ADVANCED_FACE('',(#1747),#1769,.F.);
#1747 = FACE_BOUND('',#1748,.F.);
#1748 = EDGE_LOOP('',(#1749,#1758,#1763,#1764));
#1749 = ORIENTED_EDGE('',*,*,#1750,.T.);
#1750 = EDGE_CURVE('',#1751,#1753,#1755,.T.);
#1751 = VERTEX_POINT('',#1752);
#1752 = CARTESIAN_POINT('',(4.91999998688,-0.330000195616,11.6));
#1753 = VERTEX_POINT('',#1754);
#1754 = CARTESIAN_POINT('',(1.66999998688,-0.3300000664,11.6));
#1755 = B_SPLINE_CURVE_WITH_KNOTS('',1,(#1756,#1757),.UNSPECIFIED.,.F.,
  .F.,(2,2),(1.36,4.61),.PIECEWISE_BEZIER_KNOTS.);
#1756 = CARTESIAN_POINT('',(4.91999998688,-0.330000195616,11.6));
#1757 = CARTESIAN_POINT('',(1.66999998688,-0.3300000664,11.6));
#1758 = ORIENTED_EDGE('',*,*,#1759,.T.);
#1759 = EDGE_CURVE('',#1753,#1689,#1760,.T.);
#1760 = B_SPLINE_CURVE_WITH_KNOTS('',1,(#1761,#1762),.UNSPECIFIED.,.F.,
  .F.,(2,2),(0.,2.1),.PIECEWISE_BEZIER_KNOTS.);
#1761 = CARTESIAN_POINT('',(1.66999998688,-0.3300000664,11.6));
#1762 = CARTESIAN_POINT('',(1.66999998688,-0.3300000664,13.7));
#1763 = ORIENTED_EDGE('',*,*,#1688,.F.);
#1764 = ORIENTED_EDGE('',*,*,#1765,.T.);
#1765 = EDGE_CURVE('',#1682,#1751,#1766,.T.);
#1766 = B_SPLINE_CURVE_WITH_KNOTS('',1,(#1767,#1768),.UNSPECIFIED.,.F.,
  .F.,(2,2),(-2.1,0.),.PIECEWISE_BEZIER_KNOTS.);
#1767 = CARTESIAN_POINT('',(4.91999998688,-0.330000195616,13.7));
#1768 = CARTESIAN_POINT('',(4.91999998688,-0.330000195616,11.6));
#1769 = B_SPLINE_SURFACE_WITH_KNOTS('',1,1,(
    (#1770,#1771)
    ,(#1772,#1773
    )),.UNSPECIFIED.,.F.,.F.,.F.,(2,2),(2,2),(-2.1,4.862088259092E-23),(
    1.36,4.61),.PIECEWISE_BEZIER_KNOTS.);
#1770 = CARTESIAN_POINT('',(4.91999998688,-0.330000195616,13.7));
#1771 = CARTESIAN_POINT('',(1.66999998688,-0.3300000664,13.7));
#1772 = CARTESIAN_POINT('',(4.91999998688,-0.330000195616,11.6));
#1773 = CARTESIAN_POINT('',(1.66999998688,-0.3300000664,11.6));
#1774 = ADVANCED_FACE('',(#1775),#1791,.F.);
#1775 = FACE_BOUND('',#1776,.F.);
#1776 = EDGE_LOOP('',(#1777,#1778,#1785,#1790));
#1777 = ORIENTED_EDGE('',*,*,#1702,.F.);
#1778 = ORIENTED_EDGE('',*,*,#1779,.F.);
#1779 = EDGE_CURVE('',#1780,#1696,#1782,.T.);
#1780 = VERTEX_POINT('',#1781);
#1781 = CARTESIAN_POINT('',(-0.42000001312,-0.329999983305,11.6));
#1782 = B_SPLINE_CURVE_WITH_KNOTS('',1,(#1783,#1784),.UNSPECIFIED.,.F.,
  .F.,(2,2),(0.,2.1),.PIECEWISE_BEZIER_KNOTS.);
#1783 = CARTESIAN_POINT('',(-0.42000001312,-0.329999983305,11.6));
#1784 = CARTESIAN_POINT('',(-0.42000001312,-0.329999983305,13.7));
#1785 = ORIENTED_EDGE('',*,*,#1786,.T.);
#1786 = EDGE_CURVE('',#1780,#1723,#1787,.T.);
#1787 = B_SPLINE_CURVE_WITH_KNOTS('',1,(#1788,#1789),.UNSPECIFIED.,.F.,
  .F.,(2,2),(6.7,10.06),.PIECEWISE_BEZIER_KNOTS.);
#1788 = CARTESIAN_POINT('',(-0.42000001312,-0.329999983305,11.6));
#1789 = CARTESIAN_POINT('',(-3.78000001312,-0.329999849716,11.6));
#1790 = ORIENTED_EDGE('',*,*,#1737,.F.);
#1791 = B_SPLINE_SURFACE_WITH_KNOTS('',1,1,(
    (#1792,#1793)
    ,(#1794,#1795
    )),.UNSPECIFIED.,.F.,.F.,.F.,(2,2),(2,2),(-2.1,5.683030796264E-23),(
    6.7,10.06),.PIECEWISE_BEZIER_KNOTS.);
#1792 = CARTESIAN_POINT('',(-0.42000001312,-0.329999983305,13.7));
#1793 = CARTESIAN_POINT('',(-3.78000001312,-0.329999849716,13.7));
#1794 = CARTESIAN_POINT('',(-0.42000001312,-0.329999983305,11.6));
#1795 = CARTESIAN_POINT('',(-3.78000001312,-0.329999849716,11.6));
#1796 = ADVANCED_FACE('',(#1797),#1819,.F.);
#1797 = FACE_BOUND('',#1798,.F.);
#1798 = EDGE_LOOP('',(#1799,#1800,#1807,#1814));
#1799 = ORIENTED_EDGE('',*,*,#1660,.F.);
#1800 = ORIENTED_EDGE('',*,*,#1801,.T.);
#1801 = EDGE_CURVE('',#1654,#1802,#1804,.T.);
#1802 = VERTEX_POINT('',#1803);
#1803 = CARTESIAN_POINT('',(1.67000001312,0.3299999336,11.6));
#1804 = B_SPLINE_CURVE_WITH_KNOTS('',1,(#1805,#1806),.UNSPECIFIED.,.F.,
  .F.,(2,2),(-2.1,2.036436487441E-29),.PIECEWISE_BEZIER_KNOTS.);
#1805 = CARTESIAN_POINT('',(1.67000001312,0.3299999336,13.7));
#1806 = CARTESIAN_POINT('',(1.67000001312,0.3299999336,11.6));
#1807 = ORIENTED_EDGE('',*,*,#1808,.T.);
#1808 = EDGE_CURVE('',#1802,#1809,#1811,.T.);
#1809 = VERTEX_POINT('',#1810);
#1810 = CARTESIAN_POINT('',(4.92000001312,0.329999804384,11.6));
#1811 = B_SPLINE_CURVE_WITH_KNOTS('',1,(#1812,#1813),.UNSPECIFIED.,.F.,
  .F.,(2,2),(2.09,5.34),.PIECEWISE_BEZIER_KNOTS.);
#1812 = CARTESIAN_POINT('',(1.67000001312,0.3299999336,11.6));
#1813 = CARTESIAN_POINT('',(4.92000001312,0.329999804384,11.6));
#1814 = ORIENTED_EDGE('',*,*,#1815,.T.);
#1815 = EDGE_CURVE('',#1809,#1661,#1816,.T.);
#1816 = B_SPLINE_CURVE_WITH_KNOTS('',1,(#1817,#1818),.UNSPECIFIED.,.F.,
  .F.,(2,2),(0.,2.1),.PIECEWISE_BEZIER_KNOTS.);
#1817 = CARTESIAN_POINT('',(4.92000001312,0.329999804384,11.6));
#1818 = CARTESIAN_POINT('',(4.92000001312,0.329999804384,13.7));
#1819 = B_SPLINE_SURFACE_WITH_KNOTS('',1,1,(
    (#1820,#1821)
    ,(#1822,#1823
    )),.UNSPECIFIED.,.F.,.F.,.F.,(2,2),(2,2),(2.09,5.34),(
    7.704484869206E-31,2.1),.PIECEWISE_BEZIER_KNOTS.);
#1820 = CARTESIAN_POINT('',(1.67000001312,0.3299999336,11.6));
#1821 = CARTESIAN_POINT('',(1.67000001312,0.3299999336,13.7));
#1822 = CARTESIAN_POINT('',(4.92000001312,0.329999804384,11.6));
#1823 = CARTESIAN_POINT('',(4.92000001312,0.329999804384,13.7));
#1824 = ADVANCED_FACE('',(#1825),#1841,.F.);
#1825 = FACE_BOUND('',#1826,.F.);
#1826 = EDGE_LOOP('',(#1827,#1834,#1839,#1840));
#1827 = ORIENTED_EDGE('',*,*,#1828,.T.);
#1828 = EDGE_CURVE('',#1725,#1829,#1831,.T.);
#1829 = VERTEX_POINT('',#1830);
#1830 = CARTESIAN_POINT('',(-0.41999998688,0.330000016695,11.6));
#1831 = B_SPLINE_CURVE_WITH_KNOTS('',1,(#1832,#1833),.UNSPECIFIED.,.F.,
  .F.,(2,2),(-3.36,0.),.PIECEWISE_BEZIER_KNOTS.);
#1832 = CARTESIAN_POINT('',(-3.77999998688,0.330000150284,11.6));
#1833 = CARTESIAN_POINT('',(-0.41999998688,0.330000016695,11.6));
#1834 = ORIENTED_EDGE('',*,*,#1835,.T.);
#1835 = EDGE_CURVE('',#1829,#1647,#1836,.T.);
#1836 = B_SPLINE_CURVE_WITH_KNOTS('',1,(#1837,#1838),.UNSPECIFIED.,.F.,
  .F.,(2,2),(0.,2.1),.PIECEWISE_BEZIER_KNOTS.);
#1837 = CARTESIAN_POINT('',(-0.41999998688,0.330000016695,11.6));
#1838 = CARTESIAN_POINT('',(-0.41999998688,0.330000016695,13.7));
#1839 = ORIENTED_EDGE('',*,*,#1644,.F.);
#1840 = ORIENTED_EDGE('',*,*,#1731,.T.);
#1841 = B_SPLINE_SURFACE_WITH_KNOTS('',1,1,(
    (#1842,#1843)
    ,(#1844,#1845
    )),.UNSPECIFIED.,.F.,.F.,.F.,(2,2),(2,2),(-3.36,6.647460359943E-15),
  (-4.704256597935E-23,2.1),.PIECEWISE_BEZIER_KNOTS.);
#1842 = CARTESIAN_POINT('',(-3.77999998688,0.330000150284,11.6));
#1843 = CARTESIAN_POINT('',(-3.77999998688,0.330000150284,13.7));
#1844 = CARTESIAN_POINT('',(-0.41999998688,0.330000016695,11.6));
#1845 = CARTESIAN_POINT('',(-0.41999998688,0.330000016695,13.7));
#1846 = ADVANCED_FACE('',(#1847),#1857,.T.);
#1847 = FACE_BOUND('',#1848,.F.);
#1848 = EDGE_LOOP('',(#1849,#1854,#1855,#1856));
#1849 = ORIENTED_EDGE('',*,*,#1850,.F.);
#1850 = EDGE_CURVE('',#1829,#1780,#1851,.T.);
#1851 = B_SPLINE_CURVE_WITH_KNOTS('',1,(#1852,#1853),.UNSPECIFIED.,.F.,
  .F.,(2,2),(-5.74,-5.08),.PIECEWISE_BEZIER_KNOTS.);
#1852 = CARTESIAN_POINT('',(-0.41999998688,0.330000016695,11.6));
#1853 = CARTESIAN_POINT('',(-0.42000001312,-0.329999983305,11.6));
#1854 = ORIENTED_EDGE('',*,*,#1828,.F.);
#1855 = ORIENTED_EDGE('',*,*,#1722,.F.);
#1856 = ORIENTED_EDGE('',*,*,#1786,.F.);
#1857 = B_SPLINE_SURFACE_WITH_KNOTS('',1,1,(
    (#1858,#1859)
    ,(#1860,#1861
    )),.UNSPECIFIED.,.F.,.F.,.F.,(2,2),(2,2),(-2.091313868613,
    -1.431313868613),(0.119197080292,3.479197080292),
  .PIECEWISE_BEZIER_KNOTS.);
#1858 = CARTESIAN_POINT('',(-0.41999998688,0.330000016695,11.6));
#1859 = CARTESIAN_POINT('',(-3.77999998688,0.330000150284,11.6));
#1860 = CARTESIAN_POINT('',(-0.42000001312,-0.329999983305,11.6));
#1861 = CARTESIAN_POINT('',(-3.78000001312,-0.329999849716,11.6));
#1862 = ADVANCED_FACE('',(#1863),#1935,.T.);
#1863 = FACE_BOUND('',#1864,.F.);
#1864 = EDGE_LOOP('',(#1865,#1874,#1881,#1888,#1895,#1902,#1909,#1916,
    #1923,#1930));
#1865 = ORIENTED_EDGE('',*,*,#1866,.T.);
#1866 = EDGE_CURVE('',#1867,#1869,#1871,.T.);
#1867 = VERTEX_POINT('',#1868);
#1868 = CARTESIAN_POINT('',(-3.779999885893,2.870000150284,13.7));
#1869 = VERTEX_POINT('',#1870);
#1870 = CARTESIAN_POINT('',(-0.419999885893,2.870000016695,13.7));
#1871 = B_SPLINE_CURVE_WITH_KNOTS('',1,(#1872,#1873),.UNSPECIFIED.,.F.,
  .F.,(2,2),(-3.479197080292,-0.119197080292),.PIECEWISE_BEZIER_KNOTS.);
#1872 = CARTESIAN_POINT('',(-3.779999885893,2.870000150284,13.7));
#1873 = CARTESIAN_POINT('',(-0.419999885893,2.870000016695,13.7));
#1874 = ORIENTED_EDGE('',*,*,#1875,.T.);
#1875 = EDGE_CURVE('',#1869,#1876,#1878,.T.);
#1876 = VERTEX_POINT('',#1877);
#1877 = CARTESIAN_POINT('',(1.670000114107,2.8699999336,13.7));
#1878 = B_SPLINE_CURVE_WITH_KNOTS('',1,(#1879,#1880),.UNSPECIFIED.,.F.,
  .F.,(2,2),(-6.7,-4.61),.PIECEWISE_BEZIER_KNOTS.);
#1879 = CARTESIAN_POINT('',(-0.419999885893,2.870000016695,13.7));
#1880 = CARTESIAN_POINT('',(1.670000114107,2.8699999336,13.7));
#1881 = ORIENTED_EDGE('',*,*,#1882,.T.);
#1882 = EDGE_CURVE('',#1876,#1883,#1885,.T.);
#1883 = VERTEX_POINT('',#1884);
#1884 = CARTESIAN_POINT('',(4.920000114107,2.869999804384,13.7));
#1885 = B_SPLINE_CURVE_WITH_KNOTS('',1,(#1886,#1887),.UNSPECIFIED.,.F.,
  .F.,(2,2),(1.970802919708,5.220802919708),.PIECEWISE_BEZIER_KNOTS.);
#1886 = CARTESIAN_POINT('',(1.670000114107,2.8699999336,13.7));
#1887 = CARTESIAN_POINT('',(4.920000114107,2.869999804384,13.7));
#1888 = ORIENTED_EDGE('',*,*,#1889,.T.);
#1889 = EDGE_CURVE('',#1883,#1890,#1892,.T.);
#1890 = VERTEX_POINT('',#1891);
#1891 = CARTESIAN_POINT('',(6.280000114107,2.869999750313,13.7));
#1892 = B_SPLINE_CURVE_WITH_KNOTS('',1,(#1893,#1894),.UNSPECIFIED.,.F.,
  .F.,(2,2),(-1.36,0.),.PIECEWISE_BEZIER_KNOTS.);
#1893 = CARTESIAN_POINT('',(4.920000114107,2.869999804384,13.7));
#1894 = CARTESIAN_POINT('',(6.280000114107,2.869999750313,13.7));
#1895 = ORIENTED_EDGE('',*,*,#1896,.T.);
#1896 = EDGE_CURVE('',#1890,#1897,#1899,.T.);
#1897 = VERTEX_POINT('',#1898);
#1898 = CARTESIAN_POINT('',(6.280000087866,2.209999750313,13.7));
#1899 = B_SPLINE_CURVE_WITH_KNOTS('',1,(#1900,#1901),.UNSPECIFIED.,.F.,
  .F.,(2,2),(0.,0.66),.PIECEWISE_BEZIER_KNOTS.);
#1900 = CARTESIAN_POINT('',(6.280000114107,2.869999750313,13.7));
#1901 = CARTESIAN_POINT('',(6.280000087866,2.209999750313,13.7));
#1902 = ORIENTED_EDGE('',*,*,#1903,.T.);
#1903 = EDGE_CURVE('',#1897,#1904,#1906,.T.);
#1904 = VERTEX_POINT('',#1905);
#1905 = CARTESIAN_POINT('',(4.920000087866,2.209999804384,13.7));
#1906 = B_SPLINE_CURVE_WITH_KNOTS('',1,(#1907,#1908),.UNSPECIFIED.,.F.,
  .F.,(2,2),(-0.,1.36),.PIECEWISE_BEZIER_KNOTS.);
#1907 = CARTESIAN_POINT('',(6.280000087866,2.209999750313,13.7));
#1908 = CARTESIAN_POINT('',(4.920000087866,2.209999804384,13.7));
#1909 = ORIENTED_EDGE('',*,*,#1910,.T.);
#1910 = EDGE_CURVE('',#1904,#1911,#1913,.T.);
#1911 = VERTEX_POINT('',#1912);
#1912 = CARTESIAN_POINT('',(1.670000087866,2.2099999336,13.7));
#1913 = B_SPLINE_CURVE_WITH_KNOTS('',1,(#1914,#1915),.UNSPECIFIED.,.F.,
  .F.,(2,2),(-5.220802919708,-1.970802919708),.PIECEWISE_BEZIER_KNOTS.);
#1914 = CARTESIAN_POINT('',(4.920000087866,2.209999804384,13.7));
#1915 = CARTESIAN_POINT('',(1.670000087866,2.2099999336,13.7));
#1916 = ORIENTED_EDGE('',*,*,#1917,.T.);
#1917 = EDGE_CURVE('',#1911,#1918,#1920,.T.);
#1918 = VERTEX_POINT('',#1919);
#1919 = CARTESIAN_POINT('',(-0.419999912134,2.210000016695,13.7));
#1920 = B_SPLINE_CURVE_WITH_KNOTS('',1,(#1921,#1922),.UNSPECIFIED.,.F.,
  .F.,(2,2),(4.61,6.7),.PIECEWISE_BEZIER_KNOTS.);
#1921 = CARTESIAN_POINT('',(1.670000087866,2.2099999336,13.7));
#1922 = CARTESIAN_POINT('',(-0.419999912134,2.210000016695,13.7));
#1923 = ORIENTED_EDGE('',*,*,#1924,.T.);
#1924 = EDGE_CURVE('',#1918,#1925,#1927,.T.);
#1925 = VERTEX_POINT('',#1926);
#1926 = CARTESIAN_POINT('',(-3.779999912134,2.210000150284,13.7));
#1927 = B_SPLINE_CURVE_WITH_KNOTS('',1,(#1928,#1929),.UNSPECIFIED.,.F.,
  .F.,(2,2),(0.119197080292,3.479197080292),.PIECEWISE_BEZIER_KNOTS.);
#1928 = CARTESIAN_POINT('',(-0.419999912134,2.210000016695,13.7));
#1929 = CARTESIAN_POINT('',(-3.779999912134,2.210000150284,13.7));
#1930 = ORIENTED_EDGE('',*,*,#1931,.T.);
#1931 = EDGE_CURVE('',#1925,#1867,#1932,.T.);
#1932 = B_SPLINE_CURVE_WITH_KNOTS('',1,(#1933,#1934),.UNSPECIFIED.,.F.,
  .F.,(2,2),(3.971313868613,4.631313868613),.PIECEWISE_BEZIER_KNOTS.);
#1933 = CARTESIAN_POINT('',(-3.779999912134,2.210000150284,13.7));
#1934 = CARTESIAN_POINT('',(-3.779999885893,2.870000150284,13.7));
#1935 = B_SPLINE_SURFACE_WITH_KNOTS('',1,1,(
    (#1936,#1937)
    ,(#1938,#1939
    )),.UNSPECIFIED.,.F.,.F.,.F.,(2,2),(2,2),(3.971313868613,
    4.631313868613),(-6.580802919708,3.479197080292),
  .PIECEWISE_BEZIER_KNOTS.);
#1936 = CARTESIAN_POINT('',(6.280000087866,2.209999750313,13.7));
#1937 = CARTESIAN_POINT('',(-3.779999912134,2.210000150284,13.7));
#1938 = CARTESIAN_POINT('',(6.280000114107,2.869999750313,13.7));
#1939 = CARTESIAN_POINT('',(-3.779999885893,2.870000150284,13.7));
#1940 = ADVANCED_FACE('',(#1941),#1963,.T.);
#1941 = FACE_BOUND('',#1942,.F.);
#1942 = EDGE_LOOP('',(#1943,#1952,#1957,#1958));
#1943 = ORIENTED_EDGE('',*,*,#1944,.T.);
#1944 = EDGE_CURVE('',#1945,#1947,#1949,.T.);
#1945 = VERTEX_POINT('',#1946);
#1946 = CARTESIAN_POINT('',(-3.779999912134,2.210000150284,11.6));
#1947 = VERTEX_POINT('',#1948);
#1948 = CARTESIAN_POINT('',(-3.779999885893,2.870000150284,11.6));
#1949 = B_SPLINE_CURVE_WITH_KNOTS('',1,(#1950,#1951),.UNSPECIFIED.,.F.,
  .F.,(2,2),(-5.74,-5.08),.PIECEWISE_BEZIER_KNOTS.);
#1950 = CARTESIAN_POINT('',(-3.779999912134,2.210000150284,11.6));
#1951 = CARTESIAN_POINT('',(-3.779999885893,2.870000150284,11.6));
#1952 = ORIENTED_EDGE('',*,*,#1953,.F.);
#1953 = EDGE_CURVE('',#1867,#1947,#1954,.T.);
#1954 = B_SPLINE_CURVE_WITH_KNOTS('',1,(#1955,#1956),.UNSPECIFIED.,.F.,
  .F.,(2,2),(-2.1,0.),.PIECEWISE_BEZIER_KNOTS.);
#1955 = CARTESIAN_POINT('',(-3.779999885893,2.870000150284,13.7));
#1956 = CARTESIAN_POINT('',(-3.779999885893,2.870000150284,11.6));
#1957 = ORIENTED_EDGE('',*,*,#1931,.F.);
#1958 = ORIENTED_EDGE('',*,*,#1959,.T.);
#1959 = EDGE_CURVE('',#1925,#1945,#1960,.T.);
#1960 = B_SPLINE_CURVE_WITH_KNOTS('',1,(#1961,#1962),.UNSPECIFIED.,.F.,
  .F.,(2,2),(0.,2.1),.PIECEWISE_BEZIER_KNOTS.);
#1961 = CARTESIAN_POINT('',(-3.779999912134,2.210000150284,13.7));
#1962 = CARTESIAN_POINT('',(-3.779999912134,2.210000150284,11.6));
#1963 = B_SPLINE_SURFACE_WITH_KNOTS('',1,1,(
    (#1964,#1965)
    ,(#1966,#1967
    )),.UNSPECIFIED.,.F.,.F.,.F.,(2,2),(2,2),(5.08,5.74),(-2.1,
    1.578496719185E-15),.PIECEWISE_BEZIER_KNOTS.);
#1964 = CARTESIAN_POINT('',(-3.779999885893,2.870000150284,11.6));
#1965 = CARTESIAN_POINT('',(-3.779999885893,2.870000150284,13.7));
#1966 = CARTESIAN_POINT('',(-3.779999912134,2.210000150284,11.6));
#1967 = CARTESIAN_POINT('',(-3.779999912134,2.210000150284,13.7));
#1968 = ADVANCED_FACE('',(#1969),#1991,.F.);
#1969 = FACE_BOUND('',#1970,.F.);
#1970 = EDGE_LOOP('',(#1971,#1980,#1985,#1986));
#1971 = ORIENTED_EDGE('',*,*,#1972,.T.);
#1972 = EDGE_CURVE('',#1973,#1975,#1977,.T.);
#1973 = VERTEX_POINT('',#1974);
#1974 = CARTESIAN_POINT('',(4.920000087866,2.209999804384,11.6));
#1975 = VERTEX_POINT('',#1976);
#1976 = CARTESIAN_POINT('',(1.670000087866,2.2099999336,11.6));
#1977 = B_SPLINE_CURVE_WITH_KNOTS('',1,(#1978,#1979),.UNSPECIFIED.,.F.,
  .F.,(2,2),(1.36,4.61),.PIECEWISE_BEZIER_KNOTS.);
#1978 = CARTESIAN_POINT('',(4.920000087866,2.209999804384,11.6));
#1979 = CARTESIAN_POINT('',(1.670000087866,2.2099999336,11.6));
#1980 = ORIENTED_EDGE('',*,*,#1981,.T.);
#1981 = EDGE_CURVE('',#1975,#1911,#1982,.T.);
#1982 = B_SPLINE_CURVE_WITH_KNOTS('',1,(#1983,#1984),.UNSPECIFIED.,.F.,
  .F.,(2,2),(-2.036436487441E-29,2.1),.PIECEWISE_BEZIER_KNOTS.);
#1983 = CARTESIAN_POINT('',(1.670000087866,2.2099999336,11.6));
#1984 = CARTESIAN_POINT('',(1.670000087866,2.2099999336,13.7));
#1985 = ORIENTED_EDGE('',*,*,#1910,.F.);
#1986 = ORIENTED_EDGE('',*,*,#1987,.T.);
#1987 = EDGE_CURVE('',#1904,#1973,#1988,.T.);
#1988 = B_SPLINE_CURVE_WITH_KNOTS('',1,(#1989,#1990),.UNSPECIFIED.,.F.,
  .F.,(2,2),(-2.1,0.),.PIECEWISE_BEZIER_KNOTS.);
#1989 = CARTESIAN_POINT('',(4.920000087866,2.209999804384,13.7));
#1990 = CARTESIAN_POINT('',(4.920000087866,2.209999804384,11.6));
#1991 = B_SPLINE_SURFACE_WITH_KNOTS('',1,1,(
    (#1992,#1993)
    ,(#1994,#1995
    )),.UNSPECIFIED.,.F.,.F.,.F.,(2,2),(2,2),(-2.1,4.862088259092E-23),(
    1.36,4.61),.PIECEWISE_BEZIER_KNOTS.);
#1992 = CARTESIAN_POINT('',(4.920000087866,2.209999804384,13.7));
#1993 = CARTESIAN_POINT('',(1.670000087866,2.2099999336,13.7));
#1994 = CARTESIAN_POINT('',(4.920000087866,2.209999804384,11.6));
#1995 = CARTESIAN_POINT('',(1.670000087866,2.2099999336,11.6));
#1996 = ADVANCED_FACE('',(#1997),#2013,.F.);
#1997 = FACE_BOUND('',#1998,.F.);
#1998 = EDGE_LOOP('',(#1999,#2000,#2007,#2012));
#1999 = ORIENTED_EDGE('',*,*,#1924,.F.);
#2000 = ORIENTED_EDGE('',*,*,#2001,.F.);
#2001 = EDGE_CURVE('',#2002,#1918,#2004,.T.);
#2002 = VERTEX_POINT('',#2003);
#2003 = CARTESIAN_POINT('',(-0.419999912134,2.210000016695,11.6));
#2004 = B_SPLINE_CURVE_WITH_KNOTS('',1,(#2005,#2006),.UNSPECIFIED.,.F.,
  .F.,(2,2),(0.,2.1),.PIECEWISE_BEZIER_KNOTS.);
#2005 = CARTESIAN_POINT('',(-0.419999912134,2.210000016695,11.6));
#2006 = CARTESIAN_POINT('',(-0.419999912134,2.210000016695,13.7));
#2007 = ORIENTED_EDGE('',*,*,#2008,.T.);
#2008 = EDGE_CURVE('',#2002,#1945,#2009,.T.);
#2009 = B_SPLINE_CURVE_WITH_KNOTS('',1,(#2010,#2011),.UNSPECIFIED.,.F.,
  .F.,(2,2),(6.7,10.06),.PIECEWISE_BEZIER_KNOTS.);
#2010 = CARTESIAN_POINT('',(-0.419999912134,2.210000016695,11.6));
#2011 = CARTESIAN_POINT('',(-3.779999912134,2.210000150284,11.6));
#2012 = ORIENTED_EDGE('',*,*,#1959,.F.);
#2013 = B_SPLINE_SURFACE_WITH_KNOTS('',1,1,(
    (#2014,#2015)
    ,(#2016,#2017
    )),.UNSPECIFIED.,.F.,.F.,.F.,(2,2),(2,2),(-2.1,5.683046257938E-23),(
    6.7,10.06),.PIECEWISE_BEZIER_KNOTS.);
#2014 = CARTESIAN_POINT('',(-0.419999912134,2.210000016695,13.7));
#2015 = CARTESIAN_POINT('',(-3.779999912134,2.210000150284,13.7));
#2016 = CARTESIAN_POINT('',(-0.419999912134,2.210000016695,11.6));
#2017 = CARTESIAN_POINT('',(-3.779999912134,2.210000150284,11.6));
#2018 = ADVANCED_FACE('',(#2019),#2041,.F.);
#2019 = FACE_BOUND('',#2020,.F.);
#2020 = EDGE_LOOP('',(#2021,#2022,#2029,#2036));
#2021 = ORIENTED_EDGE('',*,*,#1882,.F.);
#2022 = ORIENTED_EDGE('',*,*,#2023,.T.);
#2023 = EDGE_CURVE('',#1876,#2024,#2026,.T.);
#2024 = VERTEX_POINT('',#2025);
#2025 = CARTESIAN_POINT('',(1.670000114107,2.8699999336,11.6));
#2026 = B_SPLINE_CURVE_WITH_KNOTS('',1,(#2027,#2028),.UNSPECIFIED.,.F.,
  .F.,(2,2),(-2.1,0.),.PIECEWISE_BEZIER_KNOTS.);
#2027 = CARTESIAN_POINT('',(1.670000114107,2.8699999336,13.7));
#2028 = CARTESIAN_POINT('',(1.670000114107,2.8699999336,11.6));
#2029 = ORIENTED_EDGE('',*,*,#2030,.T.);
#2030 = EDGE_CURVE('',#2024,#2031,#2033,.T.);
#2031 = VERTEX_POINT('',#2032);
#2032 = CARTESIAN_POINT('',(4.920000114107,2.869999804384,11.6));
#2033 = B_SPLINE_CURVE_WITH_KNOTS('',1,(#2034,#2035),.UNSPECIFIED.,.F.,
  .F.,(2,2),(2.09,5.34),.PIECEWISE_BEZIER_KNOTS.);
#2034 = CARTESIAN_POINT('',(1.670000114107,2.8699999336,11.6));
#2035 = CARTESIAN_POINT('',(4.920000114107,2.869999804384,11.6));
#2036 = ORIENTED_EDGE('',*,*,#2037,.T.);
#2037 = EDGE_CURVE('',#2031,#1883,#2038,.T.);
#2038 = B_SPLINE_CURVE_WITH_KNOTS('',1,(#2039,#2040),.UNSPECIFIED.,.F.,
  .F.,(2,2),(0.,2.1),.PIECEWISE_BEZIER_KNOTS.);
#2039 = CARTESIAN_POINT('',(4.920000114107,2.869999804384,11.6));
#2040 = CARTESIAN_POINT('',(4.920000114107,2.869999804384,13.7));
#2041 = B_SPLINE_SURFACE_WITH_KNOTS('',1,1,(
    (#2042,#2043)
    ,(#2044,#2045)),.UNSPECIFIED.,.F.,.F.,.F.,(2,2),(2,2),(2.09,5.34),(
    -6.687285201832E-23,2.1),.PIECEWISE_BEZIER_KNOTS.);
#2042 = CARTESIAN_POINT('',(1.670000114107,2.8699999336,11.6));
#2043 = CARTESIAN_POINT('',(1.670000114107,2.8699999336,13.7));
#2044 = CARTESIAN_POINT('',(4.920000114107,2.869999804384,11.6));
#2045 = CARTESIAN_POINT('',(4.920000114107,2.869999804384,13.7));
#2046 = ADVANCED_FACE('',(#2047),#2063,.F.);
#2047 = FACE_BOUND('',#2048,.F.);
#2048 = EDGE_LOOP('',(#2049,#2056,#2061,#2062));
#2049 = ORIENTED_EDGE('',*,*,#2050,.T.);
#2050 = EDGE_CURVE('',#1947,#2051,#2053,.T.);
#2051 = VERTEX_POINT('',#2052);
#2052 = CARTESIAN_POINT('',(-0.419999885893,2.870000016695,11.6));
#2053 = B_SPLINE_CURVE_WITH_KNOTS('',1,(#2054,#2055),.UNSPECIFIED.,.F.,
  .F.,(2,2),(-3.36,0.),.PIECEWISE_BEZIER_KNOTS.);
#2054 = CARTESIAN_POINT('',(-3.779999885893,2.870000150284,11.6));
#2055 = CARTESIAN_POINT('',(-0.419999885893,2.870000016695,11.6));
#2056 = ORIENTED_EDGE('',*,*,#2057,.T.);
#2057 = EDGE_CURVE('',#2051,#1869,#2058,.T.);
#2058 = B_SPLINE_CURVE_WITH_KNOTS('',1,(#2059,#2060),.UNSPECIFIED.,.F.,
  .F.,(2,2),(0.,2.1),.PIECEWISE_BEZIER_KNOTS.);
#2059 = CARTESIAN_POINT('',(-0.419999885893,2.870000016695,11.6));
#2060 = CARTESIAN_POINT('',(-0.419999885893,2.870000016695,13.7));
#2061 = ORIENTED_EDGE('',*,*,#1866,.F.);
#2062 = ORIENTED_EDGE('',*,*,#1953,.T.);
#2063 = B_SPLINE_SURFACE_WITH_KNOTS('',1,1,(
    (#2064,#2065)
    ,(#2066,#2067
    )),.UNSPECIFIED.,.F.,.F.,.F.,(2,2),(2,2),(-3.36,2.070759874971E-29),
  (-4.704256203505E-23,2.1),.PIECEWISE_BEZIER_KNOTS.);
#2064 = CARTESIAN_POINT('',(-3.779999885893,2.870000150284,11.6));
#2065 = CARTESIAN_POINT('',(-3.779999885893,2.870000150284,13.7));
#2066 = CARTESIAN_POINT('',(-0.419999885893,2.870000016695,11.6));
#2067 = CARTESIAN_POINT('',(-0.419999885893,2.870000016695,13.7));
#2068 = ADVANCED_FACE('',(#2069),#2079,.T.);
#2069 = FACE_BOUND('',#2070,.F.);
#2070 = EDGE_LOOP('',(#2071,#2076,#2077,#2078));
#2071 = ORIENTED_EDGE('',*,*,#2072,.F.);
#2072 = EDGE_CURVE('',#2051,#2002,#2073,.T.);
#2073 = B_SPLINE_CURVE_WITH_KNOTS('',1,(#2074,#2075),.UNSPECIFIED.,.F.,
  .F.,(2,2),(-8.28,-7.62),.PIECEWISE_BEZIER_KNOTS.);
#2074 = CARTESIAN_POINT('',(-0.419999885893,2.870000016695,11.6));
#2075 = CARTESIAN_POINT('',(-0.419999912134,2.210000016695,11.6));
#2076 = ORIENTED_EDGE('',*,*,#2050,.F.);
#2077 = ORIENTED_EDGE('',*,*,#1944,.F.);
#2078 = ORIENTED_EDGE('',*,*,#2008,.F.);
#2079 = B_SPLINE_SURFACE_WITH_KNOTS('',1,1,(
    (#2080,#2081)
    ,(#2082,#2083
    )),.UNSPECIFIED.,.F.,.F.,.F.,(2,2),(2,2),(-4.631313868613,
    -3.971313868613),(0.119197080292,3.479197080292),
  .PIECEWISE_BEZIER_KNOTS.);
#2080 = CARTESIAN_POINT('',(-0.419999885893,2.870000016695,11.6));
#2081 = CARTESIAN_POINT('',(-3.779999885893,2.870000150284,11.6));
#2082 = CARTESIAN_POINT('',(-0.419999912134,2.210000016695,11.6));
#2083 = CARTESIAN_POINT('',(-3.779999912134,2.210000150284,11.6));
#2084 = ADVANCED_FACE('',(#2085),#2157,.T.);
#2085 = FACE_BOUND('',#2086,.F.);
#2086 = EDGE_LOOP('',(#2087,#2096,#2103,#2110,#2117,#2124,#2131,#2138,
    #2145,#2152));
#2087 = ORIENTED_EDGE('',*,*,#2088,.T.);
#2088 = EDGE_CURVE('',#2089,#2091,#2093,.T.);
#2089 = VERTEX_POINT('',#2090);
#2090 = CARTESIAN_POINT('',(-3.779999784906,5.410000150284,13.7));
#2091 = VERTEX_POINT('',#2092);
#2092 = CARTESIAN_POINT('',(-0.419999784906,5.410000016695,13.7));
#2093 = B_SPLINE_CURVE_WITH_KNOTS('',1,(#2094,#2095),.UNSPECIFIED.,.F.,
  .F.,(2,2),(-3.479197080292,-0.119197080292),.PIECEWISE_BEZIER_KNOTS.);
#2094 = CARTESIAN_POINT('',(-3.779999784906,5.410000150284,13.7));
#2095 = CARTESIAN_POINT('',(-0.419999784906,5.410000016695,13.7));
#2096 = ORIENTED_EDGE('',*,*,#2097,.T.);
#2097 = EDGE_CURVE('',#2091,#2098,#2100,.T.);
#2098 = VERTEX_POINT('',#2099);
#2099 = CARTESIAN_POINT('',(1.670000215094,5.4099999336,13.7));
#2100 = B_SPLINE_CURVE_WITH_KNOTS('',1,(#2101,#2102),.UNSPECIFIED.,.F.,
  .F.,(2,2),(-6.7,-4.61),.PIECEWISE_BEZIER_KNOTS.);
#2101 = CARTESIAN_POINT('',(-0.419999784906,5.410000016695,13.7));
#2102 = CARTESIAN_POINT('',(1.670000215094,5.4099999336,13.7));
#2103 = ORIENTED_EDGE('',*,*,#2104,.T.);
#2104 = EDGE_CURVE('',#2098,#2105,#2107,.T.);
#2105 = VERTEX_POINT('',#2106);
#2106 = CARTESIAN_POINT('',(4.920000215094,5.409999804384,13.7));
#2107 = B_SPLINE_CURVE_WITH_KNOTS('',1,(#2108,#2109),.UNSPECIFIED.,.F.,
  .F.,(2,2),(1.970802919708,5.220802919708),.PIECEWISE_BEZIER_KNOTS.);
#2108 = CARTESIAN_POINT('',(1.670000215094,5.4099999336,13.7));
#2109 = CARTESIAN_POINT('',(4.920000215094,5.409999804384,13.7));
#2110 = ORIENTED_EDGE('',*,*,#2111,.T.);
#2111 = EDGE_CURVE('',#2105,#2112,#2114,.T.);
#2112 = VERTEX_POINT('',#2113);
#2113 = CARTESIAN_POINT('',(6.280000215094,5.409999750313,13.7));
#2114 = B_SPLINE_CURVE_WITH_KNOTS('',1,(#2115,#2116),.UNSPECIFIED.,.F.,
  .F.,(2,2),(-1.36,0.),.PIECEWISE_BEZIER_KNOTS.);
#2115 = CARTESIAN_POINT('',(4.920000215094,5.409999804384,13.7));
#2116 = CARTESIAN_POINT('',(6.280000215094,5.409999750313,13.7));
#2117 = ORIENTED_EDGE('',*,*,#2118,.T.);
#2118 = EDGE_CURVE('',#2112,#2119,#2121,.T.);
#2119 = VERTEX_POINT('',#2120);
#2120 = CARTESIAN_POINT('',(6.280000188853,4.749999750313,13.7));
#2121 = B_SPLINE_CURVE_WITH_KNOTS('',1,(#2122,#2123),.UNSPECIFIED.,.F.,
  .F.,(2,2),(0.,0.66),.PIECEWISE_BEZIER_KNOTS.);
#2122 = CARTESIAN_POINT('',(6.280000215094,5.409999750313,13.7));
#2123 = CARTESIAN_POINT('',(6.280000188853,4.749999750313,13.7));
#2124 = ORIENTED_EDGE('',*,*,#2125,.T.);
#2125 = EDGE_CURVE('',#2119,#2126,#2128,.T.);
#2126 = VERTEX_POINT('',#2127);
#2127 = CARTESIAN_POINT('',(4.920000188853,4.749999804384,13.7));
#2128 = B_SPLINE_CURVE_WITH_KNOTS('',1,(#2129,#2130),.UNSPECIFIED.,.F.,
  .F.,(2,2),(-0.,1.36),.PIECEWISE_BEZIER_KNOTS.);
#2129 = CARTESIAN_POINT('',(6.280000188853,4.749999750313,13.7));
#2130 = CARTESIAN_POINT('',(4.920000188853,4.749999804384,13.7));
#2131 = ORIENTED_EDGE('',*,*,#2132,.T.);
#2132 = EDGE_CURVE('',#2126,#2133,#2135,.T.);
#2133 = VERTEX_POINT('',#2134);
#2134 = CARTESIAN_POINT('',(1.670000188853,4.7499999336,13.7));
#2135 = B_SPLINE_CURVE_WITH_KNOTS('',1,(#2136,#2137),.UNSPECIFIED.,.F.,
  .F.,(2,2),(-5.220802919708,-1.970802919708),.PIECEWISE_BEZIER_KNOTS.);
#2136 = CARTESIAN_POINT('',(4.920000188853,4.749999804384,13.7));
#2137 = CARTESIAN_POINT('',(1.670000188853,4.7499999336,13.7));
#2138 = ORIENTED_EDGE('',*,*,#2139,.T.);
#2139 = EDGE_CURVE('',#2133,#2140,#2142,.T.);
#2140 = VERTEX_POINT('',#2141);
#2141 = CARTESIAN_POINT('',(-0.419999811147,4.750000016695,13.7));
#2142 = B_SPLINE_CURVE_WITH_KNOTS('',1,(#2143,#2144),.UNSPECIFIED.,.F.,
  .F.,(2,2),(4.61,6.7),.PIECEWISE_BEZIER_KNOTS.);
#2143 = CARTESIAN_POINT('',(1.670000188853,4.7499999336,13.7));
#2144 = CARTESIAN_POINT('',(-0.419999811147,4.750000016695,13.7));
#2145 = ORIENTED_EDGE('',*,*,#2146,.T.);
#2146 = EDGE_CURVE('',#2140,#2147,#2149,.T.);
#2147 = VERTEX_POINT('',#2148);
#2148 = CARTESIAN_POINT('',(-3.779999811147,4.750000150284,13.7));
#2149 = B_SPLINE_CURVE_WITH_KNOTS('',1,(#2150,#2151),.UNSPECIFIED.,.F.,
  .F.,(2,2),(0.119197080292,3.479197080292),.PIECEWISE_BEZIER_KNOTS.);
#2150 = CARTESIAN_POINT('',(-0.419999811147,4.750000016695,13.7));
#2151 = CARTESIAN_POINT('',(-3.779999811147,4.750000150284,13.7));
#2152 = ORIENTED_EDGE('',*,*,#2153,.T.);
#2153 = EDGE_CURVE('',#2147,#2089,#2154,.T.);
#2154 = B_SPLINE_CURVE_WITH_KNOTS('',1,(#2155,#2156),.UNSPECIFIED.,.F.,
  .F.,(2,2),(6.511313868613,7.171313868613),.PIECEWISE_BEZIER_KNOTS.);
#2155 = CARTESIAN_POINT('',(-3.779999811147,4.750000150284,13.7));
#2156 = CARTESIAN_POINT('',(-3.779999784906,5.410000150284,13.7));
#2157 = B_SPLINE_SURFACE_WITH_KNOTS('',1,1,(
    (#2158,#2159)
    ,(#2160,#2161
    )),.UNSPECIFIED.,.F.,.F.,.F.,(2,2),(2,2),(6.511313868613,
    7.171313868613),(-6.580802919708,3.479197080292),
  .PIECEWISE_BEZIER_KNOTS.);
#2158 = CARTESIAN_POINT('',(6.280000188853,4.749999750313,13.7));
#2159 = CARTESIAN_POINT('',(-3.779999811147,4.750000150284,13.7));
#2160 = CARTESIAN_POINT('',(6.280000215094,5.409999750313,13.7));
#2161 = CARTESIAN_POINT('',(-3.779999784906,5.410000150284,13.7));
#2162 = ADVANCED_FACE('',(#2163),#2185,.T.);
#2163 = FACE_BOUND('',#2164,.F.);
#2164 = EDGE_LOOP('',(#2165,#2174,#2179,#2180));
#2165 = ORIENTED_EDGE('',*,*,#2166,.T.);
#2166 = EDGE_CURVE('',#2167,#2169,#2171,.T.);
#2167 = VERTEX_POINT('',#2168);
#2168 = CARTESIAN_POINT('',(-3.779999811147,4.750000150284,11.6));
#2169 = VERTEX_POINT('',#2170);
#2170 = CARTESIAN_POINT('',(-3.779999784906,5.410000150284,11.6));
#2171 = B_SPLINE_CURVE_WITH_KNOTS('',1,(#2172,#2173),.UNSPECIFIED.,.F.,
  .F.,(2,2),(-3.2,-2.54),.PIECEWISE_BEZIER_KNOTS.);
#2172 = CARTESIAN_POINT('',(-3.779999811147,4.750000150284,11.6));
#2173 = CARTESIAN_POINT('',(-3.779999784906,5.410000150284,11.6));
#2174 = ORIENTED_EDGE('',*,*,#2175,.F.);
#2175 = EDGE_CURVE('',#2089,#2169,#2176,.T.);
#2176 = B_SPLINE_CURVE_WITH_KNOTS('',1,(#2177,#2178),.UNSPECIFIED.,.F.,
  .F.,(2,2),(-2.1,0.),.PIECEWISE_BEZIER_KNOTS.);
#2177 = CARTESIAN_POINT('',(-3.779999784906,5.410000150284,13.7));
#2178 = CARTESIAN_POINT('',(-3.779999784906,5.410000150284,11.6));
#2179 = ORIENTED_EDGE('',*,*,#2153,.F.);
#2180 = ORIENTED_EDGE('',*,*,#2181,.T.);
#2181 = EDGE_CURVE('',#2147,#2167,#2182,.T.);
#2182 = B_SPLINE_CURVE_WITH_KNOTS('',1,(#2183,#2184),.UNSPECIFIED.,.F.,
  .F.,(2,2),(0.,2.1),.PIECEWISE_BEZIER_KNOTS.);
#2183 = CARTESIAN_POINT('',(-3.779999811147,4.750000150284,13.7));
#2184 = CARTESIAN_POINT('',(-3.779999811147,4.750000150284,11.6));
#2185 = B_SPLINE_SURFACE_WITH_KNOTS('',1,1,(
    (#2186,#2187)
    ,(#2188,#2189
    )),.UNSPECIFIED.,.F.,.F.,.F.,(2,2),(2,2),(2.54,3.2),(-2.1,
    2.703382413523E-16),.PIECEWISE_BEZIER_KNOTS.);
#2186 = CARTESIAN_POINT('',(-3.779999784906,5.410000150284,11.6));
#2187 = CARTESIAN_POINT('',(-3.779999784906,5.410000150284,13.7));
#2188 = CARTESIAN_POINT('',(-3.779999811147,4.750000150284,11.6));
#2189 = CARTESIAN_POINT('',(-3.779999811147,4.750000150284,13.7));
#2190 = ADVANCED_FACE('',(#2191),#2213,.F.);
#2191 = FACE_BOUND('',#2192,.F.);
#2192 = EDGE_LOOP('',(#2193,#2202,#2207,#2208));
#2193 = ORIENTED_EDGE('',*,*,#2194,.T.);
#2194 = EDGE_CURVE('',#2195,#2197,#2199,.T.);
#2195 = VERTEX_POINT('',#2196);
#2196 = CARTESIAN_POINT('',(4.920000188853,4.749999804384,11.6));
#2197 = VERTEX_POINT('',#2198);
#2198 = CARTESIAN_POINT('',(1.670000188853,4.7499999336,11.6));
#2199 = B_SPLINE_CURVE_WITH_KNOTS('',1,(#2200,#2201),.UNSPECIFIED.,.F.,
  .F.,(2,2),(1.36,4.61),.PIECEWISE_BEZIER_KNOTS.);
#2200 = CARTESIAN_POINT('',(4.920000188853,4.749999804384,11.6));
#2201 = CARTESIAN_POINT('',(1.670000188853,4.7499999336,11.6));
#2202 = ORIENTED_EDGE('',*,*,#2203,.T.);
#2203 = EDGE_CURVE('',#2197,#2133,#2204,.T.);
#2204 = B_SPLINE_CURVE_WITH_KNOTS('',1,(#2205,#2206),.UNSPECIFIED.,.F.,
  .F.,(2,2),(0.,2.1),.PIECEWISE_BEZIER_KNOTS.);
#2205 = CARTESIAN_POINT('',(1.670000188853,4.7499999336,11.6));
#2206 = CARTESIAN_POINT('',(1.670000188853,4.7499999336,13.7));
#2207 = ORIENTED_EDGE('',*,*,#2132,.F.);
#2208 = ORIENTED_EDGE('',*,*,#2209,.T.);
#2209 = EDGE_CURVE('',#2126,#2195,#2210,.T.);
#2210 = B_SPLINE_CURVE_WITH_KNOTS('',1,(#2211,#2212),.UNSPECIFIED.,.F.,
  .F.,(2,2),(-2.1,0.),.PIECEWISE_BEZIER_KNOTS.);
#2211 = CARTESIAN_POINT('',(4.920000188853,4.749999804384,13.7));
#2212 = CARTESIAN_POINT('',(4.920000188853,4.749999804384,11.6));
#2213 = B_SPLINE_SURFACE_WITH_KNOTS('',1,1,(
    (#2214,#2215)
    ,(#2216,#2217
    )),.UNSPECIFIED.,.F.,.F.,.F.,(2,2),(2,2),(-2.1,4.862088259092E-23),(
    1.36,4.61),.PIECEWISE_BEZIER_KNOTS.);
#2214 = CARTESIAN_POINT('',(4.920000188853,4.749999804384,13.7));
#2215 = CARTESIAN_POINT('',(1.670000188853,4.7499999336,13.7));
#2216 = CARTESIAN_POINT('',(4.920000188853,4.749999804384,11.6));
#2217 = CARTESIAN_POINT('',(1.670000188853,4.7499999336,11.6));
#2218 = ADVANCED_FACE('',(#2219),#2235,.F.);
#2219 = FACE_BOUND('',#2220,.F.);
#2220 = EDGE_LOOP('',(#2221,#2222,#2229,#2234));
#2221 = ORIENTED_EDGE('',*,*,#2146,.F.);
#2222 = ORIENTED_EDGE('',*,*,#2223,.F.);
#2223 = EDGE_CURVE('',#2224,#2140,#2226,.T.);
#2224 = VERTEX_POINT('',#2225);
#2225 = CARTESIAN_POINT('',(-0.419999811147,4.750000016695,11.6));
#2226 = B_SPLINE_CURVE_WITH_KNOTS('',1,(#2227,#2228),.UNSPECIFIED.,.F.,
  .F.,(2,2),(0.,2.1),.PIECEWISE_BEZIER_KNOTS.);
#2227 = CARTESIAN_POINT('',(-0.419999811147,4.750000016695,11.6));
#2228 = CARTESIAN_POINT('',(-0.419999811147,4.750000016695,13.7));
#2229 = ORIENTED_EDGE('',*,*,#2230,.T.);
#2230 = EDGE_CURVE('',#2224,#2167,#2231,.T.);
#2231 = B_SPLINE_CURVE_WITH_KNOTS('',1,(#2232,#2233),.UNSPECIFIED.,.F.,
  .F.,(2,2),(6.7,10.06),.PIECEWISE_BEZIER_KNOTS.);
#2232 = CARTESIAN_POINT('',(-0.419999811147,4.750000016695,11.6));
#2233 = CARTESIAN_POINT('',(-3.779999811147,4.750000150284,11.6));
#2234 = ORIENTED_EDGE('',*,*,#2181,.F.);
#2235 = B_SPLINE_SURFACE_WITH_KNOTS('',1,1,(
    (#2236,#2237)
    ,(#2238,#2239
    )),.UNSPECIFIED.,.F.,.F.,.F.,(2,2),(2,2),(-2.1,5.683040420367E-23),(
    6.7,10.06),.PIECEWISE_BEZIER_KNOTS.);
#2236 = CARTESIAN_POINT('',(-0.419999811147,4.750000016695,13.7));
#2237 = CARTESIAN_POINT('',(-3.779999811147,4.750000150284,13.7));
#2238 = CARTESIAN_POINT('',(-0.419999811147,4.750000016695,11.6));
#2239 = CARTESIAN_POINT('',(-3.779999811147,4.750000150284,11.6));
#2240 = ADVANCED_FACE('',(#2241),#2263,.F.);
#2241 = FACE_BOUND('',#2242,.F.);
#2242 = EDGE_LOOP('',(#2243,#2244,#2251,#2258));
#2243 = ORIENTED_EDGE('',*,*,#2104,.F.);
#2244 = ORIENTED_EDGE('',*,*,#2245,.T.);
#2245 = EDGE_CURVE('',#2098,#2246,#2248,.T.);
#2246 = VERTEX_POINT('',#2247);
#2247 = CARTESIAN_POINT('',(1.670000215094,5.4099999336,11.6));
#2248 = B_SPLINE_CURVE_WITH_KNOTS('',1,(#2249,#2250),.UNSPECIFIED.,.F.,
  .F.,(2,2),(-2.1,0.),.PIECEWISE_BEZIER_KNOTS.);
#2249 = CARTESIAN_POINT('',(1.670000215094,5.4099999336,13.7));
#2250 = CARTESIAN_POINT('',(1.670000215094,5.4099999336,11.6));
#2251 = ORIENTED_EDGE('',*,*,#2252,.T.);
#2252 = EDGE_CURVE('',#2246,#2253,#2255,.T.);
#2253 = VERTEX_POINT('',#2254);
#2254 = CARTESIAN_POINT('',(4.920000215094,5.409999804384,11.6));
#2255 = B_SPLINE_CURVE_WITH_KNOTS('',1,(#2256,#2257),.UNSPECIFIED.,.F.,
  .F.,(2,2),(2.09,5.34),.PIECEWISE_BEZIER_KNOTS.);
#2256 = CARTESIAN_POINT('',(1.670000215094,5.4099999336,11.6));
#2257 = CARTESIAN_POINT('',(4.920000215094,5.409999804384,11.6));
#2258 = ORIENTED_EDGE('',*,*,#2259,.T.);
#2259 = EDGE_CURVE('',#2253,#2105,#2260,.T.);
#2260 = B_SPLINE_CURVE_WITH_KNOTS('',1,(#2261,#2262),.UNSPECIFIED.,.F.,
  .F.,(2,2),(0.,2.1),.PIECEWISE_BEZIER_KNOTS.);
#2261 = CARTESIAN_POINT('',(4.920000215094,5.409999804384,11.6));
#2262 = CARTESIAN_POINT('',(4.920000215094,5.409999804384,13.7));
#2263 = B_SPLINE_SURFACE_WITH_KNOTS('',1,1,(
    (#2264,#2265)
    ,(#2266,#2267)),.UNSPECIFIED.,.F.,.F.,.F.,(2,2),(2,2),(2.09,5.34),(
    -6.687285359604E-23,2.1),.PIECEWISE_BEZIER_KNOTS.);
#2264 = CARTESIAN_POINT('',(1.670000215094,5.4099999336,11.6));
#2265 = CARTESIAN_POINT('',(1.670000215094,5.4099999336,13.7));
#2266 = CARTESIAN_POINT('',(4.920000215094,5.409999804384,11.6));
#2267 = CARTESIAN_POINT('',(4.920000215094,5.409999804384,13.7));
#2268 = ADVANCED_FACE('',(#2269),#2285,.F.);
#2269 = FACE_BOUND('',#2270,.F.);
#2270 = EDGE_LOOP('',(#2271,#2278,#2283,#2284));
#2271 = ORIENTED_EDGE('',*,*,#2272,.T.);
#2272 = EDGE_CURVE('',#2169,#2273,#2275,.T.);
#2273 = VERTEX_POINT('',#2274);
#2274 = CARTESIAN_POINT('',(-0.419999784906,5.410000016695,11.6));
#2275 = B_SPLINE_CURVE_WITH_KNOTS('',1,(#2276,#2277),.UNSPECIFIED.,.F.,
  .F.,(2,2),(-3.36,0.),.PIECEWISE_BEZIER_KNOTS.);
#2276 = CARTESIAN_POINT('',(-3.779999784906,5.410000150284,11.6));
#2277 = CARTESIAN_POINT('',(-0.419999784906,5.410000016695,11.6));
#2278 = ORIENTED_EDGE('',*,*,#2279,.T.);
#2279 = EDGE_CURVE('',#2273,#2091,#2280,.T.);
#2280 = B_SPLINE_CURVE_WITH_KNOTS('',1,(#2281,#2282),.UNSPECIFIED.,.F.,
  .F.,(2,2),(0.,2.1),.PIECEWISE_BEZIER_KNOTS.);
#2281 = CARTESIAN_POINT('',(-0.419999784906,5.410000016695,11.6));
#2282 = CARTESIAN_POINT('',(-0.419999784906,5.410000016695,13.7));
#2283 = ORIENTED_EDGE('',*,*,#2088,.F.);
#2284 = ORIENTED_EDGE('',*,*,#2175,.T.);
#2285 = B_SPLINE_SURFACE_WITH_KNOTS('',1,1,(
    (#2286,#2287)
    ,(#2288,#2289
    )),.UNSPECIFIED.,.F.,.F.,.F.,(2,2),(2,2),(-3.36,2.070759874971E-29),
  (-4.704258017885E-23,2.1),.PIECEWISE_BEZIER_KNOTS.);
#2286 = CARTESIAN_POINT('',(-3.779999784906,5.410000150284,11.6));
#2287 = CARTESIAN_POINT('',(-3.779999784906,5.410000150284,13.7));
#2288 = CARTESIAN_POINT('',(-0.419999784906,5.410000016695,11.6));
#2289 = CARTESIAN_POINT('',(-0.419999784906,5.410000016695,13.7));
#2290 = ADVANCED_FACE('',(#2291),#2301,.T.);
#2291 = FACE_BOUND('',#2292,.F.);
#2292 = EDGE_LOOP('',(#2293,#2298,#2299,#2300));
#2293 = ORIENTED_EDGE('',*,*,#2294,.F.);
#2294 = EDGE_CURVE('',#2273,#2224,#2295,.T.);
#2295 = B_SPLINE_CURVE_WITH_KNOTS('',1,(#2296,#2297),.UNSPECIFIED.,.F.,
  .F.,(2,2),(-10.82,-10.16),.PIECEWISE_BEZIER_KNOTS.);
#2296 = CARTESIAN_POINT('',(-0.419999784906,5.410000016695,11.6));
#2297 = CARTESIAN_POINT('',(-0.419999811147,4.750000016695,11.6));
#2298 = ORIENTED_EDGE('',*,*,#2272,.F.);
#2299 = ORIENTED_EDGE('',*,*,#2166,.F.);
#2300 = ORIENTED_EDGE('',*,*,#2230,.F.);
#2301 = B_SPLINE_SURFACE_WITH_KNOTS('',1,1,(
    (#2302,#2303)
    ,(#2304,#2305
    )),.UNSPECIFIED.,.F.,.F.,.F.,(2,2),(2,2),(-7.171313868613,
    -6.511313868613),(0.119197080292,3.479197080292),
  .PIECEWISE_BEZIER_KNOTS.);
#2302 = CARTESIAN_POINT('',(-0.419999784906,5.410000016695,11.6));
#2303 = CARTESIAN_POINT('',(-3.779999784906,5.410000150284,11.6));
#2304 = CARTESIAN_POINT('',(-0.419999811147,4.750000016695,11.6));
#2305 = CARTESIAN_POINT('',(-3.779999811147,4.750000150284,11.6));
#2306 = ADVANCED_FACE('',(#2307),#2372,.T.);
#2307 = FACE_BOUND('',#2308,.F.);
#2308 = EDGE_LOOP('',(#2309,#2318,#2325,#2332,#2339,#2346,#2353,#2360,
    #2367));
#2309 = ORIENTED_EDGE('',*,*,#2310,.T.);
#2310 = EDGE_CURVE('',#2311,#2313,#2315,.T.);
#2311 = VERTEX_POINT('',#2312);
#2312 = CARTESIAN_POINT('',(-3.77999968392,7.950000150284,13.7));
#2313 = VERTEX_POINT('',#2314);
#2314 = CARTESIAN_POINT('',(1.67000031608,7.9499999336,13.7));
#2315 = B_SPLINE_CURVE_WITH_KNOTS('',1,(#2316,#2317),.UNSPECIFIED.,.F.,
  .F.,(2,2),(-10.06,-4.61),.PIECEWISE_BEZIER_KNOTS.);
#2316 = CARTESIAN_POINT('',(-3.77999968392,7.950000150284,13.7));
#2317 = CARTESIAN_POINT('',(1.67000031608,7.9499999336,13.7));
#2318 = ORIENTED_EDGE('',*,*,#2319,.T.);
#2319 = EDGE_CURVE('',#2313,#2320,#2322,.T.);
#2320 = VERTEX_POINT('',#2321);
#2321 = CARTESIAN_POINT('',(4.92000031608,7.949999804384,13.7));
#2322 = B_SPLINE_CURVE_WITH_KNOTS('',1,(#2323,#2324),.UNSPECIFIED.,.F.,
  .F.,(2,2),(1.970802919708,5.220802919708),.PIECEWISE_BEZIER_KNOTS.);
#2323 = CARTESIAN_POINT('',(1.67000031608,7.9499999336,13.7));
#2324 = CARTESIAN_POINT('',(4.92000031608,7.949999804384,13.7));
#2325 = ORIENTED_EDGE('',*,*,#2326,.T.);
#2326 = EDGE_CURVE('',#2320,#2327,#2329,.T.);
#2327 = VERTEX_POINT('',#2328);
#2328 = CARTESIAN_POINT('',(6.28000031608,7.949999750313,13.7));
#2329 = B_SPLINE_CURVE_WITH_KNOTS('',1,(#2330,#2331),.UNSPECIFIED.,.F.,
  .F.,(2,2),(-1.36,0.),.PIECEWISE_BEZIER_KNOTS.);
#2330 = CARTESIAN_POINT('',(4.92000031608,7.949999804384,13.7));
#2331 = CARTESIAN_POINT('',(6.28000031608,7.949999750313,13.7));
#2332 = ORIENTED_EDGE('',*,*,#2333,.T.);
#2333 = EDGE_CURVE('',#2327,#2334,#2336,.T.);
#2334 = VERTEX_POINT('',#2335);
#2335 = CARTESIAN_POINT('',(6.28000028984,7.289999750313,13.7));
#2336 = B_SPLINE_CURVE_WITH_KNOTS('',1,(#2337,#2338),.UNSPECIFIED.,.F.,
  .F.,(2,2),(0.,0.66),.PIECEWISE_BEZIER_KNOTS.);
#2337 = CARTESIAN_POINT('',(6.28000031608,7.949999750313,13.7));
#2338 = CARTESIAN_POINT('',(6.28000028984,7.289999750313,13.7));
#2339 = ORIENTED_EDGE('',*,*,#2340,.T.);
#2340 = EDGE_CURVE('',#2334,#2341,#2343,.T.);
#2341 = VERTEX_POINT('',#2342);
#2342 = CARTESIAN_POINT('',(4.92000028984,7.289999804384,13.7));
#2343 = B_SPLINE_CURVE_WITH_KNOTS('',1,(#2344,#2345),.UNSPECIFIED.,.F.,
  .F.,(2,2),(-0.,1.36),.PIECEWISE_BEZIER_KNOTS.);
#2344 = CARTESIAN_POINT('',(6.28000028984,7.289999750313,13.7));
#2345 = CARTESIAN_POINT('',(4.92000028984,7.289999804384,13.7));
#2346 = ORIENTED_EDGE('',*,*,#2347,.T.);
#2347 = EDGE_CURVE('',#2341,#2348,#2350,.T.);
#2348 = VERTEX_POINT('',#2349);
#2349 = CARTESIAN_POINT('',(1.67000028984,7.2899999336,13.7));
#2350 = B_SPLINE_CURVE_WITH_KNOTS('',1,(#2351,#2352),.UNSPECIFIED.,.F.,
  .F.,(2,2),(-5.220802919708,-1.970802919708),.PIECEWISE_BEZIER_KNOTS.);
#2351 = CARTESIAN_POINT('',(4.92000028984,7.289999804384,13.7));
#2352 = CARTESIAN_POINT('',(1.67000028984,7.2899999336,13.7));
#2353 = ORIENTED_EDGE('',*,*,#2354,.T.);
#2354 = EDGE_CURVE('',#2348,#2355,#2357,.T.);
#2355 = VERTEX_POINT('',#2356);
#2356 = CARTESIAN_POINT('',(-0.41999971016,7.290000016695,13.7));
#2357 = B_SPLINE_CURVE_WITH_KNOTS('',1,(#2358,#2359),.UNSPECIFIED.,.F.,
  .F.,(2,2),(4.61,6.7),.PIECEWISE_BEZIER_KNOTS.);
#2358 = CARTESIAN_POINT('',(1.67000028984,7.2899999336,13.7));
#2359 = CARTESIAN_POINT('',(-0.41999971016,7.290000016695,13.7));
#2360 = ORIENTED_EDGE('',*,*,#2361,.T.);
#2361 = EDGE_CURVE('',#2355,#2362,#2364,.T.);
#2362 = VERTEX_POINT('',#2363);
#2363 = CARTESIAN_POINT('',(-3.77999971016,7.290000150284,13.7));
#2364 = B_SPLINE_CURVE_WITH_KNOTS('',1,(#2365,#2366),.UNSPECIFIED.,.F.,
  .F.,(2,2),(0.119197080292,3.479197080292),.PIECEWISE_BEZIER_KNOTS.);
#2365 = CARTESIAN_POINT('',(-0.41999971016,7.290000016695,13.7));
#2366 = CARTESIAN_POINT('',(-3.77999971016,7.290000150284,13.7));
#2367 = ORIENTED_EDGE('',*,*,#2368,.T.);
#2368 = EDGE_CURVE('',#2362,#2311,#2369,.T.);
#2369 = B_SPLINE_CURVE_WITH_KNOTS('',1,(#2370,#2371),.UNSPECIFIED.,.F.,
  .F.,(2,2),(-0.66,0.),.PIECEWISE_BEZIER_KNOTS.);
#2370 = CARTESIAN_POINT('',(-3.77999971016,7.290000150284,13.7));
#2371 = CARTESIAN_POINT('',(-3.77999968392,7.950000150284,13.7));
#2372 = B_SPLINE_SURFACE_WITH_KNOTS('',1,1,(
    (#2373,#2374)
    ,(#2375,#2376
    )),.UNSPECIFIED.,.F.,.F.,.F.,(2,2),(2,2),(9.051313868613,
    9.711313868613),(-6.580802919708,3.479197080292),
  .PIECEWISE_BEZIER_KNOTS.);
#2373 = CARTESIAN_POINT('',(6.28000028984,7.289999750313,13.7));
#2374 = CARTESIAN_POINT('',(-3.77999971016,7.290000150284,13.7));
#2375 = CARTESIAN_POINT('',(6.28000031608,7.949999750313,13.7));
#2376 = CARTESIAN_POINT('',(-3.77999968392,7.950000150284,13.7));
#2377 = ADVANCED_FACE('',(#2378),#2400,.T.);
#2378 = FACE_BOUND('',#2379,.F.);
#2379 = EDGE_LOOP('',(#2380,#2389,#2394,#2395));
#2380 = ORIENTED_EDGE('',*,*,#2381,.T.);
#2381 = EDGE_CURVE('',#2382,#2384,#2386,.T.);
#2382 = VERTEX_POINT('',#2383);
#2383 = CARTESIAN_POINT('',(-3.77999971016,7.290000150284,11.6));
#2384 = VERTEX_POINT('',#2385);
#2385 = CARTESIAN_POINT('',(-3.77999968392,7.950000150284,11.6));
#2386 = B_SPLINE_CURVE_WITH_KNOTS('',1,(#2387,#2388),.UNSPECIFIED.,.F.,
  .F.,(2,2),(-0.66,0.),.PIECEWISE_BEZIER_KNOTS.);
#2387 = CARTESIAN_POINT('',(-3.77999971016,7.290000150284,11.6));
#2388 = CARTESIAN_POINT('',(-3.77999968392,7.950000150284,11.6));
#2389 = ORIENTED_EDGE('',*,*,#2390,.F.);
#2390 = EDGE_CURVE('',#2311,#2384,#2391,.T.);
#2391 = B_SPLINE_CURVE_WITH_KNOTS('',1,(#2392,#2393),.UNSPECIFIED.,.F.,
  .F.,(2,2),(0.,2.1),.PIECEWISE_BEZIER_KNOTS.);
#2392 = CARTESIAN_POINT('',(-3.77999968392,7.950000150284,13.7));
#2393 = CARTESIAN_POINT('',(-3.77999968392,7.950000150284,11.6));
#2394 = ORIENTED_EDGE('',*,*,#2368,.F.);
#2395 = ORIENTED_EDGE('',*,*,#2396,.T.);
#2396 = EDGE_CURVE('',#2362,#2382,#2397,.T.);
#2397 = B_SPLINE_CURVE_WITH_KNOTS('',1,(#2398,#2399),.UNSPECIFIED.,.F.,
  .F.,(2,2),(0.,2.1),.PIECEWISE_BEZIER_KNOTS.);
#2398 = CARTESIAN_POINT('',(-3.77999971016,7.290000150284,13.7));
#2399 = CARTESIAN_POINT('',(-3.77999971016,7.290000150284,11.6));
#2400 = B_SPLINE_SURFACE_WITH_KNOTS('',1,1,(
    (#2401,#2402)
    ,(#2403,#2404
    )),.UNSPECIFIED.,.F.,.F.,.F.,(2,2),(2,2),(0.,0.66),(-2.1,0.),
  .PIECEWISE_BEZIER_KNOTS.);
#2401 = CARTESIAN_POINT('',(-3.77999968392,7.950000150284,11.6));
#2402 = CARTESIAN_POINT('',(-3.77999968392,7.950000150284,13.7));
#2403 = CARTESIAN_POINT('',(-3.77999971016,7.290000150284,11.6));
#2404 = CARTESIAN_POINT('',(-3.77999971016,7.290000150284,13.7));
#2405 = ADVANCED_FACE('',(#2406),#2428,.F.);
#2406 = FACE_BOUND('',#2407,.F.);
#2407 = EDGE_LOOP('',(#2408,#2417,#2422,#2423));
#2408 = ORIENTED_EDGE('',*,*,#2409,.T.);
#2409 = EDGE_CURVE('',#2410,#2412,#2414,.T.);
#2410 = VERTEX_POINT('',#2411);
#2411 = CARTESIAN_POINT('',(1.67000031608,7.9499999336,11.6));
#2412 = VERTEX_POINT('',#2413);
#2413 = CARTESIAN_POINT('',(4.92000031608,7.949999804384,11.6));
#2414 = B_SPLINE_CURVE_WITH_KNOTS('',1,(#2415,#2416),.UNSPECIFIED.,.F.,
  .F.,(2,2),(7.95,11.2),.PIECEWISE_BEZIER_KNOTS.);
#2415 = CARTESIAN_POINT('',(1.67000031608,7.9499999336,11.6));
#2416 = CARTESIAN_POINT('',(4.92000031608,7.949999804384,11.6));
#2417 = ORIENTED_EDGE('',*,*,#2418,.T.);
#2418 = EDGE_CURVE('',#2412,#2320,#2419,.T.);
#2419 = B_SPLINE_CURVE_WITH_KNOTS('',1,(#2420,#2421),.UNSPECIFIED.,.F.,
  .F.,(2,2),(0.,2.1),.PIECEWISE_BEZIER_KNOTS.);
#2420 = CARTESIAN_POINT('',(4.92000031608,7.949999804384,11.6));
#2421 = CARTESIAN_POINT('',(4.92000031608,7.949999804384,13.7));
#2422 = ORIENTED_EDGE('',*,*,#2319,.F.);
#2423 = ORIENTED_EDGE('',*,*,#2424,.T.);
#2424 = EDGE_CURVE('',#2313,#2410,#2425,.T.);
#2425 = B_SPLINE_CURVE_WITH_KNOTS('',1,(#2426,#2427),.UNSPECIFIED.,.F.,
  .F.,(2,2),(-2.1,0.),.PIECEWISE_BEZIER_KNOTS.);
#2426 = CARTESIAN_POINT('',(1.67000031608,7.9499999336,13.7));
#2427 = CARTESIAN_POINT('',(1.67000031608,7.9499999336,11.6));
#2428 = B_SPLINE_SURFACE_WITH_KNOTS('',1,1,(
    (#2429,#2430)
    ,(#2431,#2432)),.UNSPECIFIED.,.F.,.F.,.F.,(2,2),(2,2),(7.95,11.2),(
    -1.020149905476E-22,2.1),.PIECEWISE_BEZIER_KNOTS.);
#2429 = CARTESIAN_POINT('',(1.67000031608,7.9499999336,11.6));
#2430 = CARTESIAN_POINT('',(1.67000031608,7.9499999336,13.7));
#2431 = CARTESIAN_POINT('',(4.92000031608,7.949999804384,11.6));
#2432 = CARTESIAN_POINT('',(4.92000031608,7.949999804384,13.7));
#2433 = ADVANCED_FACE('',(#2434),#2456,.F.);
#2434 = FACE_BOUND('',#2435,.F.);
#2435 = EDGE_LOOP('',(#2436,#2445,#2450,#2451));
#2436 = ORIENTED_EDGE('',*,*,#2437,.T.);
#2437 = EDGE_CURVE('',#2438,#2440,#2442,.T.);
#2438 = VERTEX_POINT('',#2439);
#2439 = CARTESIAN_POINT('',(4.92000028984,7.289999804384,11.6));
#2440 = VERTEX_POINT('',#2441);
#2441 = CARTESIAN_POINT('',(1.67000028984,7.2899999336,11.6));
#2442 = B_SPLINE_CURVE_WITH_KNOTS('',1,(#2443,#2444),.UNSPECIFIED.,.F.,
  .F.,(2,2),(1.36,4.61),.PIECEWISE_BEZIER_KNOTS.);
#2443 = CARTESIAN_POINT('',(4.92000028984,7.289999804384,11.6));
#2444 = CARTESIAN_POINT('',(1.67000028984,7.2899999336,11.6));
#2445 = ORIENTED_EDGE('',*,*,#2446,.T.);
#2446 = EDGE_CURVE('',#2440,#2348,#2447,.T.);
#2447 = B_SPLINE_CURVE_WITH_KNOTS('',1,(#2448,#2449),.UNSPECIFIED.,.F.,
  .F.,(2,2),(-2.036436487441E-29,2.1),.PIECEWISE_BEZIER_KNOTS.);
#2448 = CARTESIAN_POINT('',(1.67000028984,7.2899999336,11.6));
#2449 = CARTESIAN_POINT('',(1.67000028984,7.2899999336,13.7));
#2450 = ORIENTED_EDGE('',*,*,#2347,.F.);
#2451 = ORIENTED_EDGE('',*,*,#2452,.T.);
#2452 = EDGE_CURVE('',#2341,#2438,#2453,.T.);
#2453 = B_SPLINE_CURVE_WITH_KNOTS('',1,(#2454,#2455),.UNSPECIFIED.,.F.,
  .F.,(2,2),(-2.1,0.),.PIECEWISE_BEZIER_KNOTS.);
#2454 = CARTESIAN_POINT('',(4.92000028984,7.289999804384,13.7));
#2455 = CARTESIAN_POINT('',(4.92000028984,7.289999804384,11.6));
#2456 = B_SPLINE_SURFACE_WITH_KNOTS('',1,1,(
    (#2457,#2458)
    ,(#2459,#2460)),.UNSPECIFIED.,.F.,.F.,.F.,(2,2),(2,2),(1.36,4.61),(
    -4.862088614079E-23,2.1),.PIECEWISE_BEZIER_KNOTS.);
#2457 = CARTESIAN_POINT('',(4.92000028984,7.289999804384,11.6));
#2458 = CARTESIAN_POINT('',(4.92000028984,7.289999804384,13.7));
#2459 = CARTESIAN_POINT('',(1.67000028984,7.2899999336,11.6));
#2460 = CARTESIAN_POINT('',(1.67000028984,7.2899999336,13.7));
#2461 = ADVANCED_FACE('',(#2462),#2478,.F.);
#2462 = FACE_BOUND('',#2463,.F.);
#2463 = EDGE_LOOP('',(#2464,#2465,#2472,#2477));
#2464 = ORIENTED_EDGE('',*,*,#2361,.F.);
#2465 = ORIENTED_EDGE('',*,*,#2466,.F.);
#2466 = EDGE_CURVE('',#2467,#2355,#2469,.T.);
#2467 = VERTEX_POINT('',#2468);
#2468 = CARTESIAN_POINT('',(-0.41999971016,7.290000016695,11.6));
#2469 = B_SPLINE_CURVE_WITH_KNOTS('',1,(#2470,#2471),.UNSPECIFIED.,.F.,
  .F.,(2,2),(0.,2.1),.PIECEWISE_BEZIER_KNOTS.);
#2470 = CARTESIAN_POINT('',(-0.41999971016,7.290000016695,11.6));
#2471 = CARTESIAN_POINT('',(-0.41999971016,7.290000016695,13.7));
#2472 = ORIENTED_EDGE('',*,*,#2473,.T.);
#2473 = EDGE_CURVE('',#2467,#2382,#2474,.T.);
#2474 = B_SPLINE_CURVE_WITH_KNOTS('',1,(#2475,#2476),.UNSPECIFIED.,.F.,
  .F.,(2,2),(6.7,10.06),.PIECEWISE_BEZIER_KNOTS.);
#2475 = CARTESIAN_POINT('',(-0.41999971016,7.290000016695,11.6));
#2476 = CARTESIAN_POINT('',(-3.77999971016,7.290000150284,11.6));
#2477 = ORIENTED_EDGE('',*,*,#2396,.F.);
#2478 = B_SPLINE_SURFACE_WITH_KNOTS('',1,1,(
    (#2479,#2480)
    ,(#2481,#2482)),.UNSPECIFIED.,.F.,.F.,.F.,(2,2),(2,2),(6.7,10.06),(
    -2.721809751151E-30,2.1),.PIECEWISE_BEZIER_KNOTS.);
#2479 = CARTESIAN_POINT('',(-0.41999971016,7.290000016695,11.6));
#2480 = CARTESIAN_POINT('',(-0.41999971016,7.290000016695,13.7));
#2481 = CARTESIAN_POINT('',(-3.77999971016,7.290000150284,11.6));
#2482 = CARTESIAN_POINT('',(-3.77999971016,7.290000150284,13.7));
#2483 = ADVANCED_FACE('',(#2484),#2500,.T.);
#2484 = FACE_BOUND('',#2485,.F.);
#2485 = EDGE_LOOP('',(#2486,#2493,#2498,#2499));
#2486 = ORIENTED_EDGE('',*,*,#2487,.F.);
#2487 = EDGE_CURVE('',#2488,#2467,#2490,.T.);
#2488 = VERTEX_POINT('',#2489);
#2489 = CARTESIAN_POINT('',(-0.41999968392,7.950000016695,11.6));
#2490 = B_SPLINE_CURVE_WITH_KNOTS('',1,(#2491,#2492),.UNSPECIFIED.,.F.,
  .F.,(2,2),(-13.36,-12.7),.PIECEWISE_BEZIER_KNOTS.);
#2491 = CARTESIAN_POINT('',(-0.41999968392,7.950000016695,11.6));
#2492 = CARTESIAN_POINT('',(-0.41999971016,7.290000016695,11.6));
#2493 = ORIENTED_EDGE('',*,*,#2494,.F.);
#2494 = EDGE_CURVE('',#2384,#2488,#2495,.T.);
#2495 = B_SPLINE_CURVE_WITH_KNOTS('',1,(#2496,#2497),.UNSPECIFIED.,.F.,
  .F.,(2,2),(2.5,5.86),.PIECEWISE_BEZIER_KNOTS.);
#2496 = CARTESIAN_POINT('',(-3.77999968392,7.950000150284,11.6));
#2497 = CARTESIAN_POINT('',(-0.41999968392,7.950000016695,11.6));
#2498 = ORIENTED_EDGE('',*,*,#2381,.F.);
#2499 = ORIENTED_EDGE('',*,*,#2473,.F.);
#2500 = B_SPLINE_SURFACE_WITH_KNOTS('',1,1,(
    (#2501,#2502)
    ,(#2503,#2504
    )),.UNSPECIFIED.,.F.,.F.,.F.,(2,2),(2,2),(-9.711313868613,
    -9.051313868613),(0.119197080292,3.479197080292),
  .PIECEWISE_BEZIER_KNOTS.);
#2501 = CARTESIAN_POINT('',(-0.41999968392,7.950000016695,11.6));
#2502 = CARTESIAN_POINT('',(-3.77999968392,7.950000150284,11.6));
#2503 = CARTESIAN_POINT('',(-0.41999971016,7.290000016695,11.6));
#2504 = CARTESIAN_POINT('',(-3.77999971016,7.290000150284,11.6));
#2505 = ADVANCED_FACE('',(#2506),#2536,.T.);
#2506 = FACE_BOUND('',#2507,.F.);
#2507 = EDGE_LOOP('',(#2508,#2517,#2524,#2531));
#2508 = ORIENTED_EDGE('',*,*,#2509,.T.);
#2509 = EDGE_CURVE('',#2510,#2512,#2514,.T.);
#2510 = VERTEX_POINT('',#2511);
#2511 = CARTESIAN_POINT('',(-3.87999968392,7.95000015426,9.1));
#2512 = VERTEX_POINT('',#2513);
#2513 = CARTESIAN_POINT('',(-0.41999968392,7.950000016695,9.1));
#2514 = B_SPLINE_CURVE_WITH_KNOTS('',1,(#2515,#2516),.UNSPECIFIED.,.F.,
  .F.,(2,2),(-3.46,0.),.PIECEWISE_BEZIER_KNOTS.);
#2515 = CARTESIAN_POINT('',(-3.87999968392,7.95000015426,9.1));
#2516 = CARTESIAN_POINT('',(-0.41999968392,7.950000016695,9.1));
#2517 = ORIENTED_EDGE('',*,*,#2518,.T.);
#2518 = EDGE_CURVE('',#2512,#2519,#2521,.T.);
#2519 = VERTEX_POINT('',#2520);
#2520 = CARTESIAN_POINT('',(-0.42000031608,-7.949999983305,9.1));
#2521 = B_SPLINE_CURVE_WITH_KNOTS('',1,(#2522,#2523),.UNSPECIFIED.,.F.,
  .F.,(2,2),(0.,15.9),.PIECEWISE_BEZIER_KNOTS.);
#2522 = CARTESIAN_POINT('',(-0.41999968392,7.950000016695,9.1));
#2523 = CARTESIAN_POINT('',(-0.42000031608,-7.949999983305,9.1));
#2524 = ORIENTED_EDGE('',*,*,#2525,.T.);
#2525 = EDGE_CURVE('',#2519,#2526,#2528,.T.);
#2526 = VERTEX_POINT('',#2527);
#2527 = CARTESIAN_POINT('',(-3.88000031608,-7.94999984574,9.1));
#2528 = B_SPLINE_CURVE_WITH_KNOTS('',1,(#2529,#2530),.UNSPECIFIED.,.F.,
  .F.,(2,2),(-0.,3.46),.PIECEWISE_BEZIER_KNOTS.);
#2529 = CARTESIAN_POINT('',(-0.42000031608,-7.949999983305,9.1));
#2530 = CARTESIAN_POINT('',(-3.88000031608,-7.94999984574,9.1));
#2531 = ORIENTED_EDGE('',*,*,#2532,.T.);
#2532 = EDGE_CURVE('',#2526,#2510,#2533,.T.);
#2533 = B_SPLINE_CURVE_WITH_KNOTS('',1,(#2534,#2535),.UNSPECIFIED.,.F.,
  .F.,(2,2),(-15.9,0.),.PIECEWISE_BEZIER_KNOTS.);
#2534 = CARTESIAN_POINT('',(-3.88000031608,-7.94999984574,9.1));
#2535 = CARTESIAN_POINT('',(-3.87999968392,7.95000015426,9.1));
#2536 = B_SPLINE_SURFACE_WITH_KNOTS('',1,1,(
    (#2537,#2538)
    ,(#2539,#2540
    )),.UNSPECIFIED.,.F.,.F.,.F.,(2,2),(2,2),(-6.188686131387,
    9.711313868613),(0.119197080292,3.579197080292),
  .PIECEWISE_BEZIER_KNOTS.);
#2537 = CARTESIAN_POINT('',(-0.42000031608,-7.949999983305,9.1));
#2538 = CARTESIAN_POINT('',(-3.88000031608,-7.94999984574,9.1));
#2539 = CARTESIAN_POINT('',(-0.41999968392,7.950000016695,9.1));
#2540 = CARTESIAN_POINT('',(-3.87999968392,7.95000015426,9.1));
#2541 = ADVANCED_FACE('',(#2542),#2564,.T.);
#2542 = FACE_BOUND('',#2543,.F.);
#2543 = EDGE_LOOP('',(#2544,#2553,#2558,#2559));
#2544 = ORIENTED_EDGE('',*,*,#2545,.T.);
#2545 = EDGE_CURVE('',#2546,#2548,#2550,.T.);
#2546 = VERTEX_POINT('',#2547);
#2547 = CARTESIAN_POINT('',(-3.88000031608,-7.94999984574,11.6));
#2548 = VERTEX_POINT('',#2549);
#2549 = CARTESIAN_POINT('',(-3.87999968392,7.95000015426,11.6));
#2550 = B_SPLINE_CURVE_WITH_KNOTS('',1,(#2551,#2552),.UNSPECIFIED.,.F.,
  .F.,(2,2),(-15.9,0.),.PIECEWISE_BEZIER_KNOTS.);
#2551 = CARTESIAN_POINT('',(-3.88000031608,-7.94999984574,11.6));
#2552 = CARTESIAN_POINT('',(-3.87999968392,7.95000015426,11.6));
#2553 = ORIENTED_EDGE('',*,*,#2554,.F.);
#2554 = EDGE_CURVE('',#2510,#2548,#2555,.T.);
#2555 = B_SPLINE_CURVE_WITH_KNOTS('',1,(#2556,#2557),.UNSPECIFIED.,.F.,
  .F.,(2,2),(0.,2.5),.PIECEWISE_BEZIER_KNOTS.);
#2556 = CARTESIAN_POINT('',(-3.87999968392,7.95000015426,9.1));
#2557 = CARTESIAN_POINT('',(-3.87999968392,7.95000015426,11.6));
#2558 = ORIENTED_EDGE('',*,*,#2532,.F.);
#2559 = ORIENTED_EDGE('',*,*,#2560,.T.);
#2560 = EDGE_CURVE('',#2526,#2546,#2561,.T.);
#2561 = B_SPLINE_CURVE_WITH_KNOTS('',1,(#2562,#2563),.UNSPECIFIED.,.F.,
  .F.,(2,2),(0.,2.5),.PIECEWISE_BEZIER_KNOTS.);
#2562 = CARTESIAN_POINT('',(-3.88000031608,-7.94999984574,9.1));
#2563 = CARTESIAN_POINT('',(-3.88000031608,-7.94999984574,11.6));
#2564 = B_SPLINE_SURFACE_WITH_KNOTS('',1,1,(
    (#2565,#2566)
    ,(#2567,#2568
    )),.UNSPECIFIED.,.F.,.F.,.F.,(2,2),(2,2),(-15.9,3.639594695233E-22),
  (-1.052173739167E-22,2.5),.PIECEWISE_BEZIER_KNOTS.);
#2565 = CARTESIAN_POINT('',(-3.88000031608,-7.94999984574,9.1));
#2566 = CARTESIAN_POINT('',(-3.88000031608,-7.94999984574,11.6));
#2567 = CARTESIAN_POINT('',(-3.87999968392,7.95000015426,9.1));
#2568 = CARTESIAN_POINT('',(-3.87999968392,7.95000015426,11.6));
#2569 = ADVANCED_FACE('',(#2570),#2600,.T.);
#2570 = FACE_BOUND('',#2571,.F.);
#2571 = EDGE_LOOP('',(#2572,#2581,#2588,#2595));
#2572 = ORIENTED_EDGE('',*,*,#2573,.T.);
#2573 = EDGE_CURVE('',#2574,#2576,#2578,.T.);
#2574 = VERTEX_POINT('',#2575);
#2575 = CARTESIAN_POINT('',(1.6700007574,19.0499999336,8.15));
#2576 = VERTEX_POINT('',#2577);
#2577 = CARTESIAN_POINT('',(4.9200007574,19.049999804384,8.15));
#2578 = B_SPLINE_CURVE_WITH_KNOTS('',1,(#2579,#2580),.UNSPECIFIED.,.F.,
  .F.,(2,2),(1.970802919708,5.220802919708),.PIECEWISE_BEZIER_KNOTS.);
#2579 = CARTESIAN_POINT('',(1.6700007574,19.0499999336,8.15));
#2580 = CARTESIAN_POINT('',(4.9200007574,19.049999804384,8.15));
#2581 = ORIENTED_EDGE('',*,*,#2582,.T.);
#2582 = EDGE_CURVE('',#2576,#2583,#2585,.T.);
#2583 = VERTEX_POINT('',#2584);
#2584 = CARTESIAN_POINT('',(4.920000459211,11.549999804385,8.15));
#2585 = B_SPLINE_CURVE_WITH_KNOTS('',1,(#2586,#2587),.UNSPECIFIED.,.F.,
  .F.,(2,2),(-20.81131386861,-13.31131386861),.PIECEWISE_BEZIER_KNOTS.);
#2586 = CARTESIAN_POINT('',(4.9200007574,19.049999804384,8.15));
#2587 = CARTESIAN_POINT('',(4.920000459211,11.549999804385,8.15));
#2588 = ORIENTED_EDGE('',*,*,#2589,.T.);
#2589 = EDGE_CURVE('',#2583,#2590,#2592,.T.);
#2590 = VERTEX_POINT('',#2591);
#2591 = CARTESIAN_POINT('',(1.670000459211,11.5499999336,8.15));
#2592 = B_SPLINE_CURVE_WITH_KNOTS('',1,(#2593,#2594),.UNSPECIFIED.,.F.,
  .F.,(2,2),(-5.220802919708,-1.970802919708),.PIECEWISE_BEZIER_KNOTS.);
#2593 = CARTESIAN_POINT('',(4.920000459211,11.549999804384,8.15));
#2594 = CARTESIAN_POINT('',(1.670000459211,11.5499999336,8.15));
#2595 = ORIENTED_EDGE('',*,*,#2596,.T.);
#2596 = EDGE_CURVE('',#2590,#2574,#2597,.T.);
#2597 = B_SPLINE_CURVE_WITH_KNOTS('',1,(#2598,#2599),.UNSPECIFIED.,.F.,
  .F.,(2,2),(13.311313868613,20.811313868613),.PIECEWISE_BEZIER_KNOTS.);
#2598 = CARTESIAN_POINT('',(1.670000459211,11.5499999336,8.15));
#2599 = CARTESIAN_POINT('',(1.6700007574,19.0499999336,8.15));
#2600 = B_SPLINE_SURFACE_WITH_KNOTS('',1,1,(
    (#2601,#2602)
    ,(#2603,#2604
    )),.UNSPECIFIED.,.F.,.F.,.F.,(2,2),(2,2),(13.311313868613,
    20.811313868613),(-5.220802919708,-1.970802919708),
  .PIECEWISE_BEZIER_KNOTS.);
#2601 = CARTESIAN_POINT('',(4.920000459211,11.549999804384,8.15));
#2602 = CARTESIAN_POINT('',(1.670000459211,11.5499999336,8.15));
#2603 = CARTESIAN_POINT('',(4.9200007574,19.049999804384,8.15));
#2604 = CARTESIAN_POINT('',(1.6700007574,19.0499999336,8.15));
#2605 = ADVANCED_FACE('',(#2606),#2628,.T.);
#2606 = FACE_BOUND('',#2607,.F.);
#2607 = EDGE_LOOP('',(#2608,#2617,#2622,#2623));
#2608 = ORIENTED_EDGE('',*,*,#2609,.T.);
#2609 = EDGE_CURVE('',#2610,#2612,#2614,.T.);
#2610 = VERTEX_POINT('',#2611);
#2611 = CARTESIAN_POINT('',(4.920000459211,11.549999804384,11.6));
#2612 = VERTEX_POINT('',#2613);
#2613 = CARTESIAN_POINT('',(1.670000459211,11.5499999336,11.6));
#2614 = B_SPLINE_CURVE_WITH_KNOTS('',1,(#2615,#2616),.UNSPECIFIED.,.F.,
  .F.,(2,2),(-3.25,-0.),.PIECEWISE_BEZIER_KNOTS.);
#2615 = CARTESIAN_POINT('',(4.920000459211,11.549999804384,11.6));
#2616 = CARTESIAN_POINT('',(1.670000459211,11.5499999336,11.6));
#2617 = ORIENTED_EDGE('',*,*,#2618,.F.);
#2618 = EDGE_CURVE('',#2590,#2612,#2619,.T.);
#2619 = B_SPLINE_CURVE_WITH_KNOTS('',1,(#2620,#2621),.UNSPECIFIED.,.F.,
  .F.,(2,2),(0.,3.45),.PIECEWISE_BEZIER_KNOTS.);
#2620 = CARTESIAN_POINT('',(1.670000459211,11.5499999336,8.15));
#2621 = CARTESIAN_POINT('',(1.670000459211,11.5499999336,11.6));
#2622 = ORIENTED_EDGE('',*,*,#2589,.F.);
#2623 = ORIENTED_EDGE('',*,*,#2624,.T.);
#2624 = EDGE_CURVE('',#2583,#2610,#2625,.T.);
#2625 = B_SPLINE_CURVE_WITH_KNOTS('',1,(#2626,#2627),.UNSPECIFIED.,.F.,
  .F.,(2,2),(0.,3.45),.PIECEWISE_BEZIER_KNOTS.);
#2626 = CARTESIAN_POINT('',(4.920000459211,11.549999804385,8.15));
#2627 = CARTESIAN_POINT('',(4.920000459211,11.549999804385,11.6));
#2628 = B_SPLINE_SURFACE_WITH_KNOTS('',1,1,(
    (#2629,#2630)
    ,(#2631,#2632
    )),.UNSPECIFIED.,.F.,.F.,.F.,(2,2),(2,2),(-3.45,8.021181387181E-23),
  (-3.25,0.),.PIECEWISE_BEZIER_KNOTS.);
#2629 = CARTESIAN_POINT('',(4.920000459211,11.549999804384,11.6));
#2630 = CARTESIAN_POINT('',(1.670000459211,11.5499999336,11.6));
#2631 = CARTESIAN_POINT('',(4.920000459211,11.549999804384,8.15));
#2632 = CARTESIAN_POINT('',(1.670000459211,11.5499999336,8.15));
#2633 = ADVANCED_FACE('',(#2634),#2664,.T.);
#2634 = FACE_BOUND('',#2635,.F.);
#2635 = EDGE_LOOP('',(#2636,#2645,#2652,#2659));
#2636 = ORIENTED_EDGE('',*,*,#2637,.T.);
#2637 = EDGE_CURVE('',#2638,#2640,#2642,.T.);
#2638 = VERTEX_POINT('',#2639);
#2639 = CARTESIAN_POINT('',(4.9199992426,-19.0500001956,8.15));
#2640 = VERTEX_POINT('',#2641);
#2641 = CARTESIAN_POINT('',(1.6699992426,-19.05000006639,8.15));
#2642 = B_SPLINE_CURVE_WITH_KNOTS('',1,(#2643,#2644),.UNSPECIFIED.,.F.,
  .F.,(2,2),(-3.25,-0.),.PIECEWISE_BEZIER_KNOTS.);
#2643 = CARTESIAN_POINT('',(4.9199992426,-19.0500001956,8.15));
#2644 = CARTESIAN_POINT('',(1.6699992426,-19.05000006639,8.15));
#2645 = ORIENTED_EDGE('',*,*,#2646,.T.);
#2646 = EDGE_CURVE('',#2640,#2647,#2649,.T.);
#2647 = VERTEX_POINT('',#2648);
#2648 = CARTESIAN_POINT('',(1.669999540789,-11.5500000664,8.15));
#2649 = B_SPLINE_CURVE_WITH_KNOTS('',1,(#2650,#2651),.UNSPECIFIED.,.F.,
  .F.,(2,2),(0.,7.499999999993),.PIECEWISE_BEZIER_KNOTS.);
#2650 = CARTESIAN_POINT('',(1.6699992426,-19.05000006639,8.15));
#2651 = CARTESIAN_POINT('',(1.669999540789,-11.5500000664,8.15));
#2652 = ORIENTED_EDGE('',*,*,#2653,.T.);
#2653 = EDGE_CURVE('',#2647,#2654,#2656,.T.);
#2654 = VERTEX_POINT('',#2655);
#2655 = CARTESIAN_POINT('',(4.919999540789,-11.55000019561,8.15));
#2656 = B_SPLINE_CURVE_WITH_KNOTS('',1,(#2657,#2658),.UNSPECIFIED.,.F.,
  .F.,(2,2),(0.,3.25),.PIECEWISE_BEZIER_KNOTS.);
#2657 = CARTESIAN_POINT('',(1.669999540789,-11.5500000664,8.15));
#2658 = CARTESIAN_POINT('',(4.919999540789,-11.55000019561,8.15));
#2659 = ORIENTED_EDGE('',*,*,#2660,.T.);
#2660 = EDGE_CURVE('',#2654,#2638,#2661,.T.);
#2661 = B_SPLINE_CURVE_WITH_KNOTS('',1,(#2662,#2663),.UNSPECIFIED.,.F.,
  .F.,(2,2),(-7.499999999993,0.),.PIECEWISE_BEZIER_KNOTS.);
#2662 = CARTESIAN_POINT('',(4.919999540789,-11.55000019561,8.15));
#2663 = CARTESIAN_POINT('',(4.9199992426,-19.0500001956,8.15));
#2664 = B_SPLINE_SURFACE_WITH_KNOTS('',1,1,(
    (#2665,#2666)
    ,(#2667,#2668
    )),.UNSPECIFIED.,.F.,.F.,.F.,(2,2),(2,2),(-17.28868613138,
    -9.788686131387),(-5.220802919708,-1.970802919708),
  .PIECEWISE_BEZIER_KNOTS.);
#2665 = CARTESIAN_POINT('',(4.9199992426,-19.0500001956,8.15));
#2666 = CARTESIAN_POINT('',(1.6699992426,-19.05000006639,8.15));
#2667 = CARTESIAN_POINT('',(4.919999540789,-11.55000019561,8.15));
#2668 = CARTESIAN_POINT('',(1.669999540789,-11.5500000664,8.15));
#2669 = ADVANCED_FACE('',(#2670),#2692,.T.);
#2670 = FACE_BOUND('',#2671,.F.);
#2671 = EDGE_LOOP('',(#2672,#2681,#2686,#2687));
#2672 = ORIENTED_EDGE('',*,*,#2673,.T.);
#2673 = EDGE_CURVE('',#2674,#2676,#2678,.T.);
#2674 = VERTEX_POINT('',#2675);
#2675 = CARTESIAN_POINT('',(1.669999540789,-11.5500000664,11.6));
#2676 = VERTEX_POINT('',#2677);
#2677 = CARTESIAN_POINT('',(4.919999540789,-11.55000019561,11.6));
#2678 = B_SPLINE_CURVE_WITH_KNOTS('',1,(#2679,#2680),.UNSPECIFIED.,.F.,
  .F.,(2,2),(0.,3.25),.PIECEWISE_BEZIER_KNOTS.);
#2679 = CARTESIAN_POINT('',(1.669999540789,-11.5500000664,11.6));
#2680 = CARTESIAN_POINT('',(4.919999540789,-11.55000019561,11.6));
#2681 = ORIENTED_EDGE('',*,*,#2682,.F.);
#2682 = EDGE_CURVE('',#2654,#2676,#2683,.T.);
#2683 = B_SPLINE_CURVE_WITH_KNOTS('',1,(#2684,#2685),.UNSPECIFIED.,.F.,
  .F.,(2,2),(0.,3.45),.PIECEWISE_BEZIER_KNOTS.);
#2684 = CARTESIAN_POINT('',(4.919999540789,-11.55000019561,8.15));
#2685 = CARTESIAN_POINT('',(4.919999540789,-11.55000019561,11.6));
#2686 = ORIENTED_EDGE('',*,*,#2653,.F.);
#2687 = ORIENTED_EDGE('',*,*,#2688,.T.);
#2688 = EDGE_CURVE('',#2647,#2674,#2689,.T.);
#2689 = B_SPLINE_CURVE_WITH_KNOTS('',1,(#2690,#2691),.UNSPECIFIED.,.F.,
  .F.,(2,2),(0.,3.45),.PIECEWISE_BEZIER_KNOTS.);
#2690 = CARTESIAN_POINT('',(1.669999540789,-11.5500000664,8.15));
#2691 = CARTESIAN_POINT('',(1.669999540789,-11.5500000664,11.6));
#2692 = B_SPLINE_SURFACE_WITH_KNOTS('',1,1,(
    (#2693,#2694)
    ,(#2695,#2696
    )),.UNSPECIFIED.,.F.,.F.,.F.,(2,2),(2,2),(-2.564811628231E-24,3.45),
  (-3.25,0.),.PIECEWISE_BEZIER_KNOTS.);
#2693 = CARTESIAN_POINT('',(4.919999540789,-11.55000019561,8.15));
#2694 = CARTESIAN_POINT('',(1.669999540789,-11.5500000664,8.15));
#2695 = CARTESIAN_POINT('',(4.919999540789,-11.55000019561,11.6));
#2696 = CARTESIAN_POINT('',(1.669999540789,-11.5500000664,11.6));
#2697 = ADVANCED_FACE('',(#2698,#2727),#2741,.T.);
#2698 = FACE_BOUND('',#2699,.F.);
#2699 = EDGE_LOOP('',(#2700,#2709,#2714,#2715,#2716,#2721,#2722));
#2700 = ORIENTED_EDGE('',*,*,#2701,.T.);
#2701 = EDGE_CURVE('',#2702,#2704,#2706,.T.);
#2702 = VERTEX_POINT('',#2703);
#2703 = CARTESIAN_POINT('',(1.67000031608,7.9499999336,14.9));
#2704 = VERTEX_POINT('',#2705);
#2705 = CARTESIAN_POINT('',(1.6700007574,19.0499999336,14.9));
#2706 = B_SPLINE_CURVE_WITH_KNOTS('',1,(#2707,#2708),.UNSPECIFIED.,.F.,
  .F.,(2,2),(26.999999999993,38.099999999993),.PIECEWISE_BEZIER_KNOTS.);
#2707 = CARTESIAN_POINT('',(1.67000031608,7.9499999336,14.9));
#2708 = CARTESIAN_POINT('',(1.6700007574,19.0499999336,14.9));
#2709 = ORIENTED_EDGE('',*,*,#2710,.F.);
#2710 = EDGE_CURVE('',#2574,#2704,#2711,.T.);
#2711 = B_SPLINE_CURVE_WITH_KNOTS('',1,(#2712,#2713),.UNSPECIFIED.,.F.,
  .F.,(2,2),(-3.45,3.3),.PIECEWISE_BEZIER_KNOTS.);
#2712 = CARTESIAN_POINT('',(1.6700007574,19.0499999336,8.15));
#2713 = CARTESIAN_POINT('',(1.6700007574,19.0499999336,14.9));
#2714 = ORIENTED_EDGE('',*,*,#2596,.F.);
#2715 = ORIENTED_EDGE('',*,*,#2618,.T.);
#2716 = ORIENTED_EDGE('',*,*,#2717,.F.);
#2717 = EDGE_CURVE('',#2410,#2612,#2718,.T.);
#2718 = B_SPLINE_CURVE_WITH_KNOTS('',1,(#2719,#2720),.UNSPECIFIED.,.F.,
  .F.,(2,2),(26.999999999993,30.599999999993),.PIECEWISE_BEZIER_KNOTS.);
#2719 = CARTESIAN_POINT('',(1.67000031608,7.9499999336,11.6));
#2720 = CARTESIAN_POINT('',(1.670000459211,11.5499999336,11.6));
#2721 = ORIENTED_EDGE('',*,*,#2424,.F.);
#2722 = ORIENTED_EDGE('',*,*,#2723,.F.);
#2723 = EDGE_CURVE('',#2702,#2313,#2724,.T.);
#2724 = B_SPLINE_CURVE_WITH_KNOTS('',1,(#2725,#2726),.UNSPECIFIED.,.F.,
  .F.,(2,2),(-3.3,-2.1),.PIECEWISE_BEZIER_KNOTS.);
#2725 = CARTESIAN_POINT('',(1.67000031608,7.9499999336,14.9));
#2726 = CARTESIAN_POINT('',(1.67000031608,7.9499999336,13.7));
#2727 = FACE_BOUND('',#2728,.F.);
#2728 = EDGE_LOOP('',(#2729));
#2729 = ORIENTED_EDGE('',*,*,#2730,.T.);
#2730 = EDGE_CURVE('',#2731,#2731,#2733,.T.);
#2731 = VERTEX_POINT('',#2732);
#2732 = CARTESIAN_POINT('',(1.670000665956,16.7499999336,11.6));
#2733 = ( BOUNDED_CURVE() B_SPLINE_CURVE(2,(#2734,#2735,#2736,#2737,
#2738,#2739,#2740),.UNSPECIFIED.,.T.,.F.) B_SPLINE_CURVE_WITH_KNOTS((1,2
    ,2,2,2,1),(-2.094395102393,0.,2.094395102393,4.188790204786,
6.28318530718,8.377580409573),.UNSPECIFIED.) CURVE() 
GEOMETRIC_REPRESENTATION_ITEM() RATIONAL_B_SPLINE_CURVE((1.,0.5,1.,0.5,
1.,0.5,1.)) REPRESENTATION_ITEM('') );
#2734 = CARTESIAN_POINT('',(1.670000665956,16.7499999336,11.6));
#2735 = CARTESIAN_POINT('',(1.670000665956,16.7499999336,12.812435565298
    ));
#2736 = CARTESIAN_POINT('',(1.670000624209,15.6999999336,12.206217782649
    ));
#2737 = CARTESIAN_POINT('',(1.670000582463,14.6499999336,11.6));
#2738 = CARTESIAN_POINT('',(1.670000624209,15.6999999336,10.993782217351
    ));
#2739 = CARTESIAN_POINT('',(1.670000665956,16.7499999336,10.387564434702
    ));
#2740 = CARTESIAN_POINT('',(1.670000665956,16.7499999336,11.6));
#2741 = B_SPLINE_SURFACE_WITH_KNOTS('',1,1,(
    (#2742,#2743)
    ,(#2744,#2745
    )),.UNSPECIFIED.,.F.,.F.,.F.,(2,2),(2,2),(26.999999999993,
    38.099999999993),(-3.45,3.3),.PIECEWISE_BEZIER_KNOTS.);
#2742 = CARTESIAN_POINT('',(1.67000031608,7.9499999336,8.15));
#2743 = CARTESIAN_POINT('',(1.67000031608,7.9499999336,14.9));
#2744 = CARTESIAN_POINT('',(1.6700007574,19.0499999336,8.15));
#2745 = CARTESIAN_POINT('',(1.6700007574,19.0499999336,14.9));
#2746 = ADVANCED_FACE('',(#2747,#2776),#2790,.T.);
#2747 = FACE_BOUND('',#2748,.F.);
#2748 = EDGE_LOOP('',(#2749,#2754,#2755,#2756,#2763,#2770,#2775));
#2749 = ORIENTED_EDGE('',*,*,#2750,.F.);
#2750 = EDGE_CURVE('',#2610,#2412,#2751,.T.);
#2751 = B_SPLINE_CURVE_WITH_KNOTS('',1,(#2752,#2753),.UNSPECIFIED.,.F.,
  .F.,(2,2),(-30.59999999999,-26.99999999999),.PIECEWISE_BEZIER_KNOTS.);
#2752 = CARTESIAN_POINT('',(4.920000459211,11.549999804384,11.6));
#2753 = CARTESIAN_POINT('',(4.92000031608,7.949999804384,11.6));
#2754 = ORIENTED_EDGE('',*,*,#2624,.F.);
#2755 = ORIENTED_EDGE('',*,*,#2582,.F.);
#2756 = ORIENTED_EDGE('',*,*,#2757,.T.);
#2757 = EDGE_CURVE('',#2576,#2758,#2760,.T.);
#2758 = VERTEX_POINT('',#2759);
#2759 = CARTESIAN_POINT('',(4.9200007574,19.049999804384,14.9));
#2760 = B_SPLINE_CURVE_WITH_KNOTS('',1,(#2761,#2762),.UNSPECIFIED.,.F.,
  .F.,(2,2),(-3.45,3.3),.PIECEWISE_BEZIER_KNOTS.);
#2761 = CARTESIAN_POINT('',(4.9200007574,19.049999804384,8.15));
#2762 = CARTESIAN_POINT('',(4.9200007574,19.049999804384,14.9));
#2763 = ORIENTED_EDGE('',*,*,#2764,.T.);
#2764 = EDGE_CURVE('',#2758,#2765,#2767,.T.);
#2765 = VERTEX_POINT('',#2766);
#2766 = CARTESIAN_POINT('',(4.92000031608,7.949999804384,14.9));
#2767 = B_SPLINE_CURVE_WITH_KNOTS('',1,(#2768,#2769),.UNSPECIFIED.,.F.,
  .F.,(2,2),(-38.09999999999,-26.99999999999),.PIECEWISE_BEZIER_KNOTS.);
#2768 = CARTESIAN_POINT('',(4.9200007574,19.049999804384,14.9));
#2769 = CARTESIAN_POINT('',(4.92000031608,7.949999804384,14.9));
#2770 = ORIENTED_EDGE('',*,*,#2771,.F.);
#2771 = EDGE_CURVE('',#2320,#2765,#2772,.T.);
#2772 = B_SPLINE_CURVE_WITH_KNOTS('',1,(#2773,#2774),.UNSPECIFIED.,.F.,
  .F.,(2,2),(2.1,3.3),.PIECEWISE_BEZIER_KNOTS.);
#2773 = CARTESIAN_POINT('',(4.92000031608,7.949999804384,13.7));
#2774 = CARTESIAN_POINT('',(4.92000031608,7.949999804384,14.9));
#2775 = ORIENTED_EDGE('',*,*,#2418,.F.);
#2776 = FACE_BOUND('',#2777,.F.);
#2777 = EDGE_LOOP('',(#2778));
#2778 = ORIENTED_EDGE('',*,*,#2779,.T.);
#2779 = EDGE_CURVE('',#2780,#2780,#2782,.T.);
#2780 = VERTEX_POINT('',#2781);
#2781 = CARTESIAN_POINT('',(4.920000665956,16.749999804384,11.6));
#2782 = ( BOUNDED_CURVE() B_SPLINE_CURVE(2,(#2783,#2784,#2785,#2786,
#2787,#2788,#2789),.UNSPECIFIED.,.T.,.F.) B_SPLINE_CURVE_WITH_KNOTS((3,2
    ,2,3),(3.14159265359,5.235987755983,7.330382858376,9.424777960769),
.PIECEWISE_BEZIER_KNOTS.) CURVE() GEOMETRIC_REPRESENTATION_ITEM() 
RATIONAL_B_SPLINE_CURVE((1.,0.5,1.,0.5,1.,0.5,1.)) REPRESENTATION_ITEM(
  '') );
#2783 = CARTESIAN_POINT('',(4.920000665956,16.749999804384,11.6));
#2784 = CARTESIAN_POINT('',(4.920000665956,16.749999804384,
    10.387564434702));
#2785 = CARTESIAN_POINT('',(4.920000624209,15.699999804384,
    10.993782217351));
#2786 = CARTESIAN_POINT('',(4.920000582463,14.649999804384,11.6));
#2787 = CARTESIAN_POINT('',(4.920000624209,15.699999804384,
    12.206217782649));
#2788 = CARTESIAN_POINT('',(4.920000665956,16.749999804384,
    12.812435565298));
#2789 = CARTESIAN_POINT('',(4.920000665956,16.749999804384,11.6));
#2790 = B_SPLINE_SURFACE_WITH_KNOTS('',1,1,(
    (#2791,#2792)
    ,(#2793,#2794
    )),.UNSPECIFIED.,.F.,.F.,.F.,(2,2),(2,2),(-38.09999999999,
    -26.99999999999),(-3.45,3.3),.PIECEWISE_BEZIER_KNOTS.);
#2791 = CARTESIAN_POINT('',(4.9200007574,19.049999804384,8.15));
#2792 = CARTESIAN_POINT('',(4.9200007574,19.049999804384,14.9));
#2793 = CARTESIAN_POINT('',(4.92000031608,7.949999804384,8.15));
#2794 = CARTESIAN_POINT('',(4.92000031608,7.949999804384,14.9));
#2795 = ADVANCED_FACE('',(#2796,#2825),#2839,.T.);
#2796 = FACE_BOUND('',#2797,.F.);
#2797 = EDGE_LOOP('',(#2798,#2807,#2812,#2813,#2814,#2819,#2820));
#2798 = ORIENTED_EDGE('',*,*,#2799,.T.);
#2799 = EDGE_CURVE('',#2800,#2802,#2804,.T.);
#2800 = VERTEX_POINT('',#2801);
#2801 = CARTESIAN_POINT('',(4.91999968392,-7.950000195616,14.9));
#2802 = VERTEX_POINT('',#2803);
#2803 = CARTESIAN_POINT('',(4.9199992426,-19.0500001956,14.9));
#2804 = B_SPLINE_CURVE_WITH_KNOTS('',1,(#2805,#2806),.UNSPECIFIED.,.F.,
  .F.,(2,2),(-11.09999999999,0.),.PIECEWISE_BEZIER_KNOTS.);
#2805 = CARTESIAN_POINT('',(4.919999683919,-7.950000195616,14.9));
#2806 = CARTESIAN_POINT('',(4.9199992426,-19.0500001956,14.9));
#2807 = ORIENTED_EDGE('',*,*,#2808,.F.);
#2808 = EDGE_CURVE('',#2638,#2802,#2809,.T.);
#2809 = B_SPLINE_CURVE_WITH_KNOTS('',1,(#2810,#2811),.UNSPECIFIED.,.F.,
  .F.,(2,2),(-3.45,3.3),.PIECEWISE_BEZIER_KNOTS.);
#2810 = CARTESIAN_POINT('',(4.9199992426,-19.0500001956,8.15));
#2811 = CARTESIAN_POINT('',(4.9199992426,-19.0500001956,14.9));
#2812 = ORIENTED_EDGE('',*,*,#2660,.F.);
#2813 = ORIENTED_EDGE('',*,*,#2682,.T.);
#2814 = ORIENTED_EDGE('',*,*,#2815,.F.);
#2815 = EDGE_CURVE('',#1101,#2676,#2816,.T.);
#2816 = B_SPLINE_CURVE_WITH_KNOTS('',1,(#2817,#2818),.UNSPECIFIED.,.F.,
  .F.,(2,2),(-11.09999999999,-7.499999999993),.PIECEWISE_BEZIER_KNOTS.);
#2817 = CARTESIAN_POINT('',(4.91999968392,-7.950000195616,11.6));
#2818 = CARTESIAN_POINT('',(4.919999540789,-11.55000019561,11.6));
#2819 = ORIENTED_EDGE('',*,*,#1115,.F.);
#2820 = ORIENTED_EDGE('',*,*,#2821,.F.);
#2821 = EDGE_CURVE('',#2800,#1039,#2822,.T.);
#2822 = B_SPLINE_CURVE_WITH_KNOTS('',1,(#2823,#2824),.UNSPECIFIED.,.F.,
  .F.,(2,2),(-3.3,-2.1),.PIECEWISE_BEZIER_KNOTS.);
#2823 = CARTESIAN_POINT('',(4.919999683919,-7.950000195616,14.9));
#2824 = CARTESIAN_POINT('',(4.919999683919,-7.950000195616,13.7));
#2825 = FACE_BOUND('',#2826,.F.);
#2826 = EDGE_LOOP('',(#2827));
#2827 = ORIENTED_EDGE('',*,*,#2828,.T.);
#2828 = EDGE_CURVE('',#2829,#2829,#2831,.T.);
#2829 = VERTEX_POINT('',#2830);
#2830 = CARTESIAN_POINT('',(4.919999389706,-15.3500001956,11.6));
#2831 = ( BOUNDED_CURVE() B_SPLINE_CURVE(2,(#2832,#2833,#2834,#2835,
#2836,#2837,#2838),.UNSPECIFIED.,.T.,.F.) B_SPLINE_CURVE_WITH_KNOTS((3,2
    ,2,3),(3.14159265359,5.235987755983,7.330382858376,9.424777960769),
.PIECEWISE_BEZIER_KNOTS.) CURVE() GEOMETRIC_REPRESENTATION_ITEM() 
RATIONAL_B_SPLINE_CURVE((1.,0.5,1.,0.5,1.,0.5,1.)) REPRESENTATION_ITEM(
  '') );
#2832 = CARTESIAN_POINT('',(4.919999389706,-15.3500001956,11.6));
#2833 = CARTESIAN_POINT('',(4.919999389706,-15.3500001956,
    10.387564434702));
#2834 = CARTESIAN_POINT('',(4.91999934796,-16.4000001956,10.993782217351
    ));
#2835 = CARTESIAN_POINT('',(4.919999306213,-17.4500001956,11.6));
#2836 = CARTESIAN_POINT('',(4.91999934796,-16.4000001956,12.206217782649
    ));
#2837 = CARTESIAN_POINT('',(4.919999389706,-15.3500001956,
    12.812435565298));
#2838 = CARTESIAN_POINT('',(4.919999389706,-15.3500001956,11.6));
#2839 = B_SPLINE_SURFACE_WITH_KNOTS('',1,1,(
    (#2840,#2841)
    ,(#2842,#2843
    )),.UNSPECIFIED.,.F.,.F.,.F.,(2,2),(2,2),(-11.09999999999,
    4.996306160394E-16),(-3.45,3.3),.PIECEWISE_BEZIER_KNOTS.);
#2840 = CARTESIAN_POINT('',(4.91999968392,-7.950000195616,8.15));
#2841 = CARTESIAN_POINT('',(4.91999968392,-7.950000195616,14.9));
#2842 = CARTESIAN_POINT('',(4.9199992426,-19.0500001956,8.15));
#2843 = CARTESIAN_POINT('',(4.9199992426,-19.0500001956,14.9));
#2844 = ADVANCED_FACE('',(#2845,#2874),#2888,.T.);
#2845 = FACE_BOUND('',#2846,.F.);
#2846 = EDGE_LOOP('',(#2847,#2852,#2853,#2854,#2861,#2868,#2873));
#2847 = ORIENTED_EDGE('',*,*,#2848,.F.);
#2848 = EDGE_CURVE('',#2674,#1103,#2849,.T.);
#2849 = B_SPLINE_CURVE_WITH_KNOTS('',1,(#2850,#2851),.UNSPECIFIED.,.F.,
  .F.,(2,2),(7.499999999993,11.099999999993),.PIECEWISE_BEZIER_KNOTS.);
#2850 = CARTESIAN_POINT('',(1.669999540789,-11.5500000664,11.6));
#2851 = CARTESIAN_POINT('',(1.66999968392,-7.9500000664,11.6));
#2852 = ORIENTED_EDGE('',*,*,#2688,.F.);
#2853 = ORIENTED_EDGE('',*,*,#2646,.F.);
#2854 = ORIENTED_EDGE('',*,*,#2855,.T.);
#2855 = EDGE_CURVE('',#2640,#2856,#2858,.T.);
#2856 = VERTEX_POINT('',#2857);
#2857 = CARTESIAN_POINT('',(1.6699992426,-19.05000006639,14.9));
#2858 = B_SPLINE_CURVE_WITH_KNOTS('',1,(#2859,#2860),.UNSPECIFIED.,.F.,
  .F.,(2,2),(-3.45,3.3),.PIECEWISE_BEZIER_KNOTS.);
#2859 = CARTESIAN_POINT('',(1.6699992426,-19.05000006639,8.15));
#2860 = CARTESIAN_POINT('',(1.6699992426,-19.05000006639,14.9));
#2861 = ORIENTED_EDGE('',*,*,#2862,.T.);
#2862 = EDGE_CURVE('',#2856,#2863,#2865,.T.);
#2863 = VERTEX_POINT('',#2864);
#2864 = CARTESIAN_POINT('',(1.66999968392,-7.9500000664,14.9));
#2865 = B_SPLINE_CURVE_WITH_KNOTS('',1,(#2866,#2867),.UNSPECIFIED.,.F.,
  .F.,(2,2),(0.,11.099999999993),.PIECEWISE_BEZIER_KNOTS.);
#2866 = CARTESIAN_POINT('',(1.6699992426,-19.05000006639,14.9));
#2867 = CARTESIAN_POINT('',(1.66999968392,-7.9500000664,14.9));
#2868 = ORIENTED_EDGE('',*,*,#2869,.F.);
#2869 = EDGE_CURVE('',#1046,#2863,#2870,.T.);
#2870 = B_SPLINE_CURVE_WITH_KNOTS('',1,(#2871,#2872),.UNSPECIFIED.,.F.,
  .F.,(2,2),(2.1,3.3),.PIECEWISE_BEZIER_KNOTS.);
#2871 = CARTESIAN_POINT('',(1.66999968392,-7.9500000664,13.7));
#2872 = CARTESIAN_POINT('',(1.66999968392,-7.9500000664,14.9));
#2873 = ORIENTED_EDGE('',*,*,#1109,.F.);
#2874 = FACE_BOUND('',#2875,.F.);
#2875 = EDGE_LOOP('',(#2876));
#2876 = ORIENTED_EDGE('',*,*,#2877,.T.);
#2877 = EDGE_CURVE('',#2878,#2878,#2880,.T.);
#2878 = VERTEX_POINT('',#2879);
#2879 = CARTESIAN_POINT('',(1.669999389706,-15.35000006639,11.6));
#2880 = ( BOUNDED_CURVE() B_SPLINE_CURVE(2,(#2881,#2882,#2883,#2884,
#2885,#2886,#2887),.UNSPECIFIED.,.T.,.F.) B_SPLINE_CURVE_WITH_KNOTS((1,2
    ,2,2,2,1),(-2.094395102393,0.,2.094395102393,4.188790204786,
6.28318530718,8.377580409573),.UNSPECIFIED.) CURVE() 
GEOMETRIC_REPRESENTATION_ITEM() RATIONAL_B_SPLINE_CURVE((1.,0.5,1.,0.5,
1.,0.5,1.)) REPRESENTATION_ITEM('') );
#2881 = CARTESIAN_POINT('',(1.669999389706,-15.35000006639,11.6));
#2882 = CARTESIAN_POINT('',(1.669999389706,-15.35000006639,
    12.812435565298));
#2883 = CARTESIAN_POINT('',(1.66999934796,-16.40000006639,
    12.206217782649));
#2884 = CARTESIAN_POINT('',(1.669999306213,-17.45000006639,11.6));
#2885 = CARTESIAN_POINT('',(1.66999934796,-16.40000006639,
    10.993782217351));
#2886 = CARTESIAN_POINT('',(1.669999389706,-15.35000006639,
    10.387564434702));
#2887 = CARTESIAN_POINT('',(1.669999389706,-15.35000006639,11.6));
#2888 = B_SPLINE_SURFACE_WITH_KNOTS('',1,1,(
    (#2889,#2890)
    ,(#2891,#2892
    )),.UNSPECIFIED.,.F.,.F.,.F.,(2,2),(2,2),(-1.526586860878E-15,
    11.099999999993),(-3.45,3.3),.PIECEWISE_BEZIER_KNOTS.);
#2889 = CARTESIAN_POINT('',(1.6699992426,-19.05000006639,8.15));
#2890 = CARTESIAN_POINT('',(1.6699992426,-19.05000006639,14.9));
#2891 = CARTESIAN_POINT('',(1.66999968392,-7.9500000664,8.15));
#2892 = CARTESIAN_POINT('',(1.66999968392,-7.9500000664,14.9));
#2893 = ADVANCED_FACE('',(#2894),#2922,.T.);
#2894 = FACE_BOUND('',#2895,.F.);
#2895 = EDGE_LOOP('',(#2896,#2901,#2902,#2909,#2916,#2921));
#2896 = ORIENTED_EDGE('',*,*,#2897,.F.);
#2897 = EDGE_CURVE('',#1307,#1137,#2898,.T.);
#2898 = B_SPLINE_CURVE_WITH_KNOTS('',1,(#2899,#2900),.UNSPECIFIED.,.F.,
  .F.,(2,2),(-13.63999999999,-11.75999999999),.PIECEWISE_BEZIER_KNOTS.);
#2899 = CARTESIAN_POINT('',(4.919999784906,-5.410000195616,11.6));
#2900 = CARTESIAN_POINT('',(4.91999971016,-7.290000195616,11.6));
#2901 = ORIENTED_EDGE('',*,*,#1321,.F.);
#2902 = ORIENTED_EDGE('',*,*,#2903,.F.);
#2903 = EDGE_CURVE('',#2904,#1238,#2906,.T.);
#2904 = VERTEX_POINT('',#2905);
#2905 = CARTESIAN_POINT('',(4.919999784906,-5.410000195616,14.9));
#2906 = B_SPLINE_CURVE_WITH_KNOTS('',1,(#2907,#2908),.UNSPECIFIED.,.F.,
  .F.,(2,2),(-3.3,-2.1),.PIECEWISE_BEZIER_KNOTS.);
#2907 = CARTESIAN_POINT('',(4.919999784906,-5.410000195616,14.9));
#2908 = CARTESIAN_POINT('',(4.919999784906,-5.410000195616,13.7));
#2909 = ORIENTED_EDGE('',*,*,#2910,.T.);
#2910 = EDGE_CURVE('',#2904,#2911,#2913,.T.);
#2911 = VERTEX_POINT('',#2912);
#2912 = CARTESIAN_POINT('',(4.91999971016,-7.290000195616,14.9));
#2913 = B_SPLINE_CURVE_WITH_KNOTS('',1,(#2914,#2915),.UNSPECIFIED.,.F.,
  .F.,(2,2),(-13.63999999999,-11.75999999999),.PIECEWISE_BEZIER_KNOTS.);
#2914 = CARTESIAN_POINT('',(4.919999784906,-5.410000195616,14.9));
#2915 = CARTESIAN_POINT('',(4.91999971016,-7.290000195616,14.9));
#2916 = ORIENTED_EDGE('',*,*,#2917,.F.);
#2917 = EDGE_CURVE('',#1018,#2911,#2918,.T.);
#2918 = B_SPLINE_CURVE_WITH_KNOTS('',1,(#2919,#2920),.UNSPECIFIED.,.F.,
  .F.,(2,2),(2.1,3.3),.PIECEWISE_BEZIER_KNOTS.);
#2919 = CARTESIAN_POINT('',(4.91999971016,-7.290000195616,13.7));
#2920 = CARTESIAN_POINT('',(4.91999971016,-7.290000195616,14.9));
#2921 = ORIENTED_EDGE('',*,*,#1143,.F.);
#2922 = B_SPLINE_SURFACE_WITH_KNOTS('',1,1,(
    (#2923,#2924)
    ,(#2925,#2926
    )),.UNSPECIFIED.,.F.,.F.,.F.,(2,2),(2,2),(-13.63999999999,
    -11.75999999999),(7.782115202894E-23,3.3),.PIECEWISE_BEZIER_KNOTS.);
#2923 = CARTESIAN_POINT('',(4.919999784906,-5.410000195616,11.6));
#2924 = CARTESIAN_POINT('',(4.919999784906,-5.410000195616,14.9));
#2925 = CARTESIAN_POINT('',(4.91999971016,-7.290000195616,11.6));
#2926 = CARTESIAN_POINT('',(4.91999971016,-7.290000195616,14.9));
#2927 = ADVANCED_FACE('',(#2928),#2956,.T.);
#2928 = FACE_BOUND('',#2929,.F.);
#2929 = EDGE_LOOP('',(#2930,#2939,#2944,#2945,#2950,#2951));
#2930 = ORIENTED_EDGE('',*,*,#2931,.T.);
#2931 = EDGE_CURVE('',#2932,#2934,#2936,.T.);
#2932 = VERTEX_POINT('',#2933);
#2933 = CARTESIAN_POINT('',(1.66999971016,-7.2900000664,14.9));
#2934 = VERTEX_POINT('',#2935);
#2935 = CARTESIAN_POINT('',(1.669999784906,-5.4100000664,14.9));
#2936 = B_SPLINE_CURVE_WITH_KNOTS('',1,(#2937,#2938),.UNSPECIFIED.,.F.,
  .F.,(2,2),(11.759999999993,13.639999999993),.PIECEWISE_BEZIER_KNOTS.);
#2937 = CARTESIAN_POINT('',(1.66999971016,-7.2900000664,14.9));
#2938 = CARTESIAN_POINT('',(1.669999784906,-5.4100000664,14.9));
#2939 = ORIENTED_EDGE('',*,*,#2940,.F.);
#2940 = EDGE_CURVE('',#1245,#2934,#2941,.T.);
#2941 = B_SPLINE_CURVE_WITH_KNOTS('',1,(#2942,#2943),.UNSPECIFIED.,.F.,
  .F.,(2,2),(2.1,3.3),.PIECEWISE_BEZIER_KNOTS.);
#2942 = CARTESIAN_POINT('',(1.669999784906,-5.4100000664,13.7));
#2943 = CARTESIAN_POINT('',(1.669999784906,-5.4100000664,14.9));
#2944 = ORIENTED_EDGE('',*,*,#1315,.F.);
#2945 = ORIENTED_EDGE('',*,*,#2946,.F.);
#2946 = EDGE_CURVE('',#1130,#1309,#2947,.T.);
#2947 = B_SPLINE_CURVE_WITH_KNOTS('',1,(#2948,#2949),.UNSPECIFIED.,.F.,
  .F.,(2,2),(11.759999999993,13.639999999993),.PIECEWISE_BEZIER_KNOTS.);
#2948 = CARTESIAN_POINT('',(1.66999971016,-7.2900000664,11.6));
#2949 = CARTESIAN_POINT('',(1.669999784906,-5.4100000664,11.6));
#2950 = ORIENTED_EDGE('',*,*,#1129,.F.);
#2951 = ORIENTED_EDGE('',*,*,#2952,.F.);
#2952 = EDGE_CURVE('',#2932,#1011,#2953,.T.);
#2953 = B_SPLINE_CURVE_WITH_KNOTS('',1,(#2954,#2955),.UNSPECIFIED.,.F.,
  .F.,(2,2),(-3.3,-2.1),.PIECEWISE_BEZIER_KNOTS.);
#2954 = CARTESIAN_POINT('',(1.66999971016,-7.2900000664,14.9));
#2955 = CARTESIAN_POINT('',(1.66999971016,-7.2900000664,13.7));
#2956 = B_SPLINE_SURFACE_WITH_KNOTS('',1,1,(
    (#2957,#2958)
    ,(#2959,#2960
    )),.UNSPECIFIED.,.F.,.F.,.F.,(2,2),(2,2),(11.759999999993,
    13.639999999993),(7.782115202894E-23,3.3),.PIECEWISE_BEZIER_KNOTS.);
#2957 = CARTESIAN_POINT('',(1.66999971016,-7.2900000664,11.6));
#2958 = CARTESIAN_POINT('',(1.66999971016,-7.2900000664,14.9));
#2959 = CARTESIAN_POINT('',(1.669999784906,-5.4100000664,11.6));
#2960 = CARTESIAN_POINT('',(1.669999784906,-5.4100000664,14.9));
#2961 = ADVANCED_FACE('',(#2962),#2990,.T.);
#2962 = FACE_BOUND('',#2963,.F.);
#2963 = EDGE_LOOP('',(#2964,#2969,#2970,#2977,#2984,#2989));
#2964 = ORIENTED_EDGE('',*,*,#2965,.F.);
#2965 = EDGE_CURVE('',#1529,#1365,#2966,.T.);
#2966 = B_SPLINE_CURVE_WITH_KNOTS('',1,(#2967,#2968),.UNSPECIFIED.,.F.,
  .F.,(2,2),(-16.17999999999,-14.29999999999),.PIECEWISE_BEZIER_KNOTS.);
#2967 = CARTESIAN_POINT('',(4.919999885893,-2.870000195616,11.6));
#2968 = CARTESIAN_POINT('',(4.919999811147,-4.750000195616,11.6));
#2969 = ORIENTED_EDGE('',*,*,#1543,.F.);
#2970 = ORIENTED_EDGE('',*,*,#2971,.F.);
#2971 = EDGE_CURVE('',#2972,#1460,#2974,.T.);
#2972 = VERTEX_POINT('',#2973);
#2973 = CARTESIAN_POINT('',(4.919999885893,-2.870000195616,14.9));
#2974 = B_SPLINE_CURVE_WITH_KNOTS('',1,(#2975,#2976),.UNSPECIFIED.,.F.,
  .F.,(2,2),(-3.3,-2.1),.PIECEWISE_BEZIER_KNOTS.);
#2975 = CARTESIAN_POINT('',(4.919999885893,-2.870000195616,14.9));
#2976 = CARTESIAN_POINT('',(4.919999885893,-2.870000195616,13.7));
#2977 = ORIENTED_EDGE('',*,*,#2978,.T.);
#2978 = EDGE_CURVE('',#2972,#2979,#2981,.T.);
#2979 = VERTEX_POINT('',#2980);
#2980 = CARTESIAN_POINT('',(4.919999811147,-4.750000195616,14.9));
#2981 = B_SPLINE_CURVE_WITH_KNOTS('',1,(#2982,#2983),.UNSPECIFIED.,.F.,
  .F.,(2,2),(-16.17999999999,-14.29999999999),.PIECEWISE_BEZIER_KNOTS.);
#2982 = CARTESIAN_POINT('',(4.919999885893,-2.870000195616,14.9));
#2983 = CARTESIAN_POINT('',(4.919999811147,-4.750000195616,14.9));
#2984 = ORIENTED_EDGE('',*,*,#2985,.F.);
#2985 = EDGE_CURVE('',#1217,#2979,#2986,.T.);
#2986 = B_SPLINE_CURVE_WITH_KNOTS('',1,(#2987,#2988),.UNSPECIFIED.,.F.,
  .F.,(2,2),(2.1,3.3),.PIECEWISE_BEZIER_KNOTS.);
#2987 = CARTESIAN_POINT('',(4.919999811147,-4.750000195616,13.7));
#2988 = CARTESIAN_POINT('',(4.919999811147,-4.750000195616,14.9));
#2989 = ORIENTED_EDGE('',*,*,#1371,.F.);
#2990 = B_SPLINE_SURFACE_WITH_KNOTS('',1,1,(
    (#2991,#2992)
    ,(#2993,#2994
    )),.UNSPECIFIED.,.F.,.F.,.F.,(2,2),(2,2),(-16.17999999999,
    -14.29999999999),(-5.845197550874E-16,3.3),
  .PIECEWISE_BEZIER_KNOTS.);
#2991 = CARTESIAN_POINT('',(4.919999885893,-2.870000195616,11.6));
#2992 = CARTESIAN_POINT('',(4.919999885893,-2.870000195616,14.9));
#2993 = CARTESIAN_POINT('',(4.919999811147,-4.750000195616,11.6));
#2994 = CARTESIAN_POINT('',(4.919999811147,-4.750000195616,14.9));
#2995 = ADVANCED_FACE('',(#2996),#3024,.T.);
#2996 = FACE_BOUND('',#2997,.F.);
#2997 = EDGE_LOOP('',(#2998,#3007,#3012,#3013,#3018,#3019));
#2998 = ORIENTED_EDGE('',*,*,#2999,.T.);
#2999 = EDGE_CURVE('',#3000,#3002,#3004,.T.);
#3000 = VERTEX_POINT('',#3001);
#3001 = CARTESIAN_POINT('',(1.669999811147,-4.7500000664,14.9));
#3002 = VERTEX_POINT('',#3003);
#3003 = CARTESIAN_POINT('',(1.669999885893,-2.8700000664,14.9));
#3004 = B_SPLINE_CURVE_WITH_KNOTS('',1,(#3005,#3006),.UNSPECIFIED.,.F.,
  .F.,(2,2),(14.299999999993,16.179999999993),.PIECEWISE_BEZIER_KNOTS.);
#3005 = CARTESIAN_POINT('',(1.669999811147,-4.7500000664,14.9));
#3006 = CARTESIAN_POINT('',(1.669999885893,-2.8700000664,14.9));
#3007 = ORIENTED_EDGE('',*,*,#3008,.F.);
#3008 = EDGE_CURVE('',#1467,#3002,#3009,.T.);
#3009 = B_SPLINE_CURVE_WITH_KNOTS('',1,(#3010,#3011),.UNSPECIFIED.,.F.,
  .F.,(2,2),(2.1,3.3),.PIECEWISE_BEZIER_KNOTS.);
#3010 = CARTESIAN_POINT('',(1.669999885893,-2.8700000664,13.7));
#3011 = CARTESIAN_POINT('',(1.669999885893,-2.8700000664,14.9));
#3012 = ORIENTED_EDGE('',*,*,#1537,.F.);
#3013 = ORIENTED_EDGE('',*,*,#3014,.F.);
#3014 = EDGE_CURVE('',#1358,#1531,#3015,.T.);
#3015 = B_SPLINE_CURVE_WITH_KNOTS('',1,(#3016,#3017),.UNSPECIFIED.,.F.,
  .F.,(2,2),(14.299999999993,16.179999999993),.PIECEWISE_BEZIER_KNOTS.);
#3016 = CARTESIAN_POINT('',(1.669999811147,-4.7500000664,11.6));
#3017 = CARTESIAN_POINT('',(1.669999885893,-2.8700000664,11.6));
#3018 = ORIENTED_EDGE('',*,*,#1357,.F.);
#3019 = ORIENTED_EDGE('',*,*,#3020,.F.);
#3020 = EDGE_CURVE('',#3000,#1210,#3021,.T.);
#3021 = B_SPLINE_CURVE_WITH_KNOTS('',1,(#3022,#3023),.UNSPECIFIED.,.F.,
  .F.,(2,2),(-3.3,-2.1),.PIECEWISE_BEZIER_KNOTS.);
#3022 = CARTESIAN_POINT('',(1.669999811147,-4.7500000664,14.9));
#3023 = CARTESIAN_POINT('',(1.669999811147,-4.7500000664,13.7));
#3024 = B_SPLINE_SURFACE_WITH_KNOTS('',1,1,(
    (#3025,#3026)
    ,(#3027,#3028
    )),.UNSPECIFIED.,.F.,.F.,.F.,(2,2),(2,2),(14.299999999993,
    16.179999999993),(-5.845160493183E-16,3.3),
  .PIECEWISE_BEZIER_KNOTS.);
#3025 = CARTESIAN_POINT('',(1.669999811147,-4.7500000664,11.6));
#3026 = CARTESIAN_POINT('',(1.669999811147,-4.7500000664,14.9));
#3027 = CARTESIAN_POINT('',(1.669999885893,-2.8700000664,11.6));
#3028 = CARTESIAN_POINT('',(1.669999885893,-2.8700000664,14.9));
#3029 = ADVANCED_FACE('',(#3030),#3058,.T.);
#3030 = FACE_BOUND('',#3031,.F.);
#3031 = EDGE_LOOP('',(#3032,#3037,#3038,#3045,#3052,#3057));
#3032 = ORIENTED_EDGE('',*,*,#3033,.F.);
#3033 = EDGE_CURVE('',#1751,#1587,#3034,.T.);
#3034 = B_SPLINE_CURVE_WITH_KNOTS('',1,(#3035,#3036),.UNSPECIFIED.,.F.,
  .F.,(2,2),(-18.71999999999,-16.83999999999),.PIECEWISE_BEZIER_KNOTS.);
#3035 = CARTESIAN_POINT('',(4.91999998688,-0.330000195616,11.6));
#3036 = CARTESIAN_POINT('',(4.919999912134,-2.210000195616,11.6));
#3037 = ORIENTED_EDGE('',*,*,#1765,.F.);
#3038 = ORIENTED_EDGE('',*,*,#3039,.F.);
#3039 = EDGE_CURVE('',#3040,#1682,#3042,.T.);
#3040 = VERTEX_POINT('',#3041);
#3041 = CARTESIAN_POINT('',(4.91999998688,-0.330000195616,14.9));
#3042 = B_SPLINE_CURVE_WITH_KNOTS('',1,(#3043,#3044),.UNSPECIFIED.,.F.,
  .F.,(2,2),(-3.3,-2.1),.PIECEWISE_BEZIER_KNOTS.);
#3043 = CARTESIAN_POINT('',(4.91999998688,-0.330000195616,14.9));
#3044 = CARTESIAN_POINT('',(4.91999998688,-0.330000195616,13.7));
#3045 = ORIENTED_EDGE('',*,*,#3046,.T.);
#3046 = EDGE_CURVE('',#3040,#3047,#3049,.T.);
#3047 = VERTEX_POINT('',#3048);
#3048 = CARTESIAN_POINT('',(4.919999912134,-2.210000195616,14.9));
#3049 = B_SPLINE_CURVE_WITH_KNOTS('',1,(#3050,#3051),.UNSPECIFIED.,.F.,
  .F.,(2,2),(-18.71999999999,-16.83999999999),.PIECEWISE_BEZIER_KNOTS.);
#3050 = CARTESIAN_POINT('',(4.91999998688,-0.330000195616,14.9));
#3051 = CARTESIAN_POINT('',(4.919999912134,-2.210000195616,14.9));
#3052 = ORIENTED_EDGE('',*,*,#3053,.F.);
#3053 = EDGE_CURVE('',#1439,#3047,#3054,.T.);
#3054 = B_SPLINE_CURVE_WITH_KNOTS('',1,(#3055,#3056),.UNSPECIFIED.,.F.,
  .F.,(2,2),(2.1,3.3),.PIECEWISE_BEZIER_KNOTS.);
#3055 = CARTESIAN_POINT('',(4.919999912134,-2.210000195616,13.7));
#3056 = CARTESIAN_POINT('',(4.919999912134,-2.210000195616,14.9));
#3057 = ORIENTED_EDGE('',*,*,#1593,.F.);
#3058 = B_SPLINE_SURFACE_WITH_KNOTS('',1,1,(
    (#3059,#3060)
    ,(#3061,#3062
    )),.UNSPECIFIED.,.F.,.F.,.F.,(2,2),(2,2),(-18.71999999999,
    -16.83999999999),(-1.892673944816E-15,3.3),
  .PIECEWISE_BEZIER_KNOTS.);
#3059 = CARTESIAN_POINT('',(4.91999998688,-0.330000195616,11.6));
#3060 = CARTESIAN_POINT('',(4.91999998688,-0.330000195616,14.9));
#3061 = CARTESIAN_POINT('',(4.919999912134,-2.210000195616,11.6));
#3062 = CARTESIAN_POINT('',(4.919999912134,-2.210000195616,14.9));
#3063 = ADVANCED_FACE('',(#3064),#3092,.T.);
#3064 = FACE_BOUND('',#3065,.F.);
#3065 = EDGE_LOOP('',(#3066,#3075,#3080,#3081,#3086,#3087));
#3066 = ORIENTED_EDGE('',*,*,#3067,.T.);
#3067 = EDGE_CURVE('',#3068,#3070,#3072,.T.);
#3068 = VERTEX_POINT('',#3069);
#3069 = CARTESIAN_POINT('',(1.669999912134,-2.2100000664,14.9));
#3070 = VERTEX_POINT('',#3071);
#3071 = CARTESIAN_POINT('',(1.66999998688,-0.3300000664,14.9));
#3072 = B_SPLINE_CURVE_WITH_KNOTS('',1,(#3073,#3074),.UNSPECIFIED.,.F.,
  .F.,(2,2),(16.839999999993,18.719999999993),.PIECEWISE_BEZIER_KNOTS.);
#3073 = CARTESIAN_POINT('',(1.669999912134,-2.2100000664,14.9));
#3074 = CARTESIAN_POINT('',(1.66999998688,-0.3300000664,14.9));
#3075 = ORIENTED_EDGE('',*,*,#3076,.F.);
#3076 = EDGE_CURVE('',#1689,#3070,#3077,.T.);
#3077 = B_SPLINE_CURVE_WITH_KNOTS('',1,(#3078,#3079),.UNSPECIFIED.,.F.,
  .F.,(2,2),(2.1,3.3),.PIECEWISE_BEZIER_KNOTS.);
#3078 = CARTESIAN_POINT('',(1.66999998688,-0.3300000664,13.7));
#3079 = CARTESIAN_POINT('',(1.66999998688,-0.3300000664,14.9));
#3080 = ORIENTED_EDGE('',*,*,#1759,.F.);
#3081 = ORIENTED_EDGE('',*,*,#3082,.F.);
#3082 = EDGE_CURVE('',#1580,#1753,#3083,.T.);
#3083 = B_SPLINE_CURVE_WITH_KNOTS('',1,(#3084,#3085),.UNSPECIFIED.,.F.,
  .F.,(2,2),(16.839999999993,18.719999999993),.PIECEWISE_BEZIER_KNOTS.);
#3084 = CARTESIAN_POINT('',(1.669999912134,-2.2100000664,11.6));
#3085 = CARTESIAN_POINT('',(1.66999998688,-0.3300000664,11.6));
#3086 = ORIENTED_EDGE('',*,*,#1579,.F.);
#3087 = ORIENTED_EDGE('',*,*,#3088,.F.);
#3088 = EDGE_CURVE('',#3068,#1432,#3089,.T.);
#3089 = B_SPLINE_CURVE_WITH_KNOTS('',1,(#3090,#3091),.UNSPECIFIED.,.F.,
  .F.,(2,2),(-3.3,-2.1),.PIECEWISE_BEZIER_KNOTS.);
#3090 = CARTESIAN_POINT('',(1.669999912134,-2.2100000664,14.9));
#3091 = CARTESIAN_POINT('',(1.669999912134,-2.2100000664,13.7));
#3092 = B_SPLINE_SURFACE_WITH_KNOTS('',1,1,(
    (#3093,#3094)
    ,(#3095,#3096
    )),.UNSPECIFIED.,.F.,.F.,.F.,(2,2),(2,2),(16.839999999993,
    18.719999999993),(-1.892674580091E-15,3.3),
  .PIECEWISE_BEZIER_KNOTS.);
#3093 = CARTESIAN_POINT('',(1.669999912134,-2.2100000664,11.6));
#3094 = CARTESIAN_POINT('',(1.669999912134,-2.2100000664,14.9));
#3095 = CARTESIAN_POINT('',(1.66999998688,-0.3300000664,11.6));
#3096 = CARTESIAN_POINT('',(1.66999998688,-0.3300000664,14.9));
#3097 = ADVANCED_FACE('',(#3098),#3126,.T.);
#3098 = FACE_BOUND('',#3099,.F.);
#3099 = EDGE_LOOP('',(#3100,#3105,#3106,#3113,#3120,#3125));
#3100 = ORIENTED_EDGE('',*,*,#3101,.F.);
#3101 = EDGE_CURVE('',#1973,#1809,#3102,.T.);
#3102 = B_SPLINE_CURVE_WITH_KNOTS('',1,(#3103,#3104),.UNSPECIFIED.,.F.,
  .F.,(2,2),(-21.25999999999,-19.37999999999),.PIECEWISE_BEZIER_KNOTS.);
#3103 = CARTESIAN_POINT('',(4.920000087866,2.209999804384,11.6));
#3104 = CARTESIAN_POINT('',(4.92000001312,0.329999804384,11.6));
#3105 = ORIENTED_EDGE('',*,*,#1987,.F.);
#3106 = ORIENTED_EDGE('',*,*,#3107,.F.);
#3107 = EDGE_CURVE('',#3108,#1904,#3110,.T.);
#3108 = VERTEX_POINT('',#3109);
#3109 = CARTESIAN_POINT('',(4.920000087866,2.209999804384,14.9));
#3110 = B_SPLINE_CURVE_WITH_KNOTS('',1,(#3111,#3112),.UNSPECIFIED.,.F.,
  .F.,(2,2),(-3.3,-2.1),.PIECEWISE_BEZIER_KNOTS.);
#3111 = CARTESIAN_POINT('',(4.920000087866,2.209999804384,14.9));
#3112 = CARTESIAN_POINT('',(4.920000087866,2.209999804384,13.7));
#3113 = ORIENTED_EDGE('',*,*,#3114,.T.);
#3114 = EDGE_CURVE('',#3108,#3115,#3117,.T.);
#3115 = VERTEX_POINT('',#3116);
#3116 = CARTESIAN_POINT('',(4.92000001312,0.329999804384,14.9));
#3117 = B_SPLINE_CURVE_WITH_KNOTS('',1,(#3118,#3119),.UNSPECIFIED.,.F.,
  .F.,(2,2),(-21.25999999999,-19.37999999999),.PIECEWISE_BEZIER_KNOTS.);
#3118 = CARTESIAN_POINT('',(4.920000087866,2.209999804384,14.9));
#3119 = CARTESIAN_POINT('',(4.92000001312,0.329999804384,14.9));
#3120 = ORIENTED_EDGE('',*,*,#3121,.F.);
#3121 = EDGE_CURVE('',#1661,#3115,#3122,.T.);
#3122 = B_SPLINE_CURVE_WITH_KNOTS('',1,(#3123,#3124),.UNSPECIFIED.,.F.,
  .F.,(2,2),(2.1,3.3),.PIECEWISE_BEZIER_KNOTS.);
#3123 = CARTESIAN_POINT('',(4.92000001312,0.329999804384,13.7));
#3124 = CARTESIAN_POINT('',(4.92000001312,0.329999804384,14.9));
#3125 = ORIENTED_EDGE('',*,*,#1815,.F.);
#3126 = B_SPLINE_SURFACE_WITH_KNOTS('',1,1,(
    (#3127,#3128)
    ,(#3129,#3130
    )),.UNSPECIFIED.,.F.,.F.,.F.,(2,2),(2,2),(-21.25999999999,
    -19.37999999999),(-2.312649820724E-15,3.3),
  .PIECEWISE_BEZIER_KNOTS.);
#3127 = CARTESIAN_POINT('',(4.920000087866,2.209999804384,11.6));
#3128 = CARTESIAN_POINT('',(4.920000087866,2.209999804384,14.9));
#3129 = CARTESIAN_POINT('',(4.92000001312,0.329999804384,11.6));
#3130 = CARTESIAN_POINT('',(4.92000001312,0.329999804384,14.9));
#3131 = ADVANCED_FACE('',(#3132),#3160,.T.);
#3132 = FACE_BOUND('',#3133,.F.);
#3133 = EDGE_LOOP('',(#3134,#3143,#3148,#3149,#3154,#3155));
#3134 = ORIENTED_EDGE('',*,*,#3135,.T.);
#3135 = EDGE_CURVE('',#3136,#3138,#3140,.T.);
#3136 = VERTEX_POINT('',#3137);
#3137 = CARTESIAN_POINT('',(1.67000001312,0.3299999336,14.9));
#3138 = VERTEX_POINT('',#3139);
#3139 = CARTESIAN_POINT('',(1.670000087866,2.2099999336,14.9));
#3140 = B_SPLINE_CURVE_WITH_KNOTS('',1,(#3141,#3142),.UNSPECIFIED.,.F.,
  .F.,(2,2),(19.379999999993,21.259999999993),.PIECEWISE_BEZIER_KNOTS.);
#3141 = CARTESIAN_POINT('',(1.67000001312,0.3299999336,14.9));
#3142 = CARTESIAN_POINT('',(1.670000087866,2.2099999336,14.9));
#3143 = ORIENTED_EDGE('',*,*,#3144,.F.);
#3144 = EDGE_CURVE('',#1911,#3138,#3145,.T.);
#3145 = B_SPLINE_CURVE_WITH_KNOTS('',1,(#3146,#3147),.UNSPECIFIED.,.F.,
  .F.,(2,2),(2.1,3.3),.PIECEWISE_BEZIER_KNOTS.);
#3146 = CARTESIAN_POINT('',(1.670000087866,2.2099999336,13.7));
#3147 = CARTESIAN_POINT('',(1.670000087866,2.2099999336,14.9));
#3148 = ORIENTED_EDGE('',*,*,#1981,.F.);
#3149 = ORIENTED_EDGE('',*,*,#3150,.F.);
#3150 = EDGE_CURVE('',#1802,#1975,#3151,.T.);
#3151 = B_SPLINE_CURVE_WITH_KNOTS('',1,(#3152,#3153),.UNSPECIFIED.,.F.,
  .F.,(2,2),(19.379999999993,21.259999999993),.PIECEWISE_BEZIER_KNOTS.);
#3152 = CARTESIAN_POINT('',(1.67000001312,0.3299999336,11.6));
#3153 = CARTESIAN_POINT('',(1.670000087866,2.2099999336,11.6));
#3154 = ORIENTED_EDGE('',*,*,#1801,.F.);
#3155 = ORIENTED_EDGE('',*,*,#3156,.F.);
#3156 = EDGE_CURVE('',#3136,#1654,#3157,.T.);
#3157 = B_SPLINE_CURVE_WITH_KNOTS('',1,(#3158,#3159),.UNSPECIFIED.,.F.,
  .F.,(2,2),(-3.3,-2.1),.PIECEWISE_BEZIER_KNOTS.);
#3158 = CARTESIAN_POINT('',(1.67000001312,0.3299999336,14.9));
#3159 = CARTESIAN_POINT('',(1.67000001312,0.3299999336,13.7));
#3160 = B_SPLINE_SURFACE_WITH_KNOTS('',1,1,(
    (#3161,#3162)
    ,(#3163,#3164
    )),.UNSPECIFIED.,.F.,.F.,.F.,(2,2),(2,2),(19.379999999993,
    21.259999999993),(-2.312650138361E-15,3.3),
  .PIECEWISE_BEZIER_KNOTS.);
#3161 = CARTESIAN_POINT('',(1.67000001312,0.3299999336,11.6));
#3162 = CARTESIAN_POINT('',(1.67000001312,0.3299999336,14.9));
#3163 = CARTESIAN_POINT('',(1.670000087866,2.2099999336,11.6));
#3164 = CARTESIAN_POINT('',(1.670000087866,2.2099999336,14.9));
#3165 = ADVANCED_FACE('',(#3166),#3194,.T.);
#3166 = FACE_BOUND('',#3167,.F.);
#3167 = EDGE_LOOP('',(#3168,#3173,#3174,#3181,#3188,#3193));
#3168 = ORIENTED_EDGE('',*,*,#3169,.F.);
#3169 = EDGE_CURVE('',#2195,#2031,#3170,.T.);
#3170 = B_SPLINE_CURVE_WITH_KNOTS('',1,(#3171,#3172),.UNSPECIFIED.,.F.,
  .F.,(2,2),(-23.79999999999,-21.91999999999),.PIECEWISE_BEZIER_KNOTS.);
#3171 = CARTESIAN_POINT('',(4.920000188853,4.749999804384,11.6));
#3172 = CARTESIAN_POINT('',(4.920000114107,2.869999804384,11.6));
#3173 = ORIENTED_EDGE('',*,*,#2209,.F.);
#3174 = ORIENTED_EDGE('',*,*,#3175,.F.);
#3175 = EDGE_CURVE('',#3176,#2126,#3178,.T.);
#3176 = VERTEX_POINT('',#3177);
#3177 = CARTESIAN_POINT('',(4.920000188853,4.749999804384,14.9));
#3178 = B_SPLINE_CURVE_WITH_KNOTS('',1,(#3179,#3180),.UNSPECIFIED.,.F.,
  .F.,(2,2),(-3.3,-2.1),.PIECEWISE_BEZIER_KNOTS.);
#3179 = CARTESIAN_POINT('',(4.920000188853,4.749999804384,14.9));
#3180 = CARTESIAN_POINT('',(4.920000188853,4.749999804384,13.7));
#3181 = ORIENTED_EDGE('',*,*,#3182,.T.);
#3182 = EDGE_CURVE('',#3176,#3183,#3185,.T.);
#3183 = VERTEX_POINT('',#3184);
#3184 = CARTESIAN_POINT('',(4.920000114107,2.869999804384,14.9));
#3185 = B_SPLINE_CURVE_WITH_KNOTS('',1,(#3186,#3187),.UNSPECIFIED.,.F.,
  .F.,(2,2),(-23.79999999999,-21.91999999999),.PIECEWISE_BEZIER_KNOTS.);
#3186 = CARTESIAN_POINT('',(4.920000188853,4.749999804384,14.9));
#3187 = CARTESIAN_POINT('',(4.920000114107,2.869999804384,14.9));
#3188 = ORIENTED_EDGE('',*,*,#3189,.F.);
#3189 = EDGE_CURVE('',#1883,#3183,#3190,.T.);
#3190 = B_SPLINE_CURVE_WITH_KNOTS('',1,(#3191,#3192),.UNSPECIFIED.,.F.,
  .F.,(2,2),(2.1,3.3),.PIECEWISE_BEZIER_KNOTS.);
#3191 = CARTESIAN_POINT('',(4.920000114107,2.869999804384,13.7));
#3192 = CARTESIAN_POINT('',(4.920000114107,2.869999804384,14.9));
#3193 = ORIENTED_EDGE('',*,*,#2037,.F.);
#3194 = B_SPLINE_SURFACE_WITH_KNOTS('',1,1,(
    (#3195,#3196)
    ,(#3197,#3198
    )),.UNSPECIFIED.,.F.,.F.,.F.,(2,2),(2,2),(-23.79999999999,
    -21.91999999999),(-3.620803904573E-15,3.3),
  .PIECEWISE_BEZIER_KNOTS.);
#3195 = CARTESIAN_POINT('',(4.920000188853,4.749999804384,11.6));
#3196 = CARTESIAN_POINT('',(4.920000188853,4.749999804384,14.9));
#3197 = CARTESIAN_POINT('',(4.920000114107,2.869999804384,11.6));
#3198 = CARTESIAN_POINT('',(4.920000114107,2.869999804384,14.9));
#3199 = ADVANCED_FACE('',(#3200),#3228,.T.);
#3200 = FACE_BOUND('',#3201,.F.);
#3201 = EDGE_LOOP('',(#3202,#3211,#3216,#3217,#3222,#3223));
#3202 = ORIENTED_EDGE('',*,*,#3203,.T.);
#3203 = EDGE_CURVE('',#3204,#3206,#3208,.T.);
#3204 = VERTEX_POINT('',#3205);
#3205 = CARTESIAN_POINT('',(1.670000114107,2.8699999336,14.9));
#3206 = VERTEX_POINT('',#3207);
#3207 = CARTESIAN_POINT('',(1.670000188853,4.7499999336,14.9));
#3208 = B_SPLINE_CURVE_WITH_KNOTS('',1,(#3209,#3210),.UNSPECIFIED.,.F.,
  .F.,(2,2),(21.919999999993,23.799999999993),.PIECEWISE_BEZIER_KNOTS.);
#3209 = CARTESIAN_POINT('',(1.670000114107,2.8699999336,14.9));
#3210 = CARTESIAN_POINT('',(1.670000188853,4.7499999336,14.9));
#3211 = ORIENTED_EDGE('',*,*,#3212,.F.);
#3212 = EDGE_CURVE('',#2133,#3206,#3213,.T.);
#3213 = B_SPLINE_CURVE_WITH_KNOTS('',1,(#3214,#3215),.UNSPECIFIED.,.F.,
  .F.,(2,2),(2.1,3.3),.PIECEWISE_BEZIER_KNOTS.);
#3214 = CARTESIAN_POINT('',(1.670000188853,4.7499999336,13.7));
#3215 = CARTESIAN_POINT('',(1.670000188853,4.7499999336,14.9));
#3216 = ORIENTED_EDGE('',*,*,#2203,.F.);
#3217 = ORIENTED_EDGE('',*,*,#3218,.F.);
#3218 = EDGE_CURVE('',#2024,#2197,#3219,.T.);
#3219 = B_SPLINE_CURVE_WITH_KNOTS('',1,(#3220,#3221),.UNSPECIFIED.,.F.,
  .F.,(2,2),(21.919999999993,23.799999999993),.PIECEWISE_BEZIER_KNOTS.);
#3220 = CARTESIAN_POINT('',(1.670000114107,2.8699999336,11.6));
#3221 = CARTESIAN_POINT('',(1.670000188853,4.7499999336,11.6));
#3222 = ORIENTED_EDGE('',*,*,#2023,.F.);
#3223 = ORIENTED_EDGE('',*,*,#3224,.F.);
#3224 = EDGE_CURVE('',#3204,#1876,#3225,.T.);
#3225 = B_SPLINE_CURVE_WITH_KNOTS('',1,(#3226,#3227),.UNSPECIFIED.,.F.,
  .F.,(2,2),(-3.3,-2.1),.PIECEWISE_BEZIER_KNOTS.);
#3226 = CARTESIAN_POINT('',(1.670000114107,2.8699999336,14.9));
#3227 = CARTESIAN_POINT('',(1.670000114107,2.8699999336,13.7));
#3228 = B_SPLINE_SURFACE_WITH_KNOTS('',1,1,(
    (#3229,#3230)
    ,(#3231,#3232
    )),.UNSPECIFIED.,.F.,.F.,.F.,(2,2),(2,2),(21.919999999993,
    23.799999999993),(-3.62080432809E-15,3.3),.PIECEWISE_BEZIER_KNOTS.);
#3229 = CARTESIAN_POINT('',(1.670000114107,2.8699999336,11.6));
#3230 = CARTESIAN_POINT('',(1.670000114107,2.8699999336,14.9));
#3231 = CARTESIAN_POINT('',(1.670000188853,4.7499999336,11.6));
#3232 = CARTESIAN_POINT('',(1.670000188853,4.7499999336,14.9));
#3233 = ADVANCED_FACE('',(#3234),#3262,.T.);
#3234 = FACE_BOUND('',#3235,.F.);
#3235 = EDGE_LOOP('',(#3236,#3241,#3242,#3249,#3256,#3261));
#3236 = ORIENTED_EDGE('',*,*,#3237,.F.);
#3237 = EDGE_CURVE('',#2438,#2253,#3238,.T.);
#3238 = B_SPLINE_CURVE_WITH_KNOTS('',1,(#3239,#3240),.UNSPECIFIED.,.F.,
  .F.,(2,2),(-26.33999999999,-24.45999999999),.PIECEWISE_BEZIER_KNOTS.);
#3239 = CARTESIAN_POINT('',(4.92000028984,7.289999804384,11.6));
#3240 = CARTESIAN_POINT('',(4.920000215094,5.409999804384,11.6));
#3241 = ORIENTED_EDGE('',*,*,#2452,.F.);
#3242 = ORIENTED_EDGE('',*,*,#3243,.F.);
#3243 = EDGE_CURVE('',#3244,#2341,#3246,.T.);
#3244 = VERTEX_POINT('',#3245);
#3245 = CARTESIAN_POINT('',(4.92000028984,7.289999804384,14.9));
#3246 = B_SPLINE_CURVE_WITH_KNOTS('',1,(#3247,#3248),.UNSPECIFIED.,.F.,
  .F.,(2,2),(-3.3,-2.1),.PIECEWISE_BEZIER_KNOTS.);
#3247 = CARTESIAN_POINT('',(4.92000028984,7.289999804384,14.9));
#3248 = CARTESIAN_POINT('',(4.92000028984,7.289999804384,13.7));
#3249 = ORIENTED_EDGE('',*,*,#3250,.T.);
#3250 = EDGE_CURVE('',#3244,#3251,#3253,.T.);
#3251 = VERTEX_POINT('',#3252);
#3252 = CARTESIAN_POINT('',(4.920000215094,5.409999804384,14.9));
#3253 = B_SPLINE_CURVE_WITH_KNOTS('',1,(#3254,#3255),.UNSPECIFIED.,.F.,
  .F.,(2,2),(-26.33999999999,-24.45999999999),.PIECEWISE_BEZIER_KNOTS.);
#3254 = CARTESIAN_POINT('',(4.92000028984,7.289999804384,14.9));
#3255 = CARTESIAN_POINT('',(4.920000215094,5.409999804384,14.9));
#3256 = ORIENTED_EDGE('',*,*,#3257,.F.);
#3257 = EDGE_CURVE('',#2105,#3251,#3258,.T.);
#3258 = B_SPLINE_CURVE_WITH_KNOTS('',1,(#3259,#3260),.UNSPECIFIED.,.F.,
  .F.,(2,2),(2.1,3.3),.PIECEWISE_BEZIER_KNOTS.);
#3259 = CARTESIAN_POINT('',(4.920000215094,5.409999804384,13.7));
#3260 = CARTESIAN_POINT('',(4.920000215094,5.409999804384,14.9));
#3261 = ORIENTED_EDGE('',*,*,#2259,.F.);
#3262 = B_SPLINE_SURFACE_WITH_KNOTS('',1,1,(
    (#3263,#3264)
    ,(#3265,#3266
    )),.UNSPECIFIED.,.F.,.F.,.F.,(2,2),(2,2),(-26.33999999999,
    -24.45999999999),(-3.152601149022E-15,3.3),
  .PIECEWISE_BEZIER_KNOTS.);
#3263 = CARTESIAN_POINT('',(4.92000028984,7.289999804384,11.6));
#3264 = CARTESIAN_POINT('',(4.92000028984,7.289999804384,14.9));
#3265 = CARTESIAN_POINT('',(4.920000215094,5.409999804384,11.6));
#3266 = CARTESIAN_POINT('',(4.920000215094,5.409999804384,14.9));
#3267 = ADVANCED_FACE('',(#3268),#3296,.T.);
#3268 = FACE_BOUND('',#3269,.F.);
#3269 = EDGE_LOOP('',(#3270,#3279,#3284,#3285,#3290,#3291));
#3270 = ORIENTED_EDGE('',*,*,#3271,.T.);
#3271 = EDGE_CURVE('',#3272,#3274,#3276,.T.);
#3272 = VERTEX_POINT('',#3273);
#3273 = CARTESIAN_POINT('',(1.670000215094,5.4099999336,14.9));
#3274 = VERTEX_POINT('',#3275);
#3275 = CARTESIAN_POINT('',(1.67000028984,7.2899999336,14.9));
#3276 = B_SPLINE_CURVE_WITH_KNOTS('',1,(#3277,#3278),.UNSPECIFIED.,.F.,
  .F.,(2,2),(24.459999999993,26.339999999993),.PIECEWISE_BEZIER_KNOTS.);
#3277 = CARTESIAN_POINT('',(1.670000215094,5.4099999336,14.9));
#3278 = CARTESIAN_POINT('',(1.67000028984,7.2899999336,14.9));
#3279 = ORIENTED_EDGE('',*,*,#3280,.F.);
#3280 = EDGE_CURVE('',#2348,#3274,#3281,.T.);
#3281 = B_SPLINE_CURVE_WITH_KNOTS('',1,(#3282,#3283),.UNSPECIFIED.,.F.,
  .F.,(2,2),(2.1,3.3),.PIECEWISE_BEZIER_KNOTS.);
#3282 = CARTESIAN_POINT('',(1.67000028984,7.2899999336,13.7));
#3283 = CARTESIAN_POINT('',(1.67000028984,7.2899999336,14.9));
#3284 = ORIENTED_EDGE('',*,*,#2446,.F.);
#3285 = ORIENTED_EDGE('',*,*,#3286,.F.);
#3286 = EDGE_CURVE('',#2246,#2440,#3287,.T.);
#3287 = B_SPLINE_CURVE_WITH_KNOTS('',1,(#3288,#3289),.UNSPECIFIED.,.F.,
  .F.,(2,2),(24.459999999993,26.339999999993),.PIECEWISE_BEZIER_KNOTS.);
#3288 = CARTESIAN_POINT('',(1.670000215094,5.4099999336,11.6));
#3289 = CARTESIAN_POINT('',(1.67000028984,7.2899999336,11.6));
#3290 = ORIENTED_EDGE('',*,*,#2245,.F.);
#3291 = ORIENTED_EDGE('',*,*,#3292,.F.);
#3292 = EDGE_CURVE('',#3272,#2098,#3293,.T.);
#3293 = B_SPLINE_CURVE_WITH_KNOTS('',1,(#3294,#3295),.UNSPECIFIED.,.F.,
  .F.,(2,2),(-3.3,-2.1),.PIECEWISE_BEZIER_KNOTS.);
#3294 = CARTESIAN_POINT('',(1.670000215094,5.4099999336,14.9));
#3295 = CARTESIAN_POINT('',(1.670000215094,5.4099999336,13.7));
#3296 = B_SPLINE_SURFACE_WITH_KNOTS('',1,1,(
    (#3297,#3298)
    ,(#3299,#3300
    )),.UNSPECIFIED.,.F.,.F.,.F.,(2,2),(2,2),(24.459999999993,
    26.339999999993),(-3.152601360781E-15,3.3),
  .PIECEWISE_BEZIER_KNOTS.);
#3297 = CARTESIAN_POINT('',(1.670000215094,5.4099999336,11.6));
#3298 = CARTESIAN_POINT('',(1.670000215094,5.4099999336,14.9));
#3299 = CARTESIAN_POINT('',(1.67000028984,7.2899999336,11.6));
#3300 = CARTESIAN_POINT('',(1.67000028984,7.2899999336,14.9));
#3301 = ADVANCED_FACE('',(#3302,#3316),#3330,.F.);
#3302 = FACE_BOUND('',#3303,.F.);
#3303 = EDGE_LOOP('',(#3304));
#3304 = ORIENTED_EDGE('',*,*,#3305,.T.);
#3305 = EDGE_CURVE('',#3306,#3306,#3308,.T.);
#3306 = VERTEX_POINT('',#3307);
#3307 = CARTESIAN_POINT('',(-1.450000425416,-10.70000000534,11.6));
#3308 = ( BOUNDED_CURVE() B_SPLINE_CURVE(2,(#3309,#3310,#3311,#3312,
#3313,#3314,#3315),.UNSPECIFIED.,.T.,.F.) B_SPLINE_CURVE_WITH_KNOTS((3,2
    ,2,3),(3.14159265359,5.235987755983,7.330382858376,9.424777960769),
.PIECEWISE_BEZIER_KNOTS.) CURVE() GEOMETRIC_REPRESENTATION_ITEM() 
RATIONAL_B_SPLINE_CURVE((1.,0.5,1.,0.5,1.,0.5,1.)) REPRESENTATION_ITEM(
  '') );
#3309 = CARTESIAN_POINT('',(-1.450000425416,-10.70000000534,11.6));
#3310 = CARTESIAN_POINT('',(2.014101080602,-10.70000014307,11.6));
#3311 = CARTESIAN_POINT('',(0.282050208317,-13.69999997971,11.6));
#3312 = CARTESIAN_POINT('',(-1.450000663968,-16.69999981634,11.6));
#3313 = CARTESIAN_POINT('',(-3.182051297701,-13.69999984198,11.6));
#3314 = CARTESIAN_POINT('',(-4.914101931435,-10.69999986761,11.6));
#3315 = CARTESIAN_POINT('',(-1.450000425416,-10.70000000534,11.6));
#3316 = FACE_BOUND('',#3317,.F.);
#3317 = EDGE_LOOP('',(#3318));
#3318 = ORIENTED_EDGE('',*,*,#3319,.F.);
#3319 = EDGE_CURVE('',#3320,#3320,#3322,.T.);
#3320 = VERTEX_POINT('',#3321);
#3321 = CARTESIAN_POINT('',(-1.45000045646,-11.48079994234,11.6));
#3322 = ( BOUNDED_CURVE() B_SPLINE_CURVE(2,(#3323,#3324,#3325,#3326,
#3327,#3328,#3329),.UNSPECIFIED.,.T.,.F.) B_SPLINE_CURVE_WITH_KNOTS((3,2
    ,2,3),(3.14159265359,5.235987755983,7.330382858376,9.424777960769),
.PIECEWISE_BEZIER_KNOTS.) CURVE() GEOMETRIC_REPRESENTATION_ITEM() 
RATIONAL_B_SPLINE_CURVE((1.,0.5,1.,0.5,1.,0.5,1.)) REPRESENTATION_ITEM(
  '') );
#3323 = CARTESIAN_POINT('',(-1.45000045646,-11.48079994234,11.6));
#3324 = CARTESIAN_POINT('',(0.661715888128,-11.4808000263,11.6));
#3325 = CARTESIAN_POINT('',(-0.394142356876,-13.30959998432,11.6));
#3326 = CARTESIAN_POINT('',(-1.450000601881,-15.13839994234,11.6));
#3327 = CARTESIAN_POINT('',(-2.505858701464,-13.30959990036,11.6));
#3328 = CARTESIAN_POINT('',(-3.561716801048,-11.48079985838,11.6));
#3329 = CARTESIAN_POINT('',(-1.45000045646,-11.48079994234,11.6));
#3330 = B_SPLINE_SURFACE_WITH_KNOTS('',1,1,(
    (#3331,#3332)
    ,(#3333,#3334
    )),.UNSPECIFIED.,.F.,.F.,.F.,(2,2),(2,2),(8.93868619438,
    12.93868606838),(-0.850802856708,3.149197017292),
  .PIECEWISE_BEZIER_KNOTS.);
#3331 = CARTESIAN_POINT('',(0.549999511584,-10.70000008486,11.6));
#3332 = CARTESIAN_POINT('',(-3.450000362416,-10.69999992583,11.6));
#3333 = CARTESIAN_POINT('',(0.549999352549,-14.69999995886,11.6));
#3334 = CARTESIAN_POINT('',(-3.450000521451,-14.69999979983,11.6));
#3335 = ADVANCED_FACE('',(#3336,#3350),#3364,.F.);
#3336 = FACE_BOUND('',#3337,.F.);
#3337 = EDGE_LOOP('',(#3338));
#3338 = ORIENTED_EDGE('',*,*,#3339,.T.);
#3339 = EDGE_CURVE('',#3340,#3340,#3342,.T.);
#3340 = VERTEX_POINT('',#3341);
#3341 = CARTESIAN_POINT('',(-1.449999415549,14.699999994646,11.6));
#3342 = ( BOUNDED_CURVE() B_SPLINE_CURVE(2,(#3343,#3344,#3345,#3346,
#3347,#3348,#3349),.UNSPECIFIED.,.T.,.F.) B_SPLINE_CURVE_WITH_KNOTS((3,2
    ,2,3),(3.14159265359,5.235987755983,7.330382858376,9.424777960769),
.PIECEWISE_BEZIER_KNOTS.) CURVE() GEOMETRIC_REPRESENTATION_ITEM() 
RATIONAL_B_SPLINE_CURVE((1.,0.5,1.,0.5,1.,0.5,1.)) REPRESENTATION_ITEM(
  '') );
#3343 = CARTESIAN_POINT('',(-1.449999415549,14.699999994646,11.6));
#3344 = CARTESIAN_POINT('',(2.014102090469,14.699999856919,11.6));
#3345 = CARTESIAN_POINT('',(0.282051218184,11.700000020283,11.6));
#3346 = CARTESIAN_POINT('',(-1.449999654101,8.700000183646,11.6));
#3347 = CARTESIAN_POINT('',(-3.182050287834,11.70000015801,11.6));
#3348 = CARTESIAN_POINT('',(-4.914100921568,14.700000132374,11.6));
#3349 = CARTESIAN_POINT('',(-1.449999415549,14.699999994646,11.6));
#3350 = FACE_BOUND('',#3351,.F.);
#3351 = EDGE_LOOP('',(#3352));
#3352 = ORIENTED_EDGE('',*,*,#3353,.F.);
#3353 = EDGE_CURVE('',#3354,#3354,#3356,.T.);
#3354 = VERTEX_POINT('',#3355);
#3355 = CARTESIAN_POINT('',(-1.449999446593,13.919200057646,11.6));
#3356 = ( BOUNDED_CURVE() B_SPLINE_CURVE(2,(#3357,#3358,#3359,#3360,
#3361,#3362,#3363),.UNSPECIFIED.,.T.,.F.) B_SPLINE_CURVE_WITH_KNOTS((3,2
    ,2,3),(3.14159265359,5.235987755983,7.330382858376,9.424777960769),
.PIECEWISE_BEZIER_KNOTS.) CURVE() GEOMETRIC_REPRESENTATION_ITEM() 
RATIONAL_B_SPLINE_CURVE((1.,0.5,1.,0.5,1.,0.5,1.)) REPRESENTATION_ITEM(
  '') );
#3357 = CARTESIAN_POINT('',(-1.449999446593,13.919200057646,11.6));
#3358 = CARTESIAN_POINT('',(0.661716897995,13.919199973688,11.6));
#3359 = CARTESIAN_POINT('',(-0.394141347009,12.090400015667,11.6));
#3360 = CARTESIAN_POINT('',(-1.449999592014,10.261600057646,11.6));
#3361 = CARTESIAN_POINT('',(-2.505857691597,12.090400099626,11.6));
#3362 = CARTESIAN_POINT('',(-3.561715791181,13.919200141605,11.6));
#3363 = CARTESIAN_POINT('',(-1.449999446593,13.919200057646,11.6));
#3364 = B_SPLINE_SURFACE_WITH_KNOTS('',1,1,(
    (#3365,#3366)
    ,(#3367,#3368
    )),.UNSPECIFIED.,.F.,.F.,.F.,(2,2),(2,2),(-16.46131380561,
    -12.46131393161),(-0.850802856708,3.149197017292),
  .PIECEWISE_BEZIER_KNOTS.);
#3365 = CARTESIAN_POINT('',(0.550000521451,14.699999915129,11.6));
#3366 = CARTESIAN_POINT('',(-3.449999352549,14.700000074163,11.6));
#3367 = CARTESIAN_POINT('',(0.550000362416,10.700000041129,11.6));
#3368 = CARTESIAN_POINT('',(-3.449999511584,10.700000200163,11.6));
#3369 = ADVANCED_FACE('',(#3370),#3516,.T.);
#3370 = FACE_BOUND('',#3371,.F.);
#3371 = EDGE_LOOP('',(#3372,#3381,#3386,#3387,#3388,#3393,#3394,#3399,
    #3400,#3401,#3408,#3415,#3420,#3421,#3422,#3423,#3430,#3437,#3442,
    #3443,#3444,#3445,#3452,#3459,#3464,#3465,#3466,#3467,#3474,#3481,
    #3486,#3487,#3488,#3489,#3496,#3503,#3508,#3509,#3510,#3511));
#3372 = ORIENTED_EDGE('',*,*,#3373,.T.);
#3373 = EDGE_CURVE('',#3374,#3376,#3378,.T.);
#3374 = VERTEX_POINT('',#3375);
#3375 = CARTESIAN_POINT('',(-0.420000215094,-5.409999983305,14.9));
#3376 = VERTEX_POINT('',#3377);
#3377 = CARTESIAN_POINT('',(-0.42000028984,-7.289999983305,14.9));
#3378 = B_SPLINE_CURVE_WITH_KNOTS('',1,(#3379,#3380),.UNSPECIFIED.,.F.,
  .F.,(2,2),(0.,1.88),.PIECEWISE_BEZIER_KNOTS.);
#3379 = CARTESIAN_POINT('',(-0.420000215094,-5.409999983305,14.9));
#3380 = CARTESIAN_POINT('',(-0.42000028984,-7.289999983305,14.9));
#3381 = ORIENTED_EDGE('',*,*,#3382,.F.);
#3382 = EDGE_CURVE('',#1004,#3376,#3383,.T.);
#3383 = B_SPLINE_CURVE_WITH_KNOTS('',1,(#3384,#3385),.UNSPECIFIED.,.F.,
  .F.,(2,2),(2.1,3.3),.PIECEWISE_BEZIER_KNOTS.);
#3384 = CARTESIAN_POINT('',(-0.42000028984,-7.289999983305,13.7));
#3385 = CARTESIAN_POINT('',(-0.42000028984,-7.289999983305,14.9));
#3386 = ORIENTED_EDGE('',*,*,#1163,.F.);
#3387 = ORIENTED_EDGE('',*,*,#1178,.T.);
#3388 = ORIENTED_EDGE('',*,*,#3389,.F.);
#3389 = EDGE_CURVE('',#2519,#1179,#3390,.T.);
#3390 = B_SPLINE_CURVE_WITH_KNOTS('',1,(#3391,#3392),.UNSPECIFIED.,.F.,
  .F.,(2,2),(0.,2.5),.PIECEWISE_BEZIER_KNOTS.);
#3391 = CARTESIAN_POINT('',(-0.42000031608,-7.949999983305,9.1));
#3392 = CARTESIAN_POINT('',(-0.42000031608,-7.949999983305,11.6));
#3393 = ORIENTED_EDGE('',*,*,#2518,.F.);
#3394 = ORIENTED_EDGE('',*,*,#3395,.T.);
#3395 = EDGE_CURVE('',#2512,#2488,#3396,.T.);
#3396 = B_SPLINE_CURVE_WITH_KNOTS('',1,(#3397,#3398),.UNSPECIFIED.,.F.,
  .F.,(2,2),(0.,2.5),.PIECEWISE_BEZIER_KNOTS.);
#3397 = CARTESIAN_POINT('',(-0.41999968392,7.950000016695,9.1));
#3398 = CARTESIAN_POINT('',(-0.41999968392,7.950000016695,11.6));
#3399 = ORIENTED_EDGE('',*,*,#2487,.T.);
#3400 = ORIENTED_EDGE('',*,*,#2466,.T.);
#3401 = ORIENTED_EDGE('',*,*,#3402,.T.);
#3402 = EDGE_CURVE('',#2355,#3403,#3405,.T.);
#3403 = VERTEX_POINT('',#3404);
#3404 = CARTESIAN_POINT('',(-0.41999971016,7.290000016695,14.9));
#3405 = B_SPLINE_CURVE_WITH_KNOTS('',1,(#3406,#3407),.UNSPECIFIED.,.F.,
  .F.,(2,2),(2.1,3.3),.PIECEWISE_BEZIER_KNOTS.);
#3406 = CARTESIAN_POINT('',(-0.41999971016,7.290000016695,13.7));
#3407 = CARTESIAN_POINT('',(-0.41999971016,7.290000016695,14.9));
#3408 = ORIENTED_EDGE('',*,*,#3409,.T.);
#3409 = EDGE_CURVE('',#3403,#3410,#3412,.T.);
#3410 = VERTEX_POINT('',#3411);
#3411 = CARTESIAN_POINT('',(-0.419999784906,5.410000016695,14.9));
#3412 = B_SPLINE_CURVE_WITH_KNOTS('',1,(#3413,#3414),.UNSPECIFIED.,.F.,
  .F.,(2,2),(0.,1.88),.PIECEWISE_BEZIER_KNOTS.);
#3413 = CARTESIAN_POINT('',(-0.41999971016,7.290000016695,14.9));
#3414 = CARTESIAN_POINT('',(-0.419999784906,5.410000016695,14.9));
#3415 = ORIENTED_EDGE('',*,*,#3416,.F.);
#3416 = EDGE_CURVE('',#2091,#3410,#3417,.T.);
#3417 = B_SPLINE_CURVE_WITH_KNOTS('',1,(#3418,#3419),.UNSPECIFIED.,.F.,
  .F.,(2,2),(2.1,3.3),.PIECEWISE_BEZIER_KNOTS.);
#3418 = CARTESIAN_POINT('',(-0.419999784906,5.410000016695,13.7));
#3419 = CARTESIAN_POINT('',(-0.419999784906,5.410000016695,14.9));
#3420 = ORIENTED_EDGE('',*,*,#2279,.F.);
#3421 = ORIENTED_EDGE('',*,*,#2294,.T.);
#3422 = ORIENTED_EDGE('',*,*,#2223,.T.);
#3423 = ORIENTED_EDGE('',*,*,#3424,.T.);
#3424 = EDGE_CURVE('',#2140,#3425,#3427,.T.);
#3425 = VERTEX_POINT('',#3426);
#3426 = CARTESIAN_POINT('',(-0.419999811147,4.750000016695,14.9));
#3427 = B_SPLINE_CURVE_WITH_KNOTS('',1,(#3428,#3429),.UNSPECIFIED.,.F.,
  .F.,(2,2),(2.1,3.3),.PIECEWISE_BEZIER_KNOTS.);
#3428 = CARTESIAN_POINT('',(-0.419999811147,4.750000016695,13.7));
#3429 = CARTESIAN_POINT('',(-0.419999811147,4.750000016695,14.9));
#3430 = ORIENTED_EDGE('',*,*,#3431,.T.);
#3431 = EDGE_CURVE('',#3425,#3432,#3434,.T.);
#3432 = VERTEX_POINT('',#3433);
#3433 = CARTESIAN_POINT('',(-0.419999885893,2.870000016695,14.9));
#3434 = B_SPLINE_CURVE_WITH_KNOTS('',1,(#3435,#3436),.UNSPECIFIED.,.F.,
  .F.,(2,2),(0.,1.88),.PIECEWISE_BEZIER_KNOTS.);
#3435 = CARTESIAN_POINT('',(-0.419999811147,4.750000016695,14.9));
#3436 = CARTESIAN_POINT('',(-0.419999885893,2.870000016695,14.9));
#3437 = ORIENTED_EDGE('',*,*,#3438,.F.);
#3438 = EDGE_CURVE('',#1869,#3432,#3439,.T.);
#3439 = B_SPLINE_CURVE_WITH_KNOTS('',1,(#3440,#3441),.UNSPECIFIED.,.F.,
  .F.,(2,2),(2.1,3.3),.PIECEWISE_BEZIER_KNOTS.);
#3440 = CARTESIAN_POINT('',(-0.419999885893,2.870000016695,13.7));
#3441 = CARTESIAN_POINT('',(-0.419999885893,2.870000016695,14.9));
#3442 = ORIENTED_EDGE('',*,*,#2057,.F.);
#3443 = ORIENTED_EDGE('',*,*,#2072,.T.);
#3444 = ORIENTED_EDGE('',*,*,#2001,.T.);
#3445 = ORIENTED_EDGE('',*,*,#3446,.T.);
#3446 = EDGE_CURVE('',#1918,#3447,#3449,.T.);
#3447 = VERTEX_POINT('',#3448);
#3448 = CARTESIAN_POINT('',(-0.419999912134,2.210000016695,14.9));
#3449 = B_SPLINE_CURVE_WITH_KNOTS('',1,(#3450,#3451),.UNSPECIFIED.,.F.,
  .F.,(2,2),(2.1,3.3),.PIECEWISE_BEZIER_KNOTS.);
#3450 = CARTESIAN_POINT('',(-0.419999912134,2.210000016695,13.7));
#3451 = CARTESIAN_POINT('',(-0.419999912134,2.210000016695,14.9));
#3452 = ORIENTED_EDGE('',*,*,#3453,.T.);
#3453 = EDGE_CURVE('',#3447,#3454,#3456,.T.);
#3454 = VERTEX_POINT('',#3455);
#3455 = CARTESIAN_POINT('',(-0.41999998688,0.330000016695,14.9));
#3456 = B_SPLINE_CURVE_WITH_KNOTS('',1,(#3457,#3458),.UNSPECIFIED.,.F.,
  .F.,(2,2),(0.,1.88),.PIECEWISE_BEZIER_KNOTS.);
#3457 = CARTESIAN_POINT('',(-0.419999912134,2.210000016695,14.9));
#3458 = CARTESIAN_POINT('',(-0.41999998688,0.330000016695,14.9));
#3459 = ORIENTED_EDGE('',*,*,#3460,.F.);
#3460 = EDGE_CURVE('',#1647,#3454,#3461,.T.);
#3461 = B_SPLINE_CURVE_WITH_KNOTS('',1,(#3462,#3463),.UNSPECIFIED.,.F.,
  .F.,(2,2),(2.1,3.3),.PIECEWISE_BEZIER_KNOTS.);
#3462 = CARTESIAN_POINT('',(-0.41999998688,0.330000016695,13.7));
#3463 = CARTESIAN_POINT('',(-0.41999998688,0.330000016695,14.9));
#3464 = ORIENTED_EDGE('',*,*,#1835,.F.);
#3465 = ORIENTED_EDGE('',*,*,#1850,.T.);
#3466 = ORIENTED_EDGE('',*,*,#1779,.T.);
#3467 = ORIENTED_EDGE('',*,*,#3468,.T.);
#3468 = EDGE_CURVE('',#1696,#3469,#3471,.T.);
#3469 = VERTEX_POINT('',#3470);
#3470 = CARTESIAN_POINT('',(-0.42000001312,-0.329999983305,14.9));
#3471 = B_SPLINE_CURVE_WITH_KNOTS('',1,(#3472,#3473),.UNSPECIFIED.,.F.,
  .F.,(2,2),(2.1,3.3),.PIECEWISE_BEZIER_KNOTS.);
#3472 = CARTESIAN_POINT('',(-0.42000001312,-0.329999983305,13.7));
#3473 = CARTESIAN_POINT('',(-0.42000001312,-0.329999983305,14.9));
#3474 = ORIENTED_EDGE('',*,*,#3475,.T.);
#3475 = EDGE_CURVE('',#3469,#3476,#3478,.T.);
#3476 = VERTEX_POINT('',#3477);
#3477 = CARTESIAN_POINT('',(-0.420000087866,-2.209999983305,14.9));
#3478 = B_SPLINE_CURVE_WITH_KNOTS('',1,(#3479,#3480),.UNSPECIFIED.,.F.,
  .F.,(2,2),(0.,1.88),.PIECEWISE_BEZIER_KNOTS.);
#3479 = CARTESIAN_POINT('',(-0.42000001312,-0.329999983305,14.9));
#3480 = CARTESIAN_POINT('',(-0.420000087866,-2.209999983305,14.9));
#3481 = ORIENTED_EDGE('',*,*,#3482,.F.);
#3482 = EDGE_CURVE('',#1425,#3476,#3483,.T.);
#3483 = B_SPLINE_CURVE_WITH_KNOTS('',1,(#3484,#3485),.UNSPECIFIED.,.F.,
  .F.,(2,2),(2.1,3.3),.PIECEWISE_BEZIER_KNOTS.);
#3484 = CARTESIAN_POINT('',(-0.420000087866,-2.209999983305,13.7));
#3485 = CARTESIAN_POINT('',(-0.420000087866,-2.209999983305,14.9));
#3486 = ORIENTED_EDGE('',*,*,#1613,.F.);
#3487 = ORIENTED_EDGE('',*,*,#1628,.T.);
#3488 = ORIENTED_EDGE('',*,*,#1557,.T.);
#3489 = ORIENTED_EDGE('',*,*,#3490,.T.);
#3490 = EDGE_CURVE('',#1474,#3491,#3493,.T.);
#3491 = VERTEX_POINT('',#3492);
#3492 = CARTESIAN_POINT('',(-0.420000114107,-2.869999983305,14.9));
#3493 = B_SPLINE_CURVE_WITH_KNOTS('',1,(#3494,#3495),.UNSPECIFIED.,.F.,
  .F.,(2,2),(2.1,3.3),.PIECEWISE_BEZIER_KNOTS.);
#3494 = CARTESIAN_POINT('',(-0.420000114107,-2.869999983305,13.7));
#3495 = CARTESIAN_POINT('',(-0.420000114107,-2.869999983305,14.9));
#3496 = ORIENTED_EDGE('',*,*,#3497,.T.);
#3497 = EDGE_CURVE('',#3491,#3498,#3500,.T.);
#3498 = VERTEX_POINT('',#3499);
#3499 = CARTESIAN_POINT('',(-0.420000188853,-4.749999983305,14.9));
#3500 = B_SPLINE_CURVE_WITH_KNOTS('',1,(#3501,#3502),.UNSPECIFIED.,.F.,
  .F.,(2,2),(0.,1.88),.PIECEWISE_BEZIER_KNOTS.);
#3501 = CARTESIAN_POINT('',(-0.420000114107,-2.869999983305,14.9));
#3502 = CARTESIAN_POINT('',(-0.420000188853,-4.749999983305,14.9));
#3503 = ORIENTED_EDGE('',*,*,#3504,.F.);
#3504 = EDGE_CURVE('',#1203,#3498,#3505,.T.);
#3505 = B_SPLINE_CURVE_WITH_KNOTS('',1,(#3506,#3507),.UNSPECIFIED.,.F.,
  .F.,(2,2),(2.1,3.3),.PIECEWISE_BEZIER_KNOTS.);
#3506 = CARTESIAN_POINT('',(-0.420000188853,-4.749999983305,13.7));
#3507 = CARTESIAN_POINT('',(-0.420000188853,-4.749999983305,14.9));
#3508 = ORIENTED_EDGE('',*,*,#1391,.F.);
#3509 = ORIENTED_EDGE('',*,*,#1406,.T.);
#3510 = ORIENTED_EDGE('',*,*,#1335,.T.);
#3511 = ORIENTED_EDGE('',*,*,#3512,.T.);
#3512 = EDGE_CURVE('',#1252,#3374,#3513,.T.);
#3513 = B_SPLINE_CURVE_WITH_KNOTS('',1,(#3514,#3515),.UNSPECIFIED.,.F.,
  .F.,(2,2),(2.1,3.3),.PIECEWISE_BEZIER_KNOTS.);
#3514 = CARTESIAN_POINT('',(-0.420000215094,-5.409999983305,13.7));
#3515 = CARTESIAN_POINT('',(-0.420000215094,-5.409999983305,14.9));
#3516 = B_SPLINE_SURFACE_WITH_KNOTS('',1,1,(
    (#3517,#3518)
    ,(#3519,#3520
  )),.UNSPECIFIED.,.F.,.F.,.F.,(2,2),(2,2),(-13.36,2.54),(-2.5,3.3),
  .PIECEWISE_BEZIER_KNOTS.);
#3517 = CARTESIAN_POINT('',(-0.41999968392,7.950000016695,9.1));
#3518 = CARTESIAN_POINT('',(-0.41999968392,7.950000016695,14.9));
#3519 = CARTESIAN_POINT('',(-0.42000031608,-7.949999983305,9.1));
#3520 = CARTESIAN_POINT('',(-0.42000031608,-7.949999983305,14.9));
#3521 = ADVANCED_FACE('',(#3522,#3552,#3566,#3580),#3586,.T.);
#3522 = FACE_BOUND('',#3523,.F.);
#3523 = EDGE_LOOP('',(#3524,#3533,#3540,#3547));
#3524 = ORIENTED_EDGE('',*,*,#3525,.F.);
#3525 = EDGE_CURVE('',#3526,#3528,#3530,.T.);
#3526 = VERTEX_POINT('',#3527);
#3527 = CARTESIAN_POINT('',(-6.2799992426,19.05000024968,6.6));
#3528 = VERTEX_POINT('',#3529);
#3529 = CARTESIAN_POINT('',(6.2800007574,19.049999750313,6.6));
#3530 = B_SPLINE_CURVE_WITH_KNOTS('',1,(#3531,#3532),.UNSPECIFIED.,.F.,
  .F.,(2,2),(0.,12.56),.PIECEWISE_BEZIER_KNOTS.);
#3531 = CARTESIAN_POINT('',(-6.2799992426,19.05000024968,6.6));
#3532 = CARTESIAN_POINT('',(6.2800007574,19.049999750313,6.6));
#3533 = ORIENTED_EDGE('',*,*,#3534,.F.);
#3534 = EDGE_CURVE('',#3535,#3526,#3537,.T.);
#3535 = VERTEX_POINT('',#3536);
#3536 = CARTESIAN_POINT('',(-6.2800007574,-19.04999975031,6.6));
#3537 = B_SPLINE_CURVE_WITH_KNOTS('',1,(#3538,#3539),.UNSPECIFIED.,.F.,
  .F.,(2,2),(-38.09999999999,0.),.PIECEWISE_BEZIER_KNOTS.);
#3538 = CARTESIAN_POINT('',(-6.2800007574,-19.04999975031,6.6));
#3539 = CARTESIAN_POINT('',(-6.2799992426,19.05000024968,6.6));
#3540 = ORIENTED_EDGE('',*,*,#3541,.F.);
#3541 = EDGE_CURVE('',#3542,#3535,#3544,.T.);
#3542 = VERTEX_POINT('',#3543);
#3543 = CARTESIAN_POINT('',(6.2799992426,-19.05000024968,6.6));
#3544 = B_SPLINE_CURVE_WITH_KNOTS('',1,(#3545,#3546),.UNSPECIFIED.,.F.,
  .F.,(2,2),(-12.56,-0.),.PIECEWISE_BEZIER_KNOTS.);
#3545 = CARTESIAN_POINT('',(6.2799992426,-19.05000024968,6.6));
#3546 = CARTESIAN_POINT('',(-6.2800007574,-19.04999975031,6.6));
#3547 = ORIENTED_EDGE('',*,*,#3548,.F.);
#3548 = EDGE_CURVE('',#3528,#3542,#3549,.T.);
#3549 = B_SPLINE_CURVE_WITH_KNOTS('',1,(#3550,#3551),.UNSPECIFIED.,.F.,
  .F.,(2,2),(0.,38.099999999993),.PIECEWISE_BEZIER_KNOTS.);
#3550 = CARTESIAN_POINT('',(6.2800007574,19.049999750313,6.6));
#3551 = CARTESIAN_POINT('',(6.2799992426,-19.05000024968,6.6));
#3552 = FACE_BOUND('',#3553,.F.);
#3553 = EDGE_LOOP('',(#3554));
#3554 = ORIENTED_EDGE('',*,*,#3555,.T.);
#3555 = EDGE_CURVE('',#3556,#3556,#3558,.T.);
#3556 = VERTEX_POINT('',#3557);
#3557 = CARTESIAN_POINT('',(-1.449999446593,13.919200057646,6.6));
#3558 = ( BOUNDED_CURVE() B_SPLINE_CURVE(2,(#3559,#3560,#3561,#3562,
#3563,#3564,#3565),.UNSPECIFIED.,.T.,.F.) B_SPLINE_CURVE_WITH_KNOTS((3,2
    ,2,3),(3.14159265359,5.235987755983,7.330382858376,9.424777960769),
.PIECEWISE_BEZIER_KNOTS.) CURVE() GEOMETRIC_REPRESENTATION_ITEM() 
RATIONAL_B_SPLINE_CURVE((1.,0.5,1.,0.5,1.,0.5,1.)) REPRESENTATION_ITEM(
  '') );
#3559 = CARTESIAN_POINT('',(-1.449999446593,13.919200057646,6.6));
#3560 = CARTESIAN_POINT('',(0.661716897995,13.919199973688,6.6));
#3561 = CARTESIAN_POINT('',(-0.394141347009,12.090400015667,6.6));
#3562 = CARTESIAN_POINT('',(-1.449999592014,10.261600057646,6.6));
#3563 = CARTESIAN_POINT('',(-2.505857691597,12.090400099626,6.6));
#3564 = CARTESIAN_POINT('',(-3.561715791181,13.919200141605,6.6));
#3565 = CARTESIAN_POINT('',(-1.449999446593,13.919200057646,6.6));
#3566 = FACE_BOUND('',#3567,.F.);
#3567 = EDGE_LOOP('',(#3568));
#3568 = ORIENTED_EDGE('',*,*,#3569,.T.);
#3569 = EDGE_CURVE('',#3570,#3570,#3572,.T.);
#3570 = VERTEX_POINT('',#3571);
#3571 = CARTESIAN_POINT('',(-1.45000045646,-11.48079994234,6.6));
#3572 = ( BOUNDED_CURVE() B_SPLINE_CURVE(2,(#3573,#3574,#3575,#3576,
#3577,#3578,#3579),.UNSPECIFIED.,.T.,.F.) B_SPLINE_CURVE_WITH_KNOTS((3,2
    ,2,3),(3.14159265359,5.235987755983,7.330382858376,9.424777960769),
.PIECEWISE_BEZIER_KNOTS.) CURVE() GEOMETRIC_REPRESENTATION_ITEM() 
RATIONAL_B_SPLINE_CURVE((1.,0.5,1.,0.5,1.,0.5,1.)) REPRESENTATION_ITEM(
  '') );
#3573 = CARTESIAN_POINT('',(-1.45000045646,-11.48079994234,6.6));
#3574 = CARTESIAN_POINT('',(0.661715888128,-11.4808000263,6.6));
#3575 = CARTESIAN_POINT('',(-0.394142356876,-13.30959998432,6.6));
#3576 = CARTESIAN_POINT('',(-1.450000601881,-15.13839994234,6.6));
#3577 = CARTESIAN_POINT('',(-2.505858701464,-13.30959990036,6.6));
#3578 = CARTESIAN_POINT('',(-3.561716801048,-11.48079985838,6.6));
#3579 = CARTESIAN_POINT('',(-1.45000045646,-11.48079994234,6.6));
#3580 = FACE_BOUND('',#3581,.F.);
#3581 = EDGE_LOOP('',(#3582,#3583,#3584,#3585));
#3582 = ORIENTED_EDGE('',*,*,#889,.F.);
#3583 = ORIENTED_EDGE('',*,*,#981,.F.);
#3584 = ORIENTED_EDGE('',*,*,#953,.F.);
#3585 = ORIENTED_EDGE('',*,*,#925,.F.);
#3586 = B_SPLINE_SURFACE_WITH_KNOTS('',1,1,(
    (#3587,#3588)
    ,(#3589,#3590
    )),.UNSPECIFIED.,.F.,.F.,.F.,(2,2),(2,2),(-20.81131386861,
    17.28868613138),(-6.580802919708,5.979197080292),
  .PIECEWISE_BEZIER_KNOTS.);
#3587 = CARTESIAN_POINT('',(6.2800007574,19.049999750313,6.6));
#3588 = CARTESIAN_POINT('',(-6.2799992426,19.05000024968,6.6));
#3589 = CARTESIAN_POINT('',(6.2799992426,-19.05000024968,6.6));
#3590 = CARTESIAN_POINT('',(-6.2800007574,-19.04999975031,6.6));
#3591 = ADVANCED_FACE('',(#3592),#3606,.F.);
#3592 = FACE_BOUND('',#3593,.F.);
#3593 = EDGE_LOOP('',(#3594,#3595,#3600,#3601));
#3594 = ORIENTED_EDGE('',*,*,#3271,.F.);
#3595 = ORIENTED_EDGE('',*,*,#3596,.F.);
#3596 = EDGE_CURVE('',#3410,#3272,#3597,.T.);
#3597 = B_SPLINE_CURVE_WITH_KNOTS('',1,(#3598,#3599),.UNSPECIFIED.,.F.,
  .F.,(2,2),(0.,2.09),.PIECEWISE_BEZIER_KNOTS.);
#3598 = CARTESIAN_POINT('',(-0.419999784906,5.410000016695,14.9));
#3599 = CARTESIAN_POINT('',(1.670000215094,5.4099999336,14.9));
#3600 = ORIENTED_EDGE('',*,*,#3409,.F.);
#3601 = ORIENTED_EDGE('',*,*,#3602,.F.);
#3602 = EDGE_CURVE('',#3274,#3403,#3603,.T.);
#3603 = B_SPLINE_CURVE_WITH_KNOTS('',1,(#3604,#3605),.UNSPECIFIED.,.F.,
  .F.,(2,2),(4.61,6.7),.PIECEWISE_BEZIER_KNOTS.);
#3604 = CARTESIAN_POINT('',(1.67000028984,7.2899999336,14.9));
#3605 = CARTESIAN_POINT('',(-0.41999971016,7.290000016695,14.9));
#3606 = B_SPLINE_SURFACE_WITH_KNOTS('',1,1,(
    (#3607,#3608)
    ,(#3609,#3610
    )),.UNSPECIFIED.,.F.,.F.,.F.,(2,2),(2,2),(-9.051313868613,
    -7.171313868613),(-1.970802919708,0.119197080292),
  .PIECEWISE_BEZIER_KNOTS.);
#3607 = CARTESIAN_POINT('',(1.67000028984,7.2899999336,14.9));
#3608 = CARTESIAN_POINT('',(-0.41999971016,7.290000016695,14.9));
#3609 = CARTESIAN_POINT('',(1.670000215094,5.4099999336,14.9));
#3610 = CARTESIAN_POINT('',(-0.419999784906,5.410000016695,14.9));
#3611 = ADVANCED_FACE('',(#3612,#3662,#3676),#3690,.T.);
#3612 = FACE_BOUND('',#3613,.F.);
#3613 = EDGE_LOOP('',(#3614,#3623,#3630,#3637,#3644,#3651,#3656,#3657));
#3614 = ORIENTED_EDGE('',*,*,#3615,.F.);
#3615 = EDGE_CURVE('',#3616,#3618,#3620,.T.);
#3616 = VERTEX_POINT('',#3617);
#3617 = CARTESIAN_POINT('',(-6.27999968392,7.95000024968,14.9));
#3618 = VERTEX_POINT('',#3619);
#3619 = CARTESIAN_POINT('',(-6.2799992426,19.05000024968,14.9));
#3620 = B_SPLINE_CURVE_WITH_KNOTS('',1,(#3621,#3622),.UNSPECIFIED.,.F.,
  .F.,(2,2),(-11.1,0.),.PIECEWISE_BEZIER_KNOTS.);
#3621 = CARTESIAN_POINT('',(-6.27999968392,7.95000024968,14.9));
#3622 = CARTESIAN_POINT('',(-6.2799992426,19.05000024968,14.9));
#3623 = ORIENTED_EDGE('',*,*,#3624,.F.);
#3624 = EDGE_CURVE('',#3625,#3616,#3627,.T.);
#3625 = VERTEX_POINT('',#3626);
#3626 = CARTESIAN_POINT('',(-6.27999968392,7.95000024968,11.6));
#3627 = B_SPLINE_CURVE_WITH_KNOTS('',1,(#3628,#3629),.UNSPECIFIED.,.F.,
  .F.,(2,2),(0.,3.3),.PIECEWISE_BEZIER_KNOTS.);
#3628 = CARTESIAN_POINT('',(-6.27999968392,7.95000024968,11.6));
#3629 = CARTESIAN_POINT('',(-6.27999968392,7.95000024968,14.9));
#3630 = ORIENTED_EDGE('',*,*,#3631,.F.);
#3631 = EDGE_CURVE('',#3632,#3625,#3634,.T.);
#3632 = VERTEX_POINT('',#3633);
#3633 = CARTESIAN_POINT('',(-6.28000031608,-7.94999975032,11.6));
#3634 = B_SPLINE_CURVE_WITH_KNOTS('',1,(#3635,#3636),.UNSPECIFIED.,.F.,
  .F.,(2,2),(-15.9,0.),.PIECEWISE_BEZIER_KNOTS.);
#3635 = CARTESIAN_POINT('',(-6.28000031608,-7.94999975032,11.6));
#3636 = CARTESIAN_POINT('',(-6.27999968392,7.95000024968,11.6));
#3637 = ORIENTED_EDGE('',*,*,#3638,.T.);
#3638 = EDGE_CURVE('',#3632,#3639,#3641,.T.);
#3639 = VERTEX_POINT('',#3640);
#3640 = CARTESIAN_POINT('',(-6.28000031608,-7.94999975032,14.9));
#3641 = B_SPLINE_CURVE_WITH_KNOTS('',1,(#3642,#3643),.UNSPECIFIED.,.F.,
  .F.,(2,2),(0.,3.3),.PIECEWISE_BEZIER_KNOTS.);
#3642 = CARTESIAN_POINT('',(-6.28000031608,-7.94999975032,11.6));
#3643 = CARTESIAN_POINT('',(-6.28000031608,-7.94999975032,14.9));
#3644 = ORIENTED_EDGE('',*,*,#3645,.F.);
#3645 = EDGE_CURVE('',#3646,#3639,#3648,.T.);
#3646 = VERTEX_POINT('',#3647);
#3647 = CARTESIAN_POINT('',(-6.2800007574,-19.04999975031,14.9));
#3648 = B_SPLINE_CURVE_WITH_KNOTS('',1,(#3649,#3650),.UNSPECIFIED.,.F.,
  .F.,(2,2),(-38.09999999999,-27.),.PIECEWISE_BEZIER_KNOTS.);
#3649 = CARTESIAN_POINT('',(-6.2800007574,-19.04999975031,14.9));
#3650 = CARTESIAN_POINT('',(-6.28000031608,-7.94999975032,14.9));
#3651 = ORIENTED_EDGE('',*,*,#3652,.T.);
#3652 = EDGE_CURVE('',#3646,#3535,#3653,.T.);
#3653 = B_SPLINE_CURVE_WITH_KNOTS('',1,(#3654,#3655),.UNSPECIFIED.,.F.,
  .F.,(2,2),(0.,8.3),.PIECEWISE_BEZIER_KNOTS.);
#3654 = CARTESIAN_POINT('',(-6.2800007574,-19.04999975031,14.9));
#3655 = CARTESIAN_POINT('',(-6.2800007574,-19.04999975031,6.6));
#3656 = ORIENTED_EDGE('',*,*,#3534,.T.);
#3657 = ORIENTED_EDGE('',*,*,#3658,.F.);
#3658 = EDGE_CURVE('',#3618,#3526,#3659,.T.);
#3659 = B_SPLINE_CURVE_WITH_KNOTS('',1,(#3660,#3661),.UNSPECIFIED.,.F.,
  .F.,(2,2),(0.,8.3),.PIECEWISE_BEZIER_KNOTS.);
#3660 = CARTESIAN_POINT('',(-6.2799992426,19.05000024968,14.9));
#3661 = CARTESIAN_POINT('',(-6.2799992426,19.05000024968,6.6));
#3662 = FACE_BOUND('',#3663,.F.);
#3663 = EDGE_LOOP('',(#3664));
#3664 = ORIENTED_EDGE('',*,*,#3665,.T.);
#3665 = EDGE_CURVE('',#3666,#3666,#3668,.T.);
#3666 = VERTEX_POINT('',#3667);
#3667 = CARTESIAN_POINT('',(-6.280000610294,-15.34999975031,11.6));
#3668 = ( BOUNDED_CURVE() B_SPLINE_CURVE(2,(#3669,#3670,#3671,#3672,
#3673,#3674,#3675),.UNSPECIFIED.,.T.,.F.) B_SPLINE_CURVE_WITH_KNOTS((3,2
    ,2,3),(3.14159265359,5.235987755983,7.330382858376,9.424777960769),
.PIECEWISE_BEZIER_KNOTS.) CURVE() GEOMETRIC_REPRESENTATION_ITEM() 
RATIONAL_B_SPLINE_CURVE((1.,0.5,1.,0.5,1.,0.5,1.)) REPRESENTATION_ITEM(
  '') );
#3669 = CARTESIAN_POINT('',(-6.280000610294,-15.34999975031,11.6));
#3670 = CARTESIAN_POINT('',(-6.280000610294,-15.34999975031,
    10.387564434702));
#3671 = CARTESIAN_POINT('',(-6.28000065204,-16.39999975031,
    10.993782217351));
#3672 = CARTESIAN_POINT('',(-6.280000693787,-17.44999975031,11.6));
#3673 = CARTESIAN_POINT('',(-6.28000065204,-16.39999975031,
    12.206217782649));
#3674 = CARTESIAN_POINT('',(-6.280000610294,-15.34999975031,
    12.812435565298));
#3675 = CARTESIAN_POINT('',(-6.280000610294,-15.34999975031,11.6));
#3676 = FACE_BOUND('',#3677,.F.);
#3677 = EDGE_LOOP('',(#3678));
#3678 = ORIENTED_EDGE('',*,*,#3679,.T.);
#3679 = EDGE_CURVE('',#3680,#3680,#3682,.T.);
#3680 = VERTEX_POINT('',#3681);
#3681 = CARTESIAN_POINT('',(-6.279999334044,16.75000024968,11.6));
#3682 = ( BOUNDED_CURVE() B_SPLINE_CURVE(2,(#3683,#3684,#3685,#3686,
#3687,#3688,#3689),.UNSPECIFIED.,.T.,.F.) B_SPLINE_CURVE_WITH_KNOTS((3,2
    ,2,3),(3.14159265359,5.235987755983,7.330382858376,9.424777960769),
.PIECEWISE_BEZIER_KNOTS.) CURVE() GEOMETRIC_REPRESENTATION_ITEM() 
RATIONAL_B_SPLINE_CURVE((1.,0.5,1.,0.5,1.,0.5,1.)) REPRESENTATION_ITEM(
  '') );
#3683 = CARTESIAN_POINT('',(-6.279999334044,16.75000024968,11.6));
#3684 = CARTESIAN_POINT('',(-6.279999334044,16.75000024968,
    10.387564434702));
#3685 = CARTESIAN_POINT('',(-6.279999375791,15.70000024968,
    10.993782217351));
#3686 = CARTESIAN_POINT('',(-6.279999417537,14.65000024968,11.6));
#3687 = CARTESIAN_POINT('',(-6.279999375791,15.70000024968,
    12.206217782649));
#3688 = CARTESIAN_POINT('',(-6.279999334044,16.75000024968,
    12.812435565298));
#3689 = CARTESIAN_POINT('',(-6.279999334044,16.75000024968,11.6));
#3690 = B_SPLINE_SURFACE_WITH_KNOTS('',1,1,(
    (#3691,#3692)
    ,(#3693,#3694
    )),.UNSPECIFIED.,.F.,.F.,.F.,(2,2),(2,2),(0.,38.099999999993),(-8.3,
    9.708721287582E-16),.PIECEWISE_BEZIER_KNOTS.);
#3691 = CARTESIAN_POINT('',(-6.2799992426,19.05000024968,6.6));
#3692 = CARTESIAN_POINT('',(-6.2799992426,19.05000024968,14.9));
#3693 = CARTESIAN_POINT('',(-6.2800007574,-19.04999975031,6.6));
#3694 = CARTESIAN_POINT('',(-6.2800007574,-19.04999975031,14.9));
#3695 = ADVANCED_FACE('',(#3696),#3720,.T.);
#3696 = FACE_BOUND('',#3697,.F.);
#3697 = EDGE_LOOP('',(#3698,#3699,#3700,#3707,#3712,#3713,#3714,#3719));
#3698 = ORIENTED_EDGE('',*,*,#2637,.F.);
#3699 = ORIENTED_EDGE('',*,*,#2808,.T.);
#3700 = ORIENTED_EDGE('',*,*,#3701,.F.);
#3701 = EDGE_CURVE('',#3702,#2802,#3704,.T.);
#3702 = VERTEX_POINT('',#3703);
#3703 = CARTESIAN_POINT('',(6.2799992426,-19.05000024968,14.9));
#3704 = B_SPLINE_CURVE_WITH_KNOTS('',1,(#3705,#3706),.UNSPECIFIED.,.F.,
  .F.,(2,2),(-12.56,-11.2),.PIECEWISE_BEZIER_KNOTS.);
#3705 = CARTESIAN_POINT('',(6.2799992426,-19.05000024968,14.9));
#3706 = CARTESIAN_POINT('',(4.9199992426,-19.0500001956,14.9));
#3707 = ORIENTED_EDGE('',*,*,#3708,.T.);
#3708 = EDGE_CURVE('',#3702,#3542,#3709,.T.);
#3709 = B_SPLINE_CURVE_WITH_KNOTS('',1,(#3710,#3711),.UNSPECIFIED.,.F.,
  .F.,(2,2),(0.,8.3),.PIECEWISE_BEZIER_KNOTS.);
#3710 = CARTESIAN_POINT('',(6.2799992426,-19.05000024968,14.9));
#3711 = CARTESIAN_POINT('',(6.2799992426,-19.05000024968,6.6));
#3712 = ORIENTED_EDGE('',*,*,#3541,.T.);
#3713 = ORIENTED_EDGE('',*,*,#3652,.F.);
#3714 = ORIENTED_EDGE('',*,*,#3715,.F.);
#3715 = EDGE_CURVE('',#2856,#3646,#3716,.T.);
#3716 = B_SPLINE_CURVE_WITH_KNOTS('',1,(#3717,#3718),.UNSPECIFIED.,.F.,
  .F.,(2,2),(-7.95,-0.),.PIECEWISE_BEZIER_KNOTS.);
#3717 = CARTESIAN_POINT('',(1.6699992426,-19.05000006639,14.9));
#3718 = CARTESIAN_POINT('',(-6.2800007574,-19.04999975031,14.9));
#3719 = ORIENTED_EDGE('',*,*,#2855,.F.);
#3720 = B_SPLINE_SURFACE_WITH_KNOTS('',1,1,(
    (#3721,#3722)
    ,(#3723,#3724
    )),.UNSPECIFIED.,.F.,.F.,.F.,(2,2),(2,2),(-3.273772746911E-29,12.56)
  ,(-8.3,1.168148870471E-29),.PIECEWISE_BEZIER_KNOTS.);
#3721 = CARTESIAN_POINT('',(-6.2800007574,-19.04999975031,6.6));
#3722 = CARTESIAN_POINT('',(-6.2800007574,-19.04999975031,14.9));
#3723 = CARTESIAN_POINT('',(6.2799992426,-19.05000024968,6.6));
#3724 = CARTESIAN_POINT('',(6.2799992426,-19.05000024968,14.9));
#3725 = ADVANCED_FACE('',(#3726,#3882,#3896),#3910,.T.);
#3726 = FACE_BOUND('',#3727,.F.);
#3727 = EDGE_LOOP('',(#3728,#3729,#3736,#3743,#3748,#3749,#3756,#3763,
    #3768,#3769,#3776,#3783,#3788,#3789,#3796,#3803,#3808,#3809,#3816,
    #3823,#3828,#3829,#3836,#3843,#3848,#3849,#3856,#3863,#3868,#3869,
    #3870,#3877));
#3728 = ORIENTED_EDGE('',*,*,#1031,.F.);
#3729 = ORIENTED_EDGE('',*,*,#3730,.T.);
#3730 = EDGE_CURVE('',#1025,#3731,#3733,.T.);
#3731 = VERTEX_POINT('',#3732);
#3732 = CARTESIAN_POINT('',(6.27999971016,-7.290000249687,14.9));
#3733 = B_SPLINE_CURVE_WITH_KNOTS('',1,(#3734,#3735),.UNSPECIFIED.,.F.,
  .F.,(2,2),(2.1,3.3),.PIECEWISE_BEZIER_KNOTS.);
#3734 = CARTESIAN_POINT('',(6.27999971016,-7.290000249687,13.7));
#3735 = CARTESIAN_POINT('',(6.27999971016,-7.290000249687,14.9));
#3736 = ORIENTED_EDGE('',*,*,#3737,.F.);
#3737 = EDGE_CURVE('',#3738,#3731,#3740,.T.);
#3738 = VERTEX_POINT('',#3739);
#3739 = CARTESIAN_POINT('',(6.279999784906,-5.410000249687,14.9));
#3740 = B_SPLINE_CURVE_WITH_KNOTS('',1,(#3741,#3742),.UNSPECIFIED.,.F.,
  .F.,(2,2),(24.46,26.34),.PIECEWISE_BEZIER_KNOTS.);
#3741 = CARTESIAN_POINT('',(6.279999784906,-5.410000249687,14.9));
#3742 = CARTESIAN_POINT('',(6.27999971016,-7.290000249687,14.9));
#3743 = ORIENTED_EDGE('',*,*,#3744,.F.);
#3744 = EDGE_CURVE('',#1231,#3738,#3745,.T.);
#3745 = B_SPLINE_CURVE_WITH_KNOTS('',1,(#3746,#3747),.UNSPECIFIED.,.F.,
  .F.,(2,2),(2.1,3.3),.PIECEWISE_BEZIER_KNOTS.);
#3746 = CARTESIAN_POINT('',(6.279999784906,-5.410000249687,13.7));
#3747 = CARTESIAN_POINT('',(6.279999784906,-5.410000249687,14.9));
#3748 = ORIENTED_EDGE('',*,*,#1230,.F.);
#3749 = ORIENTED_EDGE('',*,*,#3750,.T.);
#3750 = EDGE_CURVE('',#1224,#3751,#3753,.T.);
#3751 = VERTEX_POINT('',#3752);
#3752 = CARTESIAN_POINT('',(6.279999811147,-4.750000249687,14.9));
#3753 = B_SPLINE_CURVE_WITH_KNOTS('',1,(#3754,#3755),.UNSPECIFIED.,.F.,
  .F.,(2,2),(2.1,3.3),.PIECEWISE_BEZIER_KNOTS.);
#3754 = CARTESIAN_POINT('',(6.279999811147,-4.750000249687,13.7));
#3755 = CARTESIAN_POINT('',(6.279999811147,-4.750000249687,14.9));
#3756 = ORIENTED_EDGE('',*,*,#3757,.F.);
#3757 = EDGE_CURVE('',#3758,#3751,#3760,.T.);
#3758 = VERTEX_POINT('',#3759);
#3759 = CARTESIAN_POINT('',(6.279999885893,-2.870000249687,14.9));
#3760 = B_SPLINE_CURVE_WITH_KNOTS('',1,(#3761,#3762),.UNSPECIFIED.,.F.,
  .F.,(2,2),(21.92,23.8),.PIECEWISE_BEZIER_KNOTS.);
#3761 = CARTESIAN_POINT('',(6.279999885893,-2.870000249687,14.9));
#3762 = CARTESIAN_POINT('',(6.279999811147,-4.750000249687,14.9));
#3763 = ORIENTED_EDGE('',*,*,#3764,.F.);
#3764 = EDGE_CURVE('',#1453,#3758,#3765,.T.);
#3765 = B_SPLINE_CURVE_WITH_KNOTS('',1,(#3766,#3767),.UNSPECIFIED.,.F.,
  .F.,(2,2),(2.1,3.3),.PIECEWISE_BEZIER_KNOTS.);
#3766 = CARTESIAN_POINT('',(6.279999885893,-2.870000249687,13.7));
#3767 = CARTESIAN_POINT('',(6.279999885893,-2.870000249687,14.9));
#3768 = ORIENTED_EDGE('',*,*,#1452,.F.);
#3769 = ORIENTED_EDGE('',*,*,#3770,.T.);
#3770 = EDGE_CURVE('',#1446,#3771,#3773,.T.);
#3771 = VERTEX_POINT('',#3772);
#3772 = CARTESIAN_POINT('',(6.279999912134,-2.210000249687,14.9));
#3773 = B_SPLINE_CURVE_WITH_KNOTS('',1,(#3774,#3775),.UNSPECIFIED.,.F.,
  .F.,(2,2),(2.1,3.3),.PIECEWISE_BEZIER_KNOTS.);
#3774 = CARTESIAN_POINT('',(6.279999912134,-2.210000249687,13.7));
#3775 = CARTESIAN_POINT('',(6.279999912134,-2.210000249687,14.9));
#3776 = ORIENTED_EDGE('',*,*,#3777,.F.);
#3777 = EDGE_CURVE('',#3778,#3771,#3780,.T.);
#3778 = VERTEX_POINT('',#3779);
#3779 = CARTESIAN_POINT('',(6.27999998688,-0.330000249687,14.9));
#3780 = B_SPLINE_CURVE_WITH_KNOTS('',1,(#3781,#3782),.UNSPECIFIED.,.F.,
  .F.,(2,2),(19.38,21.26),.PIECEWISE_BEZIER_KNOTS.);
#3781 = CARTESIAN_POINT('',(6.27999998688,-0.330000249687,14.9));
#3782 = CARTESIAN_POINT('',(6.279999912134,-2.210000249687,14.9));
#3783 = ORIENTED_EDGE('',*,*,#3784,.F.);
#3784 = EDGE_CURVE('',#1675,#3778,#3785,.T.);
#3785 = B_SPLINE_CURVE_WITH_KNOTS('',1,(#3786,#3787),.UNSPECIFIED.,.F.,
  .F.,(2,2),(2.1,3.3),.PIECEWISE_BEZIER_KNOTS.);
#3786 = CARTESIAN_POINT('',(6.27999998688,-0.330000249687,13.7));
#3787 = CARTESIAN_POINT('',(6.27999998688,-0.330000249687,14.9));
#3788 = ORIENTED_EDGE('',*,*,#1674,.F.);
#3789 = ORIENTED_EDGE('',*,*,#3790,.T.);
#3790 = EDGE_CURVE('',#1668,#3791,#3793,.T.);
#3791 = VERTEX_POINT('',#3792);
#3792 = CARTESIAN_POINT('',(6.28000001312,0.329999750313,14.9));
#3793 = B_SPLINE_CURVE_WITH_KNOTS('',1,(#3794,#3795),.UNSPECIFIED.,.F.,
  .F.,(2,2),(2.1,3.3),.PIECEWISE_BEZIER_KNOTS.);
#3794 = CARTESIAN_POINT('',(6.28000001312,0.329999750313,13.7));
#3795 = CARTESIAN_POINT('',(6.28000001312,0.329999750313,14.9));
#3796 = ORIENTED_EDGE('',*,*,#3797,.F.);
#3797 = EDGE_CURVE('',#3798,#3791,#3800,.T.);
#3798 = VERTEX_POINT('',#3799);
#3799 = CARTESIAN_POINT('',(6.280000087866,2.209999750313,14.9));
#3800 = B_SPLINE_CURVE_WITH_KNOTS('',1,(#3801,#3802),.UNSPECIFIED.,.F.,
  .F.,(2,2),(16.84,18.72),.PIECEWISE_BEZIER_KNOTS.);
#3801 = CARTESIAN_POINT('',(6.280000087866,2.209999750313,14.9));
#3802 = CARTESIAN_POINT('',(6.28000001312,0.329999750313,14.9));
#3803 = ORIENTED_EDGE('',*,*,#3804,.F.);
#3804 = EDGE_CURVE('',#1897,#3798,#3805,.T.);
#3805 = B_SPLINE_CURVE_WITH_KNOTS('',1,(#3806,#3807),.UNSPECIFIED.,.F.,
  .F.,(2,2),(2.1,3.3),.PIECEWISE_BEZIER_KNOTS.);
#3806 = CARTESIAN_POINT('',(6.280000087866,2.209999750313,13.7));
#3807 = CARTESIAN_POINT('',(6.280000087866,2.209999750313,14.9));
#3808 = ORIENTED_EDGE('',*,*,#1896,.F.);
#3809 = ORIENTED_EDGE('',*,*,#3810,.T.);
#3810 = EDGE_CURVE('',#1890,#3811,#3813,.T.);
#3811 = VERTEX_POINT('',#3812);
#3812 = CARTESIAN_POINT('',(6.280000114107,2.869999750313,14.9));
#3813 = B_SPLINE_CURVE_WITH_KNOTS('',1,(#3814,#3815),.UNSPECIFIED.,.F.,
  .F.,(2,2),(2.1,3.3),.PIECEWISE_BEZIER_KNOTS.);
#3814 = CARTESIAN_POINT('',(6.280000114107,2.869999750313,13.7));
#3815 = CARTESIAN_POINT('',(6.280000114107,2.869999750313,14.9));
#3816 = ORIENTED_EDGE('',*,*,#3817,.F.);
#3817 = EDGE_CURVE('',#3818,#3811,#3820,.T.);
#3818 = VERTEX_POINT('',#3819);
#3819 = CARTESIAN_POINT('',(6.280000188853,4.749999750313,14.9));
#3820 = B_SPLINE_CURVE_WITH_KNOTS('',1,(#3821,#3822),.UNSPECIFIED.,.F.,
  .F.,(2,2),(14.3,16.18),.PIECEWISE_BEZIER_KNOTS.);
#3821 = CARTESIAN_POINT('',(6.280000188853,4.749999750313,14.9));
#3822 = CARTESIAN_POINT('',(6.280000114107,2.869999750313,14.9));
#3823 = ORIENTED_EDGE('',*,*,#3824,.F.);
#3824 = EDGE_CURVE('',#2119,#3818,#3825,.T.);
#3825 = B_SPLINE_CURVE_WITH_KNOTS('',1,(#3826,#3827),.UNSPECIFIED.,.F.,
  .F.,(2,2),(2.1,3.3),.PIECEWISE_BEZIER_KNOTS.);
#3826 = CARTESIAN_POINT('',(6.280000188853,4.749999750313,13.7));
#3827 = CARTESIAN_POINT('',(6.280000188853,4.749999750313,14.9));
#3828 = ORIENTED_EDGE('',*,*,#2118,.F.);
#3829 = ORIENTED_EDGE('',*,*,#3830,.T.);
#3830 = EDGE_CURVE('',#2112,#3831,#3833,.T.);
#3831 = VERTEX_POINT('',#3832);
#3832 = CARTESIAN_POINT('',(6.280000215094,5.409999750313,14.9));
#3833 = B_SPLINE_CURVE_WITH_KNOTS('',1,(#3834,#3835),.UNSPECIFIED.,.F.,
  .F.,(2,2),(2.1,3.3),.PIECEWISE_BEZIER_KNOTS.);
#3834 = CARTESIAN_POINT('',(6.280000215094,5.409999750313,13.7));
#3835 = CARTESIAN_POINT('',(6.280000215094,5.409999750313,14.9));
#3836 = ORIENTED_EDGE('',*,*,#3837,.F.);
#3837 = EDGE_CURVE('',#3838,#3831,#3840,.T.);
#3838 = VERTEX_POINT('',#3839);
#3839 = CARTESIAN_POINT('',(6.28000028984,7.289999750313,14.9));
#3840 = B_SPLINE_CURVE_WITH_KNOTS('',1,(#3841,#3842),.UNSPECIFIED.,.F.,
  .F.,(2,2),(11.76,13.64),.PIECEWISE_BEZIER_KNOTS.);
#3841 = CARTESIAN_POINT('',(6.28000028984,7.289999750313,14.9));
#3842 = CARTESIAN_POINT('',(6.280000215094,5.409999750313,14.9));
#3843 = ORIENTED_EDGE('',*,*,#3844,.F.);
#3844 = EDGE_CURVE('',#2334,#3838,#3845,.T.);
#3845 = B_SPLINE_CURVE_WITH_KNOTS('',1,(#3846,#3847),.UNSPECIFIED.,.F.,
  .F.,(2,2),(2.1,3.3),.PIECEWISE_BEZIER_KNOTS.);
#3846 = CARTESIAN_POINT('',(6.28000028984,7.289999750313,13.7));
#3847 = CARTESIAN_POINT('',(6.28000028984,7.289999750313,14.9));
#3848 = ORIENTED_EDGE('',*,*,#2333,.F.);
#3849 = ORIENTED_EDGE('',*,*,#3850,.T.);
#3850 = EDGE_CURVE('',#2327,#3851,#3853,.T.);
#3851 = VERTEX_POINT('',#3852);
#3852 = CARTESIAN_POINT('',(6.28000031608,7.949999750313,14.9));
#3853 = B_SPLINE_CURVE_WITH_KNOTS('',1,(#3854,#3855),.UNSPECIFIED.,.F.,
  .F.,(2,2),(2.1,3.3),.PIECEWISE_BEZIER_KNOTS.);
#3854 = CARTESIAN_POINT('',(6.28000031608,7.949999750313,13.7));
#3855 = CARTESIAN_POINT('',(6.28000031608,7.949999750313,14.9));
#3856 = ORIENTED_EDGE('',*,*,#3857,.F.);
#3857 = EDGE_CURVE('',#3858,#3851,#3860,.T.);
#3858 = VERTEX_POINT('',#3859);
#3859 = CARTESIAN_POINT('',(6.2800007574,19.049999750313,14.9));
#3860 = B_SPLINE_CURVE_WITH_KNOTS('',1,(#3861,#3862),.UNSPECIFIED.,.F.,
  .F.,(2,2),(0.,11.1),.PIECEWISE_BEZIER_KNOTS.);
#3861 = CARTESIAN_POINT('',(6.2800007574,19.049999750313,14.9));
#3862 = CARTESIAN_POINT('',(6.28000031608,7.949999750313,14.9));
#3863 = ORIENTED_EDGE('',*,*,#3864,.T.);
#3864 = EDGE_CURVE('',#3858,#3528,#3865,.T.);
#3865 = B_SPLINE_CURVE_WITH_KNOTS('',1,(#3866,#3867),.UNSPECIFIED.,.F.,
  .F.,(2,2),(0.,8.3),.PIECEWISE_BEZIER_KNOTS.);
#3866 = CARTESIAN_POINT('',(6.2800007574,19.049999750313,14.9));
#3867 = CARTESIAN_POINT('',(6.2800007574,19.049999750313,6.6));
#3868 = ORIENTED_EDGE('',*,*,#3548,.T.);
#3869 = ORIENTED_EDGE('',*,*,#3708,.F.);
#3870 = ORIENTED_EDGE('',*,*,#3871,.F.);
#3871 = EDGE_CURVE('',#3872,#3702,#3874,.T.);
#3872 = VERTEX_POINT('',#3873);
#3873 = CARTESIAN_POINT('',(6.27999968392,-7.950000249687,14.9));
#3874 = B_SPLINE_CURVE_WITH_KNOTS('',1,(#3875,#3876),.UNSPECIFIED.,.F.,
  .F.,(2,2),(27.,38.099999999993),.PIECEWISE_BEZIER_KNOTS.);
#3875 = CARTESIAN_POINT('',(6.27999968392,-7.950000249687,14.9));
#3876 = CARTESIAN_POINT('',(6.2799992426,-19.05000024968,14.9));
#3877 = ORIENTED_EDGE('',*,*,#3878,.F.);
#3878 = EDGE_CURVE('',#1032,#3872,#3879,.T.);
#3879 = B_SPLINE_CURVE_WITH_KNOTS('',1,(#3880,#3881),.UNSPECIFIED.,.F.,
  .F.,(2,2),(2.1,3.3),.PIECEWISE_BEZIER_KNOTS.);
#3880 = CARTESIAN_POINT('',(6.279999683919,-7.950000249687,13.7));
#3881 = CARTESIAN_POINT('',(6.279999683919,-7.950000249687,14.9));
#3882 = FACE_BOUND('',#3883,.F.);
#3883 = EDGE_LOOP('',(#3884));
#3884 = ORIENTED_EDGE('',*,*,#3885,.F.);
#3885 = EDGE_CURVE('',#3886,#3886,#3888,.T.);
#3886 = VERTEX_POINT('',#3887);
#3887 = CARTESIAN_POINT('',(6.279999389706,-15.35000024968,11.6));
#3888 = ( BOUNDED_CURVE() B_SPLINE_CURVE(2,(#3889,#3890,#3891,#3892,
#3893,#3894,#3895),.UNSPECIFIED.,.T.,.F.) B_SPLINE_CURVE_WITH_KNOTS((3,2
    ,2,3),(3.14159265359,5.235987755983,7.330382858376,9.424777960769),
.PIECEWISE_BEZIER_KNOTS.) CURVE() GEOMETRIC_REPRESENTATION_ITEM() 
RATIONAL_B_SPLINE_CURVE((1.,0.5,1.,0.5,1.,0.5,1.)) REPRESENTATION_ITEM(
  '') );
#3889 = CARTESIAN_POINT('',(6.279999389706,-15.35000024968,11.6));
#3890 = CARTESIAN_POINT('',(6.279999389706,-15.35000024968,
    10.387564434702));
#3891 = CARTESIAN_POINT('',(6.27999934796,-16.40000024968,
    10.993782217351));
#3892 = CARTESIAN_POINT('',(6.279999306213,-17.45000024968,11.6));
#3893 = CARTESIAN_POINT('',(6.27999934796,-16.40000024968,
    12.206217782649));
#3894 = CARTESIAN_POINT('',(6.279999389706,-15.35000024968,
    12.812435565298));
#3895 = CARTESIAN_POINT('',(6.279999389706,-15.35000024968,11.6));
#3896 = FACE_BOUND('',#3897,.F.);
#3897 = EDGE_LOOP('',(#3898));
#3898 = ORIENTED_EDGE('',*,*,#3899,.F.);
#3899 = EDGE_CURVE('',#3900,#3900,#3902,.T.);
#3900 = VERTEX_POINT('',#3901);
#3901 = CARTESIAN_POINT('',(6.280000665956,16.749999750313,11.6));
#3902 = ( BOUNDED_CURVE() B_SPLINE_CURVE(2,(#3903,#3904,#3905,#3906,
#3907,#3908,#3909),.UNSPECIFIED.,.T.,.F.) B_SPLINE_CURVE_WITH_KNOTS((3,2
    ,2,3),(3.14159265359,5.235987755983,7.330382858376,9.424777960769),
.PIECEWISE_BEZIER_KNOTS.) CURVE() GEOMETRIC_REPRESENTATION_ITEM() 
RATIONAL_B_SPLINE_CURVE((1.,0.5,1.,0.5,1.,0.5,1.)) REPRESENTATION_ITEM(
  '') );
#3903 = CARTESIAN_POINT('',(6.280000665956,16.749999750313,11.6));
#3904 = CARTESIAN_POINT('',(6.280000665956,16.749999750313,
    10.387564434702));
#3905 = CARTESIAN_POINT('',(6.280000624209,15.699999750313,
    10.993782217351));
#3906 = CARTESIAN_POINT('',(6.280000582463,14.649999750313,11.6));
#3907 = CARTESIAN_POINT('',(6.280000624209,15.699999750313,
    12.206217782649));
#3908 = CARTESIAN_POINT('',(6.280000665956,16.749999750313,
    12.812435565298));
#3909 = CARTESIAN_POINT('',(6.280000665956,16.749999750313,11.6));
#3910 = B_SPLINE_SURFACE_WITH_KNOTS('',1,1,(
    (#3911,#3912)
    ,(#3913,#3914
    )),.UNSPECIFIED.,.F.,.F.,.F.,(2,2),(2,2),(-38.09999999999,
    9.697066855382E-14),(-8.3,3.552713678801E-15),
  .PIECEWISE_BEZIER_KNOTS.);
#3911 = CARTESIAN_POINT('',(6.2799992426,-19.05000024968,6.6));
#3912 = CARTESIAN_POINT('',(6.2799992426,-19.05000024968,14.9));
#3913 = CARTESIAN_POINT('',(6.2800007574,19.049999750313,6.6));
#3914 = CARTESIAN_POINT('',(6.2800007574,19.049999750313,14.9));
#3915 = ADVANCED_FACE('',(#3916),#3934,.T.);
#3916 = FACE_BOUND('',#3917,.F.);
#3917 = EDGE_LOOP('',(#3918,#3919,#3920,#3925,#3926,#3927,#3928,#3933));
#3918 = ORIENTED_EDGE('',*,*,#2573,.F.);
#3919 = ORIENTED_EDGE('',*,*,#2710,.T.);
#3920 = ORIENTED_EDGE('',*,*,#3921,.F.);
#3921 = EDGE_CURVE('',#3618,#2704,#3922,.T.);
#3922 = B_SPLINE_CURVE_WITH_KNOTS('',1,(#3923,#3924),.UNSPECIFIED.,.F.,
  .F.,(2,2),(0.,7.95),.PIECEWISE_BEZIER_KNOTS.);
#3923 = CARTESIAN_POINT('',(-6.2799992426,19.05000024968,14.9));
#3924 = CARTESIAN_POINT('',(1.6700007574,19.0499999336,14.9));
#3925 = ORIENTED_EDGE('',*,*,#3658,.T.);
#3926 = ORIENTED_EDGE('',*,*,#3525,.T.);
#3927 = ORIENTED_EDGE('',*,*,#3864,.F.);
#3928 = ORIENTED_EDGE('',*,*,#3929,.F.);
#3929 = EDGE_CURVE('',#2758,#3858,#3930,.T.);
#3930 = B_SPLINE_CURVE_WITH_KNOTS('',1,(#3931,#3932),.UNSPECIFIED.,.F.,
  .F.,(2,2),(11.2,12.56),.PIECEWISE_BEZIER_KNOTS.);
#3931 = CARTESIAN_POINT('',(4.9200007574,19.049999804384,14.9));
#3932 = CARTESIAN_POINT('',(6.2800007574,19.049999750313,14.9));
#3933 = ORIENTED_EDGE('',*,*,#2757,.F.);
#3934 = B_SPLINE_SURFACE_WITH_KNOTS('',1,1,(
    (#3935,#3936)
    ,(#3937,#3938
    )),.UNSPECIFIED.,.F.,.F.,.F.,(2,2),(2,2),(-1.019000219593E-22,8.3),(
    -12.56,3.601150031724E-29),.PIECEWISE_BEZIER_KNOTS.);
#3935 = CARTESIAN_POINT('',(6.2800007574,19.049999750313,14.9));
#3936 = CARTESIAN_POINT('',(-6.2799992426,19.05000024968,14.9));
#3937 = CARTESIAN_POINT('',(6.2800007574,19.049999750313,6.6));
#3938 = CARTESIAN_POINT('',(-6.2799992426,19.05000024968,6.6));
#3939 = ADVANCED_FACE('',(#3940),#3954,.F.);
#3940 = FACE_BOUND('',#3941,.F.);
#3941 = EDGE_LOOP('',(#3942,#3943,#3948,#3949));
#3942 = ORIENTED_EDGE('',*,*,#3203,.F.);
#3943 = ORIENTED_EDGE('',*,*,#3944,.F.);
#3944 = EDGE_CURVE('',#3432,#3204,#3945,.T.);
#3945 = B_SPLINE_CURVE_WITH_KNOTS('',1,(#3946,#3947),.UNSPECIFIED.,.F.,
  .F.,(2,2),(0.,2.09),.PIECEWISE_BEZIER_KNOTS.);
#3946 = CARTESIAN_POINT('',(-0.419999885893,2.870000016695,14.9));
#3947 = CARTESIAN_POINT('',(1.670000114107,2.8699999336,14.9));
#3948 = ORIENTED_EDGE('',*,*,#3431,.F.);
#3949 = ORIENTED_EDGE('',*,*,#3950,.F.);
#3950 = EDGE_CURVE('',#3206,#3425,#3951,.T.);
#3951 = B_SPLINE_CURVE_WITH_KNOTS('',1,(#3952,#3953),.UNSPECIFIED.,.F.,
  .F.,(2,2),(4.61,6.7),.PIECEWISE_BEZIER_KNOTS.);
#3952 = CARTESIAN_POINT('',(1.670000188853,4.7499999336,14.9));
#3953 = CARTESIAN_POINT('',(-0.419999811147,4.750000016695,14.9));
#3954 = B_SPLINE_SURFACE_WITH_KNOTS('',1,1,(
    (#3955,#3956)
    ,(#3957,#3958
    )),.UNSPECIFIED.,.F.,.F.,.F.,(2,2),(2,2),(-6.511313868613,
    -4.631313868613),(-1.970802919708,0.119197080292),
  .PIECEWISE_BEZIER_KNOTS.);
#3955 = CARTESIAN_POINT('',(1.670000188853,4.7499999336,14.9));
#3956 = CARTESIAN_POINT('',(-0.419999811147,4.750000016695,14.9));
#3957 = CARTESIAN_POINT('',(1.670000114107,2.8699999336,14.9));
#3958 = CARTESIAN_POINT('',(-0.419999885893,2.870000016695,14.9));
#3959 = ADVANCED_FACE('',(#3960),#3974,.F.);
#3960 = FACE_BOUND('',#3961,.F.);
#3961 = EDGE_LOOP('',(#3962,#3963,#3968,#3969));
#3962 = ORIENTED_EDGE('',*,*,#3135,.F.);
#3963 = ORIENTED_EDGE('',*,*,#3964,.F.);
#3964 = EDGE_CURVE('',#3454,#3136,#3965,.T.);
#3965 = B_SPLINE_CURVE_WITH_KNOTS('',1,(#3966,#3967),.UNSPECIFIED.,.F.,
  .F.,(2,2),(0.,2.09),.PIECEWISE_BEZIER_KNOTS.);
#3966 = CARTESIAN_POINT('',(-0.41999998688,0.330000016695,14.9));
#3967 = CARTESIAN_POINT('',(1.67000001312,0.3299999336,14.9));
#3968 = ORIENTED_EDGE('',*,*,#3453,.F.);
#3969 = ORIENTED_EDGE('',*,*,#3970,.F.);
#3970 = EDGE_CURVE('',#3138,#3447,#3971,.T.);
#3971 = B_SPLINE_CURVE_WITH_KNOTS('',1,(#3972,#3973),.UNSPECIFIED.,.F.,
  .F.,(2,2),(4.61,6.7),.PIECEWISE_BEZIER_KNOTS.);
#3972 = CARTESIAN_POINT('',(1.670000087866,2.2099999336,14.9));
#3973 = CARTESIAN_POINT('',(-0.419999912134,2.210000016695,14.9));
#3974 = B_SPLINE_SURFACE_WITH_KNOTS('',1,1,(
    (#3975,#3976)
    ,(#3977,#3978
    )),.UNSPECIFIED.,.F.,.F.,.F.,(2,2),(2,2),(-3.971313868613,
    -2.091313868613),(-1.970802919708,0.119197080292),
  .PIECEWISE_BEZIER_KNOTS.);
#3975 = CARTESIAN_POINT('',(1.670000087866,2.2099999336,14.9));
#3976 = CARTESIAN_POINT('',(-0.419999912134,2.210000016695,14.9));
#3977 = CARTESIAN_POINT('',(1.67000001312,0.3299999336,14.9));
#3978 = CARTESIAN_POINT('',(-0.41999998688,0.330000016695,14.9));
#3979 = ADVANCED_FACE('',(#3980),#3994,.F.);
#3980 = FACE_BOUND('',#3981,.F.);
#3981 = EDGE_LOOP('',(#3982,#3983,#3988,#3989));
#3982 = ORIENTED_EDGE('',*,*,#3067,.F.);
#3983 = ORIENTED_EDGE('',*,*,#3984,.F.);
#3984 = EDGE_CURVE('',#3476,#3068,#3985,.T.);
#3985 = B_SPLINE_CURVE_WITH_KNOTS('',1,(#3986,#3987),.UNSPECIFIED.,.F.,
  .F.,(2,2),(0.,2.09),.PIECEWISE_BEZIER_KNOTS.);
#3986 = CARTESIAN_POINT('',(-0.420000087866,-2.209999983305,14.9));
#3987 = CARTESIAN_POINT('',(1.669999912134,-2.2100000664,14.9));
#3988 = ORIENTED_EDGE('',*,*,#3475,.F.);
#3989 = ORIENTED_EDGE('',*,*,#3990,.F.);
#3990 = EDGE_CURVE('',#3070,#3469,#3991,.T.);
#3991 = B_SPLINE_CURVE_WITH_KNOTS('',1,(#3992,#3993),.UNSPECIFIED.,.F.,
  .F.,(2,2),(4.61,6.7),.PIECEWISE_BEZIER_KNOTS.);
#3992 = CARTESIAN_POINT('',(1.66999998688,-0.3300000664,14.9));
#3993 = CARTESIAN_POINT('',(-0.42000001312,-0.329999983305,14.9));
#3994 = B_SPLINE_SURFACE_WITH_KNOTS('',1,1,(
    (#3995,#3996)
    ,(#3997,#3998
    )),.UNSPECIFIED.,.F.,.F.,.F.,(2,2),(2,2),(-1.431313868613,
    0.448686131387),(-1.970802919708,0.119197080292),
  .PIECEWISE_BEZIER_KNOTS.);
#3995 = CARTESIAN_POINT('',(1.66999998688,-0.3300000664,14.9));
#3996 = CARTESIAN_POINT('',(-0.42000001312,-0.329999983305,14.9));
#3997 = CARTESIAN_POINT('',(1.669999912134,-2.2100000664,14.9));
#3998 = CARTESIAN_POINT('',(-0.420000087866,-2.209999983305,14.9));
#3999 = ADVANCED_FACE('',(#4000),#4014,.F.);
#4000 = FACE_BOUND('',#4001,.F.);
#4001 = EDGE_LOOP('',(#4002,#4003,#4008,#4009));
#4002 = ORIENTED_EDGE('',*,*,#2999,.F.);
#4003 = ORIENTED_EDGE('',*,*,#4004,.F.);
#4004 = EDGE_CURVE('',#3498,#3000,#4005,.T.);
#4005 = B_SPLINE_CURVE_WITH_KNOTS('',1,(#4006,#4007),.UNSPECIFIED.,.F.,
  .F.,(2,2),(0.,2.09),.PIECEWISE_BEZIER_KNOTS.);
#4006 = CARTESIAN_POINT('',(-0.420000188853,-4.749999983305,14.9));
#4007 = CARTESIAN_POINT('',(1.669999811147,-4.7500000664,14.9));
#4008 = ORIENTED_EDGE('',*,*,#3497,.F.);
#4009 = ORIENTED_EDGE('',*,*,#4010,.F.);
#4010 = EDGE_CURVE('',#3002,#3491,#4011,.T.);
#4011 = B_SPLINE_CURVE_WITH_KNOTS('',1,(#4012,#4013),.UNSPECIFIED.,.F.,
  .F.,(2,2),(4.61,6.7),.PIECEWISE_BEZIER_KNOTS.);
#4012 = CARTESIAN_POINT('',(1.669999885893,-2.8700000664,14.9));
#4013 = CARTESIAN_POINT('',(-0.420000114107,-2.869999983305,14.9));
#4014 = B_SPLINE_SURFACE_WITH_KNOTS('',1,1,(
    (#4015,#4016)
    ,(#4017,#4018
    )),.UNSPECIFIED.,.F.,.F.,.F.,(2,2),(2,2),(1.108686131387,
    2.988686131387),(-1.970802919708,0.119197080292),
  .PIECEWISE_BEZIER_KNOTS.);
#4015 = CARTESIAN_POINT('',(1.669999885893,-2.8700000664,14.9));
#4016 = CARTESIAN_POINT('',(-0.420000114107,-2.869999983305,14.9));
#4017 = CARTESIAN_POINT('',(1.669999811147,-4.7500000664,14.9));
#4018 = CARTESIAN_POINT('',(-0.420000188853,-4.749999983305,14.9));
#4019 = ADVANCED_FACE('',(#4020),#4034,.F.);
#4020 = FACE_BOUND('',#4021,.F.);
#4021 = EDGE_LOOP('',(#4022,#4023,#4028,#4029));
#4022 = ORIENTED_EDGE('',*,*,#2931,.F.);
#4023 = ORIENTED_EDGE('',*,*,#4024,.F.);
#4024 = EDGE_CURVE('',#3376,#2932,#4025,.T.);
#4025 = B_SPLINE_CURVE_WITH_KNOTS('',1,(#4026,#4027),.UNSPECIFIED.,.F.,
  .F.,(2,2),(0.,2.09),.PIECEWISE_BEZIER_KNOTS.);
#4026 = CARTESIAN_POINT('',(-0.42000028984,-7.289999983305,14.9));
#4027 = CARTESIAN_POINT('',(1.66999971016,-7.2900000664,14.9));
#4028 = ORIENTED_EDGE('',*,*,#3373,.F.);
#4029 = ORIENTED_EDGE('',*,*,#4030,.F.);
#4030 = EDGE_CURVE('',#2934,#3374,#4031,.T.);
#4031 = B_SPLINE_CURVE_WITH_KNOTS('',1,(#4032,#4033),.UNSPECIFIED.,.F.,
  .F.,(2,2),(4.61,6.7),.PIECEWISE_BEZIER_KNOTS.);
#4032 = CARTESIAN_POINT('',(1.669999784906,-5.4100000664,14.9));
#4033 = CARTESIAN_POINT('',(-0.420000215094,-5.409999983305,14.9));
#4034 = B_SPLINE_SURFACE_WITH_KNOTS('',1,1,(
    (#4035,#4036)
    ,(#4037,#4038
    )),.UNSPECIFIED.,.F.,.F.,.F.,(2,2),(2,2),(3.648686131387,
    5.528686131387),(-1.970802919708,0.119197080292),
  .PIECEWISE_BEZIER_KNOTS.);
#4035 = CARTESIAN_POINT('',(1.669999784906,-5.4100000664,14.9));
#4036 = CARTESIAN_POINT('',(-0.420000215094,-5.409999983305,14.9));
#4037 = CARTESIAN_POINT('',(1.66999971016,-7.2900000664,14.9));
#4038 = CARTESIAN_POINT('',(-0.42000028984,-7.289999983305,14.9));
#4039 = ADVANCED_FACE('',(#4040,#4050),#4064,.F.);
#4040 = FACE_BOUND('',#4041,.F.);
#4041 = EDGE_LOOP('',(#4042,#4043,#4044,#4045));
#4042 = ORIENTED_EDGE('',*,*,#2862,.F.);
#4043 = ORIENTED_EDGE('',*,*,#3715,.T.);
#4044 = ORIENTED_EDGE('',*,*,#3645,.T.);
#4045 = ORIENTED_EDGE('',*,*,#4046,.F.);
#4046 = EDGE_CURVE('',#2863,#3639,#4047,.T.);
#4047 = B_SPLINE_CURVE_WITH_KNOTS('',1,(#4048,#4049),.UNSPECIFIED.,.F.,
  .F.,(2,2),(-7.95,-0.),.PIECEWISE_BEZIER_KNOTS.);
#4048 = CARTESIAN_POINT('',(1.66999968392,-7.9500000664,14.9));
#4049 = CARTESIAN_POINT('',(-6.28000031608,-7.94999975032,14.9));
#4050 = FACE_BOUND('',#4051,.F.);
#4051 = EDGE_LOOP('',(#4052));
#4052 = ORIENTED_EDGE('',*,*,#4053,.F.);
#4053 = EDGE_CURVE('',#4054,#4054,#4056,.T.);
#4054 = VERTEX_POINT('',#4055);
#4055 = CARTESIAN_POINT('',(-1.450000425416,-10.70000000534,14.9));
#4056 = ( BOUNDED_CURVE() B_SPLINE_CURVE(2,(#4057,#4058,#4059,#4060,
#4061,#4062,#4063),.UNSPECIFIED.,.T.,.F.) B_SPLINE_CURVE_WITH_KNOTS((3,2
    ,2,3),(3.14159265359,5.235987755983,7.330382858376,9.424777960769),
.PIECEWISE_BEZIER_KNOTS.) CURVE() GEOMETRIC_REPRESENTATION_ITEM() 
RATIONAL_B_SPLINE_CURVE((1.,0.5,1.,0.5,1.,0.5,1.)) REPRESENTATION_ITEM(
  '') );
#4057 = CARTESIAN_POINT('',(-1.450000425416,-10.70000000534,14.9));
#4058 = CARTESIAN_POINT('',(2.014101080602,-10.70000014307,14.9));
#4059 = CARTESIAN_POINT('',(0.282050208317,-13.69999997971,14.9));
#4060 = CARTESIAN_POINT('',(-1.450000663968,-16.69999981634,14.9));
#4061 = CARTESIAN_POINT('',(-3.182051297701,-13.69999984198,14.9));
#4062 = CARTESIAN_POINT('',(-4.914101931435,-10.69999986761,14.9));
#4063 = CARTESIAN_POINT('',(-1.450000425416,-10.70000000534,14.9));
#4064 = B_SPLINE_SURFACE_WITH_KNOTS('',1,1,(
    (#4065,#4066)
    ,(#4067,#4068
    )),.UNSPECIFIED.,.F.,.F.,.F.,(2,2),(2,2),(6.188686131387,
    17.28868613138),(-1.970802919708,5.979197080292),
  .PIECEWISE_BEZIER_KNOTS.);
#4065 = CARTESIAN_POINT('',(1.66999968392,-7.9500000664,14.9));
#4066 = CARTESIAN_POINT('',(-6.28000031608,-7.94999975032,14.9));
#4067 = CARTESIAN_POINT('',(1.6699992426,-19.05000006639,14.9));
#4068 = CARTESIAN_POINT('',(-6.2800007574,-19.04999975031,14.9));
#4069 = ADVANCED_FACE('',(#4070,#4080),#4094,.F.);
#4070 = FACE_BOUND('',#4071,.F.);
#4071 = EDGE_LOOP('',(#4072,#4073,#4078,#4079));
#4072 = ORIENTED_EDGE('',*,*,#2701,.F.);
#4073 = ORIENTED_EDGE('',*,*,#4074,.F.);
#4074 = EDGE_CURVE('',#3616,#2702,#4075,.T.);
#4075 = B_SPLINE_CURVE_WITH_KNOTS('',1,(#4076,#4077),.UNSPECIFIED.,.F.,
  .F.,(2,2),(0.,7.95),.PIECEWISE_BEZIER_KNOTS.);
#4076 = CARTESIAN_POINT('',(-6.27999968392,7.95000024968,14.9));
#4077 = CARTESIAN_POINT('',(1.67000031608,7.9499999336,14.9));
#4078 = ORIENTED_EDGE('',*,*,#3615,.T.);
#4079 = ORIENTED_EDGE('',*,*,#3921,.T.);
#4080 = FACE_BOUND('',#4081,.F.);
#4081 = EDGE_LOOP('',(#4082));
#4082 = ORIENTED_EDGE('',*,*,#4083,.F.);
#4083 = EDGE_CURVE('',#4084,#4084,#4086,.T.);
#4084 = VERTEX_POINT('',#4085);
#4085 = CARTESIAN_POINT('',(-1.449999415549,14.699999994646,14.9));
#4086 = ( BOUNDED_CURVE() B_SPLINE_CURVE(2,(#4087,#4088,#4089,#4090,
#4091,#4092,#4093),.UNSPECIFIED.,.T.,.F.) B_SPLINE_CURVE_WITH_KNOTS((3,2
    ,2,3),(3.14159265359,5.235987755983,7.330382858376,9.424777960769),
.PIECEWISE_BEZIER_KNOTS.) CURVE() GEOMETRIC_REPRESENTATION_ITEM() 
RATIONAL_B_SPLINE_CURVE((1.,0.5,1.,0.5,1.,0.5,1.)) REPRESENTATION_ITEM(
  '') );
#4087 = CARTESIAN_POINT('',(-1.449999415549,14.699999994646,14.9));
#4088 = CARTESIAN_POINT('',(2.014102090469,14.699999856919,14.9));
#4089 = CARTESIAN_POINT('',(0.282051218184,11.700000020283,14.9));
#4090 = CARTESIAN_POINT('',(-1.449999654101,8.700000183646,14.9));
#4091 = CARTESIAN_POINT('',(-3.182050287834,11.70000015801,14.9));
#4092 = CARTESIAN_POINT('',(-4.914100921568,14.700000132374,14.9));
#4093 = CARTESIAN_POINT('',(-1.449999415549,14.699999994646,14.9));
#4094 = B_SPLINE_SURFACE_WITH_KNOTS('',1,1,(
    (#4095,#4096)
    ,(#4097,#4098
    )),.UNSPECIFIED.,.F.,.F.,.F.,(2,2),(2,2),(-20.81131386861,
    -9.711313868613),(-1.970802919708,5.979197080292),
  .PIECEWISE_BEZIER_KNOTS.);
#4095 = CARTESIAN_POINT('',(1.6700007574,19.0499999336,14.9));
#4096 = CARTESIAN_POINT('',(-6.2799992426,19.05000024968,14.9));
#4097 = CARTESIAN_POINT('',(1.67000031608,7.9499999336,14.9));
#4098 = CARTESIAN_POINT('',(-6.27999968392,7.95000024968,14.9));
#4099 = ADVANCED_FACE('',(#4100),#4114,.F.);
#4100 = FACE_BOUND('',#4101,.F.);
#4101 = EDGE_LOOP('',(#4102,#4103,#4108,#4109));
#4102 = ORIENTED_EDGE('',*,*,#3250,.F.);
#4103 = ORIENTED_EDGE('',*,*,#4104,.F.);
#4104 = EDGE_CURVE('',#3838,#3244,#4105,.T.);
#4105 = B_SPLINE_CURVE_WITH_KNOTS('',1,(#4106,#4107),.UNSPECIFIED.,.F.,
  .F.,(2,2),(-0.,1.36),.PIECEWISE_BEZIER_KNOTS.);
#4106 = CARTESIAN_POINT('',(6.28000028984,7.289999750313,14.9));
#4107 = CARTESIAN_POINT('',(4.92000028984,7.289999804384,14.9));
#4108 = ORIENTED_EDGE('',*,*,#3837,.T.);
#4109 = ORIENTED_EDGE('',*,*,#4110,.F.);
#4110 = EDGE_CURVE('',#3251,#3831,#4111,.T.);
#4111 = B_SPLINE_CURVE_WITH_KNOTS('',1,(#4112,#4113),.UNSPECIFIED.,.F.,
  .F.,(2,2),(5.34,6.7),.PIECEWISE_BEZIER_KNOTS.);
#4112 = CARTESIAN_POINT('',(4.920000215094,5.409999804384,14.9));
#4113 = CARTESIAN_POINT('',(6.280000215094,5.409999750313,14.9));
#4114 = B_SPLINE_SURFACE_WITH_KNOTS('',1,1,(
    (#4115,#4116)
    ,(#4117,#4118
    )),.UNSPECIFIED.,.F.,.F.,.F.,(2,2),(2,2),(-9.051313868613,
    -7.171313868613),(-6.580802919708,-5.220802919708),
  .PIECEWISE_BEZIER_KNOTS.);
#4115 = CARTESIAN_POINT('',(6.28000028984,7.289999750313,14.9));
#4116 = CARTESIAN_POINT('',(4.92000028984,7.289999804384,14.9));
#4117 = CARTESIAN_POINT('',(6.280000215094,5.409999750313,14.9));
#4118 = CARTESIAN_POINT('',(4.920000215094,5.409999804384,14.9));
#4119 = ADVANCED_FACE('',(#4120),#4134,.F.);
#4120 = FACE_BOUND('',#4121,.F.);
#4121 = EDGE_LOOP('',(#4122,#4123,#4128,#4129));
#4122 = ORIENTED_EDGE('',*,*,#3182,.F.);
#4123 = ORIENTED_EDGE('',*,*,#4124,.F.);
#4124 = EDGE_CURVE('',#3818,#3176,#4125,.T.);
#4125 = B_SPLINE_CURVE_WITH_KNOTS('',1,(#4126,#4127),.UNSPECIFIED.,.F.,
  .F.,(2,2),(-0.,1.36),.PIECEWISE_BEZIER_KNOTS.);
#4126 = CARTESIAN_POINT('',(6.280000188853,4.749999750313,14.9));
#4127 = CARTESIAN_POINT('',(4.920000188853,4.749999804384,14.9));
#4128 = ORIENTED_EDGE('',*,*,#3817,.T.);
#4129 = ORIENTED_EDGE('',*,*,#4130,.F.);
#4130 = EDGE_CURVE('',#3183,#3811,#4131,.T.);
#4131 = B_SPLINE_CURVE_WITH_KNOTS('',1,(#4132,#4133),.UNSPECIFIED.,.F.,
  .F.,(2,2),(5.34,6.7),.PIECEWISE_BEZIER_KNOTS.);
#4132 = CARTESIAN_POINT('',(4.920000114107,2.869999804384,14.9));
#4133 = CARTESIAN_POINT('',(6.280000114107,2.869999750313,14.9));
#4134 = B_SPLINE_SURFACE_WITH_KNOTS('',1,1,(
    (#4135,#4136)
    ,(#4137,#4138
    )),.UNSPECIFIED.,.F.,.F.,.F.,(2,2),(2,2),(-6.511313868613,
    -4.631313868613),(-6.580802919708,-5.220802919708),
  .PIECEWISE_BEZIER_KNOTS.);
#4135 = CARTESIAN_POINT('',(6.280000188853,4.749999750313,14.9));
#4136 = CARTESIAN_POINT('',(4.920000188853,4.749999804384,14.9));
#4137 = CARTESIAN_POINT('',(6.280000114107,2.869999750313,14.9));
#4138 = CARTESIAN_POINT('',(4.920000114107,2.869999804384,14.9));
#4139 = ADVANCED_FACE('',(#4140),#4154,.F.);
#4140 = FACE_BOUND('',#4141,.F.);
#4141 = EDGE_LOOP('',(#4142,#4143,#4148,#4149));
#4142 = ORIENTED_EDGE('',*,*,#3114,.F.);
#4143 = ORIENTED_EDGE('',*,*,#4144,.F.);
#4144 = EDGE_CURVE('',#3798,#3108,#4145,.T.);
#4145 = B_SPLINE_CURVE_WITH_KNOTS('',1,(#4146,#4147),.UNSPECIFIED.,.F.,
  .F.,(2,2),(-0.,1.36),.PIECEWISE_BEZIER_KNOTS.);
#4146 = CARTESIAN_POINT('',(6.280000087866,2.209999750313,14.9));
#4147 = CARTESIAN_POINT('',(4.920000087866,2.209999804384,14.9));
#4148 = ORIENTED_EDGE('',*,*,#3797,.T.);
#4149 = ORIENTED_EDGE('',*,*,#4150,.F.);
#4150 = EDGE_CURVE('',#3115,#3791,#4151,.T.);
#4151 = B_SPLINE_CURVE_WITH_KNOTS('',1,(#4152,#4153),.UNSPECIFIED.,.F.,
  .F.,(2,2),(5.34,6.7),.PIECEWISE_BEZIER_KNOTS.);
#4152 = CARTESIAN_POINT('',(4.92000001312,0.329999804384,14.9));
#4153 = CARTESIAN_POINT('',(6.28000001312,0.329999750313,14.9));
#4154 = B_SPLINE_SURFACE_WITH_KNOTS('',1,1,(
    (#4155,#4156)
    ,(#4157,#4158
    )),.UNSPECIFIED.,.F.,.F.,.F.,(2,2),(2,2),(-3.971313868613,
    -2.091313868613),(-6.580802919708,-5.220802919708),
  .PIECEWISE_BEZIER_KNOTS.);
#4155 = CARTESIAN_POINT('',(6.280000087866,2.209999750313,14.9));
#4156 = CARTESIAN_POINT('',(4.920000087866,2.209999804384,14.9));
#4157 = CARTESIAN_POINT('',(6.28000001312,0.329999750313,14.9));
#4158 = CARTESIAN_POINT('',(4.92000001312,0.329999804384,14.9));
#4159 = ADVANCED_FACE('',(#4160),#4174,.F.);
#4160 = FACE_BOUND('',#4161,.F.);
#4161 = EDGE_LOOP('',(#4162,#4163,#4168,#4169));
#4162 = ORIENTED_EDGE('',*,*,#3046,.F.);
#4163 = ORIENTED_EDGE('',*,*,#4164,.F.);
#4164 = EDGE_CURVE('',#3778,#3040,#4165,.T.);
#4165 = B_SPLINE_CURVE_WITH_KNOTS('',1,(#4166,#4167),.UNSPECIFIED.,.F.,
  .F.,(2,2),(-0.,1.36),.PIECEWISE_BEZIER_KNOTS.);
#4166 = CARTESIAN_POINT('',(6.27999998688,-0.330000249687,14.9));
#4167 = CARTESIAN_POINT('',(4.91999998688,-0.330000195616,14.9));
#4168 = ORIENTED_EDGE('',*,*,#3777,.T.);
#4169 = ORIENTED_EDGE('',*,*,#4170,.F.);
#4170 = EDGE_CURVE('',#3047,#3771,#4171,.T.);
#4171 = B_SPLINE_CURVE_WITH_KNOTS('',1,(#4172,#4173),.UNSPECIFIED.,.F.,
  .F.,(2,2),(5.34,6.7),.PIECEWISE_BEZIER_KNOTS.);
#4172 = CARTESIAN_POINT('',(4.919999912134,-2.210000195616,14.9));
#4173 = CARTESIAN_POINT('',(6.279999912134,-2.210000249687,14.9));
#4174 = B_SPLINE_SURFACE_WITH_KNOTS('',1,1,(
    (#4175,#4176)
    ,(#4177,#4178
    )),.UNSPECIFIED.,.F.,.F.,.F.,(2,2),(2,2),(-1.431313868613,
    0.448686131387),(-6.580802919708,-5.220802919708),
  .PIECEWISE_BEZIER_KNOTS.);
#4175 = CARTESIAN_POINT('',(6.27999998688,-0.330000249687,14.9));
#4176 = CARTESIAN_POINT('',(4.91999998688,-0.330000195616,14.9));
#4177 = CARTESIAN_POINT('',(6.279999912134,-2.210000249687,14.9));
#4178 = CARTESIAN_POINT('',(4.919999912134,-2.210000195616,14.9));
#4179 = ADVANCED_FACE('',(#4180),#4194,.F.);
#4180 = FACE_BOUND('',#4181,.F.);
#4181 = EDGE_LOOP('',(#4182,#4183,#4188,#4189));
#4182 = ORIENTED_EDGE('',*,*,#2978,.F.);
#4183 = ORIENTED_EDGE('',*,*,#4184,.F.);
#4184 = EDGE_CURVE('',#3758,#2972,#4185,.T.);
#4185 = B_SPLINE_CURVE_WITH_KNOTS('',1,(#4186,#4187),.UNSPECIFIED.,.F.,
  .F.,(2,2),(-0.,1.36),.PIECEWISE_BEZIER_KNOTS.);
#4186 = CARTESIAN_POINT('',(6.279999885893,-2.870000249687,14.9));
#4187 = CARTESIAN_POINT('',(4.919999885893,-2.870000195616,14.9));
#4188 = ORIENTED_EDGE('',*,*,#3757,.T.);
#4189 = ORIENTED_EDGE('',*,*,#4190,.F.);
#4190 = EDGE_CURVE('',#2979,#3751,#4191,.T.);
#4191 = B_SPLINE_CURVE_WITH_KNOTS('',1,(#4192,#4193),.UNSPECIFIED.,.F.,
  .F.,(2,2),(5.34,6.7),.PIECEWISE_BEZIER_KNOTS.);
#4192 = CARTESIAN_POINT('',(4.919999811147,-4.750000195616,14.9));
#4193 = CARTESIAN_POINT('',(6.279999811147,-4.750000249687,14.9));
#4194 = B_SPLINE_SURFACE_WITH_KNOTS('',1,1,(
    (#4195,#4196)
    ,(#4197,#4198
    )),.UNSPECIFIED.,.F.,.F.,.F.,(2,2),(2,2),(1.108686131387,
    2.988686131387),(-6.580802919708,-5.220802919708),
  .PIECEWISE_BEZIER_KNOTS.);
#4195 = CARTESIAN_POINT('',(6.279999885893,-2.870000249687,14.9));
#4196 = CARTESIAN_POINT('',(4.919999885893,-2.870000195616,14.9));
#4197 = CARTESIAN_POINT('',(6.279999811147,-4.750000249687,14.9));
#4198 = CARTESIAN_POINT('',(4.919999811147,-4.750000195616,14.9));
#4199 = ADVANCED_FACE('',(#4200),#4214,.F.);
#4200 = FACE_BOUND('',#4201,.F.);
#4201 = EDGE_LOOP('',(#4202,#4203,#4208,#4209));
#4202 = ORIENTED_EDGE('',*,*,#2910,.F.);
#4203 = ORIENTED_EDGE('',*,*,#4204,.F.);
#4204 = EDGE_CURVE('',#3738,#2904,#4205,.T.);
#4205 = B_SPLINE_CURVE_WITH_KNOTS('',1,(#4206,#4207),.UNSPECIFIED.,.F.,
  .F.,(2,2),(-0.,1.36),.PIECEWISE_BEZIER_KNOTS.);
#4206 = CARTESIAN_POINT('',(6.279999784906,-5.410000249687,14.9));
#4207 = CARTESIAN_POINT('',(4.919999784906,-5.410000195616,14.9));
#4208 = ORIENTED_EDGE('',*,*,#3737,.T.);
#4209 = ORIENTED_EDGE('',*,*,#4210,.F.);
#4210 = EDGE_CURVE('',#2911,#3731,#4211,.T.);
#4211 = B_SPLINE_CURVE_WITH_KNOTS('',1,(#4212,#4213),.UNSPECIFIED.,.F.,
  .F.,(2,2),(5.34,6.7),.PIECEWISE_BEZIER_KNOTS.);
#4212 = CARTESIAN_POINT('',(4.91999971016,-7.290000195616,14.9));
#4213 = CARTESIAN_POINT('',(6.27999971016,-7.290000249687,14.9));
#4214 = B_SPLINE_SURFACE_WITH_KNOTS('',1,1,(
    (#4215,#4216)
    ,(#4217,#4218
    )),.UNSPECIFIED.,.F.,.F.,.F.,(2,2),(2,2),(3.648686131387,
    5.528686131387),(-6.580802919708,-5.220802919708),
  .PIECEWISE_BEZIER_KNOTS.);
#4215 = CARTESIAN_POINT('',(6.279999784906,-5.410000249687,14.9));
#4216 = CARTESIAN_POINT('',(4.919999784906,-5.410000195616,14.9));
#4217 = CARTESIAN_POINT('',(6.27999971016,-7.290000249687,14.9));
#4218 = CARTESIAN_POINT('',(4.91999971016,-7.290000195616,14.9));
#4219 = ADVANCED_FACE('',(#4220),#4230,.F.);
#4220 = FACE_BOUND('',#4221,.F.);
#4221 = EDGE_LOOP('',(#4222,#4223,#4228,#4229));
#4222 = ORIENTED_EDGE('',*,*,#2799,.F.);
#4223 = ORIENTED_EDGE('',*,*,#4224,.F.);
#4224 = EDGE_CURVE('',#3872,#2800,#4225,.T.);
#4225 = B_SPLINE_CURVE_WITH_KNOTS('',1,(#4226,#4227),.UNSPECIFIED.,.F.,
  .F.,(2,2),(-12.56,-11.2),.PIECEWISE_BEZIER_KNOTS.);
#4226 = CARTESIAN_POINT('',(6.27999968392,-7.950000249687,14.9));
#4227 = CARTESIAN_POINT('',(4.91999968392,-7.950000195616,14.9));
#4228 = ORIENTED_EDGE('',*,*,#3871,.T.);
#4229 = ORIENTED_EDGE('',*,*,#3701,.T.);
#4230 = B_SPLINE_SURFACE_WITH_KNOTS('',1,1,(
    (#4231,#4232)
    ,(#4233,#4234
    )),.UNSPECIFIED.,.F.,.F.,.F.,(2,2),(2,2),(6.188686131387,
    17.28868613138),(-6.580802919708,-5.220802919708),
  .PIECEWISE_BEZIER_KNOTS.);
#4231 = CARTESIAN_POINT('',(6.27999968392,-7.950000249687,14.9));
#4232 = CARTESIAN_POINT('',(4.919999683919,-7.950000195616,14.9));
#4233 = CARTESIAN_POINT('',(6.2799992426,-19.05000024968,14.9));
#4234 = CARTESIAN_POINT('',(4.9199992426,-19.0500001956,14.9));
#4235 = ADVANCED_FACE('',(#4236),#4246,.F.);
#4236 = FACE_BOUND('',#4237,.F.);
#4237 = EDGE_LOOP('',(#4238,#4239,#4240,#4241));
#4238 = ORIENTED_EDGE('',*,*,#2764,.F.);
#4239 = ORIENTED_EDGE('',*,*,#3929,.T.);
#4240 = ORIENTED_EDGE('',*,*,#3857,.T.);
#4241 = ORIENTED_EDGE('',*,*,#4242,.F.);
#4242 = EDGE_CURVE('',#2765,#3851,#4243,.T.);
#4243 = B_SPLINE_CURVE_WITH_KNOTS('',1,(#4244,#4245),.UNSPECIFIED.,.F.,
  .F.,(2,2),(11.2,12.56),.PIECEWISE_BEZIER_KNOTS.);
#4244 = CARTESIAN_POINT('',(4.92000031608,7.949999804384,14.9));
#4245 = CARTESIAN_POINT('',(6.28000031608,7.949999750313,14.9));
#4246 = B_SPLINE_SURFACE_WITH_KNOTS('',1,1,(
    (#4247,#4248)
    ,(#4249,#4250
    )),.UNSPECIFIED.,.F.,.F.,.F.,(2,2),(2,2),(-20.81131386861,
    -9.711313868613),(-6.580802919708,-5.220802919708),
  .PIECEWISE_BEZIER_KNOTS.);
#4247 = CARTESIAN_POINT('',(6.2800007574,19.049999750313,14.9));
#4248 = CARTESIAN_POINT('',(4.9200007574,19.049999804384,14.9));
#4249 = CARTESIAN_POINT('',(6.28000031608,7.949999750313,14.9));
#4250 = CARTESIAN_POINT('',(4.92000031608,7.949999804384,14.9));
#4251 = ADVANCED_FACE('',(#4252),#4266,.F.);
#4252 = FACE_BOUND('',#4253,.F.);
#4253 = EDGE_LOOP('',(#4254,#4255,#4260,#4261));
#4254 = ORIENTED_EDGE('',*,*,#2545,.F.);
#4255 = ORIENTED_EDGE('',*,*,#4256,.T.);
#4256 = EDGE_CURVE('',#2546,#3632,#4257,.T.);
#4257 = B_SPLINE_CURVE_WITH_KNOTS('',1,(#4258,#4259),.UNSPECIFIED.,.F.,
  .F.,(2,2),(-2.4,-0.),.PIECEWISE_BEZIER_KNOTS.);
#4258 = CARTESIAN_POINT('',(-3.88000031608,-7.94999984574,11.6));
#4259 = CARTESIAN_POINT('',(-6.28000031608,-7.94999975032,11.6));
#4260 = ORIENTED_EDGE('',*,*,#3631,.T.);
#4261 = ORIENTED_EDGE('',*,*,#4262,.T.);
#4262 = EDGE_CURVE('',#3625,#2548,#4263,.T.);
#4263 = B_SPLINE_CURVE_WITH_KNOTS('',1,(#4264,#4265),.UNSPECIFIED.,.F.,
  .F.,(2,2),(0.,2.4),.PIECEWISE_BEZIER_KNOTS.);
#4264 = CARTESIAN_POINT('',(-6.27999968392,7.95000024968,11.6));
#4265 = CARTESIAN_POINT('',(-3.87999968392,7.95000015426,11.6));
#4266 = B_SPLINE_SURFACE_WITH_KNOTS('',1,1,(
    (#4267,#4268)
    ,(#4269,#4270
    )),.UNSPECIFIED.,.F.,.F.,.F.,(2,2),(2,2),(-9.711313868613,
    6.188686131387),(3.579197080292,5.979197080292),
  .PIECEWISE_BEZIER_KNOTS.);
#4267 = CARTESIAN_POINT('',(-3.87999968392,7.95000015426,11.6));
#4268 = CARTESIAN_POINT('',(-6.27999968392,7.95000024968,11.6));
#4269 = CARTESIAN_POINT('',(-3.88000031608,-7.94999984574,11.6));
#4270 = CARTESIAN_POINT('',(-6.28000031608,-7.94999975032,11.6));
#4271 = ADVANCED_FACE('',(#4272),#4278,.F.);
#4272 = FACE_BOUND('',#4273,.F.);
#4273 = EDGE_LOOP('',(#4274,#4275,#4276,#4277));
#4274 = ORIENTED_EDGE('',*,*,#2750,.T.);
#4275 = ORIENTED_EDGE('',*,*,#2409,.F.);
#4276 = ORIENTED_EDGE('',*,*,#2717,.T.);
#4277 = ORIENTED_EDGE('',*,*,#2609,.F.);
#4278 = B_SPLINE_SURFACE_WITH_KNOTS('',1,1,(
    (#4279,#4280)
    ,(#4281,#4282
    )),.UNSPECIFIED.,.F.,.F.,.F.,(2,2),(2,2),(-13.31131386861,
    -9.711313868613),(-5.220802919708,-1.970802919708),
  .PIECEWISE_BEZIER_KNOTS.);
#4279 = CARTESIAN_POINT('',(4.920000459211,11.549999804384,11.6));
#4280 = CARTESIAN_POINT('',(1.670000459211,11.5499999336,11.6));
#4281 = CARTESIAN_POINT('',(4.92000031608,7.949999804384,11.6));
#4282 = CARTESIAN_POINT('',(1.67000031608,7.9499999336,11.6));
#4283 = ADVANCED_FACE('',(#4284),#4290,.T.);
#4284 = FACE_BOUND('',#4285,.F.);
#4285 = EDGE_LOOP('',(#4286,#4287,#4288,#4289));
#4286 = ORIENTED_EDGE('',*,*,#2354,.F.);
#4287 = ORIENTED_EDGE('',*,*,#3280,.T.);
#4288 = ORIENTED_EDGE('',*,*,#3602,.T.);
#4289 = ORIENTED_EDGE('',*,*,#3402,.F.);
#4290 = B_SPLINE_SURFACE_WITH_KNOTS('',1,1,(
    (#4291,#4292)
    ,(#4293,#4294
    )),.UNSPECIFIED.,.F.,.F.,.F.,(2,2),(2,2),(4.61,6.7),(2.1,3.3),
  .PIECEWISE_BEZIER_KNOTS.);
#4291 = CARTESIAN_POINT('',(1.67000028984,7.2899999336,13.7));
#4292 = CARTESIAN_POINT('',(1.67000028984,7.2899999336,14.9));
#4293 = CARTESIAN_POINT('',(-0.41999971016,7.290000016695,13.7));
#4294 = CARTESIAN_POINT('',(-0.41999971016,7.290000016695,14.9));
#4295 = ADVANCED_FACE('',(#4296),#4308,.T.);
#4296 = FACE_BOUND('',#4297,.F.);
#4297 = EDGE_LOOP('',(#4298,#4299,#4300,#4301,#4302,#4303,#4304,#4305,
    #4306,#4307));
#4298 = ORIENTED_EDGE('',*,*,#2310,.F.);
#4299 = ORIENTED_EDGE('',*,*,#2390,.T.);
#4300 = ORIENTED_EDGE('',*,*,#2494,.T.);
#4301 = ORIENTED_EDGE('',*,*,#3395,.F.);
#4302 = ORIENTED_EDGE('',*,*,#2509,.F.);
#4303 = ORIENTED_EDGE('',*,*,#2554,.T.);
#4304 = ORIENTED_EDGE('',*,*,#4262,.F.);
#4305 = ORIENTED_EDGE('',*,*,#3624,.T.);
#4306 = ORIENTED_EDGE('',*,*,#4074,.T.);
#4307 = ORIENTED_EDGE('',*,*,#2723,.T.);
#4308 = B_SPLINE_SURFACE_WITH_KNOTS('',1,1,(
    (#4309,#4310)
    ,(#4311,#4312
    )),.UNSPECIFIED.,.F.,.F.,.F.,(2,2),(2,2),(-2.342749829158E-16,7.95),
  (-2.5,3.3),.PIECEWISE_BEZIER_KNOTS.);
#4309 = CARTESIAN_POINT('',(-6.27999968392,7.95000024968,9.1));
#4310 = CARTESIAN_POINT('',(-6.27999968392,7.95000024968,14.9));
#4311 = CARTESIAN_POINT('',(1.67000031608,7.9499999336,9.1));
#4312 = CARTESIAN_POINT('',(1.67000031608,7.9499999336,14.9));
#4313 = ADVANCED_FACE('',(#4314),#4320,.T.);
#4314 = FACE_BOUND('',#4315,.F.);
#4315 = EDGE_LOOP('',(#4316,#4317,#4318,#4319));
#4316 = ORIENTED_EDGE('',*,*,#2340,.F.);
#4317 = ORIENTED_EDGE('',*,*,#3844,.T.);
#4318 = ORIENTED_EDGE('',*,*,#4104,.T.);
#4319 = ORIENTED_EDGE('',*,*,#3243,.T.);
#4320 = B_SPLINE_SURFACE_WITH_KNOTS('',1,1,(
    (#4321,#4322)
    ,(#4323,#4324
    )),.UNSPECIFIED.,.F.,.F.,.F.,(2,2),(2,2),(-1.561944588943E-29,1.36),
  (2.1,3.3),.PIECEWISE_BEZIER_KNOTS.);
#4321 = CARTESIAN_POINT('',(6.28000028984,7.289999750313,13.7));
#4322 = CARTESIAN_POINT('',(6.28000028984,7.289999750313,14.9));
#4323 = CARTESIAN_POINT('',(4.92000028984,7.289999804384,13.7));
#4324 = CARTESIAN_POINT('',(4.92000028984,7.289999804384,14.9));
#4325 = ADVANCED_FACE('',(#4326),#4332,.T.);
#4326 = FACE_BOUND('',#4327,.F.);
#4327 = EDGE_LOOP('',(#4328,#4329,#4330,#4331));
#4328 = ORIENTED_EDGE('',*,*,#2326,.F.);
#4329 = ORIENTED_EDGE('',*,*,#2771,.T.);
#4330 = ORIENTED_EDGE('',*,*,#4242,.T.);
#4331 = ORIENTED_EDGE('',*,*,#3850,.F.);
#4332 = B_SPLINE_SURFACE_WITH_KNOTS('',1,1,(
    (#4333,#4334)
    ,(#4335,#4336
    )),.UNSPECIFIED.,.F.,.F.,.F.,(2,2),(2,2),(11.2,12.56),(2.1,3.3),
  .PIECEWISE_BEZIER_KNOTS.);
#4333 = CARTESIAN_POINT('',(4.92000031608,7.949999804384,13.7));
#4334 = CARTESIAN_POINT('',(4.92000031608,7.949999804384,14.9));
#4335 = CARTESIAN_POINT('',(6.28000031608,7.949999750313,13.7));
#4336 = CARTESIAN_POINT('',(6.28000031608,7.949999750313,14.9));
#4337 = ADVANCED_FACE('',(#4338),#4344,.T.);
#4338 = FACE_BOUND('',#4339,.F.);
#4339 = EDGE_LOOP('',(#4340,#4341,#4342,#4343));
#4340 = ORIENTED_EDGE('',*,*,#2097,.F.);
#4341 = ORIENTED_EDGE('',*,*,#3416,.T.);
#4342 = ORIENTED_EDGE('',*,*,#3596,.T.);
#4343 = ORIENTED_EDGE('',*,*,#3292,.T.);
#4344 = B_SPLINE_SURFACE_WITH_KNOTS('',1,1,(
    (#4345,#4346)
    ,(#4347,#4348
    )),.UNSPECIFIED.,.F.,.F.,.F.,(2,2),(2,2),(-6.305265047748E-15,2.09),
  (2.1,3.3),.PIECEWISE_BEZIER_KNOTS.);
#4345 = CARTESIAN_POINT('',(-0.419999784906,5.410000016695,13.7));
#4346 = CARTESIAN_POINT('',(-0.419999784906,5.410000016695,14.9));
#4347 = CARTESIAN_POINT('',(1.670000215094,5.4099999336,13.7));
#4348 = CARTESIAN_POINT('',(1.670000215094,5.4099999336,14.9));
#4349 = ADVANCED_FACE('',(#4350),#4356,.T.);
#4350 = FACE_BOUND('',#4351,.F.);
#4351 = EDGE_LOOP('',(#4352,#4353,#4354,#4355));
#4352 = ORIENTED_EDGE('',*,*,#2139,.F.);
#4353 = ORIENTED_EDGE('',*,*,#3212,.T.);
#4354 = ORIENTED_EDGE('',*,*,#3950,.T.);
#4355 = ORIENTED_EDGE('',*,*,#3424,.F.);
#4356 = B_SPLINE_SURFACE_WITH_KNOTS('',1,1,(
    (#4357,#4358)
    ,(#4359,#4360
    )),.UNSPECIFIED.,.F.,.F.,.F.,(2,2),(2,2),(-3.3,-2.1),(4.61,6.7),
  .PIECEWISE_BEZIER_KNOTS.);
#4357 = CARTESIAN_POINT('',(1.670000188853,4.7499999336,14.9));
#4358 = CARTESIAN_POINT('',(-0.419999811147,4.750000016695,14.9));
#4359 = CARTESIAN_POINT('',(1.670000188853,4.7499999336,13.7));
#4360 = CARTESIAN_POINT('',(-0.419999811147,4.750000016695,13.7));
#4361 = ADVANCED_FACE('',(#4362),#4368,.T.);
#4362 = FACE_BOUND('',#4363,.F.);
#4363 = EDGE_LOOP('',(#4364,#4365,#4366,#4367));
#4364 = ORIENTED_EDGE('',*,*,#2111,.F.);
#4365 = ORIENTED_EDGE('',*,*,#3257,.T.);
#4366 = ORIENTED_EDGE('',*,*,#4110,.T.);
#4367 = ORIENTED_EDGE('',*,*,#3830,.F.);
#4368 = B_SPLINE_SURFACE_WITH_KNOTS('',1,1,(
    (#4369,#4370)
    ,(#4371,#4372
    )),.UNSPECIFIED.,.F.,.F.,.F.,(2,2),(2,2),(5.34,6.7),(2.1,3.3),
  .PIECEWISE_BEZIER_KNOTS.);
#4369 = CARTESIAN_POINT('',(4.920000215094,5.409999804384,13.7));
#4370 = CARTESIAN_POINT('',(4.920000215094,5.409999804384,14.9));
#4371 = CARTESIAN_POINT('',(6.280000215094,5.409999750313,13.7));
#4372 = CARTESIAN_POINT('',(6.280000215094,5.409999750313,14.9));
#4373 = ADVANCED_FACE('',(#4374),#4380,.T.);
#4374 = FACE_BOUND('',#4375,.F.);
#4375 = EDGE_LOOP('',(#4376,#4377,#4378,#4379));
#4376 = ORIENTED_EDGE('',*,*,#2125,.F.);
#4377 = ORIENTED_EDGE('',*,*,#3824,.T.);
#4378 = ORIENTED_EDGE('',*,*,#4124,.T.);
#4379 = ORIENTED_EDGE('',*,*,#3175,.T.);
#4380 = B_SPLINE_SURFACE_WITH_KNOTS('',1,1,(
    (#4381,#4382)
    ,(#4383,#4384)),.UNSPECIFIED.,.F.,.F.,.F.,(2,2),(2,2),(-3.3,-2.1),(
    -1.431782542734E-29,1.36),.PIECEWISE_BEZIER_KNOTS.);
#4381 = CARTESIAN_POINT('',(6.280000188853,4.749999750313,14.9));
#4382 = CARTESIAN_POINT('',(4.920000188853,4.749999804384,14.9));
#4383 = CARTESIAN_POINT('',(6.280000188853,4.749999750313,13.7));
#4384 = CARTESIAN_POINT('',(4.920000188853,4.749999804384,13.7));
#4385 = ADVANCED_FACE('',(#4386),#4392,.F.);
#4386 = FACE_BOUND('',#4387,.F.);
#4387 = EDGE_LOOP('',(#4388,#4389,#4390,#4391));
#4388 = ORIENTED_EDGE('',*,*,#3237,.T.);
#4389 = ORIENTED_EDGE('',*,*,#2252,.F.);
#4390 = ORIENTED_EDGE('',*,*,#3286,.T.);
#4391 = ORIENTED_EDGE('',*,*,#2437,.F.);
#4392 = B_SPLINE_SURFACE_WITH_KNOTS('',1,1,(
    (#4393,#4394)
    ,(#4395,#4396
    )),.UNSPECIFIED.,.F.,.F.,.F.,(2,2),(2,2),(-9.051313868613,
    -7.171313868613),(-5.220802919708,-1.970802919708),
  .PIECEWISE_BEZIER_KNOTS.);
#4393 = CARTESIAN_POINT('',(4.92000028984,7.289999804384,11.6));
#4394 = CARTESIAN_POINT('',(1.67000028984,7.2899999336,11.6));
#4395 = CARTESIAN_POINT('',(4.920000215094,5.409999804384,11.6));
#4396 = CARTESIAN_POINT('',(1.670000215094,5.4099999336,11.6));
#4397 = ADVANCED_FACE('',(#4398),#4404,.T.);
#4398 = FACE_BOUND('',#4399,.F.);
#4399 = EDGE_LOOP('',(#4400,#4401,#4402,#4403));
#4400 = ORIENTED_EDGE('',*,*,#1875,.F.);
#4401 = ORIENTED_EDGE('',*,*,#3438,.T.);
#4402 = ORIENTED_EDGE('',*,*,#3944,.T.);
#4403 = ORIENTED_EDGE('',*,*,#3224,.T.);
#4404 = B_SPLINE_SURFACE_WITH_KNOTS('',1,1,(
    (#4405,#4406)
    ,(#4407,#4408
    )),.UNSPECIFIED.,.F.,.F.,.F.,(2,2),(2,2),(-3.552713678801E-15,2.09),
  (2.1,3.3),.PIECEWISE_BEZIER_KNOTS.);
#4405 = CARTESIAN_POINT('',(-0.419999885893,2.870000016695,13.7));
#4406 = CARTESIAN_POINT('',(-0.419999885893,2.870000016695,14.9));
#4407 = CARTESIAN_POINT('',(1.670000114107,2.8699999336,13.7));
#4408 = CARTESIAN_POINT('',(1.670000114107,2.8699999336,14.9));
#4409 = ADVANCED_FACE('',(#4410),#4416,.T.);
#4410 = FACE_BOUND('',#4411,.F.);
#4411 = EDGE_LOOP('',(#4412,#4413,#4414,#4415));
#4412 = ORIENTED_EDGE('',*,*,#1917,.F.);
#4413 = ORIENTED_EDGE('',*,*,#3144,.T.);
#4414 = ORIENTED_EDGE('',*,*,#3970,.T.);
#4415 = ORIENTED_EDGE('',*,*,#3446,.F.);
#4416 = B_SPLINE_SURFACE_WITH_KNOTS('',1,1,(
    (#4417,#4418)
    ,(#4419,#4420
    )),.UNSPECIFIED.,.F.,.F.,.F.,(2,2),(2,2),(-3.3,-2.1),(4.61,6.7),
  .PIECEWISE_BEZIER_KNOTS.);
#4417 = CARTESIAN_POINT('',(1.670000087866,2.2099999336,14.9));
#4418 = CARTESIAN_POINT('',(-0.419999912134,2.210000016695,14.9));
#4419 = CARTESIAN_POINT('',(1.670000087866,2.2099999336,13.7));
#4420 = CARTESIAN_POINT('',(-0.419999912134,2.210000016695,13.7));
#4421 = ADVANCED_FACE('',(#4422),#4428,.T.);
#4422 = FACE_BOUND('',#4423,.F.);
#4423 = EDGE_LOOP('',(#4424,#4425,#4426,#4427));
#4424 = ORIENTED_EDGE('',*,*,#1889,.F.);
#4425 = ORIENTED_EDGE('',*,*,#3189,.T.);
#4426 = ORIENTED_EDGE('',*,*,#4130,.T.);
#4427 = ORIENTED_EDGE('',*,*,#3810,.F.);
#4428 = B_SPLINE_SURFACE_WITH_KNOTS('',1,1,(
    (#4429,#4430)
    ,(#4431,#4432
    )),.UNSPECIFIED.,.F.,.F.,.F.,(2,2),(2,2),(5.34,6.7),(2.1,3.3),
  .PIECEWISE_BEZIER_KNOTS.);
#4429 = CARTESIAN_POINT('',(4.920000114107,2.869999804384,13.7));
#4430 = CARTESIAN_POINT('',(4.920000114107,2.869999804384,14.9));
#4431 = CARTESIAN_POINT('',(6.280000114107,2.869999750313,13.7));
#4432 = CARTESIAN_POINT('',(6.280000114107,2.869999750313,14.9));
#4433 = ADVANCED_FACE('',(#4434),#4440,.T.);
#4434 = FACE_BOUND('',#4435,.F.);
#4435 = EDGE_LOOP('',(#4436,#4437,#4438,#4439));
#4436 = ORIENTED_EDGE('',*,*,#1903,.F.);
#4437 = ORIENTED_EDGE('',*,*,#3804,.T.);
#4438 = ORIENTED_EDGE('',*,*,#4144,.T.);
#4439 = ORIENTED_EDGE('',*,*,#3107,.T.);
#4440 = B_SPLINE_SURFACE_WITH_KNOTS('',1,1,(
    (#4441,#4442)
    ,(#4443,#4444)),.UNSPECIFIED.,.F.,.F.,.F.,(2,2),(2,2),(-3.3,-2.1),(
    -1.431782542734E-29,1.36),.PIECEWISE_BEZIER_KNOTS.);
#4441 = CARTESIAN_POINT('',(6.280000087866,2.209999750313,14.9));
#4442 = CARTESIAN_POINT('',(4.920000087866,2.209999804384,14.9));
#4443 = CARTESIAN_POINT('',(6.280000087866,2.209999750313,13.7));
#4444 = CARTESIAN_POINT('',(4.920000087866,2.209999804384,13.7));
#4445 = ADVANCED_FACE('',(#4446),#4452,.F.);
#4446 = FACE_BOUND('',#4447,.F.);
#4447 = EDGE_LOOP('',(#4448,#4449,#4450,#4451));
#4448 = ORIENTED_EDGE('',*,*,#3169,.T.);
#4449 = ORIENTED_EDGE('',*,*,#2030,.F.);
#4450 = ORIENTED_EDGE('',*,*,#3218,.T.);
#4451 = ORIENTED_EDGE('',*,*,#2194,.F.);
#4452 = B_SPLINE_SURFACE_WITH_KNOTS('',1,1,(
    (#4453,#4454)
    ,(#4455,#4456
    )),.UNSPECIFIED.,.F.,.F.,.F.,(2,2),(2,2),(-6.511313868613,
    -4.631313868613),(-5.220802919708,-1.970802919708),
  .PIECEWISE_BEZIER_KNOTS.);
#4453 = CARTESIAN_POINT('',(4.920000188853,4.749999804384,11.6));
#4454 = CARTESIAN_POINT('',(1.670000188853,4.7499999336,11.6));
#4455 = CARTESIAN_POINT('',(4.920000114107,2.869999804384,11.6));
#4456 = CARTESIAN_POINT('',(1.670000114107,2.8699999336,11.6));
#4457 = ADVANCED_FACE('',(#4458),#4464,.T.);
#4458 = FACE_BOUND('',#4459,.F.);
#4459 = EDGE_LOOP('',(#4460,#4461,#4462,#4463));
#4460 = ORIENTED_EDGE('',*,*,#1653,.F.);
#4461 = ORIENTED_EDGE('',*,*,#3460,.T.);
#4462 = ORIENTED_EDGE('',*,*,#3964,.T.);
#4463 = ORIENTED_EDGE('',*,*,#3156,.T.);
#4464 = B_SPLINE_SURFACE_WITH_KNOTS('',1,1,(
    (#4465,#4466)
    ,(#4467,#4468
    )),.UNSPECIFIED.,.F.,.F.,.F.,(2,2),(2,2),(1.822268692603E-29,2.09),(
    2.1,3.3),.PIECEWISE_BEZIER_KNOTS.);
#4465 = CARTESIAN_POINT('',(-0.41999998688,0.330000016695,13.7));
#4466 = CARTESIAN_POINT('',(-0.41999998688,0.330000016695,14.9));
#4467 = CARTESIAN_POINT('',(1.67000001312,0.3299999336,13.7));
#4468 = CARTESIAN_POINT('',(1.67000001312,0.3299999336,14.9));
#4469 = ADVANCED_FACE('',(#4470),#4476,.T.);
#4470 = FACE_BOUND('',#4471,.F.);
#4471 = EDGE_LOOP('',(#4472,#4473,#4474,#4475));
#4472 = ORIENTED_EDGE('',*,*,#1695,.F.);
#4473 = ORIENTED_EDGE('',*,*,#3076,.T.);
#4474 = ORIENTED_EDGE('',*,*,#3990,.T.);
#4475 = ORIENTED_EDGE('',*,*,#3468,.F.);
#4476 = B_SPLINE_SURFACE_WITH_KNOTS('',1,1,(
    (#4477,#4478)
    ,(#4479,#4480
    )),.UNSPECIFIED.,.F.,.F.,.F.,(2,2),(2,2),(-3.3,-2.1),(4.61,6.7),
  .PIECEWISE_BEZIER_KNOTS.);
#4477 = CARTESIAN_POINT('',(1.66999998688,-0.3300000664,14.9));
#4478 = CARTESIAN_POINT('',(-0.42000001312,-0.329999983305,14.9));
#4479 = CARTESIAN_POINT('',(1.66999998688,-0.3300000664,13.7));
#4480 = CARTESIAN_POINT('',(-0.42000001312,-0.329999983305,13.7));
#4481 = ADVANCED_FACE('',(#4482),#4488,.T.);
#4482 = FACE_BOUND('',#4483,.F.);
#4483 = EDGE_LOOP('',(#4484,#4485,#4486,#4487));
#4484 = ORIENTED_EDGE('',*,*,#1667,.F.);
#4485 = ORIENTED_EDGE('',*,*,#3121,.T.);
#4486 = ORIENTED_EDGE('',*,*,#4150,.T.);
#4487 = ORIENTED_EDGE('',*,*,#3790,.F.);
#4488 = B_SPLINE_SURFACE_WITH_KNOTS('',1,1,(
    (#4489,#4490)
    ,(#4491,#4492
    )),.UNSPECIFIED.,.F.,.F.,.F.,(2,2),(2,2),(5.34,6.7),(2.1,3.3),
  .PIECEWISE_BEZIER_KNOTS.);
#4489 = CARTESIAN_POINT('',(4.92000001312,0.329999804384,13.7));
#4490 = CARTESIAN_POINT('',(4.92000001312,0.329999804384,14.9));
#4491 = CARTESIAN_POINT('',(6.28000001312,0.329999750313,13.7));
#4492 = CARTESIAN_POINT('',(6.28000001312,0.329999750313,14.9));
#4493 = ADVANCED_FACE('',(#4494),#4500,.T.);
#4494 = FACE_BOUND('',#4495,.F.);
#4495 = EDGE_LOOP('',(#4496,#4497,#4498,#4499));
#4496 = ORIENTED_EDGE('',*,*,#1681,.F.);
#4497 = ORIENTED_EDGE('',*,*,#3784,.T.);
#4498 = ORIENTED_EDGE('',*,*,#4164,.T.);
#4499 = ORIENTED_EDGE('',*,*,#3039,.T.);
#4500 = B_SPLINE_SURFACE_WITH_KNOTS('',1,1,(
    (#4501,#4502)
    ,(#4503,#4504)),.UNSPECIFIED.,.F.,.F.,.F.,(2,2),(2,2),(-3.3,-2.1),(
    -1.431782542734E-29,1.36),.PIECEWISE_BEZIER_KNOTS.);
#4501 = CARTESIAN_POINT('',(6.27999998688,-0.330000249687,14.9));
#4502 = CARTESIAN_POINT('',(4.91999998688,-0.330000195616,14.9));
#4503 = CARTESIAN_POINT('',(6.27999998688,-0.330000249687,13.7));
#4504 = CARTESIAN_POINT('',(4.91999998688,-0.330000195616,13.7));
#4505 = ADVANCED_FACE('',(#4506),#4512,.F.);
#4506 = FACE_BOUND('',#4507,.F.);
#4507 = EDGE_LOOP('',(#4508,#4509,#4510,#4511));
#4508 = ORIENTED_EDGE('',*,*,#3101,.T.);
#4509 = ORIENTED_EDGE('',*,*,#1808,.F.);
#4510 = ORIENTED_EDGE('',*,*,#3150,.T.);
#4511 = ORIENTED_EDGE('',*,*,#1972,.F.);
#4512 = B_SPLINE_SURFACE_WITH_KNOTS('',1,1,(
    (#4513,#4514)
    ,(#4515,#4516
    )),.UNSPECIFIED.,.F.,.F.,.F.,(2,2),(2,2),(-3.971313868613,
    -2.091313868613),(-5.220802919708,-1.970802919708),
  .PIECEWISE_BEZIER_KNOTS.);
#4513 = CARTESIAN_POINT('',(4.920000087866,2.209999804384,11.6));
#4514 = CARTESIAN_POINT('',(1.670000087866,2.2099999336,11.6));
#4515 = CARTESIAN_POINT('',(4.92000001312,0.329999804384,11.6));
#4516 = CARTESIAN_POINT('',(1.67000001312,0.3299999336,11.6));
#4517 = ADVANCED_FACE('',(#4518),#4524,.T.);
#4518 = FACE_BOUND('',#4519,.F.);
#4519 = EDGE_LOOP('',(#4520,#4521,#4522,#4523));
#4520 = ORIENTED_EDGE('',*,*,#1431,.F.);
#4521 = ORIENTED_EDGE('',*,*,#3482,.T.);
#4522 = ORIENTED_EDGE('',*,*,#3984,.T.);
#4523 = ORIENTED_EDGE('',*,*,#3088,.T.);
#4524 = B_SPLINE_SURFACE_WITH_KNOTS('',1,1,(
    (#4525,#4526)
    ,(#4527,#4528
    )),.UNSPECIFIED.,.F.,.F.,.F.,(2,2),(2,2),(-6.305265047748E-15,2.09),
  (2.1,3.3),.PIECEWISE_BEZIER_KNOTS.);
#4525 = CARTESIAN_POINT('',(-0.420000087866,-2.209999983305,13.7));
#4526 = CARTESIAN_POINT('',(-0.420000087866,-2.209999983305,14.9));
#4527 = CARTESIAN_POINT('',(1.669999912134,-2.2100000664,13.7));
#4528 = CARTESIAN_POINT('',(1.669999912134,-2.2100000664,14.9));
#4529 = ADVANCED_FACE('',(#4530),#4536,.T.);
#4530 = FACE_BOUND('',#4531,.F.);
#4531 = EDGE_LOOP('',(#4532,#4533,#4534,#4535));
#4532 = ORIENTED_EDGE('',*,*,#1473,.F.);
#4533 = ORIENTED_EDGE('',*,*,#3008,.T.);
#4534 = ORIENTED_EDGE('',*,*,#4010,.T.);
#4535 = ORIENTED_EDGE('',*,*,#3490,.F.);
#4536 = B_SPLINE_SURFACE_WITH_KNOTS('',1,1,(
    (#4537,#4538)
    ,(#4539,#4540
    )),.UNSPECIFIED.,.F.,.F.,.F.,(2,2),(2,2),(-3.3,-2.1),(4.61,6.7),
  .PIECEWISE_BEZIER_KNOTS.);
#4537 = CARTESIAN_POINT('',(1.669999885893,-2.8700000664,14.9));
#4538 = CARTESIAN_POINT('',(-0.420000114107,-2.869999983305,14.9));
#4539 = CARTESIAN_POINT('',(1.669999885893,-2.8700000664,13.7));
#4540 = CARTESIAN_POINT('',(-0.420000114107,-2.869999983305,13.7));
#4541 = ADVANCED_FACE('',(#4542),#4548,.T.);
#4542 = FACE_BOUND('',#4543,.F.);
#4543 = EDGE_LOOP('',(#4544,#4545,#4546,#4547));
#4544 = ORIENTED_EDGE('',*,*,#1445,.F.);
#4545 = ORIENTED_EDGE('',*,*,#3053,.T.);
#4546 = ORIENTED_EDGE('',*,*,#4170,.T.);
#4547 = ORIENTED_EDGE('',*,*,#3770,.F.);
#4548 = B_SPLINE_SURFACE_WITH_KNOTS('',1,1,(
    (#4549,#4550)
    ,(#4551,#4552
    )),.UNSPECIFIED.,.F.,.F.,.F.,(2,2),(2,2),(5.34,6.7),(2.1,3.3),
  .PIECEWISE_BEZIER_KNOTS.);
#4549 = CARTESIAN_POINT('',(4.919999912134,-2.210000195616,13.7));
#4550 = CARTESIAN_POINT('',(4.919999912134,-2.210000195616,14.9));
#4551 = CARTESIAN_POINT('',(6.279999912134,-2.210000249687,13.7));
#4552 = CARTESIAN_POINT('',(6.279999912134,-2.210000249687,14.9));
#4553 = ADVANCED_FACE('',(#4554),#4560,.T.);
#4554 = FACE_BOUND('',#4555,.F.);
#4555 = EDGE_LOOP('',(#4556,#4557,#4558,#4559));
#4556 = ORIENTED_EDGE('',*,*,#1459,.F.);
#4557 = ORIENTED_EDGE('',*,*,#3764,.T.);
#4558 = ORIENTED_EDGE('',*,*,#4184,.T.);
#4559 = ORIENTED_EDGE('',*,*,#2971,.T.);
#4560 = B_SPLINE_SURFACE_WITH_KNOTS('',1,1,(
    (#4561,#4562)
    ,(#4563,#4564)),.UNSPECIFIED.,.F.,.F.,.F.,(2,2),(2,2),(-3.3,-2.1),(
    -1.431782542734E-29,1.36),.PIECEWISE_BEZIER_KNOTS.);
#4561 = CARTESIAN_POINT('',(6.279999885893,-2.870000249687,14.9));
#4562 = CARTESIAN_POINT('',(4.919999885893,-2.870000195616,14.9));
#4563 = CARTESIAN_POINT('',(6.279999885893,-2.870000249687,13.7));
#4564 = CARTESIAN_POINT('',(4.919999885893,-2.870000195616,13.7));
#4565 = ADVANCED_FACE('',(#4566),#4572,.F.);
#4566 = FACE_BOUND('',#4567,.F.);
#4567 = EDGE_LOOP('',(#4568,#4569,#4570,#4571));
#4568 = ORIENTED_EDGE('',*,*,#3033,.T.);
#4569 = ORIENTED_EDGE('',*,*,#1586,.F.);
#4570 = ORIENTED_EDGE('',*,*,#3082,.T.);
#4571 = ORIENTED_EDGE('',*,*,#1750,.F.);
#4572 = B_SPLINE_SURFACE_WITH_KNOTS('',1,1,(
    (#4573,#4574)
    ,(#4575,#4576
    )),.UNSPECIFIED.,.F.,.F.,.F.,(2,2),(2,2),(-1.431313868613,
    0.448686131387),(-5.220802919708,-1.970802919708),
  .PIECEWISE_BEZIER_KNOTS.);
#4573 = CARTESIAN_POINT('',(4.91999998688,-0.330000195616,11.6));
#4574 = CARTESIAN_POINT('',(1.66999998688,-0.3300000664,11.6));
#4575 = CARTESIAN_POINT('',(4.919999912134,-2.210000195616,11.6));
#4576 = CARTESIAN_POINT('',(1.669999912134,-2.2100000664,11.6));
#4577 = ADVANCED_FACE('',(#4578),#4584,.T.);
#4578 = FACE_BOUND('',#4579,.F.);
#4579 = EDGE_LOOP('',(#4580,#4581,#4582,#4583));
#4580 = ORIENTED_EDGE('',*,*,#1209,.F.);
#4581 = ORIENTED_EDGE('',*,*,#3504,.T.);
#4582 = ORIENTED_EDGE('',*,*,#4004,.T.);
#4583 = ORIENTED_EDGE('',*,*,#3020,.T.);
#4584 = B_SPLINE_SURFACE_WITH_KNOTS('',1,1,(
    (#4585,#4586)
    ,(#4587,#4588
    )),.UNSPECIFIED.,.F.,.F.,.F.,(2,2),(2,2),(2.070759874971E-29,2.09),(
    2.1,3.3),.PIECEWISE_BEZIER_KNOTS.);
#4585 = CARTESIAN_POINT('',(-0.420000188853,-4.749999983305,13.7));
#4586 = CARTESIAN_POINT('',(-0.420000188853,-4.749999983305,14.9));
#4587 = CARTESIAN_POINT('',(1.669999811147,-4.7500000664,13.7));
#4588 = CARTESIAN_POINT('',(1.669999811147,-4.7500000664,14.9));
#4589 = ADVANCED_FACE('',(#4590),#4596,.T.);
#4590 = FACE_BOUND('',#4591,.F.);
#4591 = EDGE_LOOP('',(#4592,#4593,#4594,#4595));
#4592 = ORIENTED_EDGE('',*,*,#1251,.F.);
#4593 = ORIENTED_EDGE('',*,*,#2940,.T.);
#4594 = ORIENTED_EDGE('',*,*,#4030,.T.);
#4595 = ORIENTED_EDGE('',*,*,#3512,.F.);
#4596 = B_SPLINE_SURFACE_WITH_KNOTS('',1,1,(
    (#4597,#4598)
    ,(#4599,#4600
    )),.UNSPECIFIED.,.F.,.F.,.F.,(2,2),(2,2),(-3.3,-2.1),(4.61,6.7),
  .PIECEWISE_BEZIER_KNOTS.);
#4597 = CARTESIAN_POINT('',(1.669999784906,-5.4100000664,14.9));
#4598 = CARTESIAN_POINT('',(-0.420000215094,-5.409999983305,14.9));
#4599 = CARTESIAN_POINT('',(1.669999784906,-5.4100000664,13.7));
#4600 = CARTESIAN_POINT('',(-0.420000215094,-5.409999983305,13.7));
#4601 = ADVANCED_FACE('',(#4602),#4608,.T.);
#4602 = FACE_BOUND('',#4603,.F.);
#4603 = EDGE_LOOP('',(#4604,#4605,#4606,#4607));
#4604 = ORIENTED_EDGE('',*,*,#1223,.F.);
#4605 = ORIENTED_EDGE('',*,*,#2985,.T.);
#4606 = ORIENTED_EDGE('',*,*,#4190,.T.);
#4607 = ORIENTED_EDGE('',*,*,#3750,.F.);
#4608 = B_SPLINE_SURFACE_WITH_KNOTS('',1,1,(
    (#4609,#4610)
    ,(#4611,#4612
    )),.UNSPECIFIED.,.F.,.F.,.F.,(2,2),(2,2),(5.34,6.7),(2.1,3.3),
  .PIECEWISE_BEZIER_KNOTS.);
#4609 = CARTESIAN_POINT('',(4.919999811147,-4.750000195616,13.7));
#4610 = CARTESIAN_POINT('',(4.919999811147,-4.750000195616,14.9));
#4611 = CARTESIAN_POINT('',(6.279999811147,-4.750000249687,13.7));
#4612 = CARTESIAN_POINT('',(6.279999811147,-4.750000249687,14.9));
#4613 = ADVANCED_FACE('',(#4614),#4620,.T.);
#4614 = FACE_BOUND('',#4615,.F.);
#4615 = EDGE_LOOP('',(#4616,#4617,#4618,#4619));
#4616 = ORIENTED_EDGE('',*,*,#1237,.F.);
#4617 = ORIENTED_EDGE('',*,*,#3744,.T.);
#4618 = ORIENTED_EDGE('',*,*,#4204,.T.);
#4619 = ORIENTED_EDGE('',*,*,#2903,.T.);
#4620 = B_SPLINE_SURFACE_WITH_KNOTS('',1,1,(
    (#4621,#4622)
    ,(#4623,#4624)),.UNSPECIFIED.,.F.,.F.,.F.,(2,2),(2,2),(-3.3,-2.1),(
    -1.431782542734E-29,1.36),.PIECEWISE_BEZIER_KNOTS.);
#4621 = CARTESIAN_POINT('',(6.279999784906,-5.410000249687,14.9));
#4622 = CARTESIAN_POINT('',(4.919999784906,-5.410000195616,14.9));
#4623 = CARTESIAN_POINT('',(6.279999784906,-5.410000249687,13.7));
#4624 = CARTESIAN_POINT('',(4.919999784906,-5.410000195616,13.7));
#4625 = ADVANCED_FACE('',(#4626),#4632,.F.);
#4626 = FACE_BOUND('',#4627,.F.);
#4627 = EDGE_LOOP('',(#4628,#4629,#4630,#4631));
#4628 = ORIENTED_EDGE('',*,*,#2965,.T.);
#4629 = ORIENTED_EDGE('',*,*,#1364,.F.);
#4630 = ORIENTED_EDGE('',*,*,#3014,.T.);
#4631 = ORIENTED_EDGE('',*,*,#1528,.F.);
#4632 = B_SPLINE_SURFACE_WITH_KNOTS('',1,1,(
    (#4633,#4634)
    ,(#4635,#4636
    )),.UNSPECIFIED.,.F.,.F.,.F.,(2,2),(2,2),(1.108686131387,
    2.988686131387),(-5.220802919708,-1.970802919708),
  .PIECEWISE_BEZIER_KNOTS.);
#4633 = CARTESIAN_POINT('',(4.919999885893,-2.870000195615,11.6));
#4634 = CARTESIAN_POINT('',(1.669999885893,-2.8700000664,11.6));
#4635 = CARTESIAN_POINT('',(4.919999811147,-4.750000195616,11.6));
#4636 = CARTESIAN_POINT('',(1.669999811147,-4.7500000664,11.6));
#4637 = ADVANCED_FACE('',(#4638),#4644,.T.);
#4638 = FACE_BOUND('',#4639,.F.);
#4639 = EDGE_LOOP('',(#4640,#4641,#4642,#4643));
#4640 = ORIENTED_EDGE('',*,*,#1010,.F.);
#4641 = ORIENTED_EDGE('',*,*,#3382,.T.);
#4642 = ORIENTED_EDGE('',*,*,#4024,.T.);
#4643 = ORIENTED_EDGE('',*,*,#2952,.T.);
#4644 = B_SPLINE_SURFACE_WITH_KNOTS('',1,1,(
    (#4645,#4646)
    ,(#4647,#4648
    )),.UNSPECIFIED.,.F.,.F.,.F.,(2,2),(2,2),(2.070759874971E-29,2.09),(
    2.1,3.3),.PIECEWISE_BEZIER_KNOTS.);
#4645 = CARTESIAN_POINT('',(-0.42000028984,-7.289999983305,13.7));
#4646 = CARTESIAN_POINT('',(-0.42000028984,-7.289999983305,14.9));
#4647 = CARTESIAN_POINT('',(1.66999971016,-7.2900000664,13.7));
#4648 = CARTESIAN_POINT('',(1.66999971016,-7.2900000664,14.9));
#4649 = ADVANCED_FACE('',(#4650),#4662,.T.);
#4650 = FACE_BOUND('',#4651,.F.);
#4651 = EDGE_LOOP('',(#4652,#4653,#4654,#4655,#4656,#4657,#4658,#4659,
    #4660,#4661));
#4652 = ORIENTED_EDGE('',*,*,#1052,.F.);
#4653 = ORIENTED_EDGE('',*,*,#2869,.T.);
#4654 = ORIENTED_EDGE('',*,*,#4046,.T.);
#4655 = ORIENTED_EDGE('',*,*,#3638,.F.);
#4656 = ORIENTED_EDGE('',*,*,#4256,.F.);
#4657 = ORIENTED_EDGE('',*,*,#2560,.F.);
#4658 = ORIENTED_EDGE('',*,*,#2525,.F.);
#4659 = ORIENTED_EDGE('',*,*,#3389,.T.);
#4660 = ORIENTED_EDGE('',*,*,#1187,.T.);
#4661 = ORIENTED_EDGE('',*,*,#1087,.F.);
#4662 = B_SPLINE_SURFACE_WITH_KNOTS('',1,1,(
    (#4663,#4664)
    ,(#4665,#4666
    )),.UNSPECIFIED.,.F.,.F.,.F.,(2,2),(2,2),(-3.3,2.5),(-7.95,
    2.342749829159E-16),.PIECEWISE_BEZIER_KNOTS.);
#4663 = CARTESIAN_POINT('',(1.66999968392,-7.9500000664,14.9));
#4664 = CARTESIAN_POINT('',(-6.28000031608,-7.94999975032,14.9));
#4665 = CARTESIAN_POINT('',(1.66999968392,-7.9500000664,9.1));
#4666 = CARTESIAN_POINT('',(-6.28000031608,-7.94999975032,9.1));
#4667 = ADVANCED_FACE('',(#4668),#4674,.T.);
#4668 = FACE_BOUND('',#4669,.F.);
#4669 = EDGE_LOOP('',(#4670,#4671,#4672,#4673));
#4670 = ORIENTED_EDGE('',*,*,#1024,.F.);
#4671 = ORIENTED_EDGE('',*,*,#2917,.T.);
#4672 = ORIENTED_EDGE('',*,*,#4210,.T.);
#4673 = ORIENTED_EDGE('',*,*,#3730,.F.);
#4674 = B_SPLINE_SURFACE_WITH_KNOTS('',1,1,(
    (#4675,#4676)
    ,(#4677,#4678
    )),.UNSPECIFIED.,.F.,.F.,.F.,(2,2),(2,2),(5.34,6.7),(2.1,3.3),
  .PIECEWISE_BEZIER_KNOTS.);
#4675 = CARTESIAN_POINT('',(4.91999971016,-7.290000195616,13.7));
#4676 = CARTESIAN_POINT('',(4.91999971016,-7.290000195616,14.9));
#4677 = CARTESIAN_POINT('',(6.27999971016,-7.290000249687,13.7));
#4678 = CARTESIAN_POINT('',(6.27999971016,-7.290000249687,14.9));
#4679 = ADVANCED_FACE('',(#4680),#4686,.T.);
#4680 = FACE_BOUND('',#4681,.F.);
#4681 = EDGE_LOOP('',(#4682,#4683,#4684,#4685));
#4682 = ORIENTED_EDGE('',*,*,#1038,.F.);
#4683 = ORIENTED_EDGE('',*,*,#3878,.T.);
#4684 = ORIENTED_EDGE('',*,*,#4224,.T.);
#4685 = ORIENTED_EDGE('',*,*,#2821,.T.);
#4686 = B_SPLINE_SURFACE_WITH_KNOTS('',1,1,(
    (#4687,#4688)
    ,(#4689,#4690
    )),.UNSPECIFIED.,.F.,.F.,.F.,(2,2),(2,2),(-3.3,-2.1),(-12.56,-11.2),
  .PIECEWISE_BEZIER_KNOTS.);
#4687 = CARTESIAN_POINT('',(6.27999968392,-7.950000249687,14.9));
#4688 = CARTESIAN_POINT('',(4.919999683919,-7.950000195616,14.9));
#4689 = CARTESIAN_POINT('',(6.27999968392,-7.950000249687,13.7));
#4690 = CARTESIAN_POINT('',(4.919999683919,-7.950000195616,13.7));
#4691 = ADVANCED_FACE('',(#4692),#4698,.F.);
#4692 = FACE_BOUND('',#4693,.F.);
#4693 = EDGE_LOOP('',(#4694,#4695,#4696,#4697));
#4694 = ORIENTED_EDGE('',*,*,#2848,.T.);
#4695 = ORIENTED_EDGE('',*,*,#1100,.F.);
#4696 = ORIENTED_EDGE('',*,*,#2815,.T.);
#4697 = ORIENTED_EDGE('',*,*,#2673,.F.);
#4698 = B_SPLINE_SURFACE_WITH_KNOTS('',1,1,(
    (#4699,#4700)
    ,(#4701,#4702
    )),.UNSPECIFIED.,.F.,.F.,.F.,(2,2),(2,2),(6.188686131387,
    9.788686131387),(-5.220802919708,-1.970802919708),
  .PIECEWISE_BEZIER_KNOTS.);
#4699 = CARTESIAN_POINT('',(4.91999968392,-7.950000195616,11.6));
#4700 = CARTESIAN_POINT('',(1.66999968392,-7.9500000664,11.6));
#4701 = CARTESIAN_POINT('',(4.919999540789,-11.55000019561,11.6));
#4702 = CARTESIAN_POINT('',(1.669999540789,-11.5500000664,11.6));
#4703 = ADVANCED_FACE('',(#4704),#4710,.F.);
#4704 = FACE_BOUND('',#4705,.F.);
#4705 = EDGE_LOOP('',(#4706,#4707,#4708,#4709));
#4706 = ORIENTED_EDGE('',*,*,#2897,.T.);
#4707 = ORIENTED_EDGE('',*,*,#1136,.F.);
#4708 = ORIENTED_EDGE('',*,*,#2946,.T.);
#4709 = ORIENTED_EDGE('',*,*,#1306,.F.);
#4710 = B_SPLINE_SURFACE_WITH_KNOTS('',1,1,(
    (#4711,#4712)
    ,(#4713,#4714
    )),.UNSPECIFIED.,.F.,.F.,.F.,(2,2),(2,2),(3.648686131387,
    5.528686131387),(-5.220802919708,-1.970802919708),
  .PIECEWISE_BEZIER_KNOTS.);
#4711 = CARTESIAN_POINT('',(4.919999784906,-5.410000195616,11.6));
#4712 = CARTESIAN_POINT('',(1.669999784906,-5.4100000664,11.6));
#4713 = CARTESIAN_POINT('',(4.91999971016,-7.290000195616,11.6));
#4714 = CARTESIAN_POINT('',(1.66999971016,-7.2900000664,11.6));
#4715 = ADVANCED_FACE('',(#4716,#4722,#4728,#4734,#4740,#4746,#4752,
    #4758),#4764,.T.);
#4716 = FACE_BOUND('',#4717,.F.);
#4717 = EDGE_LOOP('',(#4718,#4719,#4720,#4721));
#4718 = ORIENTED_EDGE('',*,*,#987,.T.);
#4719 = ORIENTED_EDGE('',*,*,#905,.T.);
#4720 = ORIENTED_EDGE('',*,*,#939,.T.);
#4721 = ORIENTED_EDGE('',*,*,#967,.T.);
#4722 = FACE_BOUND('',#4723,.F.);
#4723 = EDGE_LOOP('',(#4724,#4725,#4726,#4727));
#4724 = ORIENTED_EDGE('',*,*,#749,.F.);
#4725 = ORIENTED_EDGE('',*,*,#677,.F.);
#4726 = ORIENTED_EDGE('',*,*,#705,.F.);
#4727 = ORIENTED_EDGE('',*,*,#727,.F.);
#4728 = FACE_BOUND('',#4729,.F.);
#4729 = EDGE_LOOP('',(#4730,#4731,#4732,#4733));
#4730 = ORIENTED_EDGE('',*,*,#501,.F.);
#4731 = ORIENTED_EDGE('',*,*,#429,.F.);
#4732 = ORIENTED_EDGE('',*,*,#457,.F.);
#4733 = ORIENTED_EDGE('',*,*,#479,.F.);
#4734 = FACE_BOUND('',#4735,.F.);
#4735 = EDGE_LOOP('',(#4736,#4737,#4738,#4739));
#4736 = ORIENTED_EDGE('',*,*,#253,.F.);
#4737 = ORIENTED_EDGE('',*,*,#181,.F.);
#4738 = ORIENTED_EDGE('',*,*,#209,.F.);
#4739 = ORIENTED_EDGE('',*,*,#231,.F.);
#4740 = FACE_BOUND('',#4741,.F.);
#4741 = EDGE_LOOP('',(#4742,#4743,#4744,#4745));
#4742 = ORIENTED_EDGE('',*,*,#129,.F.);
#4743 = ORIENTED_EDGE('',*,*,#57,.F.);
#4744 = ORIENTED_EDGE('',*,*,#85,.F.);
#4745 = ORIENTED_EDGE('',*,*,#107,.F.);
#4746 = FACE_BOUND('',#4747,.F.);
#4747 = EDGE_LOOP('',(#4748,#4749,#4750,#4751));
#4748 = ORIENTED_EDGE('',*,*,#377,.F.);
#4749 = ORIENTED_EDGE('',*,*,#305,.F.);
#4750 = ORIENTED_EDGE('',*,*,#333,.F.);
#4751 = ORIENTED_EDGE('',*,*,#355,.F.);
#4752 = FACE_BOUND('',#4753,.F.);
#4753 = EDGE_LOOP('',(#4754,#4755,#4756,#4757));
#4754 = ORIENTED_EDGE('',*,*,#625,.F.);
#4755 = ORIENTED_EDGE('',*,*,#553,.F.);
#4756 = ORIENTED_EDGE('',*,*,#581,.F.);
#4757 = ORIENTED_EDGE('',*,*,#603,.F.);
#4758 = FACE_BOUND('',#4759,.F.);
#4759 = EDGE_LOOP('',(#4760,#4761,#4762,#4763));
#4760 = ORIENTED_EDGE('',*,*,#873,.F.);
#4761 = ORIENTED_EDGE('',*,*,#801,.F.);
#4762 = ORIENTED_EDGE('',*,*,#829,.F.);
#4763 = ORIENTED_EDGE('',*,*,#851,.F.);
#4764 = B_SPLINE_SURFACE_WITH_KNOTS('',1,1,(
    (#4765,#4766)
    ,(#4767,#4768
    )),.UNSPECIFIED.,.F.,.F.,.F.,(2,2),(2,2),(-10.41131386861,
    6.888686131387),(-5.180802919708,-0.420802919708),
  .PIECEWISE_BEZIER_KNOTS.);
#4765 = CARTESIAN_POINT('',(4.880000343911,8.649999805975,9.));
#4766 = CARTESIAN_POINT('',(0.120000343911,8.649999995225,9.));
#4767 = CARTESIAN_POINT('',(4.879999656089,-8.650000194025,9.));
#4768 = CARTESIAN_POINT('',(0.119999656089,-8.650000004775,9.));
#4769 = ADVANCED_FACE('',(#4770),#4780,.T.);
#4770 = FACE_BOUND('',#4771,.T.);
#4771 = EDGE_LOOP('',(#4772,#4777,#4778,#4779));
#4772 = ORIENTED_EDGE('',*,*,#4773,.T.);
#4773 = EDGE_CURVE('',#3556,#3354,#4774,.T.);
#4774 = B_SPLINE_CURVE_WITH_KNOTS('',1,(#4775,#4776),.UNSPECIFIED.,.F.,
  .F.,(2,2),(-8.3,-3.3),.PIECEWISE_BEZIER_KNOTS.);
#4775 = CARTESIAN_POINT('',(-1.449999446593,13.919200057646,6.6));
#4776 = CARTESIAN_POINT('',(-1.449999446593,13.919200057646,11.6));
#4777 = ORIENTED_EDGE('',*,*,#3353,.F.);
#4778 = ORIENTED_EDGE('',*,*,#4773,.F.);
#4779 = ORIENTED_EDGE('',*,*,#3555,.T.);
#4780 = ( BOUNDED_SURFACE() B_SPLINE_SURFACE(2,1,(
    (#4781,#4782)
    ,(#4783,#4784)
    ,(#4785,#4786)
    ,(#4787,#4788)
    ,(#4789,#4790)
    ,(#4791,#4792)
    ,(#4793,#4794)
    ,(#4795,#4796)
    ,(#4797,#4798
)),.UNSPECIFIED.,.T.,.F.,.F.) B_SPLINE_SURFACE_WITH_KNOTS((3,2,2,2,3),(2
    ,2),(-3.14159265359,-2.094395102393,0.,2.094395102393,3.14159265359)
,(-8.3,-3.3),.UNSPECIFIED.) GEOMETRIC_REPRESENTATION_ITEM() 
RATIONAL_B_SPLINE_SURFACE((
    (0.75,0.75)
    ,(0.75,0.75)
    ,(1.,1.)
    ,(0.5,0.5)
    ,(1.,1.)
    ,(0.5,0.5)
    ,(1.,1.)
    ,(0.75,0.75)
,(0.75,0.75))) REPRESENTATION_ITEM('') SURFACE() );
#4781 = CARTESIAN_POINT('',(-1.449999446593,13.919200057646,6.6));
#4782 = CARTESIAN_POINT('',(-1.449999446593,13.919200057646,11.6));
#4783 = CARTESIAN_POINT('',(-0.746093998397,13.91920002966,6.6));
#4784 = CARTESIAN_POINT('',(-0.746093998397,13.91920002966,11.6));
#4785 = CARTESIAN_POINT('',(-0.394141298536,13.309600015667,6.6));
#4786 = CARTESIAN_POINT('',(-0.394141298536,13.309600015667,11.6));
#4787 = CARTESIAN_POINT('',(0.661716801048,11.480799973688,6.6));
#4788 = CARTESIAN_POINT('',(0.661716801048,11.480799973688,11.6));
#4789 = CARTESIAN_POINT('',(-1.44999954354,11.480800057646,6.6));
#4790 = CARTESIAN_POINT('',(-1.44999954354,11.480800057646,11.6));
#4791 = CARTESIAN_POINT('',(-3.561715888128,11.480800141605,6.6));
#4792 = CARTESIAN_POINT('',(-3.561715888128,11.480800141605,11.6));
#4793 = CARTESIAN_POINT('',(-2.505857643124,13.309600099626,6.6));
#4794 = CARTESIAN_POINT('',(-2.505857643124,13.309600099626,11.6));
#4795 = CARTESIAN_POINT('',(-2.153904894789,13.919200085633,6.6));
#4796 = CARTESIAN_POINT('',(-2.153904894789,13.919200085633,11.6));
#4797 = CARTESIAN_POINT('',(-1.449999446593,13.919200057646,6.6));
#4798 = CARTESIAN_POINT('',(-1.449999446593,13.919200057646,11.6));
#4799 = ADVANCED_FACE('',(#4800),#4810,.T.);
#4800 = FACE_BOUND('',#4801,.T.);
#4801 = EDGE_LOOP('',(#4802,#4807,#4808,#4809));
#4802 = ORIENTED_EDGE('',*,*,#4803,.T.);
#4803 = EDGE_CURVE('',#3340,#4084,#4804,.T.);
#4804 = B_SPLINE_CURVE_WITH_KNOTS('',1,(#4805,#4806),.UNSPECIFIED.,.F.,
  .F.,(2,2),(-3.3,0.),.PIECEWISE_BEZIER_KNOTS.);
#4805 = CARTESIAN_POINT('',(-1.449999415549,14.699999994646,11.6));
#4806 = CARTESIAN_POINT('',(-1.449999415549,14.699999994646,14.9));
#4807 = ORIENTED_EDGE('',*,*,#4083,.F.);
#4808 = ORIENTED_EDGE('',*,*,#4803,.F.);
#4809 = ORIENTED_EDGE('',*,*,#3339,.T.);
#4810 = ( BOUNDED_SURFACE() B_SPLINE_SURFACE(2,1,(
    (#4811,#4812)
    ,(#4813,#4814)
    ,(#4815,#4816)
    ,(#4817,#4818)
    ,(#4819,#4820)
    ,(#4821,#4822)
    ,(#4823,#4824)
    ,(#4825,#4826)
    ,(#4827,#4828
)),.UNSPECIFIED.,.T.,.F.,.F.) B_SPLINE_SURFACE_WITH_KNOTS((3,2,2,2,3),(2
    ,2),(3.14159265359,4.188790204786,6.28318530718,8.377580409573,
    9.424777960769),(-3.3,0.),.UNSPECIFIED.) 
GEOMETRIC_REPRESENTATION_ITEM() RATIONAL_B_SPLINE_SURFACE((
    (0.75,0.75)
    ,(0.75,0.75)
    ,(1.,1.)
    ,(0.5,0.5)
    ,(1.,1.)
    ,(0.5,0.5)
    ,(1.,1.)
    ,(0.75,0.75)
,(0.75,0.75))) REPRESENTATION_ITEM('') SURFACE() );
#4811 = CARTESIAN_POINT('',(-1.449999415549,14.699999994646,11.6));
#4812 = CARTESIAN_POINT('',(-1.449999415549,14.699999994646,14.9));
#4813 = CARTESIAN_POINT('',(-0.295298913543,14.699999948737,11.6));
#4814 = CARTESIAN_POINT('',(-0.295298913543,14.699999948737,14.9));
#4815 = CARTESIAN_POINT('',(0.282051297701,13.699999957283,11.6));
#4816 = CARTESIAN_POINT('',(0.282051297701,13.699999957283,14.9));
#4817 = CARTESIAN_POINT('',(2.014101931435,10.699999982919,11.6));
#4818 = CARTESIAN_POINT('',(2.014101931435,10.699999982919,14.9));
#4819 = CARTESIAN_POINT('',(-1.449999574584,10.700000120646,11.6));
#4820 = CARTESIAN_POINT('',(-1.449999574584,10.700000120646,14.9));
#4821 = CARTESIAN_POINT('',(-4.914101080602,10.700000258374,11.6));
#4822 = CARTESIAN_POINT('',(-4.914101080602,10.700000258374,14.9));
#4823 = CARTESIAN_POINT('',(-3.182050208317,13.70000009501,11.6));
#4824 = CARTESIAN_POINT('',(-3.182050208317,13.70000009501,14.9));
#4825 = CARTESIAN_POINT('',(-2.604699917556,14.700000040556,11.6));
#4826 = CARTESIAN_POINT('',(-2.604699917556,14.700000040556,14.9));
#4827 = CARTESIAN_POINT('',(-1.449999415549,14.699999994646,11.6));
#4828 = CARTESIAN_POINT('',(-1.449999415549,14.699999994646,14.9));
#4829 = ADVANCED_FACE('',(#4830),#4840,.T.);
#4830 = FACE_BOUND('',#4831,.T.);
#4831 = EDGE_LOOP('',(#4832,#4837,#4838,#4839));
#4832 = ORIENTED_EDGE('',*,*,#4833,.T.);
#4833 = EDGE_CURVE('',#3570,#3320,#4834,.T.);
#4834 = B_SPLINE_CURVE_WITH_KNOTS('',1,(#4835,#4836),.UNSPECIFIED.,.F.,
  .F.,(2,2),(-8.3,-3.3),.PIECEWISE_BEZIER_KNOTS.);
#4835 = CARTESIAN_POINT('',(-1.45000045646,-11.48079994234,6.6));
#4836 = CARTESIAN_POINT('',(-1.45000045646,-11.48079994234,11.6));
#4837 = ORIENTED_EDGE('',*,*,#3319,.F.);
#4838 = ORIENTED_EDGE('',*,*,#4833,.F.);
#4839 = ORIENTED_EDGE('',*,*,#3569,.T.);
#4840 = ( BOUNDED_SURFACE() B_SPLINE_SURFACE(2,1,(
    (#4841,#4842)
    ,(#4843,#4844)
    ,(#4845,#4846)
    ,(#4847,#4848)
    ,(#4849,#4850)
    ,(#4851,#4852)
    ,(#4853,#4854)
    ,(#4855,#4856)
    ,(#4857,#4858
)),.UNSPECIFIED.,.T.,.F.,.F.) B_SPLINE_SURFACE_WITH_KNOTS((3,2,2,2,3),(2
    ,2),(-3.14159265359,-2.094395102393,0.,2.094395102393,3.14159265359)
,(-8.3,-3.3),.UNSPECIFIED.) GEOMETRIC_REPRESENTATION_ITEM() 
RATIONAL_B_SPLINE_SURFACE((
    (0.75,0.75)
    ,(0.75,0.75)
    ,(1.,1.)
    ,(0.5,0.5)
    ,(1.,1.)
    ,(0.5,0.5)
    ,(1.,1.)
    ,(0.75,0.75)
,(0.75,0.75))) REPRESENTATION_ITEM('') SURFACE() );
#4841 = CARTESIAN_POINT('',(-1.45000045646,-11.48079994234,6.6));
#4842 = CARTESIAN_POINT('',(-1.45000045646,-11.48079994234,11.6));
#4843 = CARTESIAN_POINT('',(-0.746095008264,-11.48079997033,6.6));
#4844 = CARTESIAN_POINT('',(-0.746095008264,-11.48079997033,11.6));
#4845 = CARTESIAN_POINT('',(-0.394142308403,-12.09039998432,6.6));
#4846 = CARTESIAN_POINT('',(-0.394142308403,-12.09039998432,11.6));
#4847 = CARTESIAN_POINT('',(0.661715791181,-13.9192000263,6.6));
#4848 = CARTESIAN_POINT('',(0.661715791181,-13.9192000263,11.6));
#4849 = CARTESIAN_POINT('',(-1.450000553407,-13.91919994234,6.6));
#4850 = CARTESIAN_POINT('',(-1.450000553407,-13.91919994234,11.6));
#4851 = CARTESIAN_POINT('',(-3.561716897995,-13.91919985838,6.6));
#4852 = CARTESIAN_POINT('',(-3.561716897995,-13.91919985838,11.6));
#4853 = CARTESIAN_POINT('',(-2.505858652991,-12.09039990036,6.6));
#4854 = CARTESIAN_POINT('',(-2.505858652991,-12.09039990036,11.6));
#4855 = CARTESIAN_POINT('',(-2.153905904656,-11.48079991436,6.6));
#4856 = CARTESIAN_POINT('',(-2.153905904656,-11.48079991436,11.6));
#4857 = CARTESIAN_POINT('',(-1.45000045646,-11.48079994234,6.6));
#4858 = CARTESIAN_POINT('',(-1.45000045646,-11.48079994234,11.6));
#4859 = ADVANCED_FACE('',(#4860),#4870,.T.);
#4860 = FACE_BOUND('',#4861,.T.);
#4861 = EDGE_LOOP('',(#4862,#4867,#4868,#4869));
#4862 = ORIENTED_EDGE('',*,*,#4863,.T.);
#4863 = EDGE_CURVE('',#3306,#4054,#4864,.T.);
#4864 = B_SPLINE_CURVE_WITH_KNOTS('',1,(#4865,#4866),.UNSPECIFIED.,.F.,
  .F.,(2,2),(-3.3,0.),.PIECEWISE_BEZIER_KNOTS.);
#4865 = CARTESIAN_POINT('',(-1.450000425416,-10.70000000534,11.6));
#4866 = CARTESIAN_POINT('',(-1.450000425416,-10.70000000534,14.9));
#4867 = ORIENTED_EDGE('',*,*,#4053,.F.);
#4868 = ORIENTED_EDGE('',*,*,#4863,.F.);
#4869 = ORIENTED_EDGE('',*,*,#3305,.T.);
#4870 = ( BOUNDED_SURFACE() B_SPLINE_SURFACE(2,1,(
    (#4871,#4872)
    ,(#4873,#4874)
    ,(#4875,#4876)
    ,(#4877,#4878)
    ,(#4879,#4880)
    ,(#4881,#4882)
    ,(#4883,#4884)
    ,(#4885,#4886)
    ,(#4887,#4888
)),.UNSPECIFIED.,.T.,.F.,.F.) B_SPLINE_SURFACE_WITH_KNOTS((3,2,2,2,3),(2
    ,2),(3.14159265359,4.188790204786,6.28318530718,8.377580409573,
    9.424777960769),(-3.3,0.),.UNSPECIFIED.) 
GEOMETRIC_REPRESENTATION_ITEM() RATIONAL_B_SPLINE_SURFACE((
    (0.75,0.75)
    ,(0.75,0.75)
    ,(1.,1.)
    ,(0.5,0.5)
    ,(1.,1.)
    ,(0.5,0.5)
    ,(1.,1.)
    ,(0.75,0.75)
,(0.75,0.75))) REPRESENTATION_ITEM('') SURFACE() );
#4871 = CARTESIAN_POINT('',(-1.450000425416,-10.70000000534,11.6));
#4872 = CARTESIAN_POINT('',(-1.450000425416,-10.70000000534,14.9));
#4873 = CARTESIAN_POINT('',(-0.29529992341,-10.70000005125,11.6));
#4874 = CARTESIAN_POINT('',(-0.29529992341,-10.70000005125,14.9));
#4875 = CARTESIAN_POINT('',(0.282050287834,-11.70000004271,11.6));
#4876 = CARTESIAN_POINT('',(0.282050287834,-11.70000004271,14.9));
#4877 = CARTESIAN_POINT('',(2.014100921568,-14.70000001707,11.6));
#4878 = CARTESIAN_POINT('',(2.014100921568,-14.70000001707,14.9));
#4879 = CARTESIAN_POINT('',(-1.450000584451,-14.69999987934,11.6));
#4880 = CARTESIAN_POINT('',(-1.450000584451,-14.69999987934,14.9));
#4881 = CARTESIAN_POINT('',(-4.914102090469,-14.69999974161,11.6));
#4882 = CARTESIAN_POINT('',(-4.914102090469,-14.69999974161,14.9));
#4883 = CARTESIAN_POINT('',(-3.182051218184,-11.69999990498,11.6));
#4884 = CARTESIAN_POINT('',(-3.182051218184,-11.69999990498,14.9));
#4885 = CARTESIAN_POINT('',(-2.604700927423,-10.69999995943,11.6));
#4886 = CARTESIAN_POINT('',(-2.604700927423,-10.69999995943,14.9));
#4887 = CARTESIAN_POINT('',(-1.450000425416,-10.70000000534,11.6));
#4888 = CARTESIAN_POINT('',(-1.450000425416,-10.70000000534,14.9));
#4889 = ADVANCED_FACE('',(#4890),#4900,.T.);
#4890 = FACE_BOUND('',#4891,.T.);
#4891 = EDGE_LOOP('',(#4892,#4897,#4898,#4899));
#4892 = ORIENTED_EDGE('',*,*,#4893,.T.);
#4893 = EDGE_CURVE('',#2829,#3886,#4894,.T.);
#4894 = B_SPLINE_CURVE_WITH_KNOTS('',1,(#4895,#4896),.UNSPECIFIED.,.F.,
  .F.,(2,2),(-1.36,0.),.PIECEWISE_BEZIER_KNOTS.);
#4895 = CARTESIAN_POINT('',(4.919999389706,-15.3500001956,11.6));
#4896 = CARTESIAN_POINT('',(6.279999389706,-15.35000024968,11.6));
#4897 = ORIENTED_EDGE('',*,*,#3885,.F.);
#4898 = ORIENTED_EDGE('',*,*,#4893,.F.);
#4899 = ORIENTED_EDGE('',*,*,#2828,.T.);
#4900 = ( BOUNDED_SURFACE() B_SPLINE_SURFACE(2,1,(
    (#4901,#4902)
    ,(#4903,#4904)
    ,(#4905,#4906)
    ,(#4907,#4908)
    ,(#4909,#4910)
    ,(#4911,#4912)
    ,(#4913,#4914)
    ,(#4915,#4916)
    ,(#4917,#4918
)),.UNSPECIFIED.,.T.,.F.,.F.) B_SPLINE_SURFACE_WITH_KNOTS((3,2,2,2,3),(2
    ,2),(-3.14159265359,-2.094395102393,0.,2.094395102393,3.14159265359)
  ,(-1.36,2.797762022055E-14),.UNSPECIFIED.) 
GEOMETRIC_REPRESENTATION_ITEM() RATIONAL_B_SPLINE_SURFACE((
    (0.75,0.75)
    ,(0.75,0.75)
    ,(1.,1.)
    ,(0.5,0.5)
    ,(1.,1.)
    ,(0.5,0.5)
    ,(1.,1.)
    ,(0.75,0.75)
,(0.75,0.75))) REPRESENTATION_ITEM('') SURFACE() );
#4901 = CARTESIAN_POINT('',(4.919999389706,-15.3500001956,11.6));
#4902 = CARTESIAN_POINT('',(6.279999389706,-15.35000024968,11.6));
#4903 = CARTESIAN_POINT('',(4.919999389706,-15.3500001956,
    11.195854811567));
#4904 = CARTESIAN_POINT('',(6.279999389706,-15.35000024968,
    11.195854811567));
#4905 = CARTESIAN_POINT('',(4.919999375791,-15.7000001956,
    10.993782217351));
#4906 = CARTESIAN_POINT('',(6.279999375791,-15.70000024968,
    10.993782217351));
#4907 = CARTESIAN_POINT('',(4.919999334044,-16.7500001956,
    10.387564434702));
#4908 = CARTESIAN_POINT('',(6.279999334044,-16.75000024968,
    10.387564434702));
#4909 = CARTESIAN_POINT('',(4.919999334044,-16.7500001956,11.6));
#4910 = CARTESIAN_POINT('',(6.279999334044,-16.75000024968,11.6));
#4911 = CARTESIAN_POINT('',(4.919999334044,-16.7500001956,
    12.812435565298));
#4912 = CARTESIAN_POINT('',(6.279999334044,-16.75000024968,
    12.812435565298));
#4913 = CARTESIAN_POINT('',(4.919999375791,-15.7000001956,
    12.206217782649));
#4914 = CARTESIAN_POINT('',(6.279999375791,-15.70000024968,
    12.206217782649));
#4915 = CARTESIAN_POINT('',(4.919999389706,-15.3500001956,
    12.004145188433));
#4916 = CARTESIAN_POINT('',(6.279999389706,-15.35000024968,
    12.004145188433));
#4917 = CARTESIAN_POINT('',(4.919999389706,-15.3500001956,11.6));
#4918 = CARTESIAN_POINT('',(6.279999389706,-15.35000024968,11.6));
#4919 = ADVANCED_FACE('',(#4920),#4930,.T.);
#4920 = FACE_BOUND('',#4921,.T.);
#4921 = EDGE_LOOP('',(#4922,#4927,#4928,#4929));
#4922 = ORIENTED_EDGE('',*,*,#4923,.T.);
#4923 = EDGE_CURVE('',#3666,#2878,#4924,.T.);
#4924 = B_SPLINE_CURVE_WITH_KNOTS('',1,(#4925,#4926),.UNSPECIFIED.,.F.,
  .F.,(2,2),(-12.56,-4.61),.PIECEWISE_BEZIER_KNOTS.);
#4925 = CARTESIAN_POINT('',(-6.280000610294,-15.34999975031,11.6));
#4926 = CARTESIAN_POINT('',(1.669999389706,-15.35000006639,11.6));
#4927 = ORIENTED_EDGE('',*,*,#2877,.T.);
#4928 = ORIENTED_EDGE('',*,*,#4923,.F.);
#4929 = ORIENTED_EDGE('',*,*,#3665,.T.);
#4930 = ( BOUNDED_SURFACE() B_SPLINE_SURFACE(2,1,(
    (#4931,#4932)
    ,(#4933,#4934)
    ,(#4935,#4936)
    ,(#4937,#4938)
    ,(#4939,#4940)
    ,(#4941,#4942)
    ,(#4943,#4944)
    ,(#4945,#4946)
    ,(#4947,#4948
)),.UNSPECIFIED.,.T.,.F.,.F.) B_SPLINE_SURFACE_WITH_KNOTS((3,2,2,2,3),(2
    ,2),(-3.14159265359,-2.094395102393,0.,2.094395102393,3.14159265359)
,(-12.56,-4.61),.UNSPECIFIED.) GEOMETRIC_REPRESENTATION_ITEM() 
RATIONAL_B_SPLINE_SURFACE((
    (0.75,0.75)
    ,(0.75,0.75)
    ,(1.,1.)
    ,(0.5,0.5)
    ,(1.,1.)
    ,(0.5,0.5)
    ,(1.,1.)
    ,(0.75,0.75)
,(0.75,0.75))) REPRESENTATION_ITEM('') SURFACE() );
#4931 = CARTESIAN_POINT('',(-6.280000610294,-15.34999975031,11.6));
#4932 = CARTESIAN_POINT('',(1.669999389706,-15.35000006639,11.6));
#4933 = CARTESIAN_POINT('',(-6.280000610294,-15.34999975031,
    11.195854811567));
#4934 = CARTESIAN_POINT('',(1.669999389706,-15.35000006639,
    11.195854811567));
#4935 = CARTESIAN_POINT('',(-6.280000624209,-15.69999975031,
    10.993782217351));
#4936 = CARTESIAN_POINT('',(1.669999375791,-15.70000006639,
    10.993782217351));
#4937 = CARTESIAN_POINT('',(-6.280000665956,-16.74999975031,
    10.387564434702));
#4938 = CARTESIAN_POINT('',(1.669999334044,-16.75000006639,
    10.387564434702));
#4939 = CARTESIAN_POINT('',(-6.280000665956,-16.74999975031,11.6));
#4940 = CARTESIAN_POINT('',(1.669999334044,-16.75000006639,11.6));
#4941 = CARTESIAN_POINT('',(-6.280000665956,-16.74999975031,
    12.812435565298));
#4942 = CARTESIAN_POINT('',(1.669999334044,-16.75000006639,
    12.812435565298));
#4943 = CARTESIAN_POINT('',(-6.280000624209,-15.69999975031,
    12.206217782649));
#4944 = CARTESIAN_POINT('',(1.669999375791,-15.70000006639,
    12.206217782649));
#4945 = CARTESIAN_POINT('',(-6.280000610294,-15.34999975031,
    12.004145188433));
#4946 = CARTESIAN_POINT('',(1.669999389706,-15.35000006639,
    12.004145188433));
#4947 = CARTESIAN_POINT('',(-6.280000610294,-15.34999975031,11.6));
#4948 = CARTESIAN_POINT('',(1.669999389706,-15.35000006639,11.6));
#4949 = ADVANCED_FACE('',(#4950),#4960,.T.);
#4950 = FACE_BOUND('',#4951,.T.);
#4951 = EDGE_LOOP('',(#4952,#4957,#4958,#4959));
#4952 = ORIENTED_EDGE('',*,*,#4953,.T.);
#4953 = EDGE_CURVE('',#2780,#3900,#4954,.T.);
#4954 = B_SPLINE_CURVE_WITH_KNOTS('',1,(#4955,#4956),.UNSPECIFIED.,.F.,
  .F.,(2,2),(-1.36,0.),.PIECEWISE_BEZIER_KNOTS.);
#4955 = CARTESIAN_POINT('',(4.920000665956,16.749999804384,11.6));
#4956 = CARTESIAN_POINT('',(6.280000665956,16.749999750313,11.6));
#4957 = ORIENTED_EDGE('',*,*,#3899,.F.);
#4958 = ORIENTED_EDGE('',*,*,#4953,.F.);
#4959 = ORIENTED_EDGE('',*,*,#2779,.T.);
#4960 = ( BOUNDED_SURFACE() B_SPLINE_SURFACE(2,1,(
    (#4961,#4962)
    ,(#4963,#4964)
    ,(#4965,#4966)
    ,(#4967,#4968)
    ,(#4969,#4970)
    ,(#4971,#4972)
    ,(#4973,#4974)
    ,(#4975,#4976)
    ,(#4977,#4978
)),.UNSPECIFIED.,.T.,.F.,.F.) B_SPLINE_SURFACE_WITH_KNOTS((3,2,2,2,3),(2
    ,2),(-3.14159265359,-2.094395102393,0.,2.094395102393,3.14159265359)
  ,(-1.36,2.797762022055E-14),.UNSPECIFIED.) 
GEOMETRIC_REPRESENTATION_ITEM() RATIONAL_B_SPLINE_SURFACE((
    (0.75,0.75)
    ,(0.75,0.75)
    ,(1.,1.)
    ,(0.5,0.5)
    ,(1.,1.)
    ,(0.5,0.5)
    ,(1.,1.)
    ,(0.75,0.75)
,(0.75,0.75))) REPRESENTATION_ITEM('') SURFACE() );
#4961 = CARTESIAN_POINT('',(4.920000665956,16.749999804384,11.6));
#4962 = CARTESIAN_POINT('',(6.280000665956,16.749999750313,11.6));
#4963 = CARTESIAN_POINT('',(4.920000665956,16.749999804384,
    11.195854811567));
#4964 = CARTESIAN_POINT('',(6.280000665956,16.749999750313,
    11.195854811567));
#4965 = CARTESIAN_POINT('',(4.92000065204,16.399999804384,
    10.993782217351));
#4966 = CARTESIAN_POINT('',(6.28000065204,16.399999750313,
    10.993782217351));
#4967 = CARTESIAN_POINT('',(4.920000610294,15.349999804384,
    10.387564434702));
#4968 = CARTESIAN_POINT('',(6.280000610294,15.349999750313,
    10.387564434702));
#4969 = CARTESIAN_POINT('',(4.920000610294,15.349999804384,11.6));
#4970 = CARTESIAN_POINT('',(6.280000610294,15.349999750313,11.6));
#4971 = CARTESIAN_POINT('',(4.920000610294,15.349999804384,
    12.812435565298));
#4972 = CARTESIAN_POINT('',(6.280000610294,15.349999750313,
    12.812435565298));
#4973 = CARTESIAN_POINT('',(4.92000065204,16.399999804384,
    12.206217782649));
#4974 = CARTESIAN_POINT('',(6.28000065204,16.399999750313,
    12.206217782649));
#4975 = CARTESIAN_POINT('',(4.920000665956,16.749999804384,
    12.004145188433));
#4976 = CARTESIAN_POINT('',(6.280000665956,16.749999750313,
    12.004145188433));
#4977 = CARTESIAN_POINT('',(4.920000665956,16.749999804384,11.6));
#4978 = CARTESIAN_POINT('',(6.280000665956,16.749999750313,11.6));
#4979 = ADVANCED_FACE('',(#4980),#4990,.T.);
#4980 = FACE_BOUND('',#4981,.T.);
#4981 = EDGE_LOOP('',(#4982,#4987,#4988,#4989));
#4982 = ORIENTED_EDGE('',*,*,#4983,.T.);
#4983 = EDGE_CURVE('',#3680,#2731,#4984,.T.);
#4984 = B_SPLINE_CURVE_WITH_KNOTS('',1,(#4985,#4986),.UNSPECIFIED.,.F.,
  .F.,(2,2),(-12.56,-4.61),.PIECEWISE_BEZIER_KNOTS.);
#4985 = CARTESIAN_POINT('',(-6.279999334044,16.75000024968,11.6));
#4986 = CARTESIAN_POINT('',(1.670000665956,16.7499999336,11.6));
#4987 = ORIENTED_EDGE('',*,*,#2730,.T.);
#4988 = ORIENTED_EDGE('',*,*,#4983,.F.);
#4989 = ORIENTED_EDGE('',*,*,#3679,.T.);
#4990 = ( BOUNDED_SURFACE() B_SPLINE_SURFACE(2,1,(
    (#4991,#4992)
    ,(#4993,#4994)
    ,(#4995,#4996)
    ,(#4997,#4998)
    ,(#4999,#5000)
    ,(#5001,#5002)
    ,(#5003,#5004)
    ,(#5005,#5006)
    ,(#5007,#5008
)),.UNSPECIFIED.,.T.,.F.,.F.) B_SPLINE_SURFACE_WITH_KNOTS((3,2,2,2,3),(2
    ,2),(-3.14159265359,-2.094395102393,0.,2.094395102393,3.14159265359)
,(-12.56,-4.61),.UNSPECIFIED.) GEOMETRIC_REPRESENTATION_ITEM() 
RATIONAL_B_SPLINE_SURFACE((
    (0.75,0.75)
    ,(0.75,0.75)
    ,(1.,1.)
    ,(0.5,0.5)
    ,(1.,1.)
    ,(0.5,0.5)
    ,(1.,1.)
    ,(0.75,0.75)
,(0.75,0.75))) REPRESENTATION_ITEM('') SURFACE() );
#4991 = CARTESIAN_POINT('',(-6.279999334044,16.75000024968,11.6));
#4992 = CARTESIAN_POINT('',(1.670000665956,16.7499999336,11.6));
#4993 = CARTESIAN_POINT('',(-6.279999334044,16.75000024968,
    11.195854811567));
#4994 = CARTESIAN_POINT('',(1.670000665956,16.7499999336,11.195854811567
    ));
#4995 = CARTESIAN_POINT('',(-6.27999934796,16.40000024968,
    10.993782217351));
#4996 = CARTESIAN_POINT('',(1.67000065204,16.3999999336,10.993782217351)
  );
#4997 = CARTESIAN_POINT('',(-6.279999389706,15.35000024968,
    10.387564434702));
#4998 = CARTESIAN_POINT('',(1.670000610294,15.3499999336,10.387564434702
    ));
#4999 = CARTESIAN_POINT('',(-6.279999389706,15.35000024968,11.6));
#5000 = CARTESIAN_POINT('',(1.670000610294,15.3499999336,11.6));
#5001 = CARTESIAN_POINT('',(-6.279999389706,15.35000024968,
    12.812435565298));
#5002 = CARTESIAN_POINT('',(1.670000610294,15.3499999336,12.812435565298
    ));
#5003 = CARTESIAN_POINT('',(-6.27999934796,16.40000024968,
    12.206217782649));
#5004 = CARTESIAN_POINT('',(1.67000065204,16.3999999336,12.206217782649)
  );
#5005 = CARTESIAN_POINT('',(-6.279999334044,16.75000024968,
    12.004145188433));
#5006 = CARTESIAN_POINT('',(1.670000665956,16.7499999336,12.004145188433
    ));
#5007 = CARTESIAN_POINT('',(-6.279999334044,16.75000024968,11.6));
#5008 = CARTESIAN_POINT('',(1.670000665956,16.7499999336,11.6));
#5009 = MANIFOLD_SOLID_BREP('',#5010);
#5010 = CLOSED_SHELL('',(#5011,#5047,#5079,#5107,#5135,#5163,#5195,#5223
    ,#5263,#5287,#5318,#5349));
#5011 = ADVANCED_FACE('',(#5012),#5042,.T.);
#5012 = FACE_BOUND('',#5013,.F.);
#5013 = EDGE_LOOP('',(#5014,#5023,#5030,#5037));
#5014 = ORIENTED_EDGE('',*,*,#5015,.T.);
#5015 = EDGE_CURVE('',#5016,#5018,#5020,.T.);
#5016 = VERTEX_POINT('',#5017);
#5017 = CARTESIAN_POINT('',(1.849999717939,-7.094337320898,
    19.534788761126));
#5018 = VERTEX_POINT('',#5019);
#5019 = CARTESIAN_POINT('',(1.850000021867,0.549999926443,
    26.513407284531));
#5020 = B_SPLINE_CURVE_WITH_KNOTS('',1,(#5021,#5022),.UNSPECIFIED.,.F.,
  .F.,(2,2),(-10.35070086739,0.),.PIECEWISE_BEZIER_KNOTS.);
#5021 = CARTESIAN_POINT('',(1.849999717939,-7.094337320897,
    19.534788761125));
#5022 = CARTESIAN_POINT('',(1.850000021867,0.549999926443,
    26.513407284531));
#5023 = ORIENTED_EDGE('',*,*,#5024,.F.);
#5024 = EDGE_CURVE('',#5025,#5018,#5027,.T.);
#5025 = VERTEX_POINT('',#5026);
#5026 = CARTESIAN_POINT('',(4.920000021867,0.549999804384,
    26.513407284531));
#5027 = B_SPLINE_CURVE_WITH_KNOTS('',1,(#5028,#5029),.UNSPECIFIED.,.F.,
  .F.,(2,2),(-0.,3.07),.PIECEWISE_BEZIER_KNOTS.);
#5028 = CARTESIAN_POINT('',(4.920000021867,0.549999804384,
    26.513407284531));
#5029 = CARTESIAN_POINT('',(1.850000021867,0.549999926443,
    26.513407284531));
#5030 = ORIENTED_EDGE('',*,*,#5031,.F.);
#5031 = EDGE_CURVE('',#5032,#5025,#5034,.T.);
#5032 = VERTEX_POINT('',#5033);
#5033 = CARTESIAN_POINT('',(4.919999717939,-7.094337442957,
    19.534788761126));
#5034 = B_SPLINE_CURVE_WITH_KNOTS('',1,(#5035,#5036),.UNSPECIFIED.,.F.,
  .F.,(2,2),(-10.35070086739,0.),.PIECEWISE_BEZIER_KNOTS.);
#5035 = CARTESIAN_POINT('',(4.919999717939,-7.094337442955,
    19.534788761125));
#5036 = CARTESIAN_POINT('',(4.920000021867,0.549999804384,
    26.513407284531));
#5037 = ORIENTED_EDGE('',*,*,#5038,.T.);
#5038 = EDGE_CURVE('',#5032,#5016,#5039,.T.);
#5039 = B_SPLINE_CURVE_WITH_KNOTS('',1,(#5040,#5041),.UNSPECIFIED.,.F.,
  .F.,(2,2),(-0.,3.07),.PIECEWISE_BEZIER_KNOTS.);
#5040 = CARTESIAN_POINT('',(4.919999717939,-7.094337442957,
    19.534788761126));
#5041 = CARTESIAN_POINT('',(1.849999717939,-7.094337320898,
    19.534788761126));
#5042 = B_SPLINE_SURFACE_WITH_KNOTS('',1,1,(
    (#5043,#5044)
    ,(#5045,#5046
    )),.UNSPECIFIED.,.F.,.F.,.F.,(2,2),(2,2),(0.,10.350700867395),(-3.07
    ,8.734197697776E-15),.PIECEWISE_BEZIER_KNOTS.);
#5043 = CARTESIAN_POINT('',(1.850000021867,0.549999926443,
    26.513407284531));
#5044 = CARTESIAN_POINT('',(4.920000021867,0.549999804384,
    26.513407284531));
#5045 = CARTESIAN_POINT('',(1.849999717939,-7.094337320897,
    19.534788761125));
#5046 = CARTESIAN_POINT('',(4.919999717939,-7.094337442955,
    19.534788761125));
#5047 = ADVANCED_FACE('',(#5048),#5072,.T.);
#5048 = FACE_BOUND('',#5049,.T.);
#5049 = EDGE_LOOP('',(#5050,#5059,#5065,#5066));
#5050 = ORIENTED_EDGE('',*,*,#5051,.F.);
#5051 = EDGE_CURVE('',#5052,#5054,#5056,.T.);
#5052 = VERTEX_POINT('',#5053);
#5053 = CARTESIAN_POINT('',(4.919999668016,-8.350000195616,
    20.088688734563));
#5054 = VERTEX_POINT('',#5055);
#5055 = CARTESIAN_POINT('',(1.849999668016,-8.350000073557,
    20.088688734563));
#5056 = B_SPLINE_CURVE_WITH_KNOTS('',1,(#5057,#5058),.UNSPECIFIED.,.F.,
  .F.,(2,2),(-0.,3.07),.PIECEWISE_BEZIER_KNOTS.);
#5057 = CARTESIAN_POINT('',(4.919999668016,-8.350000195616,
    20.088688734563));
#5058 = CARTESIAN_POINT('',(1.849999668016,-8.350000073557,
    20.088688734563));
#5059 = ORIENTED_EDGE('',*,*,#5060,.T.);
#5060 = EDGE_CURVE('',#5052,#5032,#5061,.T.);
#5061 = ( BOUNDED_CURVE() B_SPLINE_CURVE(2,(#5062,#5063,#5064),
.UNSPECIFIED.,.F.,.F.) B_SPLINE_CURVE_WITH_KNOTS((3,3),(1.570796326795,
3.881496637349),.PIECEWISE_BEZIER_KNOTS.) CURVE() 
GEOMETRIC_REPRESENTATION_ITEM() RATIONAL_B_SPLINE_CURVE((1.,
0.403598189078,1.)) REPRESENTATION_ITEM('') );
#5062 = CARTESIAN_POINT('',(4.919999668016,-8.350000195616,
    20.088688734563));
#5063 = CARTESIAN_POINT('',(4.919999668016,-8.350000195615,
    18.388477307127));
#5064 = CARTESIAN_POINT('',(4.919999717939,-7.094337442957,
    19.534788761126));
#5065 = ORIENTED_EDGE('',*,*,#5038,.T.);
#5066 = ORIENTED_EDGE('',*,*,#5067,.F.);
#5067 = EDGE_CURVE('',#5054,#5016,#5068,.T.);
#5068 = ( BOUNDED_CURVE() B_SPLINE_CURVE(2,(#5069,#5070,#5071),
.UNSPECIFIED.,.F.,.F.) B_SPLINE_CURVE_WITH_KNOTS((3,3),(1.570796326795,
3.881496637349),.PIECEWISE_BEZIER_KNOTS.) CURVE() 
GEOMETRIC_REPRESENTATION_ITEM() RATIONAL_B_SPLINE_CURVE((1.,
0.403598189078,1.)) REPRESENTATION_ITEM('') );
#5069 = CARTESIAN_POINT('',(1.849999668016,-8.350000073557,
    20.088688734563));
#5070 = CARTESIAN_POINT('',(1.849999668016,-8.350000073557,
    18.388477307126));
#5071 = CARTESIAN_POINT('',(1.849999717939,-7.094337320898,
    19.534788761126));
#5072 = ( BOUNDED_SURFACE() B_SPLINE_SURFACE(2,1,(
    (#5073,#5074)
    ,(#5075,#5076)
    ,(#5077,#5078
)),.UNSPECIFIED.,.F.,.F.,.F.) B_SPLINE_SURFACE_WITH_KNOTS((3,3),(2,2),(
    5.127835151903,7.438535462457),(-7.993605777301E-14,3.07),
.PIECEWISE_BEZIER_KNOTS.) GEOMETRIC_REPRESENTATION_ITEM() 
RATIONAL_B_SPLINE_SURFACE((
    (1.,1.)
    ,(0.403598189078,0.403598189078)
,(1.,1.))) REPRESENTATION_ITEM('') SURFACE() );
#5073 = CARTESIAN_POINT('',(4.919999668016,-8.350000195616,
    20.088688734563));
#5074 = CARTESIAN_POINT('',(1.849999668016,-8.350000073557,
    20.088688734563));
#5075 = CARTESIAN_POINT('',(4.919999668016,-8.350000195615,
    18.388477307126));
#5076 = CARTESIAN_POINT('',(1.849999668016,-8.350000073557,
    18.388477307126));
#5077 = CARTESIAN_POINT('',(4.919999717939,-7.094337442957,
    19.534788761126));
#5078 = CARTESIAN_POINT('',(1.849999717939,-7.094337320898,
    19.534788761126));
#5079 = ADVANCED_FACE('',(#5080),#5102,.T.);
#5080 = FACE_BOUND('',#5081,.F.);
#5081 = EDGE_LOOP('',(#5082,#5089,#5090,#5097));
#5082 = ORIENTED_EDGE('',*,*,#5083,.T.);
#5083 = EDGE_CURVE('',#5084,#5054,#5086,.T.);
#5084 = VERTEX_POINT('',#5085);
#5085 = CARTESIAN_POINT('',(1.849999544765,-11.45000007355,
    20.088688734563));
#5086 = B_SPLINE_CURVE_WITH_KNOTS('',1,(#5087,#5088),.UNSPECIFIED.,.F.,
  .F.,(2,2),(0.,3.1),.PIECEWISE_BEZIER_KNOTS.);
#5087 = CARTESIAN_POINT('',(1.849999544765,-11.45000007355,
    20.088688734563));
#5088 = CARTESIAN_POINT('',(1.849999668016,-8.350000073557,
    20.088688734563));
#5089 = ORIENTED_EDGE('',*,*,#5051,.F.);
#5090 = ORIENTED_EDGE('',*,*,#5091,.F.);
#5091 = EDGE_CURVE('',#5092,#5052,#5094,.T.);
#5092 = VERTEX_POINT('',#5093);
#5093 = CARTESIAN_POINT('',(4.919999544765,-11.45000019561,
    20.088688734563));
#5094 = B_SPLINE_CURVE_WITH_KNOTS('',1,(#5095,#5096),.UNSPECIFIED.,.F.,
  .F.,(2,2),(0.,3.1),.PIECEWISE_BEZIER_KNOTS.);
#5095 = CARTESIAN_POINT('',(4.919999544765,-11.45000019561,
    20.088688734563));
#5096 = CARTESIAN_POINT('',(4.919999668016,-8.350000195616,
    20.088688734563));
#5097 = ORIENTED_EDGE('',*,*,#5098,.T.);
#5098 = EDGE_CURVE('',#5092,#5084,#5099,.T.);
#5099 = B_SPLINE_CURVE_WITH_KNOTS('',1,(#5100,#5101),.UNSPECIFIED.,.F.,
  .F.,(2,2),(-0.,3.07),.PIECEWISE_BEZIER_KNOTS.);
#5100 = CARTESIAN_POINT('',(4.919999544765,-11.45000019561,
    20.088688734563));
#5101 = CARTESIAN_POINT('',(1.849999544765,-11.45000007355,
    20.088688734563));
#5102 = B_SPLINE_SURFACE_WITH_KNOTS('',1,1,(
    (#5103,#5104)
    ,(#5105,#5106
    )),.UNSPECIFIED.,.F.,.F.,.F.,(2,2),(2,2),(-3.1,0.),(-3.07,0.),
  .PIECEWISE_BEZIER_KNOTS.);
#5103 = CARTESIAN_POINT('',(1.849999668016,-8.350000073557,
    20.088688734563));
#5104 = CARTESIAN_POINT('',(4.919999668016,-8.350000195616,
    20.088688734563));
#5105 = CARTESIAN_POINT('',(1.849999544765,-11.45000007355,
    20.088688734563));
#5106 = CARTESIAN_POINT('',(4.919999544765,-11.45000019561,
    20.088688734563));
#5107 = ADVANCED_FACE('',(#5108),#5130,.T.);
#5108 = FACE_BOUND('',#5109,.F.);
#5109 = EDGE_LOOP('',(#5110,#5117,#5118,#5125));
#5110 = ORIENTED_EDGE('',*,*,#5111,.T.);
#5111 = EDGE_CURVE('',#5112,#5084,#5114,.T.);
#5112 = VERTEX_POINT('',#5113);
#5113 = CARTESIAN_POINT('',(1.849999544765,-11.45000007355,
    13.568688734563));
#5114 = B_SPLINE_CURVE_WITH_KNOTS('',1,(#5115,#5116),.UNSPECIFIED.,.F.,
  .F.,(2,2),(-6.52,0.),.PIECEWISE_BEZIER_KNOTS.);
#5115 = CARTESIAN_POINT('',(1.849999544765,-11.45000007355,
    13.568688734563));
#5116 = CARTESIAN_POINT('',(1.849999544765,-11.45000007355,
    20.088688734563));
#5117 = ORIENTED_EDGE('',*,*,#5098,.F.);
#5118 = ORIENTED_EDGE('',*,*,#5119,.F.);
#5119 = EDGE_CURVE('',#5120,#5092,#5122,.T.);
#5120 = VERTEX_POINT('',#5121);
#5121 = CARTESIAN_POINT('',(4.919999544765,-11.45000019561,
    13.568688734563));
#5122 = B_SPLINE_CURVE_WITH_KNOTS('',1,(#5123,#5124),.UNSPECIFIED.,.F.,
  .F.,(2,2),(-6.52,0.),.PIECEWISE_BEZIER_KNOTS.);
#5123 = CARTESIAN_POINT('',(4.919999544765,-11.45000019561,
    13.568688734563));
#5124 = CARTESIAN_POINT('',(4.919999544765,-11.45000019561,
    20.088688734563));
#5125 = ORIENTED_EDGE('',*,*,#5126,.T.);
#5126 = EDGE_CURVE('',#5120,#5112,#5127,.T.);
#5127 = B_SPLINE_CURVE_WITH_KNOTS('',1,(#5128,#5129),.UNSPECIFIED.,.F.,
  .F.,(2,2),(-0.,3.07),.PIECEWISE_BEZIER_KNOTS.);
#5128 = CARTESIAN_POINT('',(4.919999544765,-11.45000019561,
    13.568688734563));
#5129 = CARTESIAN_POINT('',(1.849999544765,-11.45000007355,
    13.568688734563));
#5130 = B_SPLINE_SURFACE_WITH_KNOTS('',1,1,(
    (#5131,#5132)
    ,(#5133,#5134
    )),.UNSPECIFIED.,.F.,.F.,.F.,(2,2),(2,2),(0.,6.52),(-3.07,
    1.245767517442E-14),.PIECEWISE_BEZIER_KNOTS.);
#5131 = CARTESIAN_POINT('',(1.849999544765,-11.45000007355,
    20.088688734563));
#5132 = CARTESIAN_POINT('',(4.919999544765,-11.45000019561,
    20.088688734563));
#5133 = CARTESIAN_POINT('',(1.849999544765,-11.45000007355,
    13.568688734563));
#5134 = CARTESIAN_POINT('',(4.919999544765,-11.45000019561,
    13.568688734563));
#5135 = ADVANCED_FACE('',(#5136),#5158,.T.);
#5136 = FACE_BOUND('',#5137,.F.);
#5137 = EDGE_LOOP('',(#5138,#5145,#5146,#5153));
#5138 = ORIENTED_EDGE('',*,*,#5139,.T.);
#5139 = EDGE_CURVE('',#5140,#5112,#5142,.T.);
#5140 = VERTEX_POINT('',#5141);
#5141 = CARTESIAN_POINT('',(1.850000332528,8.363693005731,
    13.568688734563));
#5142 = B_SPLINE_CURVE_WITH_KNOTS('',1,(#5143,#5144),.UNSPECIFIED.,.F.,
  .F.,(2,2),(0.,19.813693079288),.PIECEWISE_BEZIER_KNOTS.);
#5143 = CARTESIAN_POINT('',(1.850000332528,8.363693005731,
    13.568688734563));
#5144 = CARTESIAN_POINT('',(1.849999544765,-11.45000007355,
    13.568688734563));
#5145 = ORIENTED_EDGE('',*,*,#5126,.F.);
#5146 = ORIENTED_EDGE('',*,*,#5147,.F.);
#5147 = EDGE_CURVE('',#5148,#5120,#5150,.T.);
#5148 = VERTEX_POINT('',#5149);
#5149 = CARTESIAN_POINT('',(4.920000332528,8.363692883672,
    13.568688734563));
#5150 = B_SPLINE_CURVE_WITH_KNOTS('',1,(#5151,#5152),.UNSPECIFIED.,.F.,
  .F.,(2,2),(0.,19.813693079288),.PIECEWISE_BEZIER_KNOTS.);
#5151 = CARTESIAN_POINT('',(4.920000332528,8.363692883672,
    13.568688734563));
#5152 = CARTESIAN_POINT('',(4.919999544765,-11.45000019561,
    13.568688734563));
#5153 = ORIENTED_EDGE('',*,*,#5154,.T.);
#5154 = EDGE_CURVE('',#5148,#5140,#5155,.T.);
#5155 = B_SPLINE_CURVE_WITH_KNOTS('',1,(#5156,#5157),.UNSPECIFIED.,.F.,
  .F.,(2,2),(-0.,3.07),.PIECEWISE_BEZIER_KNOTS.);
#5156 = CARTESIAN_POINT('',(4.920000332528,8.363692883672,
    13.568688734563));
#5157 = CARTESIAN_POINT('',(1.850000332528,8.363693005731,
    13.568688734563));
#5158 = B_SPLINE_SURFACE_WITH_KNOTS('',1,1,(
    (#5159,#5160)
    ,(#5161,#5162
    )),.UNSPECIFIED.,.F.,.F.,.F.,(2,2),(2,2),(-19.81369307928,
    1.625244468603E-22),(-3.07,3.239829724249E-14),
  .PIECEWISE_BEZIER_KNOTS.);
#5159 = CARTESIAN_POINT('',(1.849999544765,-11.45000007355,
    13.568688734563));
#5160 = CARTESIAN_POINT('',(4.919999544765,-11.45000019561,
    13.568688734563));
#5161 = CARTESIAN_POINT('',(1.850000332528,8.363693005731,
    13.568688734563));
#5162 = CARTESIAN_POINT('',(4.920000332528,8.363692883672,
    13.568688734563));
#5163 = ADVANCED_FACE('',(#5164),#5188,.T.);
#5164 = FACE_BOUND('',#5165,.T.);
#5165 = EDGE_LOOP('',(#5166,#5175,#5181,#5182));
#5166 = ORIENTED_EDGE('',*,*,#5167,.F.);
#5167 = EDGE_CURVE('',#5168,#5170,#5172,.T.);
#5168 = VERTEX_POINT('',#5169);
#5169 = CARTESIAN_POINT('',(4.920000427404,10.749999804384,
    12.59419885966));
#5170 = VERTEX_POINT('',#5171);
#5171 = CARTESIAN_POINT('',(1.850000427404,10.749999926443,
    12.59419885966));
#5172 = B_SPLINE_CURVE_WITH_KNOTS('',1,(#5173,#5174),.UNSPECIFIED.,.F.,
  .F.,(2,2),(-0.,3.07),.PIECEWISE_BEZIER_KNOTS.);
#5173 = CARTESIAN_POINT('',(4.920000427404,10.749999804384,
    12.59419885966));
#5174 = CARTESIAN_POINT('',(1.850000427404,10.749999926443,
    12.59419885966));
#5175 = ORIENTED_EDGE('',*,*,#5176,.T.);
#5176 = EDGE_CURVE('',#5168,#5148,#5177,.T.);
#5177 = ( BOUNDED_CURVE() B_SPLINE_CURVE(2,(#5178,#5179,#5180),
.UNSPECIFIED.,.F.,.F.) B_SPLINE_CURVE_WITH_KNOTS((3,3),(5.507787810569,
6.28318530718),.PIECEWISE_BEZIER_KNOTS.) CURVE() 
GEOMETRIC_REPRESENTATION_ITEM() RATIONAL_B_SPLINE_CURVE((1.,
0.925781519273,1.)) REPRESENTATION_ITEM('') );
#5178 = CARTESIAN_POINT('',(4.920000427404,10.749999804385,
    12.59419885966));
#5179 = CARTESIAN_POINT('',(4.920000387877,9.755821276391,
    13.568688734563));
#5180 = CARTESIAN_POINT('',(4.920000332528,8.363692883673,
    13.568688734563));
#5181 = ORIENTED_EDGE('',*,*,#5154,.T.);
#5182 = ORIENTED_EDGE('',*,*,#5183,.F.);
#5183 = EDGE_CURVE('',#5170,#5140,#5184,.T.);
#5184 = ( BOUNDED_CURVE() B_SPLINE_CURVE(2,(#5185,#5186,#5187),
.UNSPECIFIED.,.F.,.F.) B_SPLINE_CURVE_WITH_KNOTS((3,3),(5.507787810569,
6.28318530718),.PIECEWISE_BEZIER_KNOTS.) CURVE() 
GEOMETRIC_REPRESENTATION_ITEM() RATIONAL_B_SPLINE_CURVE((1.,
0.925781519273,1.)) REPRESENTATION_ITEM('') );
#5185 = CARTESIAN_POINT('',(1.850000427404,10.749999926443,
    12.59419885966));
#5186 = CARTESIAN_POINT('',(1.850000387877,9.755821398449,
    13.568688734563));
#5187 = CARTESIAN_POINT('',(1.850000332528,8.363693005731,
    13.568688734563));
#5188 = ( BOUNDED_SURFACE() B_SPLINE_SURFACE(2,1,(
    (#5189,#5190)
    ,(#5191,#5192)
    ,(#5193,#5194
)),.UNSPECIFIED.,.F.,.F.,.F.) B_SPLINE_SURFACE_WITH_KNOTS((3,3),(2,2),(
    5.507787810569,6.28318530718),(-7.105427357601E-15,3.07),
.PIECEWISE_BEZIER_KNOTS.) GEOMETRIC_REPRESENTATION_ITEM() 
RATIONAL_B_SPLINE_SURFACE((
    (1.,1.)
    ,(0.925781519273,0.925781519273)
,(1.,1.))) REPRESENTATION_ITEM('') SURFACE() );
#5189 = CARTESIAN_POINT('',(4.920000427404,10.749999804385,
    12.59419885966));
#5190 = CARTESIAN_POINT('',(1.850000427404,10.749999926444,
    12.59419885966));
#5191 = CARTESIAN_POINT('',(4.920000387877,9.755821276391,
    13.568688734563));
#5192 = CARTESIAN_POINT('',(1.850000387877,9.755821398449,
    13.568688734563));
#5193 = CARTESIAN_POINT('',(4.920000332528,8.363692883673,
    13.568688734563));
#5194 = CARTESIAN_POINT('',(1.850000332528,8.363693005731,
    13.568688734563));
#5195 = ADVANCED_FACE('',(#5196),#5218,.T.);
#5196 = FACE_BOUND('',#5197,.F.);
#5197 = EDGE_LOOP('',(#5198,#5205,#5206,#5213));
#5198 = ORIENTED_EDGE('',*,*,#5199,.T.);
#5199 = EDGE_CURVE('',#5200,#5170,#5202,.T.);
#5200 = VERTEX_POINT('',#5201);
#5201 = CARTESIAN_POINT('',(1.850000554632,13.949999926443,
    9.457571471437));
#5202 = B_SPLINE_CURVE_WITH_KNOTS('',1,(#5203,#5204),.UNSPECIFIED.,.F.,
  .F.,(2,2),(-4.48089626889,0.),.PIECEWISE_BEZIER_KNOTS.);
#5203 = CARTESIAN_POINT('',(1.850000554632,13.949999926443,
    9.457571471436));
#5204 = CARTESIAN_POINT('',(1.850000427404,10.749999926443,
    12.59419885966));
#5205 = ORIENTED_EDGE('',*,*,#5167,.F.);
#5206 = ORIENTED_EDGE('',*,*,#5207,.F.);
#5207 = EDGE_CURVE('',#5208,#5168,#5210,.T.);
#5208 = VERTEX_POINT('',#5209);
#5209 = CARTESIAN_POINT('',(4.920000554632,13.949999804384,
    9.457571471437));
#5210 = B_SPLINE_CURVE_WITH_KNOTS('',1,(#5211,#5212),.UNSPECIFIED.,.F.,
  .F.,(2,2),(-4.48089626889,0.),.PIECEWISE_BEZIER_KNOTS.);
#5211 = CARTESIAN_POINT('',(4.920000554632,13.949999804384,
    9.457571471436));
#5212 = CARTESIAN_POINT('',(4.920000427404,10.749999804384,
    12.59419885966));
#5213 = ORIENTED_EDGE('',*,*,#5214,.T.);
#5214 = EDGE_CURVE('',#5208,#5200,#5215,.T.);
#5215 = B_SPLINE_CURVE_WITH_KNOTS('',1,(#5216,#5217),.UNSPECIFIED.,.F.,
  .F.,(2,2),(-0.,3.07),.PIECEWISE_BEZIER_KNOTS.);
#5216 = CARTESIAN_POINT('',(4.920000554632,13.949999804384,
    9.457571471437));
#5217 = CARTESIAN_POINT('',(1.850000554632,13.949999926443,
    9.457571471437));
#5218 = B_SPLINE_SURFACE_WITH_KNOTS('',1,1,(
    (#5219,#5220)
    ,(#5221,#5222
    )),.UNSPECIFIED.,.F.,.F.,.F.,(2,2),(2,2),(0.,4.48089626889),(-3.07,
    2.505601144246E-22),.PIECEWISE_BEZIER_KNOTS.);
#5219 = CARTESIAN_POINT('',(1.850000427404,10.749999926443,
    12.59419885966));
#5220 = CARTESIAN_POINT('',(4.920000427404,10.749999804384,
    12.59419885966));
#5221 = CARTESIAN_POINT('',(1.850000554632,13.949999926443,
    9.457571471436));
#5222 = CARTESIAN_POINT('',(4.920000554632,13.949999804384,
    9.457571471436));
#5223 = ADVANCED_FACE('',(#5224),#5252,.F.);
#5224 = FACE_BOUND('',#5225,.F.);
#5225 = EDGE_LOOP('',(#5226,#5236,#5237,#5247));
#5226 = ORIENTED_EDGE('',*,*,#5227,.T.);
#5227 = EDGE_CURVE('',#5228,#5200,#5230,.T.);
#5228 = VERTEX_POINT('',#5229);
#5229 = CARTESIAN_POINT('',(1.850000752756,18.933192718608,
    12.428974862834));
#5230 = ( BOUNDED_CURVE() B_SPLINE_CURVE(2,(#5231,#5232,#5233,#5234,
#5235),.UNSPECIFIED.,.F.,.F.) B_SPLINE_CURVE_WITH_KNOTS((3,2,3),(
    4.43242091834,5.745501861065,7.05858280379),
.PIECEWISE_BEZIER_KNOTS.) CURVE() GEOMETRIC_REPRESENTATION_ITEM() 
RATIONAL_B_SPLINE_CURVE((1.,0.792108595131,1.,0.792108595131,1.)) 
REPRESENTATION_ITEM('') );
#5231 = CARTESIAN_POINT('',(1.850000752756,18.933192718608,
    12.428974862834));
#5232 = CARTESIAN_POINT('',(1.850000778154,19.57198118205,
    10.207254547675));
#5233 = CARTESIAN_POINT('',(1.850000699211,17.586442982995,
    9.023307792154));
#5234 = CARTESIAN_POINT('',(1.850000620269,15.60090478394,7.839361036633
    ));
#5235 = CARTESIAN_POINT('',(1.850000554632,13.949999926443,
    9.457571471437));
#5236 = ORIENTED_EDGE('',*,*,#5214,.F.);
#5237 = ORIENTED_EDGE('',*,*,#5238,.F.);
#5238 = EDGE_CURVE('',#5239,#5208,#5241,.T.);
#5239 = VERTEX_POINT('',#5240);
#5240 = CARTESIAN_POINT('',(4.920000752756,18.933192596549,
    12.428974862834));
#5241 = ( BOUNDED_CURVE() B_SPLINE_CURVE(2,(#5242,#5243,#5244,#5245,
#5246),.UNSPECIFIED.,.F.,.F.) B_SPLINE_CURVE_WITH_KNOTS((3,2,3),(
    4.43242091834,5.745501861065,7.05858280379),
.PIECEWISE_BEZIER_KNOTS.) CURVE() GEOMETRIC_REPRESENTATION_ITEM() 
RATIONAL_B_SPLINE_CURVE((1.,0.792108595131,1.,0.792108595131,1.)) 
REPRESENTATION_ITEM('') );
#5242 = CARTESIAN_POINT('',(4.920000752756,18.933192596549,
    12.428974862834));
#5243 = CARTESIAN_POINT('',(4.920000778154,19.571981059991,
    10.207254547675));
#5244 = CARTESIAN_POINT('',(4.920000699211,17.586442860936,
    9.023307792154));
#5245 = CARTESIAN_POINT('',(4.920000620269,15.600904661881,
    7.839361036633));
#5246 = CARTESIAN_POINT('',(4.920000554632,13.949999804385,
    9.457571471437));
#5247 = ORIENTED_EDGE('',*,*,#5248,.T.);
#5248 = EDGE_CURVE('',#5239,#5228,#5249,.T.);
#5249 = B_SPLINE_CURVE_WITH_KNOTS('',1,(#5250,#5251),.UNSPECIFIED.,.F.,
  .F.,(2,2),(-0.,3.07),.PIECEWISE_BEZIER_KNOTS.);
#5250 = CARTESIAN_POINT('',(4.920000752756,18.933192596549,
    12.428974862834));
#5251 = CARTESIAN_POINT('',(1.850000752756,18.933192718608,
    12.428974862834));
#5252 = ( BOUNDED_SURFACE() B_SPLINE_SURFACE(2,1,(
    (#5253,#5254)
    ,(#5255,#5256)
    ,(#5257,#5258)
    ,(#5259,#5260)
    ,(#5261,#5262
)),.UNSPECIFIED.,.F.,.F.,.F.) B_SPLINE_SURFACE_WITH_KNOTS((3,2,3),(2,2),
  (4.970104364454,6.28318530718,7.596266249905),(0.,3.07),
.PIECEWISE_BEZIER_KNOTS.) GEOMETRIC_REPRESENTATION_ITEM() 
RATIONAL_B_SPLINE_SURFACE((
    (1.,1.)
    ,(0.792108595131,0.792108595131)
    ,(1.,1.)
    ,(0.792108595131,0.792108595131)
,(1.,1.))) REPRESENTATION_ITEM('') SURFACE() );
#5253 = CARTESIAN_POINT('',(4.920000554632,13.949999804385,
    9.457571471437));
#5254 = CARTESIAN_POINT('',(1.850000554632,13.949999926443,
    9.457571471437));
#5255 = CARTESIAN_POINT('',(4.920000620269,15.600904661881,
    7.839361036633));
#5256 = CARTESIAN_POINT('',(1.850000620269,15.60090478394,7.839361036633
    ));
#5257 = CARTESIAN_POINT('',(4.920000699211,17.586442860936,
    9.023307792154));
#5258 = CARTESIAN_POINT('',(1.850000699211,17.586442982995,
    9.023307792154));
#5259 = CARTESIAN_POINT('',(4.920000778154,19.571981059991,
    10.207254547675));
#5260 = CARTESIAN_POINT('',(1.850000778154,19.57198118205,
    10.207254547675));
#5261 = CARTESIAN_POINT('',(4.920000752756,18.933192596549,
    12.428974862834));
#5262 = CARTESIAN_POINT('',(1.850000752756,18.933192718608,
    12.428974862834));
#5263 = ADVANCED_FACE('',(#5264),#5280,.F.);
#5264 = FACE_BOUND('',#5265,.F.);
#5265 = EDGE_LOOP('',(#5266,#5272,#5273,#5279));
#5266 = ORIENTED_EDGE('',*,*,#5267,.T.);
#5267 = EDGE_CURVE('',#5018,#5228,#5268,.T.);
#5268 = ( BOUNDED_CURVE() B_SPLINE_CURVE(2,(#5269,#5270,#5271),
.UNSPECIFIED.,.F.,.F.) B_SPLINE_CURVE_WITH_KNOTS((3,3),(
1.669644962209E-02,1.29082826475),.PIECEWISE_BEZIER_KNOTS.) CURVE() 
GEOMETRIC_REPRESENTATION_ITEM() RATIONAL_B_SPLINE_CURVE((1.,
0.80384452942,1.)) REPRESENTATION_ITEM('') );
#5269 = CARTESIAN_POINT('',(1.850000021867,0.549999926443,
    26.513407284538));
#5270 = CARTESIAN_POINT('',(1.850000594501,14.952788128538,
    26.272909508519));
#5271 = CARTESIAN_POINT('',(1.850000752756,18.933192718608,
    12.428974862834));
#5272 = ORIENTED_EDGE('',*,*,#5248,.F.);
#5273 = ORIENTED_EDGE('',*,*,#5274,.F.);
#5274 = EDGE_CURVE('',#5025,#5239,#5275,.T.);
#5275 = ( BOUNDED_CURVE() B_SPLINE_CURVE(2,(#5276,#5277,#5278),
.UNSPECIFIED.,.F.,.F.) B_SPLINE_CURVE_WITH_KNOTS((3,3),(
1.66964496221E-02,1.29082826475),.PIECEWISE_BEZIER_KNOTS.) CURVE() 
GEOMETRIC_REPRESENTATION_ITEM() RATIONAL_B_SPLINE_CURVE((1.,
0.80384452942,1.)) REPRESENTATION_ITEM('') );
#5276 = CARTESIAN_POINT('',(4.920000021867,0.549999804385,
    26.513407284538));
#5277 = CARTESIAN_POINT('',(4.920000594501,14.952788006479,
    26.272909508519));
#5278 = CARTESIAN_POINT('',(4.920000752756,18.933192596549,
    12.428974862834));
#5279 = ORIENTED_EDGE('',*,*,#5024,.T.);
#5280 = ( BOUNDED_SURFACE() B_SPLINE_SURFACE(2,1,(
    (#5281,#5282)
    ,(#5283,#5284)
    ,(#5285,#5286
)),.UNSPECIFIED.,.F.,.F.,.F.) B_SPLINE_SURFACE_WITH_KNOTS((3,3),(2,2),(
    4.99235704243,6.266488857557),(-5.861977570021E-14,3.07),
.PIECEWISE_BEZIER_KNOTS.) GEOMETRIC_REPRESENTATION_ITEM() 
RATIONAL_B_SPLINE_SURFACE((
    (1.,1.)
    ,(0.80384452942,0.80384452942)
,(1.,1.))) REPRESENTATION_ITEM('') SURFACE() );
#5281 = CARTESIAN_POINT('',(4.920000752756,18.933192596549,
    12.428974862834));
#5282 = CARTESIAN_POINT('',(1.850000752756,18.933192718608,
    12.428974862834));
#5283 = CARTESIAN_POINT('',(4.920000594501,14.952788006479,
    26.272909508519));
#5284 = CARTESIAN_POINT('',(1.850000594501,14.952788128538,
    26.272909508519));
#5285 = CARTESIAN_POINT('',(4.920000021867,0.549999804385,
    26.513407284538));
#5286 = CARTESIAN_POINT('',(1.850000021867,0.549999926443,
    26.513407284538));
#5287 = ADVANCED_FACE('',(#5288,#5299),#5313,.F.);
#5288 = FACE_BOUND('',#5289,.F.);
#5289 = EDGE_LOOP('',(#5290,#5291,#5292,#5293,#5294,#5295,#5296,#5297,
    #5298));
#5290 = ORIENTED_EDGE('',*,*,#5267,.F.);
#5291 = ORIENTED_EDGE('',*,*,#5015,.F.);
#5292 = ORIENTED_EDGE('',*,*,#5067,.F.);
#5293 = ORIENTED_EDGE('',*,*,#5083,.F.);
#5294 = ORIENTED_EDGE('',*,*,#5111,.F.);
#5295 = ORIENTED_EDGE('',*,*,#5139,.F.);
#5296 = ORIENTED_EDGE('',*,*,#5183,.F.);
#5297 = ORIENTED_EDGE('',*,*,#5199,.F.);
#5298 = ORIENTED_EDGE('',*,*,#5227,.F.);
#5299 = FACE_BOUND('',#5300,.F.);
#5300 = EDGE_LOOP('',(#5301));
#5301 = ORIENTED_EDGE('',*,*,#5302,.T.);
#5302 = EDGE_CURVE('',#5303,#5303,#5305,.T.);
#5303 = VERTEX_POINT('',#5304);
#5304 = CARTESIAN_POINT('',(1.850000638125,16.049999926443,10.925));
#5305 = ( BOUNDED_CURVE() B_SPLINE_CURVE(2,(#5306,#5307,#5308,#5309,
#5310,#5311,#5312),.UNSPECIFIED.,.T.,.F.) B_SPLINE_CURVE_WITH_KNOTS((1,2
    ,2,2,2,1),(-2.094395102393,0.,2.094395102393,4.188790204786,
6.28318530718,8.377580409573),.UNSPECIFIED.) CURVE() 
GEOMETRIC_REPRESENTATION_ITEM() RATIONAL_B_SPLINE_CURVE((1.,0.5,1.,0.5,
1.,0.5,1.)) REPRESENTATION_ITEM('') );
#5306 = CARTESIAN_POINT('',(1.850000638125,16.049999926443,10.925));
#5307 = CARTESIAN_POINT('',(1.850000591642,14.880865631334,10.925));
#5308 = CARTESIAN_POINT('',(1.850000614883,15.465432778889,11.9375));
#5309 = CARTESIAN_POINT('',(1.850000638125,16.049999926443,12.95));
#5310 = CARTESIAN_POINT('',(1.850000661366,16.634567073998,11.9375));
#5311 = CARTESIAN_POINT('',(1.850000684608,17.219134221552,10.925));
#5312 = CARTESIAN_POINT('',(1.850000638125,16.049999926443,10.925));
#5313 = B_SPLINE_SURFACE_WITH_KNOTS('',1,1,(
    (#5314,#5315)
    ,(#5316,#5317
    )),.UNSPECIFIED.,.F.,.F.,.F.,(2,2),(2,2),(1.55,19.463407284538),(
    -18.825,11.675),.PIECEWISE_BEZIER_KNOTS.);
#5314 = CARTESIAN_POINT('',(1.8500007574,19.049999926443,8.6));
#5315 = CARTESIAN_POINT('',(1.849999544765,-11.45000007355,8.6));
#5316 = CARTESIAN_POINT('',(1.8500007574,19.049999926443,26.513407284538
    ));
#5317 = CARTESIAN_POINT('',(1.849999544765,-11.45000007355,
    26.513407284538));
#5318 = ADVANCED_FACE('',(#5319,#5330),#5344,.T.);
#5319 = FACE_BOUND('',#5320,.F.);
#5320 = EDGE_LOOP('',(#5321,#5322,#5323,#5324,#5325,#5326,#5327,#5328,
    #5329));
#5321 = ORIENTED_EDGE('',*,*,#5274,.T.);
#5322 = ORIENTED_EDGE('',*,*,#5238,.T.);
#5323 = ORIENTED_EDGE('',*,*,#5207,.T.);
#5324 = ORIENTED_EDGE('',*,*,#5176,.T.);
#5325 = ORIENTED_EDGE('',*,*,#5147,.T.);
#5326 = ORIENTED_EDGE('',*,*,#5119,.T.);
#5327 = ORIENTED_EDGE('',*,*,#5091,.T.);
#5328 = ORIENTED_EDGE('',*,*,#5060,.T.);
#5329 = ORIENTED_EDGE('',*,*,#5031,.T.);
#5330 = FACE_BOUND('',#5331,.F.);
#5331 = EDGE_LOOP('',(#5332));
#5332 = ORIENTED_EDGE('',*,*,#5333,.F.);
#5333 = EDGE_CURVE('',#5334,#5334,#5336,.T.);
#5334 = VERTEX_POINT('',#5335);
#5335 = CARTESIAN_POINT('',(4.920000638125,16.049999804384,10.925));
#5336 = ( BOUNDED_CURVE() B_SPLINE_CURVE(2,(#5337,#5338,#5339,#5340,
#5341,#5342,#5343),.UNSPECIFIED.,.T.,.F.) B_SPLINE_CURVE_WITH_KNOTS((1,2
    ,2,2,2,1),(-2.094395102393,0.,2.094395102393,4.188790204786,
6.28318530718,8.377580409573),.UNSPECIFIED.) CURVE() 
GEOMETRIC_REPRESENTATION_ITEM() RATIONAL_B_SPLINE_CURVE((1.,0.5,1.,0.5,
1.,0.5,1.)) REPRESENTATION_ITEM('') );
#5337 = CARTESIAN_POINT('',(4.920000638125,16.049999804384,10.925));
#5338 = CARTESIAN_POINT('',(4.920000591642,14.880865509275,10.925));
#5339 = CARTESIAN_POINT('',(4.920000614883,15.46543265683,11.9375));
#5340 = CARTESIAN_POINT('',(4.920000638125,16.049999804384,12.95));
#5341 = CARTESIAN_POINT('',(4.920000661366,16.634566951939,11.9375));
#5342 = CARTESIAN_POINT('',(4.920000684608,17.219134099493,10.925));
#5343 = CARTESIAN_POINT('',(4.920000638125,16.049999804384,10.925));
#5344 = B_SPLINE_SURFACE_WITH_KNOTS('',1,1,(
    (#5345,#5346)
    ,(#5347,#5348
    )),.UNSPECIFIED.,.F.,.F.,.F.,(2,2),(2,2),(1.55,19.463407284538),(
    -18.825,11.675),.PIECEWISE_BEZIER_KNOTS.);
#5345 = CARTESIAN_POINT('',(4.9200007574,19.049999804384,8.6));
#5346 = CARTESIAN_POINT('',(4.919999544765,-11.45000019561,8.6));
#5347 = CARTESIAN_POINT('',(4.9200007574,19.049999804384,26.513407284538
    ));
#5348 = CARTESIAN_POINT('',(4.919999544765,-11.45000019561,
    26.513407284538));
#5349 = ADVANCED_FACE('',(#5350),#5360,.T.);
#5350 = FACE_BOUND('',#5351,.T.);
#5351 = EDGE_LOOP('',(#5352,#5357,#5358,#5359));
#5352 = ORIENTED_EDGE('',*,*,#5353,.T.);
#5353 = EDGE_CURVE('',#5334,#5303,#5354,.T.);
#5354 = B_SPLINE_CURVE_WITH_KNOTS('',1,(#5355,#5356),.UNSPECIFIED.,.F.,
  .F.,(2,2),(-0.,3.07),.PIECEWISE_BEZIER_KNOTS.);
#5355 = CARTESIAN_POINT('',(4.920000638125,16.049999804384,10.925));
#5356 = CARTESIAN_POINT('',(1.850000638125,16.049999926443,10.925));
#5357 = ORIENTED_EDGE('',*,*,#5302,.T.);
#5358 = ORIENTED_EDGE('',*,*,#5353,.F.);
#5359 = ORIENTED_EDGE('',*,*,#5333,.F.);
#5360 = ( BOUNDED_SURFACE() B_SPLINE_SURFACE(2,1,(
    (#5361,#5362)
    ,(#5363,#5364)
    ,(#5365,#5366)
    ,(#5367,#5368)
    ,(#5369,#5370)
    ,(#5371,#5372)
    ,(#5373,#5374)
    ,(#5375,#5376)
    ,(#5377,#5378
)),.UNSPECIFIED.,.T.,.F.,.F.) B_SPLINE_SURFACE_WITH_KNOTS((3,2,2,2,3),(2
    ,2),(-3.14159265359,-2.094395102393,0.,2.094395102393,3.14159265359)
,(-1.7763568394E-15,3.07),.UNSPECIFIED.) GEOMETRIC_REPRESENTATION_ITEM()
 RATIONAL_B_SPLINE_SURFACE((
    (0.75,0.75)
    ,(0.75,0.75)
    ,(1.,1.)
    ,(0.5,0.5)
    ,(1.,1.)
    ,(0.5,0.5)
    ,(1.,1.)
    ,(0.75,0.75)
,(0.75,0.75))) REPRESENTATION_ITEM('') SURFACE() );
#5361 = CARTESIAN_POINT('',(4.920000638125,16.049999804384,10.925));
#5362 = CARTESIAN_POINT('',(1.850000638125,16.049999926443,10.925));
#5363 = CARTESIAN_POINT('',(4.920000653619,16.439711236087,10.925));
#5364 = CARTESIAN_POINT('',(1.850000653619,16.439711358146,10.925));
#5365 = CARTESIAN_POINT('',(4.920000661366,16.634566951939,11.2625));
#5366 = CARTESIAN_POINT('',(1.850000661366,16.634567073998,11.2625));
#5367 = CARTESIAN_POINT('',(4.920000684608,17.219134099493,12.275));
#5368 = CARTESIAN_POINT('',(1.850000684608,17.219134221552,12.275));
#5369 = CARTESIAN_POINT('',(4.920000638125,16.049999804384,12.275));
#5370 = CARTESIAN_POINT('',(1.850000638125,16.049999926443,12.275));
#5371 = CARTESIAN_POINT('',(4.920000591642,14.880865509275,12.275));
#5372 = CARTESIAN_POINT('',(1.850000591642,14.880865631334,12.275));
#5373 = CARTESIAN_POINT('',(4.920000614883,15.46543265683,11.2625));
#5374 = CARTESIAN_POINT('',(1.850000614883,15.465432778889,11.2625));
#5375 = CARTESIAN_POINT('',(4.92000062263,15.660288372681,10.925));
#5376 = CARTESIAN_POINT('',(1.85000062263,15.66028849474,10.925));
#5377 = CARTESIAN_POINT('',(4.920000638125,16.049999804384,10.925));
#5378 = CARTESIAN_POINT('',(1.850000638125,16.049999926443,10.925));
#5379 = MANIFOLD_SOLID_BREP('',#5380);
#5380 = CLOSED_SHELL('',(#5381,#5434,#5462,#5515,#5543,#5579,#5607,#5643
    ,#5669,#5699,#5729,#5745,#5761,#5779));
#5381 = ADVANCED_FACE('',(#5382,#5415),#5429,.T.);
#5382 = FACE_BOUND('',#5383,.F.);
#5383 = EDGE_LOOP('',(#5384,#5396,#5403,#5410));
#5384 = ORIENTED_EDGE('',*,*,#5385,.T.);
#5385 = EDGE_CURVE('',#5386,#5388,#5390,.T.);
#5386 = VERTEX_POINT('',#5387);
#5387 = CARTESIAN_POINT('',(4.919999481151,-13.05000019578,11.6));
#5388 = VERTEX_POINT('',#5389);
#5389 = CARTESIAN_POINT('',(4.9199992426,-19.05000019561,11.6));
#5390 = ( BOUNDED_CURVE() B_SPLINE_CURVE(2,(#5391,#5392,#5393,#5394,
#5395),.UNSPECIFIED.,.F.,.F.) B_SPLINE_CURVE_WITH_KNOTS((3,2,3),(0.,
1.570796326795,3.14159265359),.PIECEWISE_BEZIER_KNOTS.) CURVE() 
GEOMETRIC_REPRESENTATION_ITEM() RATIONAL_B_SPLINE_CURVE((1.,
0.707106781187,1.,0.707106781187,1.)) REPRESENTATION_ITEM('') );
#5391 = CARTESIAN_POINT('',(4.919999481151,-13.05000019561,11.6));
#5392 = CARTESIAN_POINT('',(4.919999481151,-13.05000019561,8.6));
#5393 = CARTESIAN_POINT('',(4.919999361875,-16.05000019561,8.6));
#5394 = CARTESIAN_POINT('',(4.9199992426,-19.05000019561,8.6));
#5395 = CARTESIAN_POINT('',(4.9199992426,-19.05000019561,11.6));
#5396 = ORIENTED_EDGE('',*,*,#5397,.T.);
#5397 = EDGE_CURVE('',#5388,#5398,#5400,.T.);
#5398 = VERTEX_POINT('',#5399);
#5399 = CARTESIAN_POINT('',(4.9199992426,-19.05000019561,18.1));
#5400 = B_SPLINE_CURVE_WITH_KNOTS('',1,(#5401,#5402),.UNSPECIFIED.,.F.,
  .F.,(2,2),(-6.5,0.),.PIECEWISE_BEZIER_KNOTS.);
#5401 = CARTESIAN_POINT('',(4.9199992426,-19.05000019561,11.6));
#5402 = CARTESIAN_POINT('',(4.9199992426,-19.05000019561,18.1));
#5403 = ORIENTED_EDGE('',*,*,#5404,.T.);
#5404 = EDGE_CURVE('',#5398,#5405,#5407,.T.);
#5405 = VERTEX_POINT('',#5406);
#5406 = CARTESIAN_POINT('',(4.919999481151,-13.05000019561,18.1));
#5407 = B_SPLINE_CURVE_WITH_KNOTS('',1,(#5408,#5409),.UNSPECIFIED.,.F.,
  .F.,(2,2),(-3.,3.),.PIECEWISE_BEZIER_KNOTS.);
#5408 = CARTESIAN_POINT('',(4.9199992426,-19.05000019561,18.1));
#5409 = CARTESIAN_POINT('',(4.919999481151,-13.05000019561,18.1));
#5410 = ORIENTED_EDGE('',*,*,#5411,.T.);
#5411 = EDGE_CURVE('',#5405,#5386,#5412,.T.);
#5412 = B_SPLINE_CURVE_WITH_KNOTS('',1,(#5413,#5414),.UNSPECIFIED.,.F.,
  .F.,(2,2),(-6.499944456142,5.55438579992E-05),
  .PIECEWISE_BEZIER_KNOTS.);
#5413 = CARTESIAN_POINT('',(4.919999481151,-13.05000019561,18.1));
#5414 = CARTESIAN_POINT('',(4.919999481151,-13.05000019613,11.6));
#5415 = FACE_BOUND('',#5416,.F.);
#5416 = EDGE_LOOP('',(#5417));
#5417 = ORIENTED_EDGE('',*,*,#5418,.T.);
#5418 = EDGE_CURVE('',#5419,#5419,#5421,.T.);
#5419 = VERTEX_POINT('',#5420);
#5420 = CARTESIAN_POINT('',(4.919999388712,-15.37500019561,11.6));
#5421 = ( BOUNDED_CURVE() B_SPLINE_CURVE(2,(#5422,#5423,#5424,#5425,
#5426,#5427,#5428),.UNSPECIFIED.,.T.,.F.) B_SPLINE_CURVE_WITH_KNOTS((1,2
    ,2,2,2,1),(-2.094395102393,0.,2.094395102393,4.188790204786,
6.28318530718,8.377580409573),.UNSPECIFIED.) CURVE() 
GEOMETRIC_REPRESENTATION_ITEM() RATIONAL_B_SPLINE_CURVE((1.,0.5,1.,0.5,
1.,0.5,1.)) REPRESENTATION_ITEM('') );
#5422 = CARTESIAN_POINT('',(4.919999388712,-15.37500019561,11.6));
#5423 = CARTESIAN_POINT('',(4.919999388712,-15.37500019561,
    12.769134295109));
#5424 = CARTESIAN_POINT('',(4.919999348457,-16.38750019561,
    12.184567147554));
#5425 = CARTESIAN_POINT('',(4.919999308201,-17.40000019561,11.6));
#5426 = CARTESIAN_POINT('',(4.919999348457,-16.38750019561,
    11.015432852446));
#5427 = CARTESIAN_POINT('',(4.919999388712,-15.37500019561,
    10.430865704891));
#5428 = CARTESIAN_POINT('',(4.919999388712,-15.37500019561,11.6));
#5429 = B_SPLINE_SURFACE_WITH_KNOTS('',1,1,(
    (#5430,#5431)
    ,(#5432,#5433
    )),.UNSPECIFIED.,.F.,.F.,.F.,(2,2),(2,2),(-3.,3.),(-3.,6.5),
  .PIECEWISE_BEZIER_KNOTS.);
#5430 = CARTESIAN_POINT('',(4.9199992426,-19.05000019561,8.6));
#5431 = CARTESIAN_POINT('',(4.9199992426,-19.05000019561,18.1));
#5432 = CARTESIAN_POINT('',(4.919999481151,-13.05000019561,8.6));
#5433 = CARTESIAN_POINT('',(4.919999481151,-13.05000019561,18.1));
#5434 = ADVANCED_FACE('',(#5435),#5457,.T.);
#5435 = FACE_BOUND('',#5436,.F.);
#5436 = EDGE_LOOP('',(#5437,#5446,#5451,#5452));
#5437 = ORIENTED_EDGE('',*,*,#5438,.T.);
#5438 = EDGE_CURVE('',#5439,#5441,#5443,.T.);
#5439 = VERTEX_POINT('',#5440);
#5440 = CARTESIAN_POINT('',(6.2199992426,-19.0500002473,18.1));
#5441 = VERTEX_POINT('',#5442);
#5442 = CARTESIAN_POINT('',(6.219999481151,-13.0500002473,18.1));
#5443 = B_SPLINE_CURVE_WITH_KNOTS('',1,(#5444,#5445),.UNSPECIFIED.,.F.,
  .F.,(2,2),(0.,6.),.PIECEWISE_BEZIER_KNOTS.);
#5444 = CARTESIAN_POINT('',(6.2199992426,-19.0500002473,18.1));
#5445 = CARTESIAN_POINT('',(6.219999481151,-13.0500002473,18.1));
#5446 = ORIENTED_EDGE('',*,*,#5447,.F.);
#5447 = EDGE_CURVE('',#5405,#5441,#5448,.T.);
#5448 = B_SPLINE_CURVE_WITH_KNOTS('',1,(#5449,#5450),.UNSPECIFIED.,.F.,
  .F.,(2,2),(4.52,5.82),.PIECEWISE_BEZIER_KNOTS.);
#5449 = CARTESIAN_POINT('',(4.919999481151,-13.05000019561,18.1));
#5450 = CARTESIAN_POINT('',(6.219999481151,-13.0500002473,18.1));
#5451 = ORIENTED_EDGE('',*,*,#5404,.F.);
#5452 = ORIENTED_EDGE('',*,*,#5453,.T.);
#5453 = EDGE_CURVE('',#5398,#5439,#5454,.T.);
#5454 = B_SPLINE_CURVE_WITH_KNOTS('',1,(#5455,#5456),.UNSPECIFIED.,.F.,
  .F.,(2,2),(3.22,4.52),.PIECEWISE_BEZIER_KNOTS.);
#5455 = CARTESIAN_POINT('',(4.9199992426,-19.05000019561,18.1));
#5456 = CARTESIAN_POINT('',(6.2199992426,-19.0500002473,18.1));
#5457 = B_SPLINE_SURFACE_WITH_KNOTS('',1,1,(
    (#5458,#5459)
    ,(#5460,#5461
    )),.UNSPECIFIED.,.F.,.F.,.F.,(2,2),(2,2),(-6.,2.392868077553E-22),(
    -4.52,-3.22),.PIECEWISE_BEZIER_KNOTS.);
#5458 = CARTESIAN_POINT('',(6.219999481151,-13.0500002473,18.1));
#5459 = CARTESIAN_POINT('',(4.919999481151,-13.05000019561,18.1));
#5460 = CARTESIAN_POINT('',(6.2199992426,-19.0500002473,18.1));
#5461 = CARTESIAN_POINT('',(4.9199992426,-19.05000019561,18.1));
#5462 = ADVANCED_FACE('',(#5463,#5496),#5510,.T.);
#5463 = FACE_BOUND('',#5464,.F.);
#5464 = EDGE_LOOP('',(#5465,#5477,#5484,#5491));
#5465 = ORIENTED_EDGE('',*,*,#5466,.T.);
#5466 = EDGE_CURVE('',#5467,#5469,#5471,.T.);
#5467 = VERTEX_POINT('',#5468);
#5468 = CARTESIAN_POINT('',(1.6999992426,-19.05000006742,11.6));
#5469 = VERTEX_POINT('',#5470);
#5470 = CARTESIAN_POINT('',(1.699999481151,-13.05000006759,11.6));
#5471 = ( BOUNDED_CURVE() B_SPLINE_CURVE(2,(#5472,#5473,#5474,#5475,
#5476),.UNSPECIFIED.,.F.,.F.) B_SPLINE_CURVE_WITH_KNOTS((3,2,3),(0.,
1.570796326795,3.14159265359),.PIECEWISE_BEZIER_KNOTS.) CURVE() 
GEOMETRIC_REPRESENTATION_ITEM() RATIONAL_B_SPLINE_CURVE((1.,
0.707106781187,1.,0.707106781187,1.)) REPRESENTATION_ITEM('') );
#5472 = CARTESIAN_POINT('',(1.6999992426,-19.05000006759,11.6));
#5473 = CARTESIAN_POINT('',(1.6999992426,-19.05000006759,8.6));
#5474 = CARTESIAN_POINT('',(1.699999361875,-16.05000006759,8.6));
#5475 = CARTESIAN_POINT('',(1.699999481151,-13.05000006759,8.6));
#5476 = CARTESIAN_POINT('',(1.699999481151,-13.05000006759,11.6));
#5477 = ORIENTED_EDGE('',*,*,#5478,.T.);
#5478 = EDGE_CURVE('',#5469,#5479,#5481,.T.);
#5479 = VERTEX_POINT('',#5480);
#5480 = CARTESIAN_POINT('',(1.699999481151,-13.05000006759,18.1));
#5481 = B_SPLINE_CURVE_WITH_KNOTS('',1,(#5482,#5483),.UNSPECIFIED.,.F.,
  .F.,(2,2),(-6.5,0.),.PIECEWISE_BEZIER_KNOTS.);
#5482 = CARTESIAN_POINT('',(1.699999481151,-13.05000006759,11.6));
#5483 = CARTESIAN_POINT('',(1.699999481151,-13.05000006759,18.1));
#5484 = ORIENTED_EDGE('',*,*,#5485,.T.);
#5485 = EDGE_CURVE('',#5479,#5486,#5488,.T.);
#5486 = VERTEX_POINT('',#5487);
#5487 = CARTESIAN_POINT('',(1.6999992426,-19.05000006759,18.1));
#5488 = B_SPLINE_CURVE_WITH_KNOTS('',1,(#5489,#5490),.UNSPECIFIED.,.F.,
  .F.,(2,2),(-6.,0.),.PIECEWISE_BEZIER_KNOTS.);
#5489 = CARTESIAN_POINT('',(1.699999481151,-13.05000006759,18.1));
#5490 = CARTESIAN_POINT('',(1.6999992426,-19.05000006759,18.1));
#5491 = ORIENTED_EDGE('',*,*,#5492,.T.);
#5492 = EDGE_CURVE('',#5486,#5467,#5493,.T.);
#5493 = B_SPLINE_CURVE_WITH_KNOTS('',1,(#5494,#5495),.UNSPECIFIED.,.F.,
  .F.,(2,2),(-6.499944455428,5.554457199965E-05),
  .PIECEWISE_BEZIER_KNOTS.);
#5494 = CARTESIAN_POINT('',(1.6999992426,-19.05000006759,18.1));
#5495 = CARTESIAN_POINT('',(1.6999992426,-19.05000006707,11.6));
#5496 = FACE_BOUND('',#5497,.F.);
#5497 = EDGE_LOOP('',(#5498));
#5498 = ORIENTED_EDGE('',*,*,#5499,.T.);
#5499 = EDGE_CURVE('',#5500,#5500,#5502,.T.);
#5500 = VERTEX_POINT('',#5501);
#5501 = CARTESIAN_POINT('',(1.699999388712,-15.37500006759,11.6));
#5502 = ( BOUNDED_CURVE() B_SPLINE_CURVE(2,(#5503,#5504,#5505,#5506,
#5507,#5508,#5509),.UNSPECIFIED.,.T.,.F.) B_SPLINE_CURVE_WITH_KNOTS((3,2
    ,2,3),(3.14159265359,5.235987755983,7.330382858376,9.424777960769),
.PIECEWISE_BEZIER_KNOTS.) CURVE() GEOMETRIC_REPRESENTATION_ITEM() 
RATIONAL_B_SPLINE_CURVE((1.,0.5,1.,0.5,1.,0.5,1.)) REPRESENTATION_ITEM(
  '') );
#5503 = CARTESIAN_POINT('',(1.699999388712,-15.37500006759,11.6));
#5504 = CARTESIAN_POINT('',(1.699999388712,-15.37500006759,
    10.430865704891));
#5505 = CARTESIAN_POINT('',(1.699999348457,-16.38750006759,
    11.015432852446));
#5506 = CARTESIAN_POINT('',(1.699999308201,-17.40000006759,11.6));
#5507 = CARTESIAN_POINT('',(1.699999348457,-16.38750006759,
    12.184567147554));
#5508 = CARTESIAN_POINT('',(1.699999388712,-15.37500006759,
    12.769134295109));
#5509 = CARTESIAN_POINT('',(1.699999388712,-15.37500006759,11.6));
#5510 = B_SPLINE_SURFACE_WITH_KNOTS('',1,1,(
    (#5511,#5512)
    ,(#5513,#5514
    )),.UNSPECIFIED.,.F.,.F.,.F.,(2,2),(2,2),(-3.,3.),(-3.,6.5),
  .PIECEWISE_BEZIER_KNOTS.);
#5511 = CARTESIAN_POINT('',(1.699999481151,-13.05000006759,8.6));
#5512 = CARTESIAN_POINT('',(1.699999481151,-13.05000006759,18.1));
#5513 = CARTESIAN_POINT('',(1.6999992426,-19.05000006759,8.6));
#5514 = CARTESIAN_POINT('',(1.6999992426,-19.05000006759,18.1));
#5515 = ADVANCED_FACE('',(#5516),#5538,.T.);
#5516 = FACE_BOUND('',#5517,.F.);
#5517 = EDGE_LOOP('',(#5518,#5527,#5532,#5533));
#5518 = ORIENTED_EDGE('',*,*,#5519,.T.);
#5519 = EDGE_CURVE('',#5520,#5522,#5524,.T.);
#5520 = VERTEX_POINT('',#5521);
#5521 = CARTESIAN_POINT('',(0.399999481151,-13.0500000159,18.1));
#5522 = VERTEX_POINT('',#5523);
#5523 = CARTESIAN_POINT('',(0.3999992426,-19.0500000159,18.1));
#5524 = B_SPLINE_CURVE_WITH_KNOTS('',1,(#5525,#5526),.UNSPECIFIED.,.F.,
  .F.,(2,2),(-6.,0.),.PIECEWISE_BEZIER_KNOTS.);
#5525 = CARTESIAN_POINT('',(0.399999481151,-13.0500000159,18.1));
#5526 = CARTESIAN_POINT('',(0.3999992426,-19.0500000159,18.1));
#5527 = ORIENTED_EDGE('',*,*,#5528,.F.);
#5528 = EDGE_CURVE('',#5486,#5522,#5529,.T.);
#5529 = B_SPLINE_CURVE_WITH_KNOTS('',1,(#5530,#5531),.UNSPECIFIED.,.F.,
  .F.,(2,2),(-0.,1.3),.PIECEWISE_BEZIER_KNOTS.);
#5530 = CARTESIAN_POINT('',(1.6999992426,-19.05000006759,18.1));
#5531 = CARTESIAN_POINT('',(0.3999992426,-19.0500000159,18.1));
#5532 = ORIENTED_EDGE('',*,*,#5485,.F.);
#5533 = ORIENTED_EDGE('',*,*,#5534,.T.);
#5534 = EDGE_CURVE('',#5479,#5520,#5535,.T.);
#5535 = B_SPLINE_CURVE_WITH_KNOTS('',1,(#5536,#5537),.UNSPECIFIED.,.F.,
  .F.,(2,2),(-0.,1.3),.PIECEWISE_BEZIER_KNOTS.);
#5536 = CARTESIAN_POINT('',(1.699999481151,-13.05000006759,18.1));
#5537 = CARTESIAN_POINT('',(0.399999481151,-13.0500000159,18.1));
#5538 = B_SPLINE_SURFACE_WITH_KNOTS('',1,1,(
    (#5539,#5540)
    ,(#5541,#5542
    )),.UNSPECIFIED.,.F.,.F.,.F.,(2,2),(2,2),(-6.,0.),(-0.,1.3),
  .PIECEWISE_BEZIER_KNOTS.);
#5539 = CARTESIAN_POINT('',(1.699999481151,-13.05000006759,18.1));
#5540 = CARTESIAN_POINT('',(0.399999481151,-13.0500000159,18.1));
#5541 = CARTESIAN_POINT('',(1.6999992426,-19.05000006759,18.1));
#5542 = CARTESIAN_POINT('',(0.3999992426,-19.0500000159,18.1));
#5543 = ADVANCED_FACE('',(#5544),#5574,.T.);
#5544 = FACE_BOUND('',#5545,.F.);
#5545 = EDGE_LOOP('',(#5546,#5555,#5562,#5569));
#5546 = ORIENTED_EDGE('',*,*,#5547,.T.);
#5547 = EDGE_CURVE('',#5548,#5550,#5552,.T.);
#5548 = VERTEX_POINT('',#5549);
#5549 = CARTESIAN_POINT('',(6.219999727653,-6.850015729278,
    22.600042624005));
#5550 = VERTEX_POINT('',#5551);
#5551 = CARTESIAN_POINT('',(6.2199992426,-19.0500002473,26.6));
#5552 = B_SPLINE_CURVE_WITH_KNOTS('',1,(#5553,#5554),.UNSPECIFIED.,.F.,
  .F.,(2,2),(-12.83897508564,0.),.PIECEWISE_BEZIER_KNOTS.);
#5553 = CARTESIAN_POINT('',(6.219999727653,-6.850015729278,
    22.600042624005));
#5554 = CARTESIAN_POINT('',(6.2199992426,-19.0500002473,26.6));
#5555 = ORIENTED_EDGE('',*,*,#5556,.F.);
#5556 = EDGE_CURVE('',#5557,#5550,#5559,.T.);
#5557 = VERTEX_POINT('',#5558);
#5558 = CARTESIAN_POINT('',(0.3999992426,-19.0500000159,26.6));
#5559 = B_SPLINE_CURVE_WITH_KNOTS('',1,(#5560,#5561),.UNSPECIFIED.,.F.,
  .F.,(2,2),(0.,5.82),.PIECEWISE_BEZIER_KNOTS.);
#5560 = CARTESIAN_POINT('',(0.3999992426,-19.0500000159,26.6));
#5561 = CARTESIAN_POINT('',(6.2199992426,-19.0500002473,26.6));
#5562 = ORIENTED_EDGE('',*,*,#5563,.F.);
#5563 = EDGE_CURVE('',#5564,#5557,#5566,.T.);
#5564 = VERTEX_POINT('',#5565);
#5565 = CARTESIAN_POINT('',(0.399999727653,-6.850015497883,
    22.600042624005));
#5566 = B_SPLINE_CURVE_WITH_KNOTS('',1,(#5567,#5568),.UNSPECIFIED.,.F.,
  .F.,(2,2),(-12.83897508564,0.),.PIECEWISE_BEZIER_KNOTS.);
#5567 = CARTESIAN_POINT('',(0.399999727653,-6.850015497883,
    22.600042624005));
#5568 = CARTESIAN_POINT('',(0.3999992426,-19.0500000159,26.6));
#5569 = ORIENTED_EDGE('',*,*,#5570,.T.);
#5570 = EDGE_CURVE('',#5564,#5548,#5571,.T.);
#5571 = B_SPLINE_CURVE_WITH_KNOTS('',1,(#5572,#5573),.UNSPECIFIED.,.F.,
  .F.,(2,2),(0.,5.82),.PIECEWISE_BEZIER_KNOTS.);
#5572 = CARTESIAN_POINT('',(0.399999727653,-6.850015497883,
    22.600042624005));
#5573 = CARTESIAN_POINT('',(6.219999727653,-6.850015729278,
    22.600042624005));
#5574 = B_SPLINE_SURFACE_WITH_KNOTS('',1,1,(
    (#5575,#5576)
    ,(#5577,#5578
    )),.UNSPECIFIED.,.F.,.F.,.F.,(2,2),(2,2),(-1.445185909386E-16,
    12.838975085645),(-5.82,2.713522152292E-15),
  .PIECEWISE_BEZIER_KNOTS.);
#5575 = CARTESIAN_POINT('',(6.2199992426,-19.0500002473,26.6));
#5576 = CARTESIAN_POINT('',(0.3999992426,-19.0500000159,26.6));
#5577 = CARTESIAN_POINT('',(6.219999727653,-6.850015729278,
    22.600042624005));
#5578 = CARTESIAN_POINT('',(0.399999727653,-6.850015497883,
    22.600042624005));
#5579 = ADVANCED_FACE('',(#5580),#5602,.T.);
#5580 = FACE_BOUND('',#5581,.T.);
#5581 = EDGE_LOOP('',(#5582,#5591,#5596,#5597));
#5582 = ORIENTED_EDGE('',*,*,#5583,.F.);
#5583 = EDGE_CURVE('',#5584,#5586,#5588,.T.);
#5584 = VERTEX_POINT('',#5585);
#5585 = CARTESIAN_POINT('',(0.399999727653,-6.850023407852,
    20.100047670327));
#5586 = VERTEX_POINT('',#5587);
#5587 = CARTESIAN_POINT('',(6.219999727653,-6.850023639247,
    20.100047670327));
#5588 = B_SPLINE_CURVE_WITH_KNOTS('',1,(#5589,#5590),.UNSPECIFIED.,.F.,
  .F.,(2,2),(4.204215995102E-15,5.82),.PIECEWISE_BEZIER_KNOTS.);
#5589 = CARTESIAN_POINT('',(0.399999727653,-6.850031317417,
    20.100047698401));
#5590 = CARTESIAN_POINT('',(6.219999727653,-6.850031548812,
    20.100047698401));
#5591 = ORIENTED_EDGE('',*,*,#5592,.T.);
#5592 = EDGE_CURVE('',#5584,#5564,#5593,.T.);
#5593 = B_SPLINE_CURVE_WITH_KNOTS('',1,(#5594,#5595),.UNSPECIFIED.,.F.,
  .F.,(2,2),(8.500047670327,11.000042624005),.PIECEWISE_BEZIER_KNOTS.);
#5594 = CARTESIAN_POINT('',(0.399999727653,-6.850015497883,
    20.100047670327));
#5595 = CARTESIAN_POINT('',(0.399999727653,-6.850015497883,
    22.600042624005));
#5596 = ORIENTED_EDGE('',*,*,#5570,.T.);
#5597 = ORIENTED_EDGE('',*,*,#5598,.F.);
#5598 = EDGE_CURVE('',#5586,#5548,#5599,.T.);
#5599 = B_SPLINE_CURVE_WITH_KNOTS('',1,(#5600,#5601),.UNSPECIFIED.,.F.,
  .F.,(2,2),(8.500047670327,11.000042624005),.PIECEWISE_BEZIER_KNOTS.);
#5600 = CARTESIAN_POINT('',(6.219999727653,-6.850015729278,
    20.100047670327));
#5601 = CARTESIAN_POINT('',(6.219999727653,-6.850015729278,
    22.600042624005));
#5602 = B_SPLINE_SURFACE_WITH_KNOTS('',1,1,(
    (#5603,#5604)
    ,(#5605,#5606
    )),.UNSPECIFIED.,.F.,.F.,.F.,(2,2),(2,2),(-5.82,-4.993256563198E-15)
  ,(-1.40630644907E-07,2.499994813047),.PIECEWISE_BEZIER_KNOTS.);
#5603 = CARTESIAN_POINT('',(6.219999727653,-6.850015729278,
    20.100047670327));
#5604 = CARTESIAN_POINT('',(6.219999727653,-6.850015729278,
    22.600042624005));
#5605 = CARTESIAN_POINT('',(0.399999727653,-6.850015497883,
    20.100047670327));
#5606 = CARTESIAN_POINT('',(0.399999727653,-6.850015497883,
    22.600042624005));
#5607 = ADVANCED_FACE('',(#5608),#5638,.T.);
#5608 = FACE_BOUND('',#5609,.F.);
#5609 = EDGE_LOOP('',(#5610,#5619,#5626,#5633));
#5610 = ORIENTED_EDGE('',*,*,#5611,.T.);
#5611 = EDGE_CURVE('',#5612,#5614,#5616,.T.);
#5612 = VERTEX_POINT('',#5613);
#5613 = CARTESIAN_POINT('',(6.219999481151,-13.0500002473,20.6));
#5614 = VERTEX_POINT('',#5615);
#5615 = CARTESIAN_POINT('',(6.219999677956,-8.100000247302,20.1));
#5616 = B_SPLINE_CURVE_WITH_KNOTS('',1,(#5617,#5618),.UNSPECIFIED.,.F.,
  .F.,(2,2),(0.,4.975188438642),.PIECEWISE_BEZIER_KNOTS.);
#5617 = CARTESIAN_POINT('',(6.219999481151,-13.0500002473,20.6));
#5618 = CARTESIAN_POINT('',(6.219999677956,-8.100000247302,
    20.099999999999));
#5619 = ORIENTED_EDGE('',*,*,#5620,.F.);
#5620 = EDGE_CURVE('',#5621,#5614,#5623,.T.);
#5621 = VERTEX_POINT('',#5622);
#5622 = CARTESIAN_POINT('',(0.399999677956,-8.100000015907,20.1));
#5623 = B_SPLINE_CURVE_WITH_KNOTS('',1,(#5624,#5625),.UNSPECIFIED.,.F.,
  .F.,(2,2),(0.,5.82),.PIECEWISE_BEZIER_KNOTS.);
#5624 = CARTESIAN_POINT('',(0.399999677956,-8.100000015907,20.1));
#5625 = CARTESIAN_POINT('',(6.219999677956,-8.100000247302,20.1));
#5626 = ORIENTED_EDGE('',*,*,#5627,.F.);
#5627 = EDGE_CURVE('',#5628,#5621,#5630,.T.);
#5628 = VERTEX_POINT('',#5629);
#5629 = CARTESIAN_POINT('',(0.399999481151,-13.0500000159,20.6));
#5630 = B_SPLINE_CURVE_WITH_KNOTS('',1,(#5631,#5632),.UNSPECIFIED.,.F.,
  .F.,(2,2),(0.,4.975188438642),.PIECEWISE_BEZIER_KNOTS.);
#5631 = CARTESIAN_POINT('',(0.399999481151,-13.0500000159,20.6));
#5632 = CARTESIAN_POINT('',(0.399999677956,-8.100000015907,
    20.099999999999));
#5633 = ORIENTED_EDGE('',*,*,#5634,.T.);
#5634 = EDGE_CURVE('',#5628,#5612,#5635,.T.);
#5635 = B_SPLINE_CURVE_WITH_KNOTS('',1,(#5636,#5637),.UNSPECIFIED.,.F.,
  .F.,(2,2),(0.,5.82),.PIECEWISE_BEZIER_KNOTS.);
#5636 = CARTESIAN_POINT('',(0.399999481151,-13.0500000159,20.6));
#5637 = CARTESIAN_POINT('',(6.219999481151,-13.0500002473,20.6));
#5638 = B_SPLINE_SURFACE_WITH_KNOTS('',1,1,(
    (#5639,#5640)
    ,(#5641,#5642
    )),.UNSPECIFIED.,.F.,.F.,.F.,(2,2),(2,2),(-4.975188438642,
    5.655441524261E-16),(-5.82,4.657490388281E-16),
  .PIECEWISE_BEZIER_KNOTS.);
#5639 = CARTESIAN_POINT('',(6.219999677956,-8.100000247302,
    20.099999999999));
#5640 = CARTESIAN_POINT('',(0.399999677956,-8.100000015907,
    20.099999999999));
#5641 = CARTESIAN_POINT('',(6.219999481151,-13.0500002473,20.6));
#5642 = CARTESIAN_POINT('',(0.399999481151,-13.0500000159,20.6));
#5643 = ADVANCED_FACE('',(#5644),#5658,.F.);
#5644 = FACE_BOUND('',#5645,.F.);
#5645 = EDGE_LOOP('',(#5646,#5651,#5652,#5657));
#5646 = ORIENTED_EDGE('',*,*,#5647,.T.);
#5647 = EDGE_CURVE('',#5467,#5388,#5648,.T.);
#5648 = B_SPLINE_CURVE_WITH_KNOTS('',1,(#5649,#5650),.UNSPECIFIED.,.F.,
  .F.,(2,2),(1.3,4.52),.PIECEWISE_BEZIER_KNOTS.);
#5649 = CARTESIAN_POINT('',(1.6999992426,-19.05000006759,11.6));
#5650 = CARTESIAN_POINT('',(4.9199992426,-19.05000019561,11.6));
#5651 = ORIENTED_EDGE('',*,*,#5385,.F.);
#5652 = ORIENTED_EDGE('',*,*,#5653,.F.);
#5653 = EDGE_CURVE('',#5469,#5386,#5654,.T.);
#5654 = B_SPLINE_CURVE_WITH_KNOTS('',1,(#5655,#5656),.UNSPECIFIED.,.F.,
  .F.,(2,2),(1.3,4.52),.PIECEWISE_BEZIER_KNOTS.);
#5655 = CARTESIAN_POINT('',(1.699999481151,-13.05000006759,11.6));
#5656 = CARTESIAN_POINT('',(4.919999481151,-13.05000019561,11.6));
#5657 = ORIENTED_EDGE('',*,*,#5466,.F.);
#5658 = ( BOUNDED_SURFACE() B_SPLINE_SURFACE(2,1,(
    (#5659,#5660)
    ,(#5661,#5662)
    ,(#5663,#5664)
    ,(#5665,#5666)
    ,(#5667,#5668
)),.UNSPECIFIED.,.F.,.F.,.F.) B_SPLINE_SURFACE_WITH_KNOTS((3,2,3),(2,2),
  (3.14159265359,4.712388980385,6.28318530718),(1.3,4.52),
.PIECEWISE_BEZIER_KNOTS.) GEOMETRIC_REPRESENTATION_ITEM() 
RATIONAL_B_SPLINE_SURFACE((
    (1.,1.)
    ,(0.707106781187,0.707106781187)
    ,(1.,1.)
    ,(0.707106781187,0.707106781187)
,(1.,1.))) REPRESENTATION_ITEM('') SURFACE() );
#5659 = CARTESIAN_POINT('',(1.699999481151,-13.05000006759,11.6));
#5660 = CARTESIAN_POINT('',(4.919999481151,-13.05000019561,11.6));
#5661 = CARTESIAN_POINT('',(1.699999481151,-13.05000006759,8.6));
#5662 = CARTESIAN_POINT('',(4.919999481151,-13.05000019561,8.6));
#5663 = CARTESIAN_POINT('',(1.699999361875,-16.05000006759,8.6));
#5664 = CARTESIAN_POINT('',(4.919999361875,-16.05000019561,8.6));
#5665 = CARTESIAN_POINT('',(1.6999992426,-19.05000006759,8.6));
#5666 = CARTESIAN_POINT('',(4.9199992426,-19.05000019561,8.6));
#5667 = CARTESIAN_POINT('',(1.6999992426,-19.05000006759,11.6));
#5668 = CARTESIAN_POINT('',(4.9199992426,-19.05000019561,11.6));
#5669 = ADVANCED_FACE('',(#5670),#5694,.F.);
#5670 = FACE_BOUND('',#5671,.F.);
#5671 = EDGE_LOOP('',(#5672,#5673,#5678,#5679,#5680,#5688,#5689));
#5672 = ORIENTED_EDGE('',*,*,#5438,.F.);
#5673 = ORIENTED_EDGE('',*,*,#5674,.F.);
#5674 = EDGE_CURVE('',#5550,#5439,#5675,.T.);
#5675 = B_SPLINE_CURVE_WITH_KNOTS('',1,(#5676,#5677),.UNSPECIFIED.,.F.,
  .F.,(2,2),(-15.,-6.5),.PIECEWISE_BEZIER_KNOTS.);
#5676 = CARTESIAN_POINT('',(6.2199992426,-19.0500002473,26.6));
#5677 = CARTESIAN_POINT('',(6.2199992426,-19.0500002473,18.1));
#5678 = ORIENTED_EDGE('',*,*,#5547,.F.);
#5679 = ORIENTED_EDGE('',*,*,#5598,.F.);
#5680 = ORIENTED_EDGE('',*,*,#5681,.F.);
#5681 = EDGE_CURVE('',#5614,#5586,#5682,.T.);
#5682 = ( BOUNDED_CURVE() B_SPLINE_CURVE(2,(#5683,#5684,#5685,#5686,
#5687),.UNSPECIFIED.,.F.,.F.) B_SPLINE_CURVE_WITH_KNOTS((3,2,3),(
    6.276146661756,7.854019726173,9.43189279059),
.PIECEWISE_BEZIER_KNOTS.) CURVE() GEOMETRIC_REPRESENTATION_ITEM() 
RATIONAL_B_SPLINE_CURVE((1.,0.704600355324,1.,0.704600355324,1.)) 
REPRESENTATION_ITEM('') );
#5683 = CARTESIAN_POINT('',(6.219999677956,-8.100000247301,20.1));
#5684 = CARTESIAN_POINT('',(6.21999967778,-8.104430606441,
    19.470576906684));
#5685 = CARTESIAN_POINT('',(6.219999702805,-7.474991921654,
    19.470600883387));
#5686 = CARTESIAN_POINT('',(6.219999727831,-6.845553236867,
    19.470624860091));
#5687 = CARTESIAN_POINT('',(6.219999727653,-6.850031548212,
    20.100047614055));
#5688 = ORIENTED_EDGE('',*,*,#5611,.F.);
#5689 = ORIENTED_EDGE('',*,*,#5690,.F.);
#5690 = EDGE_CURVE('',#5441,#5612,#5691,.T.);
#5691 = B_SPLINE_CURVE_WITH_KNOTS('',1,(#5692,#5693),.UNSPECIFIED.,.F.,
  .F.,(2,2),(6.5,9.),.PIECEWISE_BEZIER_KNOTS.);
#5692 = CARTESIAN_POINT('',(6.219999481151,-13.0500002473,18.1));
#5693 = CARTESIAN_POINT('',(6.219999481151,-13.0500002473,20.6));
#5694 = B_SPLINE_SURFACE_WITH_KNOTS('',1,1,(
    (#5695,#5696)
    ,(#5697,#5698
    )),.UNSPECIFIED.,.F.,.F.,.F.,(2,2),(2,2),(-9.199984518024,3.),(6.5,
    15.),.PIECEWISE_BEZIER_KNOTS.);
#5695 = CARTESIAN_POINT('',(6.219999727653,-6.850015729278,18.1));
#5696 = CARTESIAN_POINT('',(6.219999727653,-6.850015729278,26.6));
#5697 = CARTESIAN_POINT('',(6.2199992426,-19.0500002473,18.1));
#5698 = CARTESIAN_POINT('',(6.2199992426,-19.0500002473,26.6));
#5699 = ADVANCED_FACE('',(#5700),#5724,.T.);
#5700 = FACE_BOUND('',#5701,.F.);
#5701 = EDGE_LOOP('',(#5702,#5707,#5708,#5713,#5714,#5722,#5723));
#5702 = ORIENTED_EDGE('',*,*,#5703,.T.);
#5703 = EDGE_CURVE('',#5557,#5522,#5704,.T.);
#5704 = B_SPLINE_CURVE_WITH_KNOTS('',1,(#5705,#5706),.UNSPECIFIED.,.F.,
  .F.,(2,2),(-15.,-6.5),.PIECEWISE_BEZIER_KNOTS.);
#5705 = CARTESIAN_POINT('',(0.3999992426,-19.0500000159,26.6));
#5706 = CARTESIAN_POINT('',(0.3999992426,-19.0500000159,18.1));
#5707 = ORIENTED_EDGE('',*,*,#5519,.F.);
#5708 = ORIENTED_EDGE('',*,*,#5709,.T.);
#5709 = EDGE_CURVE('',#5520,#5628,#5710,.T.);
#5710 = B_SPLINE_CURVE_WITH_KNOTS('',1,(#5711,#5712),.UNSPECIFIED.,.F.,
  .F.,(2,2),(6.5,9.),.PIECEWISE_BEZIER_KNOTS.);
#5711 = CARTESIAN_POINT('',(0.399999481151,-13.0500000159,18.1));
#5712 = CARTESIAN_POINT('',(0.399999481151,-13.0500000159,20.6));
#5713 = ORIENTED_EDGE('',*,*,#5627,.T.);
#5714 = ORIENTED_EDGE('',*,*,#5715,.T.);
#5715 = EDGE_CURVE('',#5621,#5584,#5716,.T.);
#5716 = ( BOUNDED_CURVE() B_SPLINE_CURVE(2,(#5717,#5718,#5719,#5720,
#5721),.UNSPECIFIED.,.F.,.F.) B_SPLINE_CURVE_WITH_KNOTS((3,2,3),(
    6.276146661756,7.854019726173,9.43189279059),
.PIECEWISE_BEZIER_KNOTS.) CURVE() GEOMETRIC_REPRESENTATION_ITEM() 
RATIONAL_B_SPLINE_CURVE((1.,0.704600355324,1.,0.704600355324,1.)) 
REPRESENTATION_ITEM('') );
#5717 = CARTESIAN_POINT('',(0.399999677956,-8.100000015906,20.1));
#5718 = CARTESIAN_POINT('',(0.39999967778,-8.104430375046,
    19.470576906684));
#5719 = CARTESIAN_POINT('',(0.399999702805,-7.474991690259,
    19.470600883387));
#5720 = CARTESIAN_POINT('',(0.399999727831,-6.845553005472,
    19.470624860091));
#5721 = CARTESIAN_POINT('',(0.399999727653,-6.850031316817,
    20.100047614055));
#5722 = ORIENTED_EDGE('',*,*,#5592,.T.);
#5723 = ORIENTED_EDGE('',*,*,#5563,.T.);
#5724 = B_SPLINE_SURFACE_WITH_KNOTS('',1,1,(
    (#5725,#5726)
    ,(#5727,#5728
    )),.UNSPECIFIED.,.F.,.F.,.F.,(2,2),(2,2),(-9.199984518024,3.),(6.5,
    15.),.PIECEWISE_BEZIER_KNOTS.);
#5725 = CARTESIAN_POINT('',(0.399999727653,-6.850015497883,18.1));
#5726 = CARTESIAN_POINT('',(0.399999727653,-6.850015497883,26.6));
#5727 = CARTESIAN_POINT('',(0.3999992426,-19.0500000159,18.1));
#5728 = CARTESIAN_POINT('',(0.3999992426,-19.0500000159,26.6));
#5729 = ADVANCED_FACE('',(#5730),#5740,.T.);
#5730 = FACE_BOUND('',#5731,.F.);
#5731 = EDGE_LOOP('',(#5732,#5733,#5734,#5735,#5736,#5737,#5738,#5739));
#5732 = ORIENTED_EDGE('',*,*,#5674,.T.);
#5733 = ORIENTED_EDGE('',*,*,#5453,.F.);
#5734 = ORIENTED_EDGE('',*,*,#5397,.F.);
#5735 = ORIENTED_EDGE('',*,*,#5647,.F.);
#5736 = ORIENTED_EDGE('',*,*,#5492,.F.);
#5737 = ORIENTED_EDGE('',*,*,#5528,.T.);
#5738 = ORIENTED_EDGE('',*,*,#5703,.F.);
#5739 = ORIENTED_EDGE('',*,*,#5556,.T.);
#5740 = B_SPLINE_SURFACE_WITH_KNOTS('',1,1,(
    (#5741,#5742)
    ,(#5743,#5744
    )),.UNSPECIFIED.,.F.,.F.,.F.,(2,2),(2,2),(-1.7763568394E-15,5.82),(
    -1.494843745314E-17,15.),.PIECEWISE_BEZIER_KNOTS.);
#5741 = CARTESIAN_POINT('',(0.3999992426,-19.0500000159,11.6));
#5742 = CARTESIAN_POINT('',(0.3999992426,-19.0500000159,26.6));
#5743 = CARTESIAN_POINT('',(6.2199992426,-19.0500002473,11.6));
#5744 = CARTESIAN_POINT('',(6.2199992426,-19.0500002473,26.6));
#5745 = ADVANCED_FACE('',(#5746),#5756,.T.);
#5746 = FACE_BOUND('',#5747,.F.);
#5747 = EDGE_LOOP('',(#5748,#5749,#5750,#5751,#5752,#5753,#5754,#5755));
#5748 = ORIENTED_EDGE('',*,*,#5653,.T.);
#5749 = ORIENTED_EDGE('',*,*,#5411,.F.);
#5750 = ORIENTED_EDGE('',*,*,#5447,.T.);
#5751 = ORIENTED_EDGE('',*,*,#5690,.T.);
#5752 = ORIENTED_EDGE('',*,*,#5634,.F.);
#5753 = ORIENTED_EDGE('',*,*,#5709,.F.);
#5754 = ORIENTED_EDGE('',*,*,#5534,.F.);
#5755 = ORIENTED_EDGE('',*,*,#5478,.F.);
#5756 = B_SPLINE_SURFACE_WITH_KNOTS('',1,1,(
    (#5757,#5758)
    ,(#5759,#5760
    )),.UNSPECIFIED.,.F.,.F.,.F.,(2,2),(2,2),(-5.82,8.314393181243E-15),
  (0.,9.),.PIECEWISE_BEZIER_KNOTS.);
#5757 = CARTESIAN_POINT('',(6.219999481151,-13.0500002473,11.6));
#5758 = CARTESIAN_POINT('',(6.219999481151,-13.0500002473,20.6));
#5759 = CARTESIAN_POINT('',(0.399999481151,-13.0500000159,11.6));
#5760 = CARTESIAN_POINT('',(0.399999481151,-13.0500000159,20.6));
#5761 = ADVANCED_FACE('',(#5762),#5768,.F.);
#5762 = FACE_BOUND('',#5763,.F.);
#5763 = EDGE_LOOP('',(#5764,#5765,#5766,#5767));
#5764 = ORIENTED_EDGE('',*,*,#5715,.F.);
#5765 = ORIENTED_EDGE('',*,*,#5620,.T.);
#5766 = ORIENTED_EDGE('',*,*,#5681,.T.);
#5767 = ORIENTED_EDGE('',*,*,#5583,.F.);
#5768 = ( BOUNDED_SURFACE() B_SPLINE_SURFACE(2,1,(
    (#5769,#5770)
    ,(#5771,#5772)
    ,(#5773,#5774)
    ,(#5775,#5776)
    ,(#5777,#5778
)),.UNSPECIFIED.,.F.,.F.,.F.) B_SPLINE_SURFACE_WITH_KNOTS((3,2,3),(2,2),
  (4.705312175284,6.28318530718,7.861058439075),(-8.881784197001E-15,
5.82),.PIECEWISE_BEZIER_KNOTS.) GEOMETRIC_REPRESENTATION_ITEM() 
RATIONAL_B_SPLINE_SURFACE((
    (1.,1.)
    ,(0.704600331383,0.704600331383)
    ,(1.,1.)
    ,(0.704600331383,0.704600331383)
,(1.,1.))) REPRESENTATION_ITEM('') SURFACE() );
#5769 = CARTESIAN_POINT('',(0.399999727653,-6.850031317417,
    20.100047698401));
#5770 = CARTESIAN_POINT('',(6.219999727653,-6.850031548812,
    20.100047698401));
#5771 = CARTESIAN_POINT('',(0.399999727831,-6.845552920826,
    19.470624902567));
#5772 = CARTESIAN_POINT('',(6.219999727831,-6.845553152221,
    19.470624902567));
#5773 = CARTESIAN_POINT('',(0.399999702805,-7.474991648085,
    19.470600883389));
#5774 = CARTESIAN_POINT('',(6.219999702805,-7.47499187948,
    19.470600883389));
#5775 = CARTESIAN_POINT('',(0.39999967778,-8.104430375345,
    19.470576864211));
#5776 = CARTESIAN_POINT('',(6.21999967778,-8.10443060674,19.470576864211
    ));
#5777 = CARTESIAN_POINT('',(0.399999677956,-8.100000015906,20.1));
#5778 = CARTESIAN_POINT('',(6.219999677956,-8.100000247301,20.1));
#5779 = ADVANCED_FACE('',(#5780),#5790,.T.);
#5780 = FACE_BOUND('',#5781,.T.);
#5781 = EDGE_LOOP('',(#5782,#5787,#5788,#5789));
#5782 = ORIENTED_EDGE('',*,*,#5783,.T.);
#5783 = EDGE_CURVE('',#5500,#5419,#5784,.T.);
#5784 = B_SPLINE_CURVE_WITH_KNOTS('',1,(#5785,#5786),.UNSPECIFIED.,.F.,
  .F.,(2,2),(1.3,4.52),.PIECEWISE_BEZIER_KNOTS.);
#5785 = CARTESIAN_POINT('',(1.699999388712,-15.37500006759,11.6));
#5786 = CARTESIAN_POINT('',(4.919999388712,-15.37500019561,11.6));
#5787 = ORIENTED_EDGE('',*,*,#5418,.T.);
#5788 = ORIENTED_EDGE('',*,*,#5783,.F.);
#5789 = ORIENTED_EDGE('',*,*,#5499,.T.);
#5790 = ( BOUNDED_SURFACE() B_SPLINE_SURFACE(2,1,(
    (#5791,#5792)
    ,(#5793,#5794)
    ,(#5795,#5796)
    ,(#5797,#5798)
    ,(#5799,#5800)
    ,(#5801,#5802)
    ,(#5803,#5804)
    ,(#5805,#5806)
    ,(#5807,#5808
)),.UNSPECIFIED.,.T.,.F.,.F.) B_SPLINE_SURFACE_WITH_KNOTS((3,2,2,2,3),(2
    ,2),(3.14159265359,4.188790204786,6.28318530718,8.377580409573,
    9.424777960769),(1.3,4.52),.UNSPECIFIED.) 
GEOMETRIC_REPRESENTATION_ITEM() RATIONAL_B_SPLINE_SURFACE((
    (0.75,0.75)
    ,(0.75,0.75)
    ,(1.,1.)
    ,(0.5,0.5)
    ,(1.,1.)
    ,(0.5,0.5)
    ,(1.,1.)
    ,(0.75,0.75)
,(0.75,0.75))) REPRESENTATION_ITEM('') SURFACE() );
#5791 = CARTESIAN_POINT('',(1.699999388712,-15.37500006759,11.6));
#5792 = CARTESIAN_POINT('',(4.919999388712,-15.37500019561,11.6));
#5793 = CARTESIAN_POINT('',(1.699999388712,-15.37500006759,
    11.210288568297));
#5794 = CARTESIAN_POINT('',(4.919999388712,-15.37500019561,
    11.210288568297));
#5795 = CARTESIAN_POINT('',(1.699999375294,-15.71250006759,
    11.015432852446));
#5796 = CARTESIAN_POINT('',(4.919999375294,-15.71250019561,
    11.015432852446));
#5797 = CARTESIAN_POINT('',(1.699999335038,-16.72500006759,
    10.430865704891));
#5798 = CARTESIAN_POINT('',(4.919999335038,-16.72500019561,
    10.430865704891));
#5799 = CARTESIAN_POINT('',(1.699999335038,-16.72500006759,11.6));
#5800 = CARTESIAN_POINT('',(4.919999335038,-16.72500019561,11.6));
#5801 = CARTESIAN_POINT('',(1.699999335038,-16.72500006759,
    12.769134295109));
#5802 = CARTESIAN_POINT('',(4.919999335038,-16.72500019561,
    12.769134295109));
#5803 = CARTESIAN_POINT('',(1.699999375294,-15.71250006759,
    12.184567147554));
#5804 = CARTESIAN_POINT('',(4.919999375294,-15.71250019561,
    12.184567147554));
#5805 = CARTESIAN_POINT('',(1.699999388712,-15.37500006759,
    11.989711431703));
#5806 = CARTESIAN_POINT('',(4.919999388712,-15.37500019561,
    11.989711431703));
#5807 = CARTESIAN_POINT('',(1.699999388712,-15.37500006759,11.6));
#5808 = CARTESIAN_POINT('',(4.919999388712,-15.37500019561,11.6));
#5809 = ( GEOMETRIC_REPRESENTATION_CONTEXT(3) 
GLOBAL_UNCERTAINTY_ASSIGNED_CONTEXT((#5813)) 
GLOBAL_UNIT_ASSIGNED_CONTEXT((#5810,#5811,#5812)) REPRESENTATION_CONTEXT
('Context #1','3D Context with UNIT and UNCERTAINTY') );
#5810 = ( LENGTH_UNIT() NAMED_UNIT(*) SI_UNIT(.MILLI.,.METRE.) );
#5811 = ( NAMED_UNIT(*) PLANE_ANGLE_UNIT() SI_UNIT($,.RADIAN.) );
#5812 = ( NAMED_UNIT(*) SI_UNIT($,.STERADIAN.) SOLID_ANGLE_UNIT() );
#5813 = UNCERTAINTY_MEASURE_WITH_UNIT(LENGTH_MEASURE(2.E-07),#5810,
  'distance_accuracy_value','confusion accuracy');
#5814 = PRODUCT_RELATED_PRODUCT_CATEGORY('part',$,(#7));
ENDSEC;
END-ISO-10303-21;
