ISO-10303-21;
HEADER;
FILE_DESCRIPTION(('FreeCAD Model'),'2;1');
FILE_NAME('Open CASCADE Shape Model','2026-08-06T09:00:29',('FreeCAD'),(
    'FreeCAD'),'Open CASCADE STEP processor 7.8','FreeCAD','Unknown');
FILE_SCHEMA(('AUTOMOTIVE_DESIGN { 1 0 10303 214 1 1 1 1 }'));
ENDSEC;
DATA;
#1 = APPLICATION_PROTOCOL_DEFINITION('international standard',
  'automotive_design',2000,#2);
#2 = APPLICATION_CONTEXT(
  'core data for automotive mechanical design processes');
#3 = SHAPE_DEFINITION_REPRESENTATION(#4,#10);
#4 = PRODUCT_DEFINITION_SHAPE('','',#5);
#5 = PRODUCT_DEFINITION('design','',#6,#9);
#6 = PRODUCT_DEFINITION_FORMATION('','',#7);
#7 = PRODUCT('Open CASCADE STEP translator 7.8 1',
  'Open CASCADE STEP translator 7.8 1','',(#8));
#8 = PRODUCT_CONTEXT('',#2,'mechanical');
#9 = PRODUCT_DEFINITION_CONTEXT('part definition',#2,'design');
#10 = ADVANCED_BREP_SHAPE_REPRESENTATION('',(#11,#15),#4141);
#11 = AXIS2_PLACEMENT_3D('',#12,#13,#14);
#12 = CARTESIAN_POINT('',(0.,0.,0.));
#13 = DIRECTION('',(0.,0.,1.));
#14 = DIRECTION('',(1.,0.,-0.));
#15 = MANIFOLD_SOLID_BREP('',#16);
#16 = CLOSED_SHELL('',(#17,#57,#88,#588,#612,#1105,#1117,#1148,#1172,
    #1196,#1213,#1244,#1268,#1292,#1309,#1340,#1364,#1388,#1405,#1436,
    #1460,#1484,#1501,#1532,#1556,#1580,#1597,#1628,#1652,#1676,#1693,
    #1724,#1748,#1772,#1789,#1820,#1844,#1868,#1885,#1916,#1940,#1964,
    #1981,#2012,#2036,#2060,#2077,#2108,#2132,#2156,#2173,#2204,#2228,
    #2252,#2269,#2300,#2324,#2348,#2365,#2396,#2420,#2444,#2461,#2492,
    #2516,#2540,#2557,#2588,#2612,#2636,#2653,#2684,#2708,#2732,#2749,
    #2780,#2804,#2828,#2845,#2876,#2900,#2924,#2941,#2972,#2996,#3020,
    #3037,#3068,#3092,#3116,#3133,#3164,#3188,#3212,#3229,#3260,#3284,
    #3308,#3325,#3356,#3380,#3404,#3421,#3452,#3476,#3500,#3517,#3548,
    #3572,#3596,#3613,#3644,#3668,#3692,#3709,#3740,#3764,#3788,#3805,
    #3817,#3829,#3841,#3853,#3865,#3877,#3889,#3901,#3913,#3925,#3937,
    #3949,#3961,#3973,#3985,#3997,#4009,#4021,#4033,#4045,#4057,#4069,
    #4081,#4093,#4105,#4117,#4129));
#17 = ADVANCED_FACE('',(#18),#52,.F.);
#18 = FACE_BOUND('',#19,.F.);
#19 = EDGE_LOOP('',(#20,#30,#38,#46));
#20 = ORIENTED_EDGE('',*,*,#21,.F.);
#21 = EDGE_CURVE('',#22,#24,#26,.T.);
#22 = VERTEX_POINT('',#23);
#23 = CARTESIAN_POINT('',(-1.27,-16.51,0.));
#24 = VERTEX_POINT('',#25);
#25 = CARTESIAN_POINT('',(-1.27,-16.51,2.54));
#26 = LINE('',#27,#28);
#27 = CARTESIAN_POINT('',(-1.27,-16.51,0.));
#28 = VECTOR('',#29,1.);
#29 = DIRECTION('',(0.,0.,1.));
#30 = ORIENTED_EDGE('',*,*,#31,.T.);
#31 = EDGE_CURVE('',#22,#32,#34,.T.);
#32 = VERTEX_POINT('',#33);
#33 = CARTESIAN_POINT('',(-1.27,1.27,0.));
#34 = LINE('',#35,#36);
#35 = CARTESIAN_POINT('',(-1.27,-16.51,0.));
#36 = VECTOR('',#37,1.);
#37 = DIRECTION('',(-0.,1.,0.));
#38 = ORIENTED_EDGE('',*,*,#39,.T.);
#39 = EDGE_CURVE('',#32,#40,#42,.T.);
#40 = VERTEX_POINT('',#41);
#41 = CARTESIAN_POINT('',(-1.27,1.27,2.54));
#42 = LINE('',#43,#44);
#43 = CARTESIAN_POINT('',(-1.27,1.27,0.));
#44 = VECTOR('',#45,1.);
#45 = DIRECTION('',(0.,0.,1.));
#46 = ORIENTED_EDGE('',*,*,#47,.F.);
#47 = EDGE_CURVE('',#24,#40,#48,.T.);
#48 = LINE('',#49,#50);
#49 = CARTESIAN_POINT('',(-1.27,-16.51,2.54));
#50 = VECTOR('',#51,1.);
#51 = DIRECTION('',(-0.,1.,0.));
#52 = PLANE('',#53);
#53 = AXIS2_PLACEMENT_3D('',#54,#55,#56);
#54 = CARTESIAN_POINT('',(-1.27,-16.51,0.));
#55 = DIRECTION('',(1.,0.,-0.));
#56 = DIRECTION('',(0.,0.,1.));
#57 = ADVANCED_FACE('',(#58),#83,.F.);
#58 = FACE_BOUND('',#59,.F.);
#59 = EDGE_LOOP('',(#60,#68,#69,#77));
#60 = ORIENTED_EDGE('',*,*,#61,.F.);
#61 = EDGE_CURVE('',#22,#62,#64,.T.);
#62 = VERTEX_POINT('',#63);
#63 = CARTESIAN_POINT('',(3.81,-16.51,0.));
#64 = LINE('',#65,#66);
#65 = CARTESIAN_POINT('',(-1.27,-16.51,0.));
#66 = VECTOR('',#67,1.);
#67 = DIRECTION('',(1.,0.,-0.));
#68 = ORIENTED_EDGE('',*,*,#21,.T.);
#69 = ORIENTED_EDGE('',*,*,#70,.T.);
#70 = EDGE_CURVE('',#24,#71,#73,.T.);
#71 = VERTEX_POINT('',#72);
#72 = CARTESIAN_POINT('',(3.81,-16.51,2.54));
#73 = LINE('',#74,#75);
#74 = CARTESIAN_POINT('',(-1.27,-16.51,2.54));
#75 = VECTOR('',#76,1.);
#76 = DIRECTION('',(1.,0.,-0.));
#77 = ORIENTED_EDGE('',*,*,#78,.F.);
#78 = EDGE_CURVE('',#62,#71,#79,.T.);
#79 = LINE('',#80,#81);
#80 = CARTESIAN_POINT('',(3.81,-16.51,0.));
#81 = VECTOR('',#82,1.);
#82 = DIRECTION('',(0.,0.,1.));
#83 = PLANE('',#84);
#84 = AXIS2_PLACEMENT_3D('',#85,#86,#87);
#85 = CARTESIAN_POINT('',(-1.27,-16.51,0.));
#86 = DIRECTION('',(-0.,1.,0.));
#87 = DIRECTION('',(0.,0.,1.));
#88 = ADVANCED_FACE('',(#89,#107,#141,#175,#209,#243,#277,#311,#345,#379
    ,#413,#447,#481,#515,#549),#583,.T.);
#89 = FACE_BOUND('',#90,.T.);
#90 = EDGE_LOOP('',(#91,#92,#93,#101));
#91 = ORIENTED_EDGE('',*,*,#47,.F.);
#92 = ORIENTED_EDGE('',*,*,#70,.T.);
#93 = ORIENTED_EDGE('',*,*,#94,.T.);
#94 = EDGE_CURVE('',#71,#95,#97,.T.);
#95 = VERTEX_POINT('',#96);
#96 = CARTESIAN_POINT('',(3.81,1.27,2.54));
#97 = LINE('',#98,#99);
#98 = CARTESIAN_POINT('',(3.81,-16.51,2.54));
#99 = VECTOR('',#100,1.);
#100 = DIRECTION('',(-0.,1.,0.));
#101 = ORIENTED_EDGE('',*,*,#102,.F.);
#102 = EDGE_CURVE('',#40,#95,#103,.T.);
#103 = LINE('',#104,#105);
#104 = CARTESIAN_POINT('',(-1.27,1.27,2.54));
#105 = VECTOR('',#106,1.);
#106 = DIRECTION('',(1.,0.,-0.));
#107 = FACE_BOUND('',#108,.T.);
#108 = EDGE_LOOP('',(#109,#119,#127,#135));
#109 = ORIENTED_EDGE('',*,*,#110,.T.);
#110 = EDGE_CURVE('',#111,#113,#115,.T.);
#111 = VERTEX_POINT('',#112);
#112 = CARTESIAN_POINT('',(0.3175,-15.5575,2.54));
#113 = VERTEX_POINT('',#114);
#114 = CARTESIAN_POINT('',(-0.3175,-15.5575,2.54));
#115 = LINE('',#116,#117);
#116 = CARTESIAN_POINT('',(-0.79375,-15.5575,2.54));
#117 = VECTOR('',#118,1.);
#118 = DIRECTION('',(-1.,-0.,0.));
#119 = ORIENTED_EDGE('',*,*,#120,.T.);
#120 = EDGE_CURVE('',#113,#121,#123,.T.);
#121 = VERTEX_POINT('',#122);
#122 = CARTESIAN_POINT('',(-0.3175,-14.9225,2.54));
#123 = LINE('',#124,#125);
#124 = CARTESIAN_POINT('',(-0.3175,-16.03375,2.54));
#125 = VECTOR('',#126,1.);
#126 = DIRECTION('',(-0.,1.,0.));
#127 = ORIENTED_EDGE('',*,*,#128,.F.);
#128 = EDGE_CURVE('',#129,#121,#131,.T.);
#129 = VERTEX_POINT('',#130);
#130 = CARTESIAN_POINT('',(0.3175,-14.9225,2.54));
#131 = LINE('',#132,#133);
#132 = CARTESIAN_POINT('',(-0.79375,-14.9225,2.54));
#133 = VECTOR('',#134,1.);
#134 = DIRECTION('',(-1.,-0.,0.));
#135 = ORIENTED_EDGE('',*,*,#136,.F.);
#136 = EDGE_CURVE('',#111,#129,#137,.T.);
#137 = LINE('',#138,#139);
#138 = CARTESIAN_POINT('',(0.3175,-16.03375,2.54));
#139 = VECTOR('',#140,1.);
#140 = DIRECTION('',(-0.,1.,0.));
#141 = FACE_BOUND('',#142,.T.);
#142 = EDGE_LOOP('',(#143,#153,#161,#169));
#143 = ORIENTED_EDGE('',*,*,#144,.T.);
#144 = EDGE_CURVE('',#145,#147,#149,.T.);
#145 = VERTEX_POINT('',#146);
#146 = CARTESIAN_POINT('',(0.3175,-13.0175,2.54));
#147 = VERTEX_POINT('',#148);
#148 = CARTESIAN_POINT('',(-0.3175,-13.0175,2.54));
#149 = LINE('',#150,#151);
#150 = CARTESIAN_POINT('',(-0.79375,-13.0175,2.54));
#151 = VECTOR('',#152,1.);
#152 = DIRECTION('',(-1.,-0.,0.));
#153 = ORIENTED_EDGE('',*,*,#154,.T.);
#154 = EDGE_CURVE('',#147,#155,#157,.T.);
#155 = VERTEX_POINT('',#156);
#156 = CARTESIAN_POINT('',(-0.3175,-12.3825,2.54));
#157 = LINE('',#158,#159);
#158 = CARTESIAN_POINT('',(-0.3175,-14.76375,2.54));
#159 = VECTOR('',#160,1.);
#160 = DIRECTION('',(-0.,1.,0.));
#161 = ORIENTED_EDGE('',*,*,#162,.F.);
#162 = EDGE_CURVE('',#163,#155,#165,.T.);
#163 = VERTEX_POINT('',#164);
#164 = CARTESIAN_POINT('',(0.3175,-12.3825,2.54));
#165 = LINE('',#166,#167);
#166 = CARTESIAN_POINT('',(-0.79375,-12.3825,2.54));
#167 = VECTOR('',#168,1.);
#168 = DIRECTION('',(-1.,-0.,0.));
#169 = ORIENTED_EDGE('',*,*,#170,.F.);
#170 = EDGE_CURVE('',#145,#163,#171,.T.);
#171 = LINE('',#172,#173);
#172 = CARTESIAN_POINT('',(0.3175,-14.76375,2.54));
#173 = VECTOR('',#174,1.);
#174 = DIRECTION('',(-0.,1.,0.));
#175 = FACE_BOUND('',#176,.T.);
#176 = EDGE_LOOP('',(#177,#187,#195,#203));
#177 = ORIENTED_EDGE('',*,*,#178,.T.);
#178 = EDGE_CURVE('',#179,#181,#183,.T.);
#179 = VERTEX_POINT('',#180);
#180 = CARTESIAN_POINT('',(0.3175,-10.4775,2.54));
#181 = VERTEX_POINT('',#182);
#182 = CARTESIAN_POINT('',(-0.3175,-10.4775,2.54));
#183 = LINE('',#184,#185);
#184 = CARTESIAN_POINT('',(-0.79375,-10.4775,2.54));
#185 = VECTOR('',#186,1.);
#186 = DIRECTION('',(-1.,-0.,0.));
#187 = ORIENTED_EDGE('',*,*,#188,.T.);
#188 = EDGE_CURVE('',#181,#189,#191,.T.);
#189 = VERTEX_POINT('',#190);
#190 = CARTESIAN_POINT('',(-0.3175,-9.8425,2.54));
#191 = LINE('',#192,#193);
#192 = CARTESIAN_POINT('',(-0.3175,-13.49375,2.54));
#193 = VECTOR('',#194,1.);
#194 = DIRECTION('',(-0.,1.,0.));
#195 = ORIENTED_EDGE('',*,*,#196,.F.);
#196 = EDGE_CURVE('',#197,#189,#199,.T.);
#197 = VERTEX_POINT('',#198);
#198 = CARTESIAN_POINT('',(0.3175,-9.8425,2.54));
#199 = LINE('',#200,#201);
#200 = CARTESIAN_POINT('',(-0.79375,-9.8425,2.54));
#201 = VECTOR('',#202,1.);
#202 = DIRECTION('',(-1.,-0.,0.));
#203 = ORIENTED_EDGE('',*,*,#204,.F.);
#204 = EDGE_CURVE('',#179,#197,#205,.T.);
#205 = LINE('',#206,#207);
#206 = CARTESIAN_POINT('',(0.3175,-13.49375,2.54));
#207 = VECTOR('',#208,1.);
#208 = DIRECTION('',(-0.,1.,0.));
#209 = FACE_BOUND('',#210,.T.);
#210 = EDGE_LOOP('',(#211,#221,#229,#237));
#211 = ORIENTED_EDGE('',*,*,#212,.T.);
#212 = EDGE_CURVE('',#213,#215,#217,.T.);
#213 = VERTEX_POINT('',#214);
#214 = CARTESIAN_POINT('',(2.8575,-15.5575,2.54));
#215 = VERTEX_POINT('',#216);
#216 = CARTESIAN_POINT('',(2.2225,-15.5575,2.54));
#217 = LINE('',#218,#219);
#218 = CARTESIAN_POINT('',(0.47625,-15.5575,2.54));
#219 = VECTOR('',#220,1.);
#220 = DIRECTION('',(-1.,-0.,0.));
#221 = ORIENTED_EDGE('',*,*,#222,.T.);
#222 = EDGE_CURVE('',#215,#223,#225,.T.);
#223 = VERTEX_POINT('',#224);
#224 = CARTESIAN_POINT('',(2.2225,-14.9225,2.54));
#225 = LINE('',#226,#227);
#226 = CARTESIAN_POINT('',(2.2225,-16.03375,2.54));
#227 = VECTOR('',#228,1.);
#228 = DIRECTION('',(-0.,1.,0.));
#229 = ORIENTED_EDGE('',*,*,#230,.F.);
#230 = EDGE_CURVE('',#231,#223,#233,.T.);
#231 = VERTEX_POINT('',#232);
#232 = CARTESIAN_POINT('',(2.8575,-14.9225,2.54));
#233 = LINE('',#234,#235);
#234 = CARTESIAN_POINT('',(0.47625,-14.9225,2.54));
#235 = VECTOR('',#236,1.);
#236 = DIRECTION('',(-1.,-0.,0.));
#237 = ORIENTED_EDGE('',*,*,#238,.F.);
#238 = EDGE_CURVE('',#213,#231,#239,.T.);
#239 = LINE('',#240,#241);
#240 = CARTESIAN_POINT('',(2.8575,-16.03375,2.54));
#241 = VECTOR('',#242,1.);
#242 = DIRECTION('',(-0.,1.,0.));
#243 = FACE_BOUND('',#244,.T.);
#244 = EDGE_LOOP('',(#245,#255,#263,#271));
#245 = ORIENTED_EDGE('',*,*,#246,.T.);
#246 = EDGE_CURVE('',#247,#249,#251,.T.);
#247 = VERTEX_POINT('',#248);
#248 = CARTESIAN_POINT('',(2.8575,-13.0175,2.54));
#249 = VERTEX_POINT('',#250);
#250 = CARTESIAN_POINT('',(2.2225,-13.0175,2.54));
#251 = LINE('',#252,#253);
#252 = CARTESIAN_POINT('',(0.47625,-13.0175,2.54));
#253 = VECTOR('',#254,1.);
#254 = DIRECTION('',(-1.,-0.,0.));
#255 = ORIENTED_EDGE('',*,*,#256,.T.);
#256 = EDGE_CURVE('',#249,#257,#259,.T.);
#257 = VERTEX_POINT('',#258);
#258 = CARTESIAN_POINT('',(2.2225,-12.3825,2.54));
#259 = LINE('',#260,#261);
#260 = CARTESIAN_POINT('',(2.2225,-14.76375,2.54));
#261 = VECTOR('',#262,1.);
#262 = DIRECTION('',(-0.,1.,0.));
#263 = ORIENTED_EDGE('',*,*,#264,.F.);
#264 = EDGE_CURVE('',#265,#257,#267,.T.);
#265 = VERTEX_POINT('',#266);
#266 = CARTESIAN_POINT('',(2.8575,-12.3825,2.54));
#267 = LINE('',#268,#269);
#268 = CARTESIAN_POINT('',(0.47625,-12.3825,2.54));
#269 = VECTOR('',#270,1.);
#270 = DIRECTION('',(-1.,-0.,0.));
#271 = ORIENTED_EDGE('',*,*,#272,.F.);
#272 = EDGE_CURVE('',#247,#265,#273,.T.);
#273 = LINE('',#274,#275);
#274 = CARTESIAN_POINT('',(2.8575,-14.76375,2.54));
#275 = VECTOR('',#276,1.);
#276 = DIRECTION('',(-0.,1.,0.));
#277 = FACE_BOUND('',#278,.T.);
#278 = EDGE_LOOP('',(#279,#289,#297,#305));
#279 = ORIENTED_EDGE('',*,*,#280,.T.);
#280 = EDGE_CURVE('',#281,#283,#285,.T.);
#281 = VERTEX_POINT('',#282);
#282 = CARTESIAN_POINT('',(2.8575,-10.4775,2.54));
#283 = VERTEX_POINT('',#284);
#284 = CARTESIAN_POINT('',(2.2225,-10.4775,2.54));
#285 = LINE('',#286,#287);
#286 = CARTESIAN_POINT('',(0.47625,-10.4775,2.54));
#287 = VECTOR('',#288,1.);
#288 = DIRECTION('',(-1.,-0.,0.));
#289 = ORIENTED_EDGE('',*,*,#290,.T.);
#290 = EDGE_CURVE('',#283,#291,#293,.T.);
#291 = VERTEX_POINT('',#292);
#292 = CARTESIAN_POINT('',(2.2225,-9.8425,2.54));
#293 = LINE('',#294,#295);
#294 = CARTESIAN_POINT('',(2.2225,-13.49375,2.54));
#295 = VECTOR('',#296,1.);
#296 = DIRECTION('',(-0.,1.,0.));
#297 = ORIENTED_EDGE('',*,*,#298,.F.);
#298 = EDGE_CURVE('',#299,#291,#301,.T.);
#299 = VERTEX_POINT('',#300);
#300 = CARTESIAN_POINT('',(2.8575,-9.8425,2.54));
#301 = LINE('',#302,#303);
#302 = CARTESIAN_POINT('',(0.47625,-9.8425,2.54));
#303 = VECTOR('',#304,1.);
#304 = DIRECTION('',(-1.,-0.,0.));
#305 = ORIENTED_EDGE('',*,*,#306,.F.);
#306 = EDGE_CURVE('',#281,#299,#307,.T.);
#307 = LINE('',#308,#309);
#308 = CARTESIAN_POINT('',(2.8575,-13.49375,2.54));
#309 = VECTOR('',#310,1.);
#310 = DIRECTION('',(-0.,1.,0.));
#311 = FACE_BOUND('',#312,.T.);
#312 = EDGE_LOOP('',(#313,#323,#331,#339));
#313 = ORIENTED_EDGE('',*,*,#314,.T.);
#314 = EDGE_CURVE('',#315,#317,#319,.T.);
#315 = VERTEX_POINT('',#316);
#316 = CARTESIAN_POINT('',(0.3175,-7.9375,2.54));
#317 = VERTEX_POINT('',#318);
#318 = CARTESIAN_POINT('',(-0.3175,-7.9375,2.54));
#319 = LINE('',#320,#321);
#320 = CARTESIAN_POINT('',(-0.79375,-7.9375,2.54));
#321 = VECTOR('',#322,1.);
#322 = DIRECTION('',(-1.,-0.,0.));
#323 = ORIENTED_EDGE('',*,*,#324,.T.);
#324 = EDGE_CURVE('',#317,#325,#327,.T.);
#325 = VERTEX_POINT('',#326);
#326 = CARTESIAN_POINT('',(-0.3175,-7.3025,2.54));
#327 = LINE('',#328,#329);
#328 = CARTESIAN_POINT('',(-0.3175,-12.22375,2.54));
#329 = VECTOR('',#330,1.);
#330 = DIRECTION('',(-0.,1.,0.));
#331 = ORIENTED_EDGE('',*,*,#332,.F.);
#332 = EDGE_CURVE('',#333,#325,#335,.T.);
#333 = VERTEX_POINT('',#334);
#334 = CARTESIAN_POINT('',(0.3175,-7.3025,2.54));
#335 = LINE('',#336,#337);
#336 = CARTESIAN_POINT('',(-0.79375,-7.3025,2.54));
#337 = VECTOR('',#338,1.);
#338 = DIRECTION('',(-1.,-0.,0.));
#339 = ORIENTED_EDGE('',*,*,#340,.F.);
#340 = EDGE_CURVE('',#315,#333,#341,.T.);
#341 = LINE('',#342,#343);
#342 = CARTESIAN_POINT('',(0.3175,-12.22375,2.54));
#343 = VECTOR('',#344,1.);
#344 = DIRECTION('',(-0.,1.,0.));
#345 = FACE_BOUND('',#346,.T.);
#346 = EDGE_LOOP('',(#347,#357,#365,#373));
#347 = ORIENTED_EDGE('',*,*,#348,.T.);
#348 = EDGE_CURVE('',#349,#351,#353,.T.);
#349 = VERTEX_POINT('',#350);
#350 = CARTESIAN_POINT('',(0.3175,-5.3975,2.54));
#351 = VERTEX_POINT('',#352);
#352 = CARTESIAN_POINT('',(-0.3175,-5.3975,2.54));
#353 = LINE('',#354,#355);
#354 = CARTESIAN_POINT('',(-0.79375,-5.3975,2.54));
#355 = VECTOR('',#356,1.);
#356 = DIRECTION('',(-1.,-0.,0.));
#357 = ORIENTED_EDGE('',*,*,#358,.T.);
#358 = EDGE_CURVE('',#351,#359,#361,.T.);
#359 = VERTEX_POINT('',#360);
#360 = CARTESIAN_POINT('',(-0.3175,-4.7625,2.54));
#361 = LINE('',#362,#363);
#362 = CARTESIAN_POINT('',(-0.3175,-10.95375,2.54));
#363 = VECTOR('',#364,1.);
#364 = DIRECTION('',(-0.,1.,0.));
#365 = ORIENTED_EDGE('',*,*,#366,.F.);
#366 = EDGE_CURVE('',#367,#359,#369,.T.);
#367 = VERTEX_POINT('',#368);
#368 = CARTESIAN_POINT('',(0.3175,-4.7625,2.54));
#369 = LINE('',#370,#371);
#370 = CARTESIAN_POINT('',(-0.79375,-4.7625,2.54));
#371 = VECTOR('',#372,1.);
#372 = DIRECTION('',(-1.,-0.,0.));
#373 = ORIENTED_EDGE('',*,*,#374,.F.);
#374 = EDGE_CURVE('',#349,#367,#375,.T.);
#375 = LINE('',#376,#377);
#376 = CARTESIAN_POINT('',(0.3175,-10.95375,2.54));
#377 = VECTOR('',#378,1.);
#378 = DIRECTION('',(-0.,1.,0.));
#379 = FACE_BOUND('',#380,.T.);
#380 = EDGE_LOOP('',(#381,#391,#399,#407));
#381 = ORIENTED_EDGE('',*,*,#382,.T.);
#382 = EDGE_CURVE('',#383,#385,#387,.T.);
#383 = VERTEX_POINT('',#384);
#384 = CARTESIAN_POINT('',(0.3175,-2.8575,2.54));
#385 = VERTEX_POINT('',#386);
#386 = CARTESIAN_POINT('',(-0.3175,-2.8575,2.54));
#387 = LINE('',#388,#389);
#388 = CARTESIAN_POINT('',(-0.79375,-2.8575,2.54));
#389 = VECTOR('',#390,1.);
#390 = DIRECTION('',(-1.,-0.,0.));
#391 = ORIENTED_EDGE('',*,*,#392,.T.);
#392 = EDGE_CURVE('',#385,#393,#395,.T.);
#393 = VERTEX_POINT('',#394);
#394 = CARTESIAN_POINT('',(-0.3175,-2.2225,2.54));
#395 = LINE('',#396,#397);
#396 = CARTESIAN_POINT('',(-0.3175,-9.68375,2.54));
#397 = VECTOR('',#398,1.);
#398 = DIRECTION('',(-0.,1.,0.));
#399 = ORIENTED_EDGE('',*,*,#400,.F.);
#400 = EDGE_CURVE('',#401,#393,#403,.T.);
#401 = VERTEX_POINT('',#402);
#402 = CARTESIAN_POINT('',(0.3175,-2.2225,2.54));
#403 = LINE('',#404,#405);
#404 = CARTESIAN_POINT('',(-0.79375,-2.2225,2.54));
#405 = VECTOR('',#406,1.);
#406 = DIRECTION('',(-1.,-0.,0.));
#407 = ORIENTED_EDGE('',*,*,#408,.F.);
#408 = EDGE_CURVE('',#383,#401,#409,.T.);
#409 = LINE('',#410,#411);
#410 = CARTESIAN_POINT('',(0.3175,-9.68375,2.54));
#411 = VECTOR('',#412,1.);
#412 = DIRECTION('',(-0.,1.,0.));
#413 = FACE_BOUND('',#414,.T.);
#414 = EDGE_LOOP('',(#415,#425,#433,#441));
#415 = ORIENTED_EDGE('',*,*,#416,.T.);
#416 = EDGE_CURVE('',#417,#419,#421,.T.);
#417 = VERTEX_POINT('',#418);
#418 = CARTESIAN_POINT('',(0.3175,-0.3175,2.54));
#419 = VERTEX_POINT('',#420);
#420 = CARTESIAN_POINT('',(-0.3175,-0.3175,2.54));
#421 = LINE('',#422,#423);
#422 = CARTESIAN_POINT('',(-0.79375,-0.3175,2.54));
#423 = VECTOR('',#424,1.);
#424 = DIRECTION('',(-1.,-0.,0.));
#425 = ORIENTED_EDGE('',*,*,#426,.T.);
#426 = EDGE_CURVE('',#419,#427,#429,.T.);
#427 = VERTEX_POINT('',#428);
#428 = CARTESIAN_POINT('',(-0.3175,0.3175,2.54));
#429 = LINE('',#430,#431);
#430 = CARTESIAN_POINT('',(-0.3175,-8.41375,2.54));
#431 = VECTOR('',#432,1.);
#432 = DIRECTION('',(-0.,1.,0.));
#433 = ORIENTED_EDGE('',*,*,#434,.F.);
#434 = EDGE_CURVE('',#435,#427,#437,.T.);
#435 = VERTEX_POINT('',#436);
#436 = CARTESIAN_POINT('',(0.3175,0.3175,2.54));
#437 = LINE('',#438,#439);
#438 = CARTESIAN_POINT('',(-0.79375,0.3175,2.54));
#439 = VECTOR('',#440,1.);
#440 = DIRECTION('',(-1.,-0.,0.));
#441 = ORIENTED_EDGE('',*,*,#442,.F.);
#442 = EDGE_CURVE('',#417,#435,#443,.T.);
#443 = LINE('',#444,#445);
#444 = CARTESIAN_POINT('',(0.3175,-8.41375,2.54));
#445 = VECTOR('',#446,1.);
#446 = DIRECTION('',(-0.,1.,0.));
#447 = FACE_BOUND('',#448,.T.);
#448 = EDGE_LOOP('',(#449,#459,#467,#475));
#449 = ORIENTED_EDGE('',*,*,#450,.T.);
#450 = EDGE_CURVE('',#451,#453,#455,.T.);
#451 = VERTEX_POINT('',#452);
#452 = CARTESIAN_POINT('',(2.8575,-7.9375,2.54));
#453 = VERTEX_POINT('',#454);
#454 = CARTESIAN_POINT('',(2.2225,-7.9375,2.54));
#455 = LINE('',#456,#457);
#456 = CARTESIAN_POINT('',(0.47625,-7.9375,2.54));
#457 = VECTOR('',#458,1.);
#458 = DIRECTION('',(-1.,-0.,0.));
#459 = ORIENTED_EDGE('',*,*,#460,.T.);
#460 = EDGE_CURVE('',#453,#461,#463,.T.);
#461 = VERTEX_POINT('',#462);
#462 = CARTESIAN_POINT('',(2.2225,-7.3025,2.54));
#463 = LINE('',#464,#465);
#464 = CARTESIAN_POINT('',(2.2225,-12.22375,2.54));
#465 = VECTOR('',#466,1.);
#466 = DIRECTION('',(-0.,1.,0.));
#467 = ORIENTED_EDGE('',*,*,#468,.F.);
#468 = EDGE_CURVE('',#469,#461,#471,.T.);
#469 = VERTEX_POINT('',#470);
#470 = CARTESIAN_POINT('',(2.8575,-7.3025,2.54));
#471 = LINE('',#472,#473);
#472 = CARTESIAN_POINT('',(0.47625,-7.3025,2.54));
#473 = VECTOR('',#474,1.);
#474 = DIRECTION('',(-1.,-0.,0.));
#475 = ORIENTED_EDGE('',*,*,#476,.F.);
#476 = EDGE_CURVE('',#451,#469,#477,.T.);
#477 = LINE('',#478,#479);
#478 = CARTESIAN_POINT('',(2.8575,-12.22375,2.54));
#479 = VECTOR('',#480,1.);
#480 = DIRECTION('',(-0.,1.,0.));
#481 = FACE_BOUND('',#482,.T.);
#482 = EDGE_LOOP('',(#483,#493,#501,#509));
#483 = ORIENTED_EDGE('',*,*,#484,.T.);
#484 = EDGE_CURVE('',#485,#487,#489,.T.);
#485 = VERTEX_POINT('',#486);
#486 = CARTESIAN_POINT('',(2.8575,-5.3975,2.54));
#487 = VERTEX_POINT('',#488);
#488 = CARTESIAN_POINT('',(2.2225,-5.3975,2.54));
#489 = LINE('',#490,#491);
#490 = CARTESIAN_POINT('',(0.47625,-5.3975,2.54));
#491 = VECTOR('',#492,1.);
#492 = DIRECTION('',(-1.,-0.,0.));
#493 = ORIENTED_EDGE('',*,*,#494,.T.);
#494 = EDGE_CURVE('',#487,#495,#497,.T.);
#495 = VERTEX_POINT('',#496);
#496 = CARTESIAN_POINT('',(2.2225,-4.7625,2.54));
#497 = LINE('',#498,#499);
#498 = CARTESIAN_POINT('',(2.2225,-10.95375,2.54));
#499 = VECTOR('',#500,1.);
#500 = DIRECTION('',(-0.,1.,0.));
#501 = ORIENTED_EDGE('',*,*,#502,.F.);
#502 = EDGE_CURVE('',#503,#495,#505,.T.);
#503 = VERTEX_POINT('',#504);
#504 = CARTESIAN_POINT('',(2.8575,-4.7625,2.54));
#505 = LINE('',#506,#507);
#506 = CARTESIAN_POINT('',(0.47625,-4.7625,2.54));
#507 = VECTOR('',#508,1.);
#508 = DIRECTION('',(-1.,-0.,0.));
#509 = ORIENTED_EDGE('',*,*,#510,.F.);
#510 = EDGE_CURVE('',#485,#503,#511,.T.);
#511 = LINE('',#512,#513);
#512 = CARTESIAN_POINT('',(2.8575,-10.95375,2.54));
#513 = VECTOR('',#514,1.);
#514 = DIRECTION('',(-0.,1.,0.));
#515 = FACE_BOUND('',#516,.T.);
#516 = EDGE_LOOP('',(#517,#527,#535,#543));
#517 = ORIENTED_EDGE('',*,*,#518,.T.);
#518 = EDGE_CURVE('',#519,#521,#523,.T.);
#519 = VERTEX_POINT('',#520);
#520 = CARTESIAN_POINT('',(2.8575,-2.8575,2.54));
#521 = VERTEX_POINT('',#522);
#522 = CARTESIAN_POINT('',(2.2225,-2.8575,2.54));
#523 = LINE('',#524,#525);
#524 = CARTESIAN_POINT('',(0.47625,-2.8575,2.54));
#525 = VECTOR('',#526,1.);
#526 = DIRECTION('',(-1.,-0.,0.));
#527 = ORIENTED_EDGE('',*,*,#528,.T.);
#528 = EDGE_CURVE('',#521,#529,#531,.T.);
#529 = VERTEX_POINT('',#530);
#530 = CARTESIAN_POINT('',(2.2225,-2.2225,2.54));
#531 = LINE('',#532,#533);
#532 = CARTESIAN_POINT('',(2.2225,-9.68375,2.54));
#533 = VECTOR('',#534,1.);
#534 = DIRECTION('',(-0.,1.,0.));
#535 = ORIENTED_EDGE('',*,*,#536,.F.);
#536 = EDGE_CURVE('',#537,#529,#539,.T.);
#537 = VERTEX_POINT('',#538);
#538 = CARTESIAN_POINT('',(2.8575,-2.2225,2.54));
#539 = LINE('',#540,#541);
#540 = CARTESIAN_POINT('',(0.47625,-2.2225,2.54));
#541 = VECTOR('',#542,1.);
#542 = DIRECTION('',(-1.,-0.,0.));
#543 = ORIENTED_EDGE('',*,*,#544,.F.);
#544 = EDGE_CURVE('',#519,#537,#545,.T.);
#545 = LINE('',#546,#547);
#546 = CARTESIAN_POINT('',(2.8575,-9.68375,2.54));
#547 = VECTOR('',#548,1.);
#548 = DIRECTION('',(-0.,1.,0.));
#549 = FACE_BOUND('',#550,.T.);
#550 = EDGE_LOOP('',(#551,#561,#569,#577));
#551 = ORIENTED_EDGE('',*,*,#552,.T.);
#552 = EDGE_CURVE('',#553,#555,#557,.T.);
#553 = VERTEX_POINT('',#554);
#554 = CARTESIAN_POINT('',(2.8575,-0.3175,2.54));
#555 = VERTEX_POINT('',#556);
#556 = CARTESIAN_POINT('',(2.2225,-0.3175,2.54));
#557 = LINE('',#558,#559);
#558 = CARTESIAN_POINT('',(0.47625,-0.3175,2.54));
#559 = VECTOR('',#560,1.);
#560 = DIRECTION('',(-1.,-0.,0.));
#561 = ORIENTED_EDGE('',*,*,#562,.T.);
#562 = EDGE_CURVE('',#555,#563,#565,.T.);
#563 = VERTEX_POINT('',#564);
#564 = CARTESIAN_POINT('',(2.2225,0.3175,2.54));
#565 = LINE('',#566,#567);
#566 = CARTESIAN_POINT('',(2.2225,-8.41375,2.54));
#567 = VECTOR('',#568,1.);
#568 = DIRECTION('',(-0.,1.,0.));
#569 = ORIENTED_EDGE('',*,*,#570,.F.);
#570 = EDGE_CURVE('',#571,#563,#573,.T.);
#571 = VERTEX_POINT('',#572);
#572 = CARTESIAN_POINT('',(2.8575,0.3175,2.54));
#573 = LINE('',#574,#575);
#574 = CARTESIAN_POINT('',(0.47625,0.3175,2.54));
#575 = VECTOR('',#576,1.);
#576 = DIRECTION('',(-1.,-0.,0.));
#577 = ORIENTED_EDGE('',*,*,#578,.F.);
#578 = EDGE_CURVE('',#553,#571,#579,.T.);
#579 = LINE('',#580,#581);
#580 = CARTESIAN_POINT('',(2.8575,-8.41375,2.54));
#581 = VECTOR('',#582,1.);
#582 = DIRECTION('',(-0.,1.,0.));
#583 = PLANE('',#584);
#584 = AXIS2_PLACEMENT_3D('',#585,#586,#587);
#585 = CARTESIAN_POINT('',(-1.27,-16.51,2.54));
#586 = DIRECTION('',(0.,0.,1.));
#587 = DIRECTION('',(1.,0.,-0.));
#588 = ADVANCED_FACE('',(#589),#607,.T.);
#589 = FACE_BOUND('',#590,.T.);
#590 = EDGE_LOOP('',(#591,#599,#600,#601));
#591 = ORIENTED_EDGE('',*,*,#592,.F.);
#592 = EDGE_CURVE('',#32,#593,#595,.T.);
#593 = VERTEX_POINT('',#594);
#594 = CARTESIAN_POINT('',(3.81,1.27,0.));
#595 = LINE('',#596,#597);
#596 = CARTESIAN_POINT('',(-1.27,1.27,0.));
#597 = VECTOR('',#598,1.);
#598 = DIRECTION('',(1.,0.,-0.));
#599 = ORIENTED_EDGE('',*,*,#39,.T.);
#600 = ORIENTED_EDGE('',*,*,#102,.T.);
#601 = ORIENTED_EDGE('',*,*,#602,.F.);
#602 = EDGE_CURVE('',#593,#95,#603,.T.);
#603 = LINE('',#604,#605);
#604 = CARTESIAN_POINT('',(3.81,1.27,0.));
#605 = VECTOR('',#606,1.);
#606 = DIRECTION('',(0.,0.,1.));
#607 = PLANE('',#608);
#608 = AXIS2_PLACEMENT_3D('',#609,#610,#611);
#609 = CARTESIAN_POINT('',(-1.27,1.27,0.));
#610 = DIRECTION('',(-0.,1.,0.));
#611 = DIRECTION('',(0.,0.,1.));
#612 = ADVANCED_FACE('',(#613,#624,#658,#692,#726,#760,#794,#828,#862,
    #896,#930,#964,#998,#1032,#1066),#1100,.F.);
#613 = FACE_BOUND('',#614,.F.);
#614 = EDGE_LOOP('',(#615,#616,#617,#623));
#615 = ORIENTED_EDGE('',*,*,#31,.F.);
#616 = ORIENTED_EDGE('',*,*,#61,.T.);
#617 = ORIENTED_EDGE('',*,*,#618,.T.);
#618 = EDGE_CURVE('',#62,#593,#619,.T.);
#619 = LINE('',#620,#621);
#620 = CARTESIAN_POINT('',(3.81,-16.51,0.));
#621 = VECTOR('',#622,1.);
#622 = DIRECTION('',(-0.,1.,0.));
#623 = ORIENTED_EDGE('',*,*,#592,.F.);
#624 = FACE_BOUND('',#625,.F.);
#625 = EDGE_LOOP('',(#626,#636,#644,#652));
#626 = ORIENTED_EDGE('',*,*,#627,.T.);
#627 = EDGE_CURVE('',#628,#630,#632,.T.);
#628 = VERTEX_POINT('',#629);
#629 = CARTESIAN_POINT('',(0.3175,-15.5575,0.));
#630 = VERTEX_POINT('',#631);
#631 = CARTESIAN_POINT('',(-0.3175,-15.5575,0.));
#632 = LINE('',#633,#634);
#633 = CARTESIAN_POINT('',(-0.79375,-15.5575,0.));
#634 = VECTOR('',#635,1.);
#635 = DIRECTION('',(-1.,-0.,0.));
#636 = ORIENTED_EDGE('',*,*,#637,.T.);
#637 = EDGE_CURVE('',#630,#638,#640,.T.);
#638 = VERTEX_POINT('',#639);
#639 = CARTESIAN_POINT('',(-0.3175,-14.9225,0.));
#640 = LINE('',#641,#642);
#641 = CARTESIAN_POINT('',(-0.3175,-16.03375,0.));
#642 = VECTOR('',#643,1.);
#643 = DIRECTION('',(-0.,1.,0.));
#644 = ORIENTED_EDGE('',*,*,#645,.F.);
#645 = EDGE_CURVE('',#646,#638,#648,.T.);
#646 = VERTEX_POINT('',#647);
#647 = CARTESIAN_POINT('',(0.3175,-14.9225,0.));
#648 = LINE('',#649,#650);
#649 = CARTESIAN_POINT('',(-0.79375,-14.9225,0.));
#650 = VECTOR('',#651,1.);
#651 = DIRECTION('',(-1.,-0.,0.));
#652 = ORIENTED_EDGE('',*,*,#653,.F.);
#653 = EDGE_CURVE('',#628,#646,#654,.T.);
#654 = LINE('',#655,#656);
#655 = CARTESIAN_POINT('',(0.3175,-16.03375,0.));
#656 = VECTOR('',#657,1.);
#657 = DIRECTION('',(-0.,1.,0.));
#658 = FACE_BOUND('',#659,.F.);
#659 = EDGE_LOOP('',(#660,#670,#678,#686));
#660 = ORIENTED_EDGE('',*,*,#661,.T.);
#661 = EDGE_CURVE('',#662,#664,#666,.T.);
#662 = VERTEX_POINT('',#663);
#663 = CARTESIAN_POINT('',(0.3175,-13.0175,0.));
#664 = VERTEX_POINT('',#665);
#665 = CARTESIAN_POINT('',(-0.3175,-13.0175,0.));
#666 = LINE('',#667,#668);
#667 = CARTESIAN_POINT('',(-0.79375,-13.0175,0.));
#668 = VECTOR('',#669,1.);
#669 = DIRECTION('',(-1.,-0.,0.));
#670 = ORIENTED_EDGE('',*,*,#671,.T.);
#671 = EDGE_CURVE('',#664,#672,#674,.T.);
#672 = VERTEX_POINT('',#673);
#673 = CARTESIAN_POINT('',(-0.3175,-12.3825,0.));
#674 = LINE('',#675,#676);
#675 = CARTESIAN_POINT('',(-0.3175,-14.76375,0.));
#676 = VECTOR('',#677,1.);
#677 = DIRECTION('',(-0.,1.,0.));
#678 = ORIENTED_EDGE('',*,*,#679,.F.);
#679 = EDGE_CURVE('',#680,#672,#682,.T.);
#680 = VERTEX_POINT('',#681);
#681 = CARTESIAN_POINT('',(0.3175,-12.3825,0.));
#682 = LINE('',#683,#684);
#683 = CARTESIAN_POINT('',(-0.79375,-12.3825,0.));
#684 = VECTOR('',#685,1.);
#685 = DIRECTION('',(-1.,-0.,0.));
#686 = ORIENTED_EDGE('',*,*,#687,.F.);
#687 = EDGE_CURVE('',#662,#680,#688,.T.);
#688 = LINE('',#689,#690);
#689 = CARTESIAN_POINT('',(0.3175,-14.76375,0.));
#690 = VECTOR('',#691,1.);
#691 = DIRECTION('',(-0.,1.,0.));
#692 = FACE_BOUND('',#693,.F.);
#693 = EDGE_LOOP('',(#694,#704,#712,#720));
#694 = ORIENTED_EDGE('',*,*,#695,.T.);
#695 = EDGE_CURVE('',#696,#698,#700,.T.);
#696 = VERTEX_POINT('',#697);
#697 = CARTESIAN_POINT('',(0.3175,-10.4775,0.));
#698 = VERTEX_POINT('',#699);
#699 = CARTESIAN_POINT('',(-0.3175,-10.4775,0.));
#700 = LINE('',#701,#702);
#701 = CARTESIAN_POINT('',(-0.79375,-10.4775,0.));
#702 = VECTOR('',#703,1.);
#703 = DIRECTION('',(-1.,-0.,0.));
#704 = ORIENTED_EDGE('',*,*,#705,.T.);
#705 = EDGE_CURVE('',#698,#706,#708,.T.);
#706 = VERTEX_POINT('',#707);
#707 = CARTESIAN_POINT('',(-0.3175,-9.8425,0.));
#708 = LINE('',#709,#710);
#709 = CARTESIAN_POINT('',(-0.3175,-13.49375,0.));
#710 = VECTOR('',#711,1.);
#711 = DIRECTION('',(-0.,1.,0.));
#712 = ORIENTED_EDGE('',*,*,#713,.F.);
#713 = EDGE_CURVE('',#714,#706,#716,.T.);
#714 = VERTEX_POINT('',#715);
#715 = CARTESIAN_POINT('',(0.3175,-9.8425,0.));
#716 = LINE('',#717,#718);
#717 = CARTESIAN_POINT('',(-0.79375,-9.8425,0.));
#718 = VECTOR('',#719,1.);
#719 = DIRECTION('',(-1.,-0.,0.));
#720 = ORIENTED_EDGE('',*,*,#721,.F.);
#721 = EDGE_CURVE('',#696,#714,#722,.T.);
#722 = LINE('',#723,#724);
#723 = CARTESIAN_POINT('',(0.3175,-13.49375,0.));
#724 = VECTOR('',#725,1.);
#725 = DIRECTION('',(-0.,1.,0.));
#726 = FACE_BOUND('',#727,.F.);
#727 = EDGE_LOOP('',(#728,#738,#746,#754));
#728 = ORIENTED_EDGE('',*,*,#729,.T.);
#729 = EDGE_CURVE('',#730,#732,#734,.T.);
#730 = VERTEX_POINT('',#731);
#731 = CARTESIAN_POINT('',(2.8575,-15.5575,0.));
#732 = VERTEX_POINT('',#733);
#733 = CARTESIAN_POINT('',(2.2225,-15.5575,0.));
#734 = LINE('',#735,#736);
#735 = CARTESIAN_POINT('',(0.47625,-15.5575,0.));
#736 = VECTOR('',#737,1.);
#737 = DIRECTION('',(-1.,-0.,0.));
#738 = ORIENTED_EDGE('',*,*,#739,.T.);
#739 = EDGE_CURVE('',#732,#740,#742,.T.);
#740 = VERTEX_POINT('',#741);
#741 = CARTESIAN_POINT('',(2.2225,-14.9225,0.));
#742 = LINE('',#743,#744);
#743 = CARTESIAN_POINT('',(2.2225,-16.03375,0.));
#744 = VECTOR('',#745,1.);
#745 = DIRECTION('',(-0.,1.,0.));
#746 = ORIENTED_EDGE('',*,*,#747,.F.);
#747 = EDGE_CURVE('',#748,#740,#750,.T.);
#748 = VERTEX_POINT('',#749);
#749 = CARTESIAN_POINT('',(2.8575,-14.9225,0.));
#750 = LINE('',#751,#752);
#751 = CARTESIAN_POINT('',(0.47625,-14.9225,0.));
#752 = VECTOR('',#753,1.);
#753 = DIRECTION('',(-1.,-0.,0.));
#754 = ORIENTED_EDGE('',*,*,#755,.F.);
#755 = EDGE_CURVE('',#730,#748,#756,.T.);
#756 = LINE('',#757,#758);
#757 = CARTESIAN_POINT('',(2.8575,-16.03375,0.));
#758 = VECTOR('',#759,1.);
#759 = DIRECTION('',(-0.,1.,0.));
#760 = FACE_BOUND('',#761,.F.);
#761 = EDGE_LOOP('',(#762,#772,#780,#788));
#762 = ORIENTED_EDGE('',*,*,#763,.T.);
#763 = EDGE_CURVE('',#764,#766,#768,.T.);
#764 = VERTEX_POINT('',#765);
#765 = CARTESIAN_POINT('',(2.8575,-13.0175,0.));
#766 = VERTEX_POINT('',#767);
#767 = CARTESIAN_POINT('',(2.2225,-13.0175,0.));
#768 = LINE('',#769,#770);
#769 = CARTESIAN_POINT('',(0.47625,-13.0175,0.));
#770 = VECTOR('',#771,1.);
#771 = DIRECTION('',(-1.,-0.,0.));
#772 = ORIENTED_EDGE('',*,*,#773,.T.);
#773 = EDGE_CURVE('',#766,#774,#776,.T.);
#774 = VERTEX_POINT('',#775);
#775 = CARTESIAN_POINT('',(2.2225,-12.3825,0.));
#776 = LINE('',#777,#778);
#777 = CARTESIAN_POINT('',(2.2225,-14.76375,0.));
#778 = VECTOR('',#779,1.);
#779 = DIRECTION('',(-0.,1.,0.));
#780 = ORIENTED_EDGE('',*,*,#781,.F.);
#781 = EDGE_CURVE('',#782,#774,#784,.T.);
#782 = VERTEX_POINT('',#783);
#783 = CARTESIAN_POINT('',(2.8575,-12.3825,0.));
#784 = LINE('',#785,#786);
#785 = CARTESIAN_POINT('',(0.47625,-12.3825,0.));
#786 = VECTOR('',#787,1.);
#787 = DIRECTION('',(-1.,-0.,0.));
#788 = ORIENTED_EDGE('',*,*,#789,.F.);
#789 = EDGE_CURVE('',#764,#782,#790,.T.);
#790 = LINE('',#791,#792);
#791 = CARTESIAN_POINT('',(2.8575,-14.76375,0.));
#792 = VECTOR('',#793,1.);
#793 = DIRECTION('',(-0.,1.,0.));
#794 = FACE_BOUND('',#795,.F.);
#795 = EDGE_LOOP('',(#796,#806,#814,#822));
#796 = ORIENTED_EDGE('',*,*,#797,.T.);
#797 = EDGE_CURVE('',#798,#800,#802,.T.);
#798 = VERTEX_POINT('',#799);
#799 = CARTESIAN_POINT('',(2.8575,-10.4775,0.));
#800 = VERTEX_POINT('',#801);
#801 = CARTESIAN_POINT('',(2.2225,-10.4775,0.));
#802 = LINE('',#803,#804);
#803 = CARTESIAN_POINT('',(0.47625,-10.4775,0.));
#804 = VECTOR('',#805,1.);
#805 = DIRECTION('',(-1.,-0.,0.));
#806 = ORIENTED_EDGE('',*,*,#807,.T.);
#807 = EDGE_CURVE('',#800,#808,#810,.T.);
#808 = VERTEX_POINT('',#809);
#809 = CARTESIAN_POINT('',(2.2225,-9.8425,0.));
#810 = LINE('',#811,#812);
#811 = CARTESIAN_POINT('',(2.2225,-13.49375,0.));
#812 = VECTOR('',#813,1.);
#813 = DIRECTION('',(-0.,1.,0.));
#814 = ORIENTED_EDGE('',*,*,#815,.F.);
#815 = EDGE_CURVE('',#816,#808,#818,.T.);
#816 = VERTEX_POINT('',#817);
#817 = CARTESIAN_POINT('',(2.8575,-9.8425,0.));
#818 = LINE('',#819,#820);
#819 = CARTESIAN_POINT('',(0.47625,-9.8425,0.));
#820 = VECTOR('',#821,1.);
#821 = DIRECTION('',(-1.,-0.,0.));
#822 = ORIENTED_EDGE('',*,*,#823,.F.);
#823 = EDGE_CURVE('',#798,#816,#824,.T.);
#824 = LINE('',#825,#826);
#825 = CARTESIAN_POINT('',(2.8575,-13.49375,0.));
#826 = VECTOR('',#827,1.);
#827 = DIRECTION('',(-0.,1.,0.));
#828 = FACE_BOUND('',#829,.F.);
#829 = EDGE_LOOP('',(#830,#840,#848,#856));
#830 = ORIENTED_EDGE('',*,*,#831,.T.);
#831 = EDGE_CURVE('',#832,#834,#836,.T.);
#832 = VERTEX_POINT('',#833);
#833 = CARTESIAN_POINT('',(0.3175,-7.9375,0.));
#834 = VERTEX_POINT('',#835);
#835 = CARTESIAN_POINT('',(-0.3175,-7.9375,0.));
#836 = LINE('',#837,#838);
#837 = CARTESIAN_POINT('',(-0.79375,-7.9375,0.));
#838 = VECTOR('',#839,1.);
#839 = DIRECTION('',(-1.,-0.,0.));
#840 = ORIENTED_EDGE('',*,*,#841,.T.);
#841 = EDGE_CURVE('',#834,#842,#844,.T.);
#842 = VERTEX_POINT('',#843);
#843 = CARTESIAN_POINT('',(-0.3175,-7.3025,0.));
#844 = LINE('',#845,#846);
#845 = CARTESIAN_POINT('',(-0.3175,-12.22375,0.));
#846 = VECTOR('',#847,1.);
#847 = DIRECTION('',(-0.,1.,0.));
#848 = ORIENTED_EDGE('',*,*,#849,.F.);
#849 = EDGE_CURVE('',#850,#842,#852,.T.);
#850 = VERTEX_POINT('',#851);
#851 = CARTESIAN_POINT('',(0.3175,-7.3025,0.));
#852 = LINE('',#853,#854);
#853 = CARTESIAN_POINT('',(-0.79375,-7.3025,0.));
#854 = VECTOR('',#855,1.);
#855 = DIRECTION('',(-1.,-0.,0.));
#856 = ORIENTED_EDGE('',*,*,#857,.F.);
#857 = EDGE_CURVE('',#832,#850,#858,.T.);
#858 = LINE('',#859,#860);
#859 = CARTESIAN_POINT('',(0.3175,-12.22375,0.));
#860 = VECTOR('',#861,1.);
#861 = DIRECTION('',(-0.,1.,0.));
#862 = FACE_BOUND('',#863,.F.);
#863 = EDGE_LOOP('',(#864,#874,#882,#890));
#864 = ORIENTED_EDGE('',*,*,#865,.T.);
#865 = EDGE_CURVE('',#866,#868,#870,.T.);
#866 = VERTEX_POINT('',#867);
#867 = CARTESIAN_POINT('',(0.3175,-5.3975,0.));
#868 = VERTEX_POINT('',#869);
#869 = CARTESIAN_POINT('',(-0.3175,-5.3975,0.));
#870 = LINE('',#871,#872);
#871 = CARTESIAN_POINT('',(-0.79375,-5.3975,0.));
#872 = VECTOR('',#873,1.);
#873 = DIRECTION('',(-1.,-0.,0.));
#874 = ORIENTED_EDGE('',*,*,#875,.T.);
#875 = EDGE_CURVE('',#868,#876,#878,.T.);
#876 = VERTEX_POINT('',#877);
#877 = CARTESIAN_POINT('',(-0.3175,-4.7625,0.));
#878 = LINE('',#879,#880);
#879 = CARTESIAN_POINT('',(-0.3175,-10.95375,0.));
#880 = VECTOR('',#881,1.);
#881 = DIRECTION('',(-0.,1.,0.));
#882 = ORIENTED_EDGE('',*,*,#883,.F.);
#883 = EDGE_CURVE('',#884,#876,#886,.T.);
#884 = VERTEX_POINT('',#885);
#885 = CARTESIAN_POINT('',(0.3175,-4.7625,0.));
#886 = LINE('',#887,#888);
#887 = CARTESIAN_POINT('',(-0.79375,-4.7625,0.));
#888 = VECTOR('',#889,1.);
#889 = DIRECTION('',(-1.,-0.,0.));
#890 = ORIENTED_EDGE('',*,*,#891,.F.);
#891 = EDGE_CURVE('',#866,#884,#892,.T.);
#892 = LINE('',#893,#894);
#893 = CARTESIAN_POINT('',(0.3175,-10.95375,0.));
#894 = VECTOR('',#895,1.);
#895 = DIRECTION('',(-0.,1.,0.));
#896 = FACE_BOUND('',#897,.F.);
#897 = EDGE_LOOP('',(#898,#908,#916,#924));
#898 = ORIENTED_EDGE('',*,*,#899,.T.);
#899 = EDGE_CURVE('',#900,#902,#904,.T.);
#900 = VERTEX_POINT('',#901);
#901 = CARTESIAN_POINT('',(0.3175,-2.8575,0.));
#902 = VERTEX_POINT('',#903);
#903 = CARTESIAN_POINT('',(-0.3175,-2.8575,0.));
#904 = LINE('',#905,#906);
#905 = CARTESIAN_POINT('',(-0.79375,-2.8575,0.));
#906 = VECTOR('',#907,1.);
#907 = DIRECTION('',(-1.,-0.,0.));
#908 = ORIENTED_EDGE('',*,*,#909,.T.);
#909 = EDGE_CURVE('',#902,#910,#912,.T.);
#910 = VERTEX_POINT('',#911);
#911 = CARTESIAN_POINT('',(-0.3175,-2.2225,0.));
#912 = LINE('',#913,#914);
#913 = CARTESIAN_POINT('',(-0.3175,-9.68375,0.));
#914 = VECTOR('',#915,1.);
#915 = DIRECTION('',(-0.,1.,0.));
#916 = ORIENTED_EDGE('',*,*,#917,.F.);
#917 = EDGE_CURVE('',#918,#910,#920,.T.);
#918 = VERTEX_POINT('',#919);
#919 = CARTESIAN_POINT('',(0.3175,-2.2225,0.));
#920 = LINE('',#921,#922);
#921 = CARTESIAN_POINT('',(-0.79375,-2.2225,0.));
#922 = VECTOR('',#923,1.);
#923 = DIRECTION('',(-1.,-0.,0.));
#924 = ORIENTED_EDGE('',*,*,#925,.F.);
#925 = EDGE_CURVE('',#900,#918,#926,.T.);
#926 = LINE('',#927,#928);
#927 = CARTESIAN_POINT('',(0.3175,-9.68375,0.));
#928 = VECTOR('',#929,1.);
#929 = DIRECTION('',(-0.,1.,0.));
#930 = FACE_BOUND('',#931,.F.);
#931 = EDGE_LOOP('',(#932,#942,#950,#958));
#932 = ORIENTED_EDGE('',*,*,#933,.T.);
#933 = EDGE_CURVE('',#934,#936,#938,.T.);
#934 = VERTEX_POINT('',#935);
#935 = CARTESIAN_POINT('',(0.3175,-0.3175,0.));
#936 = VERTEX_POINT('',#937);
#937 = CARTESIAN_POINT('',(-0.3175,-0.3175,0.));
#938 = LINE('',#939,#940);
#939 = CARTESIAN_POINT('',(-0.79375,-0.3175,0.));
#940 = VECTOR('',#941,1.);
#941 = DIRECTION('',(-1.,-0.,0.));
#942 = ORIENTED_EDGE('',*,*,#943,.T.);
#943 = EDGE_CURVE('',#936,#944,#946,.T.);
#944 = VERTEX_POINT('',#945);
#945 = CARTESIAN_POINT('',(-0.3175,0.3175,0.));
#946 = LINE('',#947,#948);
#947 = CARTESIAN_POINT('',(-0.3175,-8.41375,0.));
#948 = VECTOR('',#949,1.);
#949 = DIRECTION('',(-0.,1.,0.));
#950 = ORIENTED_EDGE('',*,*,#951,.F.);
#951 = EDGE_CURVE('',#952,#944,#954,.T.);
#952 = VERTEX_POINT('',#953);
#953 = CARTESIAN_POINT('',(0.3175,0.3175,0.));
#954 = LINE('',#955,#956);
#955 = CARTESIAN_POINT('',(-0.79375,0.3175,0.));
#956 = VECTOR('',#957,1.);
#957 = DIRECTION('',(-1.,-0.,0.));
#958 = ORIENTED_EDGE('',*,*,#959,.F.);
#959 = EDGE_CURVE('',#934,#952,#960,.T.);
#960 = LINE('',#961,#962);
#961 = CARTESIAN_POINT('',(0.3175,-8.41375,0.));
#962 = VECTOR('',#963,1.);
#963 = DIRECTION('',(-0.,1.,0.));
#964 = FACE_BOUND('',#965,.F.);
#965 = EDGE_LOOP('',(#966,#976,#984,#992));
#966 = ORIENTED_EDGE('',*,*,#967,.T.);
#967 = EDGE_CURVE('',#968,#970,#972,.T.);
#968 = VERTEX_POINT('',#969);
#969 = CARTESIAN_POINT('',(2.8575,-7.9375,0.));
#970 = VERTEX_POINT('',#971);
#971 = CARTESIAN_POINT('',(2.2225,-7.9375,0.));
#972 = LINE('',#973,#974);
#973 = CARTESIAN_POINT('',(0.47625,-7.9375,0.));
#974 = VECTOR('',#975,1.);
#975 = DIRECTION('',(-1.,-0.,0.));
#976 = ORIENTED_EDGE('',*,*,#977,.T.);
#977 = EDGE_CURVE('',#970,#978,#980,.T.);
#978 = VERTEX_POINT('',#979);
#979 = CARTESIAN_POINT('',(2.2225,-7.3025,0.));
#980 = LINE('',#981,#982);
#981 = CARTESIAN_POINT('',(2.2225,-12.22375,0.));
#982 = VECTOR('',#983,1.);
#983 = DIRECTION('',(-0.,1.,0.));
#984 = ORIENTED_EDGE('',*,*,#985,.F.);
#985 = EDGE_CURVE('',#986,#978,#988,.T.);
#986 = VERTEX_POINT('',#987);
#987 = CARTESIAN_POINT('',(2.8575,-7.3025,0.));
#988 = LINE('',#989,#990);
#989 = CARTESIAN_POINT('',(0.47625,-7.3025,0.));
#990 = VECTOR('',#991,1.);
#991 = DIRECTION('',(-1.,-0.,0.));
#992 = ORIENTED_EDGE('',*,*,#993,.F.);
#993 = EDGE_CURVE('',#968,#986,#994,.T.);
#994 = LINE('',#995,#996);
#995 = CARTESIAN_POINT('',(2.8575,-12.22375,0.));
#996 = VECTOR('',#997,1.);
#997 = DIRECTION('',(-0.,1.,0.));
#998 = FACE_BOUND('',#999,.F.);
#999 = EDGE_LOOP('',(#1000,#1010,#1018,#1026));
#1000 = ORIENTED_EDGE('',*,*,#1001,.T.);
#1001 = EDGE_CURVE('',#1002,#1004,#1006,.T.);
#1002 = VERTEX_POINT('',#1003);
#1003 = CARTESIAN_POINT('',(2.8575,-5.3975,0.));
#1004 = VERTEX_POINT('',#1005);
#1005 = CARTESIAN_POINT('',(2.2225,-5.3975,0.));
#1006 = LINE('',#1007,#1008);
#1007 = CARTESIAN_POINT('',(0.47625,-5.3975,0.));
#1008 = VECTOR('',#1009,1.);
#1009 = DIRECTION('',(-1.,-0.,0.));
#1010 = ORIENTED_EDGE('',*,*,#1011,.T.);
#1011 = EDGE_CURVE('',#1004,#1012,#1014,.T.);
#1012 = VERTEX_POINT('',#1013);
#1013 = CARTESIAN_POINT('',(2.2225,-4.7625,0.));
#1014 = LINE('',#1015,#1016);
#1015 = CARTESIAN_POINT('',(2.2225,-10.95375,0.));
#1016 = VECTOR('',#1017,1.);
#1017 = DIRECTION('',(-0.,1.,0.));
#1018 = ORIENTED_EDGE('',*,*,#1019,.F.);
#1019 = EDGE_CURVE('',#1020,#1012,#1022,.T.);
#1020 = VERTEX_POINT('',#1021);
#1021 = CARTESIAN_POINT('',(2.8575,-4.7625,0.));
#1022 = LINE('',#1023,#1024);
#1023 = CARTESIAN_POINT('',(0.47625,-4.7625,0.));
#1024 = VECTOR('',#1025,1.);
#1025 = DIRECTION('',(-1.,-0.,0.));
#1026 = ORIENTED_EDGE('',*,*,#1027,.F.);
#1027 = EDGE_CURVE('',#1002,#1020,#1028,.T.);
#1028 = LINE('',#1029,#1030);
#1029 = CARTESIAN_POINT('',(2.8575,-10.95375,0.));
#1030 = VECTOR('',#1031,1.);
#1031 = DIRECTION('',(-0.,1.,0.));
#1032 = FACE_BOUND('',#1033,.F.);
#1033 = EDGE_LOOP('',(#1034,#1044,#1052,#1060));
#1034 = ORIENTED_EDGE('',*,*,#1035,.T.);
#1035 = EDGE_CURVE('',#1036,#1038,#1040,.T.);
#1036 = VERTEX_POINT('',#1037);
#1037 = CARTESIAN_POINT('',(2.8575,-2.8575,0.));
#1038 = VERTEX_POINT('',#1039);
#1039 = CARTESIAN_POINT('',(2.2225,-2.8575,0.));
#1040 = LINE('',#1041,#1042);
#1041 = CARTESIAN_POINT('',(0.47625,-2.8575,0.));
#1042 = VECTOR('',#1043,1.);
#1043 = DIRECTION('',(-1.,-0.,0.));
#1044 = ORIENTED_EDGE('',*,*,#1045,.T.);
#1045 = EDGE_CURVE('',#1038,#1046,#1048,.T.);
#1046 = VERTEX_POINT('',#1047);
#1047 = CARTESIAN_POINT('',(2.2225,-2.2225,0.));
#1048 = LINE('',#1049,#1050);
#1049 = CARTESIAN_POINT('',(2.2225,-9.68375,0.));
#1050 = VECTOR('',#1051,1.);
#1051 = DIRECTION('',(-0.,1.,0.));
#1052 = ORIENTED_EDGE('',*,*,#1053,.F.);
#1053 = EDGE_CURVE('',#1054,#1046,#1056,.T.);
#1054 = VERTEX_POINT('',#1055);
#1055 = CARTESIAN_POINT('',(2.8575,-2.2225,0.));
#1056 = LINE('',#1057,#1058);
#1057 = CARTESIAN_POINT('',(0.47625,-2.2225,0.));
#1058 = VECTOR('',#1059,1.);
#1059 = DIRECTION('',(-1.,-0.,0.));
#1060 = ORIENTED_EDGE('',*,*,#1061,.F.);
#1061 = EDGE_CURVE('',#1036,#1054,#1062,.T.);
#1062 = LINE('',#1063,#1064);
#1063 = CARTESIAN_POINT('',(2.8575,-9.68375,0.));
#1064 = VECTOR('',#1065,1.);
#1065 = DIRECTION('',(-0.,1.,0.));
#1066 = FACE_BOUND('',#1067,.F.);
#1067 = EDGE_LOOP('',(#1068,#1078,#1086,#1094));
#1068 = ORIENTED_EDGE('',*,*,#1069,.T.);
#1069 = EDGE_CURVE('',#1070,#1072,#1074,.T.);
#1070 = VERTEX_POINT('',#1071);
#1071 = CARTESIAN_POINT('',(2.8575,-0.3175,0.));
#1072 = VERTEX_POINT('',#1073);
#1073 = CARTESIAN_POINT('',(2.2225,-0.3175,0.));
#1074 = LINE('',#1075,#1076);
#1075 = CARTESIAN_POINT('',(0.47625,-0.3175,0.));
#1076 = VECTOR('',#1077,1.);
#1077 = DIRECTION('',(-1.,-0.,0.));
#1078 = ORIENTED_EDGE('',*,*,#1079,.T.);
#1079 = EDGE_CURVE('',#1072,#1080,#1082,.T.);
#1080 = VERTEX_POINT('',#1081);
#1081 = CARTESIAN_POINT('',(2.2225,0.3175,0.));
#1082 = LINE('',#1083,#1084);
#1083 = CARTESIAN_POINT('',(2.2225,-8.41375,0.));
#1084 = VECTOR('',#1085,1.);
#1085 = DIRECTION('',(-0.,1.,0.));
#1086 = ORIENTED_EDGE('',*,*,#1087,.F.);
#1087 = EDGE_CURVE('',#1088,#1080,#1090,.T.);
#1088 = VERTEX_POINT('',#1089);
#1089 = CARTESIAN_POINT('',(2.8575,0.3175,0.));
#1090 = LINE('',#1091,#1092);
#1091 = CARTESIAN_POINT('',(0.47625,0.3175,0.));
#1092 = VECTOR('',#1093,1.);
#1093 = DIRECTION('',(-1.,-0.,0.));
#1094 = ORIENTED_EDGE('',*,*,#1095,.F.);
#1095 = EDGE_CURVE('',#1070,#1088,#1096,.T.);
#1096 = LINE('',#1097,#1098);
#1097 = CARTESIAN_POINT('',(2.8575,-8.41375,0.));
#1098 = VECTOR('',#1099,1.);
#1099 = DIRECTION('',(-0.,1.,0.));
#1100 = PLANE('',#1101);
#1101 = AXIS2_PLACEMENT_3D('',#1102,#1103,#1104);
#1102 = CARTESIAN_POINT('',(-1.27,-16.51,0.));
#1103 = DIRECTION('',(0.,0.,1.));
#1104 = DIRECTION('',(1.,0.,-0.));
#1105 = ADVANCED_FACE('',(#1106),#1112,.T.);
#1106 = FACE_BOUND('',#1107,.T.);
#1107 = EDGE_LOOP('',(#1108,#1109,#1110,#1111));
#1108 = ORIENTED_EDGE('',*,*,#78,.F.);
#1109 = ORIENTED_EDGE('',*,*,#618,.T.);
#1110 = ORIENTED_EDGE('',*,*,#602,.T.);
#1111 = ORIENTED_EDGE('',*,*,#94,.F.);
#1112 = PLANE('',#1113);
#1113 = AXIS2_PLACEMENT_3D('',#1114,#1115,#1116);
#1114 = CARTESIAN_POINT('',(3.81,-16.51,0.));
#1115 = DIRECTION('',(1.,0.,-0.));
#1116 = DIRECTION('',(0.,0.,1.));
#1117 = ADVANCED_FACE('',(#1118),#1143,.F.);
#1118 = FACE_BOUND('',#1119,.F.);
#1119 = EDGE_LOOP('',(#1120,#1128,#1129,#1137));
#1120 = ORIENTED_EDGE('',*,*,#1121,.F.);
#1121 = EDGE_CURVE('',#111,#1122,#1124,.T.);
#1122 = VERTEX_POINT('',#1123);
#1123 = CARTESIAN_POINT('',(0.3175,-15.5575,18.28));
#1124 = LINE('',#1125,#1126);
#1125 = CARTESIAN_POINT('',(0.3175,-15.5575,-2.79));
#1126 = VECTOR('',#1127,1.);
#1127 = DIRECTION('',(0.,0.,1.));
#1128 = ORIENTED_EDGE('',*,*,#110,.T.);
#1129 = ORIENTED_EDGE('',*,*,#1130,.T.);
#1130 = EDGE_CURVE('',#113,#1131,#1133,.T.);
#1131 = VERTEX_POINT('',#1132);
#1132 = CARTESIAN_POINT('',(-0.3175,-15.5575,18.28));
#1133 = LINE('',#1134,#1135);
#1134 = CARTESIAN_POINT('',(-0.3175,-15.5575,-2.79));
#1135 = VECTOR('',#1136,1.);
#1136 = DIRECTION('',(0.,0.,1.));
#1137 = ORIENTED_EDGE('',*,*,#1138,.T.);
#1138 = EDGE_CURVE('',#1131,#1122,#1139,.T.);
#1139 = LINE('',#1140,#1141);
#1140 = CARTESIAN_POINT('',(-0.3175,-15.5575,18.28));
#1141 = VECTOR('',#1142,1.);
#1142 = DIRECTION('',(1.,0.,-0.));
#1143 = PLANE('',#1144);
#1144 = AXIS2_PLACEMENT_3D('',#1145,#1146,#1147);
#1145 = CARTESIAN_POINT('',(-0.3175,-15.5575,-2.79));
#1146 = DIRECTION('',(-0.,1.,0.));
#1147 = DIRECTION('',(0.,0.,1.));
#1148 = ADVANCED_FACE('',(#1149),#1167,.T.);
#1149 = FACE_BOUND('',#1150,.T.);
#1150 = EDGE_LOOP('',(#1151,#1152,#1153,#1161));
#1151 = ORIENTED_EDGE('',*,*,#1121,.F.);
#1152 = ORIENTED_EDGE('',*,*,#136,.T.);
#1153 = ORIENTED_EDGE('',*,*,#1154,.T.);
#1154 = EDGE_CURVE('',#129,#1155,#1157,.T.);
#1155 = VERTEX_POINT('',#1156);
#1156 = CARTESIAN_POINT('',(0.3175,-14.9225,18.28));
#1157 = LINE('',#1158,#1159);
#1158 = CARTESIAN_POINT('',(0.3175,-14.9225,-2.79));
#1159 = VECTOR('',#1160,1.);
#1160 = DIRECTION('',(0.,0.,1.));
#1161 = ORIENTED_EDGE('',*,*,#1162,.F.);
#1162 = EDGE_CURVE('',#1122,#1155,#1163,.T.);
#1163 = LINE('',#1164,#1165);
#1164 = CARTESIAN_POINT('',(0.3175,-15.5575,18.28));
#1165 = VECTOR('',#1166,1.);
#1166 = DIRECTION('',(-0.,1.,0.));
#1167 = PLANE('',#1168);
#1168 = AXIS2_PLACEMENT_3D('',#1169,#1170,#1171);
#1169 = CARTESIAN_POINT('',(0.3175,-15.5575,-2.79));
#1170 = DIRECTION('',(1.,0.,-0.));
#1171 = DIRECTION('',(0.,0.,1.));
#1172 = ADVANCED_FACE('',(#1173),#1191,.F.);
#1173 = FACE_BOUND('',#1174,.F.);
#1174 = EDGE_LOOP('',(#1175,#1176,#1177,#1185));
#1175 = ORIENTED_EDGE('',*,*,#1130,.F.);
#1176 = ORIENTED_EDGE('',*,*,#120,.T.);
#1177 = ORIENTED_EDGE('',*,*,#1178,.T.);
#1178 = EDGE_CURVE('',#121,#1179,#1181,.T.);
#1179 = VERTEX_POINT('',#1180);
#1180 = CARTESIAN_POINT('',(-0.3175,-14.9225,18.28));
#1181 = LINE('',#1182,#1183);
#1182 = CARTESIAN_POINT('',(-0.3175,-14.9225,-2.79));
#1183 = VECTOR('',#1184,1.);
#1184 = DIRECTION('',(0.,0.,1.));
#1185 = ORIENTED_EDGE('',*,*,#1186,.F.);
#1186 = EDGE_CURVE('',#1131,#1179,#1187,.T.);
#1187 = LINE('',#1188,#1189);
#1188 = CARTESIAN_POINT('',(-0.3175,-15.5575,18.28));
#1189 = VECTOR('',#1190,1.);
#1190 = DIRECTION('',(-0.,1.,0.));
#1191 = PLANE('',#1192);
#1192 = AXIS2_PLACEMENT_3D('',#1193,#1194,#1195);
#1193 = CARTESIAN_POINT('',(-0.3175,-15.5575,-2.79));
#1194 = DIRECTION('',(1.,0.,-0.));
#1195 = DIRECTION('',(0.,0.,1.));
#1196 = ADVANCED_FACE('',(#1197),#1208,.T.);
#1197 = FACE_BOUND('',#1198,.T.);
#1198 = EDGE_LOOP('',(#1199,#1200,#1201,#1202));
#1199 = ORIENTED_EDGE('',*,*,#1154,.F.);
#1200 = ORIENTED_EDGE('',*,*,#128,.T.);
#1201 = ORIENTED_EDGE('',*,*,#1178,.T.);
#1202 = ORIENTED_EDGE('',*,*,#1203,.T.);
#1203 = EDGE_CURVE('',#1179,#1155,#1204,.T.);
#1204 = LINE('',#1205,#1206);
#1205 = CARTESIAN_POINT('',(-0.3175,-14.9225,18.28));
#1206 = VECTOR('',#1207,1.);
#1207 = DIRECTION('',(1.,0.,-0.));
#1208 = PLANE('',#1209);
#1209 = AXIS2_PLACEMENT_3D('',#1210,#1211,#1212);
#1210 = CARTESIAN_POINT('',(-0.3175,-14.9225,-2.79));
#1211 = DIRECTION('',(-0.,1.,0.));
#1212 = DIRECTION('',(0.,0.,1.));
#1213 = ADVANCED_FACE('',(#1214),#1239,.F.);
#1214 = FACE_BOUND('',#1215,.F.);
#1215 = EDGE_LOOP('',(#1216,#1224,#1225,#1233));
#1216 = ORIENTED_EDGE('',*,*,#1217,.F.);
#1217 = EDGE_CURVE('',#145,#1218,#1220,.T.);
#1218 = VERTEX_POINT('',#1219);
#1219 = CARTESIAN_POINT('',(0.3175,-13.0175,18.28));
#1220 = LINE('',#1221,#1222);
#1221 = CARTESIAN_POINT('',(0.3175,-13.0175,-2.79));
#1222 = VECTOR('',#1223,1.);
#1223 = DIRECTION('',(0.,0.,1.));
#1224 = ORIENTED_EDGE('',*,*,#144,.T.);
#1225 = ORIENTED_EDGE('',*,*,#1226,.T.);
#1226 = EDGE_CURVE('',#147,#1227,#1229,.T.);
#1227 = VERTEX_POINT('',#1228);
#1228 = CARTESIAN_POINT('',(-0.3175,-13.0175,18.28));
#1229 = LINE('',#1230,#1231);
#1230 = CARTESIAN_POINT('',(-0.3175,-13.0175,-2.79));
#1231 = VECTOR('',#1232,1.);
#1232 = DIRECTION('',(0.,0.,1.));
#1233 = ORIENTED_EDGE('',*,*,#1234,.T.);
#1234 = EDGE_CURVE('',#1227,#1218,#1235,.T.);
#1235 = LINE('',#1236,#1237);
#1236 = CARTESIAN_POINT('',(-0.3175,-13.0175,18.28));
#1237 = VECTOR('',#1238,1.);
#1238 = DIRECTION('',(1.,0.,-0.));
#1239 = PLANE('',#1240);
#1240 = AXIS2_PLACEMENT_3D('',#1241,#1242,#1243);
#1241 = CARTESIAN_POINT('',(-0.3175,-13.0175,-2.79));
#1242 = DIRECTION('',(-0.,1.,0.));
#1243 = DIRECTION('',(0.,0.,1.));
#1244 = ADVANCED_FACE('',(#1245),#1263,.T.);
#1245 = FACE_BOUND('',#1246,.T.);
#1246 = EDGE_LOOP('',(#1247,#1248,#1249,#1257));
#1247 = ORIENTED_EDGE('',*,*,#1217,.F.);
#1248 = ORIENTED_EDGE('',*,*,#170,.T.);
#1249 = ORIENTED_EDGE('',*,*,#1250,.T.);
#1250 = EDGE_CURVE('',#163,#1251,#1253,.T.);
#1251 = VERTEX_POINT('',#1252);
#1252 = CARTESIAN_POINT('',(0.3175,-12.3825,18.28));
#1253 = LINE('',#1254,#1255);
#1254 = CARTESIAN_POINT('',(0.3175,-12.3825,-2.79));
#1255 = VECTOR('',#1256,1.);
#1256 = DIRECTION('',(0.,0.,1.));
#1257 = ORIENTED_EDGE('',*,*,#1258,.F.);
#1258 = EDGE_CURVE('',#1218,#1251,#1259,.T.);
#1259 = LINE('',#1260,#1261);
#1260 = CARTESIAN_POINT('',(0.3175,-13.0175,18.28));
#1261 = VECTOR('',#1262,1.);
#1262 = DIRECTION('',(-0.,1.,0.));
#1263 = PLANE('',#1264);
#1264 = AXIS2_PLACEMENT_3D('',#1265,#1266,#1267);
#1265 = CARTESIAN_POINT('',(0.3175,-13.0175,-2.79));
#1266 = DIRECTION('',(1.,0.,-0.));
#1267 = DIRECTION('',(0.,0.,1.));
#1268 = ADVANCED_FACE('',(#1269),#1287,.F.);
#1269 = FACE_BOUND('',#1270,.F.);
#1270 = EDGE_LOOP('',(#1271,#1272,#1273,#1281));
#1271 = ORIENTED_EDGE('',*,*,#1226,.F.);
#1272 = ORIENTED_EDGE('',*,*,#154,.T.);
#1273 = ORIENTED_EDGE('',*,*,#1274,.T.);
#1274 = EDGE_CURVE('',#155,#1275,#1277,.T.);
#1275 = VERTEX_POINT('',#1276);
#1276 = CARTESIAN_POINT('',(-0.3175,-12.3825,18.28));
#1277 = LINE('',#1278,#1279);
#1278 = CARTESIAN_POINT('',(-0.3175,-12.3825,-2.79));
#1279 = VECTOR('',#1280,1.);
#1280 = DIRECTION('',(0.,0.,1.));
#1281 = ORIENTED_EDGE('',*,*,#1282,.F.);
#1282 = EDGE_CURVE('',#1227,#1275,#1283,.T.);
#1283 = LINE('',#1284,#1285);
#1284 = CARTESIAN_POINT('',(-0.3175,-13.0175,18.28));
#1285 = VECTOR('',#1286,1.);
#1286 = DIRECTION('',(-0.,1.,0.));
#1287 = PLANE('',#1288);
#1288 = AXIS2_PLACEMENT_3D('',#1289,#1290,#1291);
#1289 = CARTESIAN_POINT('',(-0.3175,-13.0175,-2.79));
#1290 = DIRECTION('',(1.,0.,-0.));
#1291 = DIRECTION('',(0.,0.,1.));
#1292 = ADVANCED_FACE('',(#1293),#1304,.T.);
#1293 = FACE_BOUND('',#1294,.T.);
#1294 = EDGE_LOOP('',(#1295,#1296,#1297,#1298));
#1295 = ORIENTED_EDGE('',*,*,#1250,.F.);
#1296 = ORIENTED_EDGE('',*,*,#162,.T.);
#1297 = ORIENTED_EDGE('',*,*,#1274,.T.);
#1298 = ORIENTED_EDGE('',*,*,#1299,.T.);
#1299 = EDGE_CURVE('',#1275,#1251,#1300,.T.);
#1300 = LINE('',#1301,#1302);
#1301 = CARTESIAN_POINT('',(-0.3175,-12.3825,18.28));
#1302 = VECTOR('',#1303,1.);
#1303 = DIRECTION('',(1.,0.,-0.));
#1304 = PLANE('',#1305);
#1305 = AXIS2_PLACEMENT_3D('',#1306,#1307,#1308);
#1306 = CARTESIAN_POINT('',(-0.3175,-12.3825,-2.79));
#1307 = DIRECTION('',(-0.,1.,0.));
#1308 = DIRECTION('',(0.,0.,1.));
#1309 = ADVANCED_FACE('',(#1310),#1335,.F.);
#1310 = FACE_BOUND('',#1311,.F.);
#1311 = EDGE_LOOP('',(#1312,#1320,#1321,#1329));
#1312 = ORIENTED_EDGE('',*,*,#1313,.F.);
#1313 = EDGE_CURVE('',#179,#1314,#1316,.T.);
#1314 = VERTEX_POINT('',#1315);
#1315 = CARTESIAN_POINT('',(0.3175,-10.4775,18.28));
#1316 = LINE('',#1317,#1318);
#1317 = CARTESIAN_POINT('',(0.3175,-10.4775,-2.79));
#1318 = VECTOR('',#1319,1.);
#1319 = DIRECTION('',(0.,0.,1.));
#1320 = ORIENTED_EDGE('',*,*,#178,.T.);
#1321 = ORIENTED_EDGE('',*,*,#1322,.T.);
#1322 = EDGE_CURVE('',#181,#1323,#1325,.T.);
#1323 = VERTEX_POINT('',#1324);
#1324 = CARTESIAN_POINT('',(-0.3175,-10.4775,18.28));
#1325 = LINE('',#1326,#1327);
#1326 = CARTESIAN_POINT('',(-0.3175,-10.4775,-2.79));
#1327 = VECTOR('',#1328,1.);
#1328 = DIRECTION('',(0.,0.,1.));
#1329 = ORIENTED_EDGE('',*,*,#1330,.T.);
#1330 = EDGE_CURVE('',#1323,#1314,#1331,.T.);
#1331 = LINE('',#1332,#1333);
#1332 = CARTESIAN_POINT('',(-0.3175,-10.4775,18.28));
#1333 = VECTOR('',#1334,1.);
#1334 = DIRECTION('',(1.,0.,-0.));
#1335 = PLANE('',#1336);
#1336 = AXIS2_PLACEMENT_3D('',#1337,#1338,#1339);
#1337 = CARTESIAN_POINT('',(-0.3175,-10.4775,-2.79));
#1338 = DIRECTION('',(-0.,1.,0.));
#1339 = DIRECTION('',(0.,0.,1.));
#1340 = ADVANCED_FACE('',(#1341),#1359,.T.);
#1341 = FACE_BOUND('',#1342,.T.);
#1342 = EDGE_LOOP('',(#1343,#1344,#1345,#1353));
#1343 = ORIENTED_EDGE('',*,*,#1313,.F.);
#1344 = ORIENTED_EDGE('',*,*,#204,.T.);
#1345 = ORIENTED_EDGE('',*,*,#1346,.T.);
#1346 = EDGE_CURVE('',#197,#1347,#1349,.T.);
#1347 = VERTEX_POINT('',#1348);
#1348 = CARTESIAN_POINT('',(0.3175,-9.8425,18.28));
#1349 = LINE('',#1350,#1351);
#1350 = CARTESIAN_POINT('',(0.3175,-9.8425,-2.79));
#1351 = VECTOR('',#1352,1.);
#1352 = DIRECTION('',(0.,0.,1.));
#1353 = ORIENTED_EDGE('',*,*,#1354,.F.);
#1354 = EDGE_CURVE('',#1314,#1347,#1355,.T.);
#1355 = LINE('',#1356,#1357);
#1356 = CARTESIAN_POINT('',(0.3175,-10.4775,18.28));
#1357 = VECTOR('',#1358,1.);
#1358 = DIRECTION('',(-0.,1.,0.));
#1359 = PLANE('',#1360);
#1360 = AXIS2_PLACEMENT_3D('',#1361,#1362,#1363);
#1361 = CARTESIAN_POINT('',(0.3175,-10.4775,-2.79));
#1362 = DIRECTION('',(1.,0.,-0.));
#1363 = DIRECTION('',(0.,0.,1.));
#1364 = ADVANCED_FACE('',(#1365),#1383,.F.);
#1365 = FACE_BOUND('',#1366,.F.);
#1366 = EDGE_LOOP('',(#1367,#1368,#1369,#1377));
#1367 = ORIENTED_EDGE('',*,*,#1322,.F.);
#1368 = ORIENTED_EDGE('',*,*,#188,.T.);
#1369 = ORIENTED_EDGE('',*,*,#1370,.T.);
#1370 = EDGE_CURVE('',#189,#1371,#1373,.T.);
#1371 = VERTEX_POINT('',#1372);
#1372 = CARTESIAN_POINT('',(-0.3175,-9.8425,18.28));
#1373 = LINE('',#1374,#1375);
#1374 = CARTESIAN_POINT('',(-0.3175,-9.8425,-2.79));
#1375 = VECTOR('',#1376,1.);
#1376 = DIRECTION('',(0.,0.,1.));
#1377 = ORIENTED_EDGE('',*,*,#1378,.F.);
#1378 = EDGE_CURVE('',#1323,#1371,#1379,.T.);
#1379 = LINE('',#1380,#1381);
#1380 = CARTESIAN_POINT('',(-0.3175,-10.4775,18.28));
#1381 = VECTOR('',#1382,1.);
#1382 = DIRECTION('',(-0.,1.,0.));
#1383 = PLANE('',#1384);
#1384 = AXIS2_PLACEMENT_3D('',#1385,#1386,#1387);
#1385 = CARTESIAN_POINT('',(-0.3175,-10.4775,-2.79));
#1386 = DIRECTION('',(1.,0.,-0.));
#1387 = DIRECTION('',(0.,0.,1.));
#1388 = ADVANCED_FACE('',(#1389),#1400,.T.);
#1389 = FACE_BOUND('',#1390,.T.);
#1390 = EDGE_LOOP('',(#1391,#1392,#1393,#1394));
#1391 = ORIENTED_EDGE('',*,*,#1346,.F.);
#1392 = ORIENTED_EDGE('',*,*,#196,.T.);
#1393 = ORIENTED_EDGE('',*,*,#1370,.T.);
#1394 = ORIENTED_EDGE('',*,*,#1395,.T.);
#1395 = EDGE_CURVE('',#1371,#1347,#1396,.T.);
#1396 = LINE('',#1397,#1398);
#1397 = CARTESIAN_POINT('',(-0.3175,-9.8425,18.28));
#1398 = VECTOR('',#1399,1.);
#1399 = DIRECTION('',(1.,0.,-0.));
#1400 = PLANE('',#1401);
#1401 = AXIS2_PLACEMENT_3D('',#1402,#1403,#1404);
#1402 = CARTESIAN_POINT('',(-0.3175,-9.8425,-2.79));
#1403 = DIRECTION('',(-0.,1.,0.));
#1404 = DIRECTION('',(0.,0.,1.));
#1405 = ADVANCED_FACE('',(#1406),#1431,.F.);
#1406 = FACE_BOUND('',#1407,.F.);
#1407 = EDGE_LOOP('',(#1408,#1416,#1417,#1425));
#1408 = ORIENTED_EDGE('',*,*,#1409,.F.);
#1409 = EDGE_CURVE('',#213,#1410,#1412,.T.);
#1410 = VERTEX_POINT('',#1411);
#1411 = CARTESIAN_POINT('',(2.8575,-15.5575,18.28));
#1412 = LINE('',#1413,#1414);
#1413 = CARTESIAN_POINT('',(2.8575,-15.5575,-2.79));
#1414 = VECTOR('',#1415,1.);
#1415 = DIRECTION('',(0.,0.,1.));
#1416 = ORIENTED_EDGE('',*,*,#212,.T.);
#1417 = ORIENTED_EDGE('',*,*,#1418,.T.);
#1418 = EDGE_CURVE('',#215,#1419,#1421,.T.);
#1419 = VERTEX_POINT('',#1420);
#1420 = CARTESIAN_POINT('',(2.2225,-15.5575,18.28));
#1421 = LINE('',#1422,#1423);
#1422 = CARTESIAN_POINT('',(2.2225,-15.5575,-2.79));
#1423 = VECTOR('',#1424,1.);
#1424 = DIRECTION('',(0.,0.,1.));
#1425 = ORIENTED_EDGE('',*,*,#1426,.T.);
#1426 = EDGE_CURVE('',#1419,#1410,#1427,.T.);
#1427 = LINE('',#1428,#1429);
#1428 = CARTESIAN_POINT('',(2.2225,-15.5575,18.28));
#1429 = VECTOR('',#1430,1.);
#1430 = DIRECTION('',(1.,0.,-0.));
#1431 = PLANE('',#1432);
#1432 = AXIS2_PLACEMENT_3D('',#1433,#1434,#1435);
#1433 = CARTESIAN_POINT('',(2.2225,-15.5575,-2.79));
#1434 = DIRECTION('',(-0.,1.,0.));
#1435 = DIRECTION('',(0.,0.,1.));
#1436 = ADVANCED_FACE('',(#1437),#1455,.T.);
#1437 = FACE_BOUND('',#1438,.T.);
#1438 = EDGE_LOOP('',(#1439,#1440,#1441,#1449));
#1439 = ORIENTED_EDGE('',*,*,#1409,.F.);
#1440 = ORIENTED_EDGE('',*,*,#238,.T.);
#1441 = ORIENTED_EDGE('',*,*,#1442,.T.);
#1442 = EDGE_CURVE('',#231,#1443,#1445,.T.);
#1443 = VERTEX_POINT('',#1444);
#1444 = CARTESIAN_POINT('',(2.8575,-14.9225,18.28));
#1445 = LINE('',#1446,#1447);
#1446 = CARTESIAN_POINT('',(2.8575,-14.9225,-2.79));
#1447 = VECTOR('',#1448,1.);
#1448 = DIRECTION('',(0.,0.,1.));
#1449 = ORIENTED_EDGE('',*,*,#1450,.F.);
#1450 = EDGE_CURVE('',#1410,#1443,#1451,.T.);
#1451 = LINE('',#1452,#1453);
#1452 = CARTESIAN_POINT('',(2.8575,-15.5575,18.28));
#1453 = VECTOR('',#1454,1.);
#1454 = DIRECTION('',(-0.,1.,0.));
#1455 = PLANE('',#1456);
#1456 = AXIS2_PLACEMENT_3D('',#1457,#1458,#1459);
#1457 = CARTESIAN_POINT('',(2.8575,-15.5575,-2.79));
#1458 = DIRECTION('',(1.,0.,-0.));
#1459 = DIRECTION('',(0.,0.,1.));
#1460 = ADVANCED_FACE('',(#1461),#1479,.T.);
#1461 = FACE_BOUND('',#1462,.T.);
#1462 = EDGE_LOOP('',(#1463,#1464,#1465,#1473));
#1463 = ORIENTED_EDGE('',*,*,#1442,.F.);
#1464 = ORIENTED_EDGE('',*,*,#230,.T.);
#1465 = ORIENTED_EDGE('',*,*,#1466,.T.);
#1466 = EDGE_CURVE('',#223,#1467,#1469,.T.);
#1467 = VERTEX_POINT('',#1468);
#1468 = CARTESIAN_POINT('',(2.2225,-14.9225,18.28));
#1469 = LINE('',#1470,#1471);
#1470 = CARTESIAN_POINT('',(2.2225,-14.9225,-2.79));
#1471 = VECTOR('',#1472,1.);
#1472 = DIRECTION('',(0.,0.,1.));
#1473 = ORIENTED_EDGE('',*,*,#1474,.T.);
#1474 = EDGE_CURVE('',#1467,#1443,#1475,.T.);
#1475 = LINE('',#1476,#1477);
#1476 = CARTESIAN_POINT('',(2.2225,-14.9225,18.28));
#1477 = VECTOR('',#1478,1.);
#1478 = DIRECTION('',(1.,0.,-0.));
#1479 = PLANE('',#1480);
#1480 = AXIS2_PLACEMENT_3D('',#1481,#1482,#1483);
#1481 = CARTESIAN_POINT('',(2.2225,-14.9225,-2.79));
#1482 = DIRECTION('',(-0.,1.,0.));
#1483 = DIRECTION('',(0.,0.,1.));
#1484 = ADVANCED_FACE('',(#1485),#1496,.F.);
#1485 = FACE_BOUND('',#1486,.F.);
#1486 = EDGE_LOOP('',(#1487,#1488,#1489,#1490));
#1487 = ORIENTED_EDGE('',*,*,#1418,.F.);
#1488 = ORIENTED_EDGE('',*,*,#222,.T.);
#1489 = ORIENTED_EDGE('',*,*,#1466,.T.);
#1490 = ORIENTED_EDGE('',*,*,#1491,.F.);
#1491 = EDGE_CURVE('',#1419,#1467,#1492,.T.);
#1492 = LINE('',#1493,#1494);
#1493 = CARTESIAN_POINT('',(2.2225,-15.5575,18.28));
#1494 = VECTOR('',#1495,1.);
#1495 = DIRECTION('',(-0.,1.,0.));
#1496 = PLANE('',#1497);
#1497 = AXIS2_PLACEMENT_3D('',#1498,#1499,#1500);
#1498 = CARTESIAN_POINT('',(2.2225,-15.5575,-2.79));
#1499 = DIRECTION('',(1.,0.,-0.));
#1500 = DIRECTION('',(0.,0.,1.));
#1501 = ADVANCED_FACE('',(#1502),#1527,.F.);
#1502 = FACE_BOUND('',#1503,.F.);
#1503 = EDGE_LOOP('',(#1504,#1512,#1513,#1521));
#1504 = ORIENTED_EDGE('',*,*,#1505,.F.);
#1505 = EDGE_CURVE('',#247,#1506,#1508,.T.);
#1506 = VERTEX_POINT('',#1507);
#1507 = CARTESIAN_POINT('',(2.8575,-13.0175,18.28));
#1508 = LINE('',#1509,#1510);
#1509 = CARTESIAN_POINT('',(2.8575,-13.0175,-2.79));
#1510 = VECTOR('',#1511,1.);
#1511 = DIRECTION('',(0.,0.,1.));
#1512 = ORIENTED_EDGE('',*,*,#246,.T.);
#1513 = ORIENTED_EDGE('',*,*,#1514,.T.);
#1514 = EDGE_CURVE('',#249,#1515,#1517,.T.);
#1515 = VERTEX_POINT('',#1516);
#1516 = CARTESIAN_POINT('',(2.2225,-13.0175,18.28));
#1517 = LINE('',#1518,#1519);
#1518 = CARTESIAN_POINT('',(2.2225,-13.0175,-2.79));
#1519 = VECTOR('',#1520,1.);
#1520 = DIRECTION('',(0.,0.,1.));
#1521 = ORIENTED_EDGE('',*,*,#1522,.T.);
#1522 = EDGE_CURVE('',#1515,#1506,#1523,.T.);
#1523 = LINE('',#1524,#1525);
#1524 = CARTESIAN_POINT('',(2.2225,-13.0175,18.28));
#1525 = VECTOR('',#1526,1.);
#1526 = DIRECTION('',(1.,0.,-0.));
#1527 = PLANE('',#1528);
#1528 = AXIS2_PLACEMENT_3D('',#1529,#1530,#1531);
#1529 = CARTESIAN_POINT('',(2.2225,-13.0175,-2.79));
#1530 = DIRECTION('',(-0.,1.,0.));
#1531 = DIRECTION('',(0.,0.,1.));
#1532 = ADVANCED_FACE('',(#1533),#1551,.T.);
#1533 = FACE_BOUND('',#1534,.T.);
#1534 = EDGE_LOOP('',(#1535,#1536,#1537,#1545));
#1535 = ORIENTED_EDGE('',*,*,#1505,.F.);
#1536 = ORIENTED_EDGE('',*,*,#272,.T.);
#1537 = ORIENTED_EDGE('',*,*,#1538,.T.);
#1538 = EDGE_CURVE('',#265,#1539,#1541,.T.);
#1539 = VERTEX_POINT('',#1540);
#1540 = CARTESIAN_POINT('',(2.8575,-12.3825,18.28));
#1541 = LINE('',#1542,#1543);
#1542 = CARTESIAN_POINT('',(2.8575,-12.3825,-2.79));
#1543 = VECTOR('',#1544,1.);
#1544 = DIRECTION('',(0.,0.,1.));
#1545 = ORIENTED_EDGE('',*,*,#1546,.F.);
#1546 = EDGE_CURVE('',#1506,#1539,#1547,.T.);
#1547 = LINE('',#1548,#1549);
#1548 = CARTESIAN_POINT('',(2.8575,-13.0175,18.28));
#1549 = VECTOR('',#1550,1.);
#1550 = DIRECTION('',(-0.,1.,0.));
#1551 = PLANE('',#1552);
#1552 = AXIS2_PLACEMENT_3D('',#1553,#1554,#1555);
#1553 = CARTESIAN_POINT('',(2.8575,-13.0175,-2.79));
#1554 = DIRECTION('',(1.,0.,-0.));
#1555 = DIRECTION('',(0.,0.,1.));
#1556 = ADVANCED_FACE('',(#1557),#1575,.F.);
#1557 = FACE_BOUND('',#1558,.F.);
#1558 = EDGE_LOOP('',(#1559,#1560,#1561,#1569));
#1559 = ORIENTED_EDGE('',*,*,#1514,.F.);
#1560 = ORIENTED_EDGE('',*,*,#256,.T.);
#1561 = ORIENTED_EDGE('',*,*,#1562,.T.);
#1562 = EDGE_CURVE('',#257,#1563,#1565,.T.);
#1563 = VERTEX_POINT('',#1564);
#1564 = CARTESIAN_POINT('',(2.2225,-12.3825,18.28));
#1565 = LINE('',#1566,#1567);
#1566 = CARTESIAN_POINT('',(2.2225,-12.3825,-2.79));
#1567 = VECTOR('',#1568,1.);
#1568 = DIRECTION('',(0.,0.,1.));
#1569 = ORIENTED_EDGE('',*,*,#1570,.F.);
#1570 = EDGE_CURVE('',#1515,#1563,#1571,.T.);
#1571 = LINE('',#1572,#1573);
#1572 = CARTESIAN_POINT('',(2.2225,-13.0175,18.28));
#1573 = VECTOR('',#1574,1.);
#1574 = DIRECTION('',(-0.,1.,0.));
#1575 = PLANE('',#1576);
#1576 = AXIS2_PLACEMENT_3D('',#1577,#1578,#1579);
#1577 = CARTESIAN_POINT('',(2.2225,-13.0175,-2.79));
#1578 = DIRECTION('',(1.,0.,-0.));
#1579 = DIRECTION('',(0.,0.,1.));
#1580 = ADVANCED_FACE('',(#1581),#1592,.T.);
#1581 = FACE_BOUND('',#1582,.T.);
#1582 = EDGE_LOOP('',(#1583,#1584,#1585,#1586));
#1583 = ORIENTED_EDGE('',*,*,#1538,.F.);
#1584 = ORIENTED_EDGE('',*,*,#264,.T.);
#1585 = ORIENTED_EDGE('',*,*,#1562,.T.);
#1586 = ORIENTED_EDGE('',*,*,#1587,.T.);
#1587 = EDGE_CURVE('',#1563,#1539,#1588,.T.);
#1588 = LINE('',#1589,#1590);
#1589 = CARTESIAN_POINT('',(2.2225,-12.3825,18.28));
#1590 = VECTOR('',#1591,1.);
#1591 = DIRECTION('',(1.,0.,-0.));
#1592 = PLANE('',#1593);
#1593 = AXIS2_PLACEMENT_3D('',#1594,#1595,#1596);
#1594 = CARTESIAN_POINT('',(2.2225,-12.3825,-2.79));
#1595 = DIRECTION('',(-0.,1.,0.));
#1596 = DIRECTION('',(0.,0.,1.));
#1597 = ADVANCED_FACE('',(#1598),#1623,.F.);
#1598 = FACE_BOUND('',#1599,.F.);
#1599 = EDGE_LOOP('',(#1600,#1608,#1609,#1617));
#1600 = ORIENTED_EDGE('',*,*,#1601,.F.);
#1601 = EDGE_CURVE('',#281,#1602,#1604,.T.);
#1602 = VERTEX_POINT('',#1603);
#1603 = CARTESIAN_POINT('',(2.8575,-10.4775,18.28));
#1604 = LINE('',#1605,#1606);
#1605 = CARTESIAN_POINT('',(2.8575,-10.4775,-2.79));
#1606 = VECTOR('',#1607,1.);
#1607 = DIRECTION('',(0.,0.,1.));
#1608 = ORIENTED_EDGE('',*,*,#280,.T.);
#1609 = ORIENTED_EDGE('',*,*,#1610,.T.);
#1610 = EDGE_CURVE('',#283,#1611,#1613,.T.);
#1611 = VERTEX_POINT('',#1612);
#1612 = CARTESIAN_POINT('',(2.2225,-10.4775,18.28));
#1613 = LINE('',#1614,#1615);
#1614 = CARTESIAN_POINT('',(2.2225,-10.4775,-2.79));
#1615 = VECTOR('',#1616,1.);
#1616 = DIRECTION('',(0.,0.,1.));
#1617 = ORIENTED_EDGE('',*,*,#1618,.T.);
#1618 = EDGE_CURVE('',#1611,#1602,#1619,.T.);
#1619 = LINE('',#1620,#1621);
#1620 = CARTESIAN_POINT('',(2.2225,-10.4775,18.28));
#1621 = VECTOR('',#1622,1.);
#1622 = DIRECTION('',(1.,0.,-0.));
#1623 = PLANE('',#1624);
#1624 = AXIS2_PLACEMENT_3D('',#1625,#1626,#1627);
#1625 = CARTESIAN_POINT('',(2.2225,-10.4775,-2.79));
#1626 = DIRECTION('',(-0.,1.,0.));
#1627 = DIRECTION('',(0.,0.,1.));
#1628 = ADVANCED_FACE('',(#1629),#1647,.T.);
#1629 = FACE_BOUND('',#1630,.T.);
#1630 = EDGE_LOOP('',(#1631,#1632,#1633,#1641));
#1631 = ORIENTED_EDGE('',*,*,#1601,.F.);
#1632 = ORIENTED_EDGE('',*,*,#306,.T.);
#1633 = ORIENTED_EDGE('',*,*,#1634,.T.);
#1634 = EDGE_CURVE('',#299,#1635,#1637,.T.);
#1635 = VERTEX_POINT('',#1636);
#1636 = CARTESIAN_POINT('',(2.8575,-9.8425,18.28));
#1637 = LINE('',#1638,#1639);
#1638 = CARTESIAN_POINT('',(2.8575,-9.8425,-2.79));
#1639 = VECTOR('',#1640,1.);
#1640 = DIRECTION('',(0.,0.,1.));
#1641 = ORIENTED_EDGE('',*,*,#1642,.F.);
#1642 = EDGE_CURVE('',#1602,#1635,#1643,.T.);
#1643 = LINE('',#1644,#1645);
#1644 = CARTESIAN_POINT('',(2.8575,-10.4775,18.28));
#1645 = VECTOR('',#1646,1.);
#1646 = DIRECTION('',(-0.,1.,0.));
#1647 = PLANE('',#1648);
#1648 = AXIS2_PLACEMENT_3D('',#1649,#1650,#1651);
#1649 = CARTESIAN_POINT('',(2.8575,-10.4775,-2.79));
#1650 = DIRECTION('',(1.,0.,-0.));
#1651 = DIRECTION('',(0.,0.,1.));
#1652 = ADVANCED_FACE('',(#1653),#1671,.F.);
#1653 = FACE_BOUND('',#1654,.F.);
#1654 = EDGE_LOOP('',(#1655,#1656,#1657,#1665));
#1655 = ORIENTED_EDGE('',*,*,#1610,.F.);
#1656 = ORIENTED_EDGE('',*,*,#290,.T.);
#1657 = ORIENTED_EDGE('',*,*,#1658,.T.);
#1658 = EDGE_CURVE('',#291,#1659,#1661,.T.);
#1659 = VERTEX_POINT('',#1660);
#1660 = CARTESIAN_POINT('',(2.2225,-9.8425,18.28));
#1661 = LINE('',#1662,#1663);
#1662 = CARTESIAN_POINT('',(2.2225,-9.8425,-2.79));
#1663 = VECTOR('',#1664,1.);
#1664 = DIRECTION('',(0.,0.,1.));
#1665 = ORIENTED_EDGE('',*,*,#1666,.F.);
#1666 = EDGE_CURVE('',#1611,#1659,#1667,.T.);
#1667 = LINE('',#1668,#1669);
#1668 = CARTESIAN_POINT('',(2.2225,-10.4775,18.28));
#1669 = VECTOR('',#1670,1.);
#1670 = DIRECTION('',(-0.,1.,0.));
#1671 = PLANE('',#1672);
#1672 = AXIS2_PLACEMENT_3D('',#1673,#1674,#1675);
#1673 = CARTESIAN_POINT('',(2.2225,-10.4775,-2.79));
#1674 = DIRECTION('',(1.,0.,-0.));
#1675 = DIRECTION('',(0.,0.,1.));
#1676 = ADVANCED_FACE('',(#1677),#1688,.T.);
#1677 = FACE_BOUND('',#1678,.T.);
#1678 = EDGE_LOOP('',(#1679,#1680,#1681,#1682));
#1679 = ORIENTED_EDGE('',*,*,#1634,.F.);
#1680 = ORIENTED_EDGE('',*,*,#298,.T.);
#1681 = ORIENTED_EDGE('',*,*,#1658,.T.);
#1682 = ORIENTED_EDGE('',*,*,#1683,.T.);
#1683 = EDGE_CURVE('',#1659,#1635,#1684,.T.);
#1684 = LINE('',#1685,#1686);
#1685 = CARTESIAN_POINT('',(2.2225,-9.8425,18.28));
#1686 = VECTOR('',#1687,1.);
#1687 = DIRECTION('',(1.,0.,-0.));
#1688 = PLANE('',#1689);
#1689 = AXIS2_PLACEMENT_3D('',#1690,#1691,#1692);
#1690 = CARTESIAN_POINT('',(2.2225,-9.8425,-2.79));
#1691 = DIRECTION('',(-0.,1.,0.));
#1692 = DIRECTION('',(0.,0.,1.));
#1693 = ADVANCED_FACE('',(#1694),#1719,.F.);
#1694 = FACE_BOUND('',#1695,.F.);
#1695 = EDGE_LOOP('',(#1696,#1704,#1705,#1713));
#1696 = ORIENTED_EDGE('',*,*,#1697,.F.);
#1697 = EDGE_CURVE('',#315,#1698,#1700,.T.);
#1698 = VERTEX_POINT('',#1699);
#1699 = CARTESIAN_POINT('',(0.3175,-7.9375,18.28));
#1700 = LINE('',#1701,#1702);
#1701 = CARTESIAN_POINT('',(0.3175,-7.9375,-2.79));
#1702 = VECTOR('',#1703,1.);
#1703 = DIRECTION('',(0.,0.,1.));
#1704 = ORIENTED_EDGE('',*,*,#314,.T.);
#1705 = ORIENTED_EDGE('',*,*,#1706,.T.);
#1706 = EDGE_CURVE('',#317,#1707,#1709,.T.);
#1707 = VERTEX_POINT('',#1708);
#1708 = CARTESIAN_POINT('',(-0.3175,-7.9375,18.28));
#1709 = LINE('',#1710,#1711);
#1710 = CARTESIAN_POINT('',(-0.3175,-7.9375,-2.79));
#1711 = VECTOR('',#1712,1.);
#1712 = DIRECTION('',(0.,0.,1.));
#1713 = ORIENTED_EDGE('',*,*,#1714,.T.);
#1714 = EDGE_CURVE('',#1707,#1698,#1715,.T.);
#1715 = LINE('',#1716,#1717);
#1716 = CARTESIAN_POINT('',(-0.3175,-7.9375,18.28));
#1717 = VECTOR('',#1718,1.);
#1718 = DIRECTION('',(1.,0.,-0.));
#1719 = PLANE('',#1720);
#1720 = AXIS2_PLACEMENT_3D('',#1721,#1722,#1723);
#1721 = CARTESIAN_POINT('',(-0.3175,-7.9375,-2.79));
#1722 = DIRECTION('',(-0.,1.,0.));
#1723 = DIRECTION('',(0.,0.,1.));
#1724 = ADVANCED_FACE('',(#1725),#1743,.T.);
#1725 = FACE_BOUND('',#1726,.T.);
#1726 = EDGE_LOOP('',(#1727,#1728,#1729,#1737));
#1727 = ORIENTED_EDGE('',*,*,#1697,.F.);
#1728 = ORIENTED_EDGE('',*,*,#340,.T.);
#1729 = ORIENTED_EDGE('',*,*,#1730,.T.);
#1730 = EDGE_CURVE('',#333,#1731,#1733,.T.);
#1731 = VERTEX_POINT('',#1732);
#1732 = CARTESIAN_POINT('',(0.3175,-7.3025,18.28));
#1733 = LINE('',#1734,#1735);
#1734 = CARTESIAN_POINT('',(0.3175,-7.3025,-2.79));
#1735 = VECTOR('',#1736,1.);
#1736 = DIRECTION('',(0.,0.,1.));
#1737 = ORIENTED_EDGE('',*,*,#1738,.F.);
#1738 = EDGE_CURVE('',#1698,#1731,#1739,.T.);
#1739 = LINE('',#1740,#1741);
#1740 = CARTESIAN_POINT('',(0.3175,-7.9375,18.28));
#1741 = VECTOR('',#1742,1.);
#1742 = DIRECTION('',(-0.,1.,0.));
#1743 = PLANE('',#1744);
#1744 = AXIS2_PLACEMENT_3D('',#1745,#1746,#1747);
#1745 = CARTESIAN_POINT('',(0.3175,-7.9375,-2.79));
#1746 = DIRECTION('',(1.,0.,-0.));
#1747 = DIRECTION('',(0.,0.,1.));
#1748 = ADVANCED_FACE('',(#1749),#1767,.F.);
#1749 = FACE_BOUND('',#1750,.F.);
#1750 = EDGE_LOOP('',(#1751,#1752,#1753,#1761));
#1751 = ORIENTED_EDGE('',*,*,#1706,.F.);
#1752 = ORIENTED_EDGE('',*,*,#324,.T.);
#1753 = ORIENTED_EDGE('',*,*,#1754,.T.);
#1754 = EDGE_CURVE('',#325,#1755,#1757,.T.);
#1755 = VERTEX_POINT('',#1756);
#1756 = CARTESIAN_POINT('',(-0.3175,-7.3025,18.28));
#1757 = LINE('',#1758,#1759);
#1758 = CARTESIAN_POINT('',(-0.3175,-7.3025,-2.79));
#1759 = VECTOR('',#1760,1.);
#1760 = DIRECTION('',(0.,0.,1.));
#1761 = ORIENTED_EDGE('',*,*,#1762,.F.);
#1762 = EDGE_CURVE('',#1707,#1755,#1763,.T.);
#1763 = LINE('',#1764,#1765);
#1764 = CARTESIAN_POINT('',(-0.3175,-7.9375,18.28));
#1765 = VECTOR('',#1766,1.);
#1766 = DIRECTION('',(-0.,1.,0.));
#1767 = PLANE('',#1768);
#1768 = AXIS2_PLACEMENT_3D('',#1769,#1770,#1771);
#1769 = CARTESIAN_POINT('',(-0.3175,-7.9375,-2.79));
#1770 = DIRECTION('',(1.,0.,-0.));
#1771 = DIRECTION('',(0.,0.,1.));
#1772 = ADVANCED_FACE('',(#1773),#1784,.T.);
#1773 = FACE_BOUND('',#1774,.T.);
#1774 = EDGE_LOOP('',(#1775,#1776,#1777,#1778));
#1775 = ORIENTED_EDGE('',*,*,#1730,.F.);
#1776 = ORIENTED_EDGE('',*,*,#332,.T.);
#1777 = ORIENTED_EDGE('',*,*,#1754,.T.);
#1778 = ORIENTED_EDGE('',*,*,#1779,.T.);
#1779 = EDGE_CURVE('',#1755,#1731,#1780,.T.);
#1780 = LINE('',#1781,#1782);
#1781 = CARTESIAN_POINT('',(-0.3175,-7.3025,18.28));
#1782 = VECTOR('',#1783,1.);
#1783 = DIRECTION('',(1.,0.,-0.));
#1784 = PLANE('',#1785);
#1785 = AXIS2_PLACEMENT_3D('',#1786,#1787,#1788);
#1786 = CARTESIAN_POINT('',(-0.3175,-7.3025,-2.79));
#1787 = DIRECTION('',(-0.,1.,0.));
#1788 = DIRECTION('',(0.,0.,1.));
#1789 = ADVANCED_FACE('',(#1790),#1815,.F.);
#1790 = FACE_BOUND('',#1791,.F.);
#1791 = EDGE_LOOP('',(#1792,#1800,#1801,#1809));
#1792 = ORIENTED_EDGE('',*,*,#1793,.F.);
#1793 = EDGE_CURVE('',#349,#1794,#1796,.T.);
#1794 = VERTEX_POINT('',#1795);
#1795 = CARTESIAN_POINT('',(0.3175,-5.3975,18.28));
#1796 = LINE('',#1797,#1798);
#1797 = CARTESIAN_POINT('',(0.3175,-5.3975,-2.79));
#1798 = VECTOR('',#1799,1.);
#1799 = DIRECTION('',(0.,0.,1.));
#1800 = ORIENTED_EDGE('',*,*,#348,.T.);
#1801 = ORIENTED_EDGE('',*,*,#1802,.T.);
#1802 = EDGE_CURVE('',#351,#1803,#1805,.T.);
#1803 = VERTEX_POINT('',#1804);
#1804 = CARTESIAN_POINT('',(-0.3175,-5.3975,18.28));
#1805 = LINE('',#1806,#1807);
#1806 = CARTESIAN_POINT('',(-0.3175,-5.3975,-2.79));
#1807 = VECTOR('',#1808,1.);
#1808 = DIRECTION('',(0.,0.,1.));
#1809 = ORIENTED_EDGE('',*,*,#1810,.T.);
#1810 = EDGE_CURVE('',#1803,#1794,#1811,.T.);
#1811 = LINE('',#1812,#1813);
#1812 = CARTESIAN_POINT('',(-0.3175,-5.3975,18.28));
#1813 = VECTOR('',#1814,1.);
#1814 = DIRECTION('',(1.,0.,-0.));
#1815 = PLANE('',#1816);
#1816 = AXIS2_PLACEMENT_3D('',#1817,#1818,#1819);
#1817 = CARTESIAN_POINT('',(-0.3175,-5.3975,-2.79));
#1818 = DIRECTION('',(-0.,1.,0.));
#1819 = DIRECTION('',(0.,0.,1.));
#1820 = ADVANCED_FACE('',(#1821),#1839,.T.);
#1821 = FACE_BOUND('',#1822,.T.);
#1822 = EDGE_LOOP('',(#1823,#1824,#1825,#1833));
#1823 = ORIENTED_EDGE('',*,*,#1793,.F.);
#1824 = ORIENTED_EDGE('',*,*,#374,.T.);
#1825 = ORIENTED_EDGE('',*,*,#1826,.T.);
#1826 = EDGE_CURVE('',#367,#1827,#1829,.T.);
#1827 = VERTEX_POINT('',#1828);
#1828 = CARTESIAN_POINT('',(0.3175,-4.7625,18.28));
#1829 = LINE('',#1830,#1831);
#1830 = CARTESIAN_POINT('',(0.3175,-4.7625,-2.79));
#1831 = VECTOR('',#1832,1.);
#1832 = DIRECTION('',(0.,0.,1.));
#1833 = ORIENTED_EDGE('',*,*,#1834,.F.);
#1834 = EDGE_CURVE('',#1794,#1827,#1835,.T.);
#1835 = LINE('',#1836,#1837);
#1836 = CARTESIAN_POINT('',(0.3175,-5.3975,18.28));
#1837 = VECTOR('',#1838,1.);
#1838 = DIRECTION('',(-0.,1.,0.));
#1839 = PLANE('',#1840);
#1840 = AXIS2_PLACEMENT_3D('',#1841,#1842,#1843);
#1841 = CARTESIAN_POINT('',(0.3175,-5.3975,-2.79));
#1842 = DIRECTION('',(1.,0.,-0.));
#1843 = DIRECTION('',(0.,0.,1.));
#1844 = ADVANCED_FACE('',(#1845),#1863,.F.);
#1845 = FACE_BOUND('',#1846,.F.);
#1846 = EDGE_LOOP('',(#1847,#1848,#1849,#1857));
#1847 = ORIENTED_EDGE('',*,*,#1802,.F.);
#1848 = ORIENTED_EDGE('',*,*,#358,.T.);
#1849 = ORIENTED_EDGE('',*,*,#1850,.T.);
#1850 = EDGE_CURVE('',#359,#1851,#1853,.T.);
#1851 = VERTEX_POINT('',#1852);
#1852 = CARTESIAN_POINT('',(-0.3175,-4.7625,18.28));
#1853 = LINE('',#1854,#1855);
#1854 = CARTESIAN_POINT('',(-0.3175,-4.7625,-2.79));
#1855 = VECTOR('',#1856,1.);
#1856 = DIRECTION('',(0.,0.,1.));
#1857 = ORIENTED_EDGE('',*,*,#1858,.F.);
#1858 = EDGE_CURVE('',#1803,#1851,#1859,.T.);
#1859 = LINE('',#1860,#1861);
#1860 = CARTESIAN_POINT('',(-0.3175,-5.3975,18.28));
#1861 = VECTOR('',#1862,1.);
#1862 = DIRECTION('',(-0.,1.,0.));
#1863 = PLANE('',#1864);
#1864 = AXIS2_PLACEMENT_3D('',#1865,#1866,#1867);
#1865 = CARTESIAN_POINT('',(-0.3175,-5.3975,-2.79));
#1866 = DIRECTION('',(1.,0.,-0.));
#1867 = DIRECTION('',(0.,0.,1.));
#1868 = ADVANCED_FACE('',(#1869),#1880,.T.);
#1869 = FACE_BOUND('',#1870,.T.);
#1870 = EDGE_LOOP('',(#1871,#1872,#1873,#1874));
#1871 = ORIENTED_EDGE('',*,*,#1826,.F.);
#1872 = ORIENTED_EDGE('',*,*,#366,.T.);
#1873 = ORIENTED_EDGE('',*,*,#1850,.T.);
#1874 = ORIENTED_EDGE('',*,*,#1875,.T.);
#1875 = EDGE_CURVE('',#1851,#1827,#1876,.T.);
#1876 = LINE('',#1877,#1878);
#1877 = CARTESIAN_POINT('',(-0.3175,-4.7625,18.28));
#1878 = VECTOR('',#1879,1.);
#1879 = DIRECTION('',(1.,0.,-0.));
#1880 = PLANE('',#1881);
#1881 = AXIS2_PLACEMENT_3D('',#1882,#1883,#1884);
#1882 = CARTESIAN_POINT('',(-0.3175,-4.7625,-2.79));
#1883 = DIRECTION('',(-0.,1.,0.));
#1884 = DIRECTION('',(0.,0.,1.));
#1885 = ADVANCED_FACE('',(#1886),#1911,.F.);
#1886 = FACE_BOUND('',#1887,.F.);
#1887 = EDGE_LOOP('',(#1888,#1896,#1897,#1905));
#1888 = ORIENTED_EDGE('',*,*,#1889,.F.);
#1889 = EDGE_CURVE('',#383,#1890,#1892,.T.);
#1890 = VERTEX_POINT('',#1891);
#1891 = CARTESIAN_POINT('',(0.3175,-2.8575,18.28));
#1892 = LINE('',#1893,#1894);
#1893 = CARTESIAN_POINT('',(0.3175,-2.8575,-2.79));
#1894 = VECTOR('',#1895,1.);
#1895 = DIRECTION('',(0.,0.,1.));
#1896 = ORIENTED_EDGE('',*,*,#382,.T.);
#1897 = ORIENTED_EDGE('',*,*,#1898,.T.);
#1898 = EDGE_CURVE('',#385,#1899,#1901,.T.);
#1899 = VERTEX_POINT('',#1900);
#1900 = CARTESIAN_POINT('',(-0.3175,-2.8575,18.28));
#1901 = LINE('',#1902,#1903);
#1902 = CARTESIAN_POINT('',(-0.3175,-2.8575,-2.79));
#1903 = VECTOR('',#1904,1.);
#1904 = DIRECTION('',(0.,0.,1.));
#1905 = ORIENTED_EDGE('',*,*,#1906,.T.);
#1906 = EDGE_CURVE('',#1899,#1890,#1907,.T.);
#1907 = LINE('',#1908,#1909);
#1908 = CARTESIAN_POINT('',(-0.3175,-2.8575,18.28));
#1909 = VECTOR('',#1910,1.);
#1910 = DIRECTION('',(1.,0.,-0.));
#1911 = PLANE('',#1912);
#1912 = AXIS2_PLACEMENT_3D('',#1913,#1914,#1915);
#1913 = CARTESIAN_POINT('',(-0.3175,-2.8575,-2.79));
#1914 = DIRECTION('',(-0.,1.,0.));
#1915 = DIRECTION('',(0.,0.,1.));
#1916 = ADVANCED_FACE('',(#1917),#1935,.T.);
#1917 = FACE_BOUND('',#1918,.T.);
#1918 = EDGE_LOOP('',(#1919,#1920,#1921,#1929));
#1919 = ORIENTED_EDGE('',*,*,#1889,.F.);
#1920 = ORIENTED_EDGE('',*,*,#408,.T.);
#1921 = ORIENTED_EDGE('',*,*,#1922,.T.);
#1922 = EDGE_CURVE('',#401,#1923,#1925,.T.);
#1923 = VERTEX_POINT('',#1924);
#1924 = CARTESIAN_POINT('',(0.3175,-2.2225,18.28));
#1925 = LINE('',#1926,#1927);
#1926 = CARTESIAN_POINT('',(0.3175,-2.2225,-2.79));
#1927 = VECTOR('',#1928,1.);
#1928 = DIRECTION('',(0.,0.,1.));
#1929 = ORIENTED_EDGE('',*,*,#1930,.F.);
#1930 = EDGE_CURVE('',#1890,#1923,#1931,.T.);
#1931 = LINE('',#1932,#1933);
#1932 = CARTESIAN_POINT('',(0.3175,-2.8575,18.28));
#1933 = VECTOR('',#1934,1.);
#1934 = DIRECTION('',(-0.,1.,0.));
#1935 = PLANE('',#1936);
#1936 = AXIS2_PLACEMENT_3D('',#1937,#1938,#1939);
#1937 = CARTESIAN_POINT('',(0.3175,-2.8575,-2.79));
#1938 = DIRECTION('',(1.,0.,-0.));
#1939 = DIRECTION('',(0.,0.,1.));
#1940 = ADVANCED_FACE('',(#1941),#1959,.F.);
#1941 = FACE_BOUND('',#1942,.F.);
#1942 = EDGE_LOOP('',(#1943,#1944,#1945,#1953));
#1943 = ORIENTED_EDGE('',*,*,#1898,.F.);
#1944 = ORIENTED_EDGE('',*,*,#392,.T.);
#1945 = ORIENTED_EDGE('',*,*,#1946,.T.);
#1946 = EDGE_CURVE('',#393,#1947,#1949,.T.);
#1947 = VERTEX_POINT('',#1948);
#1948 = CARTESIAN_POINT('',(-0.3175,-2.2225,18.28));
#1949 = LINE('',#1950,#1951);
#1950 = CARTESIAN_POINT('',(-0.3175,-2.2225,-2.79));
#1951 = VECTOR('',#1952,1.);
#1952 = DIRECTION('',(0.,0.,1.));
#1953 = ORIENTED_EDGE('',*,*,#1954,.F.);
#1954 = EDGE_CURVE('',#1899,#1947,#1955,.T.);
#1955 = LINE('',#1956,#1957);
#1956 = CARTESIAN_POINT('',(-0.3175,-2.8575,18.28));
#1957 = VECTOR('',#1958,1.);
#1958 = DIRECTION('',(-0.,1.,0.));
#1959 = PLANE('',#1960);
#1960 = AXIS2_PLACEMENT_3D('',#1961,#1962,#1963);
#1961 = CARTESIAN_POINT('',(-0.3175,-2.8575,-2.79));
#1962 = DIRECTION('',(1.,0.,-0.));
#1963 = DIRECTION('',(0.,0.,1.));
#1964 = ADVANCED_FACE('',(#1965),#1976,.T.);
#1965 = FACE_BOUND('',#1966,.T.);
#1966 = EDGE_LOOP('',(#1967,#1968,#1969,#1970));
#1967 = ORIENTED_EDGE('',*,*,#1922,.F.);
#1968 = ORIENTED_EDGE('',*,*,#400,.T.);
#1969 = ORIENTED_EDGE('',*,*,#1946,.T.);
#1970 = ORIENTED_EDGE('',*,*,#1971,.T.);
#1971 = EDGE_CURVE('',#1947,#1923,#1972,.T.);
#1972 = LINE('',#1973,#1974);
#1973 = CARTESIAN_POINT('',(-0.3175,-2.2225,18.28));
#1974 = VECTOR('',#1975,1.);
#1975 = DIRECTION('',(1.,0.,-0.));
#1976 = PLANE('',#1977);
#1977 = AXIS2_PLACEMENT_3D('',#1978,#1979,#1980);
#1978 = CARTESIAN_POINT('',(-0.3175,-2.2225,-2.79));
#1979 = DIRECTION('',(-0.,1.,0.));
#1980 = DIRECTION('',(0.,0.,1.));
#1981 = ADVANCED_FACE('',(#1982),#2007,.F.);
#1982 = FACE_BOUND('',#1983,.F.);
#1983 = EDGE_LOOP('',(#1984,#1992,#1993,#2001));
#1984 = ORIENTED_EDGE('',*,*,#1985,.F.);
#1985 = EDGE_CURVE('',#417,#1986,#1988,.T.);
#1986 = VERTEX_POINT('',#1987);
#1987 = CARTESIAN_POINT('',(0.3175,-0.3175,18.28));
#1988 = LINE('',#1989,#1990);
#1989 = CARTESIAN_POINT('',(0.3175,-0.3175,-2.79));
#1990 = VECTOR('',#1991,1.);
#1991 = DIRECTION('',(0.,0.,1.));
#1992 = ORIENTED_EDGE('',*,*,#416,.T.);
#1993 = ORIENTED_EDGE('',*,*,#1994,.T.);
#1994 = EDGE_CURVE('',#419,#1995,#1997,.T.);
#1995 = VERTEX_POINT('',#1996);
#1996 = CARTESIAN_POINT('',(-0.3175,-0.3175,18.28));
#1997 = LINE('',#1998,#1999);
#1998 = CARTESIAN_POINT('',(-0.3175,-0.3175,-2.79));
#1999 = VECTOR('',#2000,1.);
#2000 = DIRECTION('',(0.,0.,1.));
#2001 = ORIENTED_EDGE('',*,*,#2002,.T.);
#2002 = EDGE_CURVE('',#1995,#1986,#2003,.T.);
#2003 = LINE('',#2004,#2005);
#2004 = CARTESIAN_POINT('',(-0.3175,-0.3175,18.28));
#2005 = VECTOR('',#2006,1.);
#2006 = DIRECTION('',(1.,0.,-0.));
#2007 = PLANE('',#2008);
#2008 = AXIS2_PLACEMENT_3D('',#2009,#2010,#2011);
#2009 = CARTESIAN_POINT('',(-0.3175,-0.3175,-2.79));
#2010 = DIRECTION('',(-0.,1.,0.));
#2011 = DIRECTION('',(0.,0.,1.));
#2012 = ADVANCED_FACE('',(#2013),#2031,.T.);
#2013 = FACE_BOUND('',#2014,.T.);
#2014 = EDGE_LOOP('',(#2015,#2016,#2017,#2025));
#2015 = ORIENTED_EDGE('',*,*,#1985,.F.);
#2016 = ORIENTED_EDGE('',*,*,#442,.T.);
#2017 = ORIENTED_EDGE('',*,*,#2018,.T.);
#2018 = EDGE_CURVE('',#435,#2019,#2021,.T.);
#2019 = VERTEX_POINT('',#2020);
#2020 = CARTESIAN_POINT('',(0.3175,0.3175,18.28));
#2021 = LINE('',#2022,#2023);
#2022 = CARTESIAN_POINT('',(0.3175,0.3175,-2.79));
#2023 = VECTOR('',#2024,1.);
#2024 = DIRECTION('',(0.,0.,1.));
#2025 = ORIENTED_EDGE('',*,*,#2026,.F.);
#2026 = EDGE_CURVE('',#1986,#2019,#2027,.T.);
#2027 = LINE('',#2028,#2029);
#2028 = CARTESIAN_POINT('',(0.3175,-0.3175,18.28));
#2029 = VECTOR('',#2030,1.);
#2030 = DIRECTION('',(-0.,1.,0.));
#2031 = PLANE('',#2032);
#2032 = AXIS2_PLACEMENT_3D('',#2033,#2034,#2035);
#2033 = CARTESIAN_POINT('',(0.3175,-0.3175,-2.79));
#2034 = DIRECTION('',(1.,0.,-0.));
#2035 = DIRECTION('',(0.,0.,1.));
#2036 = ADVANCED_FACE('',(#2037),#2055,.F.);
#2037 = FACE_BOUND('',#2038,.F.);
#2038 = EDGE_LOOP('',(#2039,#2040,#2041,#2049));
#2039 = ORIENTED_EDGE('',*,*,#1994,.F.);
#2040 = ORIENTED_EDGE('',*,*,#426,.T.);
#2041 = ORIENTED_EDGE('',*,*,#2042,.T.);
#2042 = EDGE_CURVE('',#427,#2043,#2045,.T.);
#2043 = VERTEX_POINT('',#2044);
#2044 = CARTESIAN_POINT('',(-0.3175,0.3175,18.28));
#2045 = LINE('',#2046,#2047);
#2046 = CARTESIAN_POINT('',(-0.3175,0.3175,-2.79));
#2047 = VECTOR('',#2048,1.);
#2048 = DIRECTION('',(0.,0.,1.));
#2049 = ORIENTED_EDGE('',*,*,#2050,.F.);
#2050 = EDGE_CURVE('',#1995,#2043,#2051,.T.);
#2051 = LINE('',#2052,#2053);
#2052 = CARTESIAN_POINT('',(-0.3175,-0.3175,18.28));
#2053 = VECTOR('',#2054,1.);
#2054 = DIRECTION('',(-0.,1.,0.));
#2055 = PLANE('',#2056);
#2056 = AXIS2_PLACEMENT_3D('',#2057,#2058,#2059);
#2057 = CARTESIAN_POINT('',(-0.3175,-0.3175,-2.79));
#2058 = DIRECTION('',(1.,0.,-0.));
#2059 = DIRECTION('',(0.,0.,1.));
#2060 = ADVANCED_FACE('',(#2061),#2072,.T.);
#2061 = FACE_BOUND('',#2062,.T.);
#2062 = EDGE_LOOP('',(#2063,#2064,#2065,#2066));
#2063 = ORIENTED_EDGE('',*,*,#2018,.F.);
#2064 = ORIENTED_EDGE('',*,*,#434,.T.);
#2065 = ORIENTED_EDGE('',*,*,#2042,.T.);
#2066 = ORIENTED_EDGE('',*,*,#2067,.T.);
#2067 = EDGE_CURVE('',#2043,#2019,#2068,.T.);
#2068 = LINE('',#2069,#2070);
#2069 = CARTESIAN_POINT('',(-0.3175,0.3175,18.28));
#2070 = VECTOR('',#2071,1.);
#2071 = DIRECTION('',(1.,0.,-0.));
#2072 = PLANE('',#2073);
#2073 = AXIS2_PLACEMENT_3D('',#2074,#2075,#2076);
#2074 = CARTESIAN_POINT('',(-0.3175,0.3175,-2.79));
#2075 = DIRECTION('',(-0.,1.,0.));
#2076 = DIRECTION('',(0.,0.,1.));
#2077 = ADVANCED_FACE('',(#2078),#2103,.F.);
#2078 = FACE_BOUND('',#2079,.F.);
#2079 = EDGE_LOOP('',(#2080,#2088,#2089,#2097));
#2080 = ORIENTED_EDGE('',*,*,#2081,.F.);
#2081 = EDGE_CURVE('',#451,#2082,#2084,.T.);
#2082 = VERTEX_POINT('',#2083);
#2083 = CARTESIAN_POINT('',(2.8575,-7.9375,18.28));
#2084 = LINE('',#2085,#2086);
#2085 = CARTESIAN_POINT('',(2.8575,-7.9375,-2.79));
#2086 = VECTOR('',#2087,1.);
#2087 = DIRECTION('',(0.,0.,1.));
#2088 = ORIENTED_EDGE('',*,*,#450,.T.);
#2089 = ORIENTED_EDGE('',*,*,#2090,.T.);
#2090 = EDGE_CURVE('',#453,#2091,#2093,.T.);
#2091 = VERTEX_POINT('',#2092);
#2092 = CARTESIAN_POINT('',(2.2225,-7.9375,18.28));
#2093 = LINE('',#2094,#2095);
#2094 = CARTESIAN_POINT('',(2.2225,-7.9375,-2.79));
#2095 = VECTOR('',#2096,1.);
#2096 = DIRECTION('',(0.,0.,1.));
#2097 = ORIENTED_EDGE('',*,*,#2098,.T.);
#2098 = EDGE_CURVE('',#2091,#2082,#2099,.T.);
#2099 = LINE('',#2100,#2101);
#2100 = CARTESIAN_POINT('',(2.2225,-7.9375,18.28));
#2101 = VECTOR('',#2102,1.);
#2102 = DIRECTION('',(1.,0.,-0.));
#2103 = PLANE('',#2104);
#2104 = AXIS2_PLACEMENT_3D('',#2105,#2106,#2107);
#2105 = CARTESIAN_POINT('',(2.2225,-7.9375,-2.79));
#2106 = DIRECTION('',(-0.,1.,0.));
#2107 = DIRECTION('',(0.,0.,1.));
#2108 = ADVANCED_FACE('',(#2109),#2127,.T.);
#2109 = FACE_BOUND('',#2110,.T.);
#2110 = EDGE_LOOP('',(#2111,#2112,#2113,#2121));
#2111 = ORIENTED_EDGE('',*,*,#2081,.F.);
#2112 = ORIENTED_EDGE('',*,*,#476,.T.);
#2113 = ORIENTED_EDGE('',*,*,#2114,.T.);
#2114 = EDGE_CURVE('',#469,#2115,#2117,.T.);
#2115 = VERTEX_POINT('',#2116);
#2116 = CARTESIAN_POINT('',(2.8575,-7.3025,18.28));
#2117 = LINE('',#2118,#2119);
#2118 = CARTESIAN_POINT('',(2.8575,-7.3025,-2.79));
#2119 = VECTOR('',#2120,1.);
#2120 = DIRECTION('',(0.,0.,1.));
#2121 = ORIENTED_EDGE('',*,*,#2122,.F.);
#2122 = EDGE_CURVE('',#2082,#2115,#2123,.T.);
#2123 = LINE('',#2124,#2125);
#2124 = CARTESIAN_POINT('',(2.8575,-7.9375,18.28));
#2125 = VECTOR('',#2126,1.);
#2126 = DIRECTION('',(-0.,1.,0.));
#2127 = PLANE('',#2128);
#2128 = AXIS2_PLACEMENT_3D('',#2129,#2130,#2131);
#2129 = CARTESIAN_POINT('',(2.8575,-7.9375,-2.79));
#2130 = DIRECTION('',(1.,0.,-0.));
#2131 = DIRECTION('',(0.,0.,1.));
#2132 = ADVANCED_FACE('',(#2133),#2151,.F.);
#2133 = FACE_BOUND('',#2134,.F.);
#2134 = EDGE_LOOP('',(#2135,#2136,#2137,#2145));
#2135 = ORIENTED_EDGE('',*,*,#2090,.F.);
#2136 = ORIENTED_EDGE('',*,*,#460,.T.);
#2137 = ORIENTED_EDGE('',*,*,#2138,.T.);
#2138 = EDGE_CURVE('',#461,#2139,#2141,.T.);
#2139 = VERTEX_POINT('',#2140);
#2140 = CARTESIAN_POINT('',(2.2225,-7.3025,18.28));
#2141 = LINE('',#2142,#2143);
#2142 = CARTESIAN_POINT('',(2.2225,-7.3025,-2.79));
#2143 = VECTOR('',#2144,1.);
#2144 = DIRECTION('',(0.,0.,1.));
#2145 = ORIENTED_EDGE('',*,*,#2146,.F.);
#2146 = EDGE_CURVE('',#2091,#2139,#2147,.T.);
#2147 = LINE('',#2148,#2149);
#2148 = CARTESIAN_POINT('',(2.2225,-7.9375,18.28));
#2149 = VECTOR('',#2150,1.);
#2150 = DIRECTION('',(-0.,1.,0.));
#2151 = PLANE('',#2152);
#2152 = AXIS2_PLACEMENT_3D('',#2153,#2154,#2155);
#2153 = CARTESIAN_POINT('',(2.2225,-7.9375,-2.79));
#2154 = DIRECTION('',(1.,0.,-0.));
#2155 = DIRECTION('',(0.,0.,1.));
#2156 = ADVANCED_FACE('',(#2157),#2168,.T.);
#2157 = FACE_BOUND('',#2158,.T.);
#2158 = EDGE_LOOP('',(#2159,#2160,#2161,#2162));
#2159 = ORIENTED_EDGE('',*,*,#2114,.F.);
#2160 = ORIENTED_EDGE('',*,*,#468,.T.);
#2161 = ORIENTED_EDGE('',*,*,#2138,.T.);
#2162 = ORIENTED_EDGE('',*,*,#2163,.T.);
#2163 = EDGE_CURVE('',#2139,#2115,#2164,.T.);
#2164 = LINE('',#2165,#2166);
#2165 = CARTESIAN_POINT('',(2.2225,-7.3025,18.28));
#2166 = VECTOR('',#2167,1.);
#2167 = DIRECTION('',(1.,0.,-0.));
#2168 = PLANE('',#2169);
#2169 = AXIS2_PLACEMENT_3D('',#2170,#2171,#2172);
#2170 = CARTESIAN_POINT('',(2.2225,-7.3025,-2.79));
#2171 = DIRECTION('',(-0.,1.,0.));
#2172 = DIRECTION('',(0.,0.,1.));
#2173 = ADVANCED_FACE('',(#2174),#2199,.F.);
#2174 = FACE_BOUND('',#2175,.F.);
#2175 = EDGE_LOOP('',(#2176,#2184,#2185,#2193));
#2176 = ORIENTED_EDGE('',*,*,#2177,.F.);
#2177 = EDGE_CURVE('',#485,#2178,#2180,.T.);
#2178 = VERTEX_POINT('',#2179);
#2179 = CARTESIAN_POINT('',(2.8575,-5.3975,18.28));
#2180 = LINE('',#2181,#2182);
#2181 = CARTESIAN_POINT('',(2.8575,-5.3975,-2.79));
#2182 = VECTOR('',#2183,1.);
#2183 = DIRECTION('',(0.,0.,1.));
#2184 = ORIENTED_EDGE('',*,*,#484,.T.);
#2185 = ORIENTED_EDGE('',*,*,#2186,.T.);
#2186 = EDGE_CURVE('',#487,#2187,#2189,.T.);
#2187 = VERTEX_POINT('',#2188);
#2188 = CARTESIAN_POINT('',(2.2225,-5.3975,18.28));
#2189 = LINE('',#2190,#2191);
#2190 = CARTESIAN_POINT('',(2.2225,-5.3975,-2.79));
#2191 = VECTOR('',#2192,1.);
#2192 = DIRECTION('',(0.,0.,1.));
#2193 = ORIENTED_EDGE('',*,*,#2194,.T.);
#2194 = EDGE_CURVE('',#2187,#2178,#2195,.T.);
#2195 = LINE('',#2196,#2197);
#2196 = CARTESIAN_POINT('',(2.2225,-5.3975,18.28));
#2197 = VECTOR('',#2198,1.);
#2198 = DIRECTION('',(1.,0.,-0.));
#2199 = PLANE('',#2200);
#2200 = AXIS2_PLACEMENT_3D('',#2201,#2202,#2203);
#2201 = CARTESIAN_POINT('',(2.2225,-5.3975,-2.79));
#2202 = DIRECTION('',(-0.,1.,0.));
#2203 = DIRECTION('',(0.,0.,1.));
#2204 = ADVANCED_FACE('',(#2205),#2223,.T.);
#2205 = FACE_BOUND('',#2206,.T.);
#2206 = EDGE_LOOP('',(#2207,#2208,#2209,#2217));
#2207 = ORIENTED_EDGE('',*,*,#2177,.F.);
#2208 = ORIENTED_EDGE('',*,*,#510,.T.);
#2209 = ORIENTED_EDGE('',*,*,#2210,.T.);
#2210 = EDGE_CURVE('',#503,#2211,#2213,.T.);
#2211 = VERTEX_POINT('',#2212);
#2212 = CARTESIAN_POINT('',(2.8575,-4.7625,18.28));
#2213 = LINE('',#2214,#2215);
#2214 = CARTESIAN_POINT('',(2.8575,-4.7625,-2.79));
#2215 = VECTOR('',#2216,1.);
#2216 = DIRECTION('',(0.,0.,1.));
#2217 = ORIENTED_EDGE('',*,*,#2218,.F.);
#2218 = EDGE_CURVE('',#2178,#2211,#2219,.T.);
#2219 = LINE('',#2220,#2221);
#2220 = CARTESIAN_POINT('',(2.8575,-5.3975,18.28));
#2221 = VECTOR('',#2222,1.);
#2222 = DIRECTION('',(-0.,1.,0.));
#2223 = PLANE('',#2224);
#2224 = AXIS2_PLACEMENT_3D('',#2225,#2226,#2227);
#2225 = CARTESIAN_POINT('',(2.8575,-5.3975,-2.79));
#2226 = DIRECTION('',(1.,0.,-0.));
#2227 = DIRECTION('',(0.,0.,1.));
#2228 = ADVANCED_FACE('',(#2229),#2247,.F.);
#2229 = FACE_BOUND('',#2230,.F.);
#2230 = EDGE_LOOP('',(#2231,#2232,#2233,#2241));
#2231 = ORIENTED_EDGE('',*,*,#2186,.F.);
#2232 = ORIENTED_EDGE('',*,*,#494,.T.);
#2233 = ORIENTED_EDGE('',*,*,#2234,.T.);
#2234 = EDGE_CURVE('',#495,#2235,#2237,.T.);
#2235 = VERTEX_POINT('',#2236);
#2236 = CARTESIAN_POINT('',(2.2225,-4.7625,18.28));
#2237 = LINE('',#2238,#2239);
#2238 = CARTESIAN_POINT('',(2.2225,-4.7625,-2.79));
#2239 = VECTOR('',#2240,1.);
#2240 = DIRECTION('',(0.,0.,1.));
#2241 = ORIENTED_EDGE('',*,*,#2242,.F.);
#2242 = EDGE_CURVE('',#2187,#2235,#2243,.T.);
#2243 = LINE('',#2244,#2245);
#2244 = CARTESIAN_POINT('',(2.2225,-5.3975,18.28));
#2245 = VECTOR('',#2246,1.);
#2246 = DIRECTION('',(-0.,1.,0.));
#2247 = PLANE('',#2248);
#2248 = AXIS2_PLACEMENT_3D('',#2249,#2250,#2251);
#2249 = CARTESIAN_POINT('',(2.2225,-5.3975,-2.79));
#2250 = DIRECTION('',(1.,0.,-0.));
#2251 = DIRECTION('',(0.,0.,1.));
#2252 = ADVANCED_FACE('',(#2253),#2264,.T.);
#2253 = FACE_BOUND('',#2254,.T.);
#2254 = EDGE_LOOP('',(#2255,#2256,#2257,#2258));
#2255 = ORIENTED_EDGE('',*,*,#2210,.F.);
#2256 = ORIENTED_EDGE('',*,*,#502,.T.);
#2257 = ORIENTED_EDGE('',*,*,#2234,.T.);
#2258 = ORIENTED_EDGE('',*,*,#2259,.T.);
#2259 = EDGE_CURVE('',#2235,#2211,#2260,.T.);
#2260 = LINE('',#2261,#2262);
#2261 = CARTESIAN_POINT('',(2.2225,-4.7625,18.28));
#2262 = VECTOR('',#2263,1.);
#2263 = DIRECTION('',(1.,0.,-0.));
#2264 = PLANE('',#2265);
#2265 = AXIS2_PLACEMENT_3D('',#2266,#2267,#2268);
#2266 = CARTESIAN_POINT('',(2.2225,-4.7625,-2.79));
#2267 = DIRECTION('',(-0.,1.,0.));
#2268 = DIRECTION('',(0.,0.,1.));
#2269 = ADVANCED_FACE('',(#2270),#2295,.F.);
#2270 = FACE_BOUND('',#2271,.F.);
#2271 = EDGE_LOOP('',(#2272,#2280,#2281,#2289));
#2272 = ORIENTED_EDGE('',*,*,#2273,.F.);
#2273 = EDGE_CURVE('',#519,#2274,#2276,.T.);
#2274 = VERTEX_POINT('',#2275);
#2275 = CARTESIAN_POINT('',(2.8575,-2.8575,18.28));
#2276 = LINE('',#2277,#2278);
#2277 = CARTESIAN_POINT('',(2.8575,-2.8575,-2.79));
#2278 = VECTOR('',#2279,1.);
#2279 = DIRECTION('',(0.,0.,1.));
#2280 = ORIENTED_EDGE('',*,*,#518,.T.);
#2281 = ORIENTED_EDGE('',*,*,#2282,.T.);
#2282 = EDGE_CURVE('',#521,#2283,#2285,.T.);
#2283 = VERTEX_POINT('',#2284);
#2284 = CARTESIAN_POINT('',(2.2225,-2.8575,18.28));
#2285 = LINE('',#2286,#2287);
#2286 = CARTESIAN_POINT('',(2.2225,-2.8575,-2.79));
#2287 = VECTOR('',#2288,1.);
#2288 = DIRECTION('',(0.,0.,1.));
#2289 = ORIENTED_EDGE('',*,*,#2290,.T.);
#2290 = EDGE_CURVE('',#2283,#2274,#2291,.T.);
#2291 = LINE('',#2292,#2293);
#2292 = CARTESIAN_POINT('',(2.2225,-2.8575,18.28));
#2293 = VECTOR('',#2294,1.);
#2294 = DIRECTION('',(1.,0.,-0.));
#2295 = PLANE('',#2296);
#2296 = AXIS2_PLACEMENT_3D('',#2297,#2298,#2299);
#2297 = CARTESIAN_POINT('',(2.2225,-2.8575,-2.79));
#2298 = DIRECTION('',(-0.,1.,0.));
#2299 = DIRECTION('',(0.,0.,1.));
#2300 = ADVANCED_FACE('',(#2301),#2319,.T.);
#2301 = FACE_BOUND('',#2302,.T.);
#2302 = EDGE_LOOP('',(#2303,#2304,#2305,#2313));
#2303 = ORIENTED_EDGE('',*,*,#2273,.F.);
#2304 = ORIENTED_EDGE('',*,*,#544,.T.);
#2305 = ORIENTED_EDGE('',*,*,#2306,.T.);
#2306 = EDGE_CURVE('',#537,#2307,#2309,.T.);
#2307 = VERTEX_POINT('',#2308);
#2308 = CARTESIAN_POINT('',(2.8575,-2.2225,18.28));
#2309 = LINE('',#2310,#2311);
#2310 = CARTESIAN_POINT('',(2.8575,-2.2225,-2.79));
#2311 = VECTOR('',#2312,1.);
#2312 = DIRECTION('',(0.,0.,1.));
#2313 = ORIENTED_EDGE('',*,*,#2314,.F.);
#2314 = EDGE_CURVE('',#2274,#2307,#2315,.T.);
#2315 = LINE('',#2316,#2317);
#2316 = CARTESIAN_POINT('',(2.8575,-2.8575,18.28));
#2317 = VECTOR('',#2318,1.);
#2318 = DIRECTION('',(-0.,1.,0.));
#2319 = PLANE('',#2320);
#2320 = AXIS2_PLACEMENT_3D('',#2321,#2322,#2323);
#2321 = CARTESIAN_POINT('',(2.8575,-2.8575,-2.79));
#2322 = DIRECTION('',(1.,0.,-0.));
#2323 = DIRECTION('',(0.,0.,1.));
#2324 = ADVANCED_FACE('',(#2325),#2343,.F.);
#2325 = FACE_BOUND('',#2326,.F.);
#2326 = EDGE_LOOP('',(#2327,#2328,#2329,#2337));
#2327 = ORIENTED_EDGE('',*,*,#2282,.F.);
#2328 = ORIENTED_EDGE('',*,*,#528,.T.);
#2329 = ORIENTED_EDGE('',*,*,#2330,.T.);
#2330 = EDGE_CURVE('',#529,#2331,#2333,.T.);
#2331 = VERTEX_POINT('',#2332);
#2332 = CARTESIAN_POINT('',(2.2225,-2.2225,18.28));
#2333 = LINE('',#2334,#2335);
#2334 = CARTESIAN_POINT('',(2.2225,-2.2225,-2.79));
#2335 = VECTOR('',#2336,1.);
#2336 = DIRECTION('',(0.,0.,1.));
#2337 = ORIENTED_EDGE('',*,*,#2338,.F.);
#2338 = EDGE_CURVE('',#2283,#2331,#2339,.T.);
#2339 = LINE('',#2340,#2341);
#2340 = CARTESIAN_POINT('',(2.2225,-2.8575,18.28));
#2341 = VECTOR('',#2342,1.);
#2342 = DIRECTION('',(-0.,1.,0.));
#2343 = PLANE('',#2344);
#2344 = AXIS2_PLACEMENT_3D('',#2345,#2346,#2347);
#2345 = CARTESIAN_POINT('',(2.2225,-2.8575,-2.79));
#2346 = DIRECTION('',(1.,0.,-0.));
#2347 = DIRECTION('',(0.,0.,1.));
#2348 = ADVANCED_FACE('',(#2349),#2360,.T.);
#2349 = FACE_BOUND('',#2350,.T.);
#2350 = EDGE_LOOP('',(#2351,#2352,#2353,#2354));
#2351 = ORIENTED_EDGE('',*,*,#2306,.F.);
#2352 = ORIENTED_EDGE('',*,*,#536,.T.);
#2353 = ORIENTED_EDGE('',*,*,#2330,.T.);
#2354 = ORIENTED_EDGE('',*,*,#2355,.T.);
#2355 = EDGE_CURVE('',#2331,#2307,#2356,.T.);
#2356 = LINE('',#2357,#2358);
#2357 = CARTESIAN_POINT('',(2.2225,-2.2225,18.28));
#2358 = VECTOR('',#2359,1.);
#2359 = DIRECTION('',(1.,0.,-0.));
#2360 = PLANE('',#2361);
#2361 = AXIS2_PLACEMENT_3D('',#2362,#2363,#2364);
#2362 = CARTESIAN_POINT('',(2.2225,-2.2225,-2.79));
#2363 = DIRECTION('',(-0.,1.,0.));
#2364 = DIRECTION('',(0.,0.,1.));
#2365 = ADVANCED_FACE('',(#2366),#2391,.F.);
#2366 = FACE_BOUND('',#2367,.F.);
#2367 = EDGE_LOOP('',(#2368,#2376,#2377,#2385));
#2368 = ORIENTED_EDGE('',*,*,#2369,.F.);
#2369 = EDGE_CURVE('',#553,#2370,#2372,.T.);
#2370 = VERTEX_POINT('',#2371);
#2371 = CARTESIAN_POINT('',(2.8575,-0.3175,18.28));
#2372 = LINE('',#2373,#2374);
#2373 = CARTESIAN_POINT('',(2.8575,-0.3175,-2.79));
#2374 = VECTOR('',#2375,1.);
#2375 = DIRECTION('',(0.,0.,1.));
#2376 = ORIENTED_EDGE('',*,*,#552,.T.);
#2377 = ORIENTED_EDGE('',*,*,#2378,.T.);
#2378 = EDGE_CURVE('',#555,#2379,#2381,.T.);
#2379 = VERTEX_POINT('',#2380);
#2380 = CARTESIAN_POINT('',(2.2225,-0.3175,18.28));
#2381 = LINE('',#2382,#2383);
#2382 = CARTESIAN_POINT('',(2.2225,-0.3175,-2.79));
#2383 = VECTOR('',#2384,1.);
#2384 = DIRECTION('',(0.,0.,1.));
#2385 = ORIENTED_EDGE('',*,*,#2386,.T.);
#2386 = EDGE_CURVE('',#2379,#2370,#2387,.T.);
#2387 = LINE('',#2388,#2389);
#2388 = CARTESIAN_POINT('',(2.2225,-0.3175,18.28));
#2389 = VECTOR('',#2390,1.);
#2390 = DIRECTION('',(1.,0.,-0.));
#2391 = PLANE('',#2392);
#2392 = AXIS2_PLACEMENT_3D('',#2393,#2394,#2395);
#2393 = CARTESIAN_POINT('',(2.2225,-0.3175,-2.79));
#2394 = DIRECTION('',(-0.,1.,0.));
#2395 = DIRECTION('',(0.,0.,1.));
#2396 = ADVANCED_FACE('',(#2397),#2415,.T.);
#2397 = FACE_BOUND('',#2398,.T.);
#2398 = EDGE_LOOP('',(#2399,#2400,#2401,#2409));
#2399 = ORIENTED_EDGE('',*,*,#2369,.F.);
#2400 = ORIENTED_EDGE('',*,*,#578,.T.);
#2401 = ORIENTED_EDGE('',*,*,#2402,.T.);
#2402 = EDGE_CURVE('',#571,#2403,#2405,.T.);
#2403 = VERTEX_POINT('',#2404);
#2404 = CARTESIAN_POINT('',(2.8575,0.3175,18.28));
#2405 = LINE('',#2406,#2407);
#2406 = CARTESIAN_POINT('',(2.8575,0.3175,-2.79));
#2407 = VECTOR('',#2408,1.);
#2408 = DIRECTION('',(0.,0.,1.));
#2409 = ORIENTED_EDGE('',*,*,#2410,.F.);
#2410 = EDGE_CURVE('',#2370,#2403,#2411,.T.);
#2411 = LINE('',#2412,#2413);
#2412 = CARTESIAN_POINT('',(2.8575,-0.3175,18.28));
#2413 = VECTOR('',#2414,1.);
#2414 = DIRECTION('',(-0.,1.,0.));
#2415 = PLANE('',#2416);
#2416 = AXIS2_PLACEMENT_3D('',#2417,#2418,#2419);
#2417 = CARTESIAN_POINT('',(2.8575,-0.3175,-2.79));
#2418 = DIRECTION('',(1.,0.,-0.));
#2419 = DIRECTION('',(0.,0.,1.));
#2420 = ADVANCED_FACE('',(#2421),#2439,.F.);
#2421 = FACE_BOUND('',#2422,.F.);
#2422 = EDGE_LOOP('',(#2423,#2424,#2425,#2433));
#2423 = ORIENTED_EDGE('',*,*,#2378,.F.);
#2424 = ORIENTED_EDGE('',*,*,#562,.T.);
#2425 = ORIENTED_EDGE('',*,*,#2426,.T.);
#2426 = EDGE_CURVE('',#563,#2427,#2429,.T.);
#2427 = VERTEX_POINT('',#2428);
#2428 = CARTESIAN_POINT('',(2.2225,0.3175,18.28));
#2429 = LINE('',#2430,#2431);
#2430 = CARTESIAN_POINT('',(2.2225,0.3175,-2.79));
#2431 = VECTOR('',#2432,1.);
#2432 = DIRECTION('',(0.,0.,1.));
#2433 = ORIENTED_EDGE('',*,*,#2434,.F.);
#2434 = EDGE_CURVE('',#2379,#2427,#2435,.T.);
#2435 = LINE('',#2436,#2437);
#2436 = CARTESIAN_POINT('',(2.2225,-0.3175,18.28));
#2437 = VECTOR('',#2438,1.);
#2438 = DIRECTION('',(-0.,1.,0.));
#2439 = PLANE('',#2440);
#2440 = AXIS2_PLACEMENT_3D('',#2441,#2442,#2443);
#2441 = CARTESIAN_POINT('',(2.2225,-0.3175,-2.79));
#2442 = DIRECTION('',(1.,0.,-0.));
#2443 = DIRECTION('',(0.,0.,1.));
#2444 = ADVANCED_FACE('',(#2445),#2456,.T.);
#2445 = FACE_BOUND('',#2446,.T.);
#2446 = EDGE_LOOP('',(#2447,#2448,#2449,#2450));
#2447 = ORIENTED_EDGE('',*,*,#2402,.F.);
#2448 = ORIENTED_EDGE('',*,*,#570,.T.);
#2449 = ORIENTED_EDGE('',*,*,#2426,.T.);
#2450 = ORIENTED_EDGE('',*,*,#2451,.T.);
#2451 = EDGE_CURVE('',#2427,#2403,#2452,.T.);
#2452 = LINE('',#2453,#2454);
#2453 = CARTESIAN_POINT('',(2.2225,0.3175,18.28));
#2454 = VECTOR('',#2455,1.);
#2455 = DIRECTION('',(1.,0.,-0.));
#2456 = PLANE('',#2457);
#2457 = AXIS2_PLACEMENT_3D('',#2458,#2459,#2460);
#2458 = CARTESIAN_POINT('',(2.2225,0.3175,-2.79));
#2459 = DIRECTION('',(-0.,1.,0.));
#2460 = DIRECTION('',(0.,0.,1.));
#2461 = ADVANCED_FACE('',(#2462),#2487,.F.);
#2462 = FACE_BOUND('',#2463,.F.);
#2463 = EDGE_LOOP('',(#2464,#2472,#2480,#2486));
#2464 = ORIENTED_EDGE('',*,*,#2465,.F.);
#2465 = EDGE_CURVE('',#2466,#628,#2468,.T.);
#2466 = VERTEX_POINT('',#2467);
#2467 = CARTESIAN_POINT('',(0.3175,-15.5575,-2.79));
#2468 = LINE('',#2469,#2470);
#2469 = CARTESIAN_POINT('',(0.3175,-15.5575,-2.79));
#2470 = VECTOR('',#2471,1.);
#2471 = DIRECTION('',(0.,0.,1.));
#2472 = ORIENTED_EDGE('',*,*,#2473,.F.);
#2473 = EDGE_CURVE('',#2474,#2466,#2476,.T.);
#2474 = VERTEX_POINT('',#2475);
#2475 = CARTESIAN_POINT('',(-0.3175,-15.5575,-2.79));
#2476 = LINE('',#2477,#2478);
#2477 = CARTESIAN_POINT('',(-0.3175,-15.5575,-2.79));
#2478 = VECTOR('',#2479,1.);
#2479 = DIRECTION('',(1.,0.,-0.));
#2480 = ORIENTED_EDGE('',*,*,#2481,.T.);
#2481 = EDGE_CURVE('',#2474,#630,#2482,.T.);
#2482 = LINE('',#2483,#2484);
#2483 = CARTESIAN_POINT('',(-0.3175,-15.5575,-2.79));
#2484 = VECTOR('',#2485,1.);
#2485 = DIRECTION('',(0.,0.,1.));
#2486 = ORIENTED_EDGE('',*,*,#627,.F.);
#2487 = PLANE('',#2488);
#2488 = AXIS2_PLACEMENT_3D('',#2489,#2490,#2491);
#2489 = CARTESIAN_POINT('',(-0.3175,-15.5575,-2.79));
#2490 = DIRECTION('',(-0.,1.,0.));
#2491 = DIRECTION('',(0.,0.,1.));
#2492 = ADVANCED_FACE('',(#2493),#2511,.T.);
#2493 = FACE_BOUND('',#2494,.T.);
#2494 = EDGE_LOOP('',(#2495,#2496,#2504,#2510));
#2495 = ORIENTED_EDGE('',*,*,#2465,.F.);
#2496 = ORIENTED_EDGE('',*,*,#2497,.T.);
#2497 = EDGE_CURVE('',#2466,#2498,#2500,.T.);
#2498 = VERTEX_POINT('',#2499);
#2499 = CARTESIAN_POINT('',(0.3175,-14.9225,-2.79));
#2500 = LINE('',#2501,#2502);
#2501 = CARTESIAN_POINT('',(0.3175,-15.5575,-2.79));
#2502 = VECTOR('',#2503,1.);
#2503 = DIRECTION('',(-0.,1.,0.));
#2504 = ORIENTED_EDGE('',*,*,#2505,.T.);
#2505 = EDGE_CURVE('',#2498,#646,#2506,.T.);
#2506 = LINE('',#2507,#2508);
#2507 = CARTESIAN_POINT('',(0.3175,-14.9225,-2.79));
#2508 = VECTOR('',#2509,1.);
#2509 = DIRECTION('',(0.,0.,1.));
#2510 = ORIENTED_EDGE('',*,*,#653,.F.);
#2511 = PLANE('',#2512);
#2512 = AXIS2_PLACEMENT_3D('',#2513,#2514,#2515);
#2513 = CARTESIAN_POINT('',(0.3175,-15.5575,-2.79));
#2514 = DIRECTION('',(1.,0.,-0.));
#2515 = DIRECTION('',(0.,0.,1.));
#2516 = ADVANCED_FACE('',(#2517),#2535,.F.);
#2517 = FACE_BOUND('',#2518,.F.);
#2518 = EDGE_LOOP('',(#2519,#2520,#2528,#2534));
#2519 = ORIENTED_EDGE('',*,*,#2481,.F.);
#2520 = ORIENTED_EDGE('',*,*,#2521,.T.);
#2521 = EDGE_CURVE('',#2474,#2522,#2524,.T.);
#2522 = VERTEX_POINT('',#2523);
#2523 = CARTESIAN_POINT('',(-0.3175,-14.9225,-2.79));
#2524 = LINE('',#2525,#2526);
#2525 = CARTESIAN_POINT('',(-0.3175,-15.5575,-2.79));
#2526 = VECTOR('',#2527,1.);
#2527 = DIRECTION('',(-0.,1.,0.));
#2528 = ORIENTED_EDGE('',*,*,#2529,.T.);
#2529 = EDGE_CURVE('',#2522,#638,#2530,.T.);
#2530 = LINE('',#2531,#2532);
#2531 = CARTESIAN_POINT('',(-0.3175,-14.9225,-2.79));
#2532 = VECTOR('',#2533,1.);
#2533 = DIRECTION('',(0.,0.,1.));
#2534 = ORIENTED_EDGE('',*,*,#637,.F.);
#2535 = PLANE('',#2536);
#2536 = AXIS2_PLACEMENT_3D('',#2537,#2538,#2539);
#2537 = CARTESIAN_POINT('',(-0.3175,-15.5575,-2.79));
#2538 = DIRECTION('',(1.,0.,-0.));
#2539 = DIRECTION('',(0.,0.,1.));
#2540 = ADVANCED_FACE('',(#2541),#2552,.T.);
#2541 = FACE_BOUND('',#2542,.T.);
#2542 = EDGE_LOOP('',(#2543,#2544,#2550,#2551));
#2543 = ORIENTED_EDGE('',*,*,#2505,.F.);
#2544 = ORIENTED_EDGE('',*,*,#2545,.F.);
#2545 = EDGE_CURVE('',#2522,#2498,#2546,.T.);
#2546 = LINE('',#2547,#2548);
#2547 = CARTESIAN_POINT('',(-0.3175,-14.9225,-2.79));
#2548 = VECTOR('',#2549,1.);
#2549 = DIRECTION('',(1.,0.,-0.));
#2550 = ORIENTED_EDGE('',*,*,#2529,.T.);
#2551 = ORIENTED_EDGE('',*,*,#645,.F.);
#2552 = PLANE('',#2553);
#2553 = AXIS2_PLACEMENT_3D('',#2554,#2555,#2556);
#2554 = CARTESIAN_POINT('',(-0.3175,-14.9225,-2.79));
#2555 = DIRECTION('',(-0.,1.,0.));
#2556 = DIRECTION('',(0.,0.,1.));
#2557 = ADVANCED_FACE('',(#2558),#2583,.F.);
#2558 = FACE_BOUND('',#2559,.F.);
#2559 = EDGE_LOOP('',(#2560,#2568,#2576,#2582));
#2560 = ORIENTED_EDGE('',*,*,#2561,.F.);
#2561 = EDGE_CURVE('',#2562,#662,#2564,.T.);
#2562 = VERTEX_POINT('',#2563);
#2563 = CARTESIAN_POINT('',(0.3175,-13.0175,-2.79));
#2564 = LINE('',#2565,#2566);
#2565 = CARTESIAN_POINT('',(0.3175,-13.0175,-2.79));
#2566 = VECTOR('',#2567,1.);
#2567 = DIRECTION('',(0.,0.,1.));
#2568 = ORIENTED_EDGE('',*,*,#2569,.F.);
#2569 = EDGE_CURVE('',#2570,#2562,#2572,.T.);
#2570 = VERTEX_POINT('',#2571);
#2571 = CARTESIAN_POINT('',(-0.3175,-13.0175,-2.79));
#2572 = LINE('',#2573,#2574);
#2573 = CARTESIAN_POINT('',(-0.3175,-13.0175,-2.79));
#2574 = VECTOR('',#2575,1.);
#2575 = DIRECTION('',(1.,0.,-0.));
#2576 = ORIENTED_EDGE('',*,*,#2577,.T.);
#2577 = EDGE_CURVE('',#2570,#664,#2578,.T.);
#2578 = LINE('',#2579,#2580);
#2579 = CARTESIAN_POINT('',(-0.3175,-13.0175,-2.79));
#2580 = VECTOR('',#2581,1.);
#2581 = DIRECTION('',(0.,0.,1.));
#2582 = ORIENTED_EDGE('',*,*,#661,.F.);
#2583 = PLANE('',#2584);
#2584 = AXIS2_PLACEMENT_3D('',#2585,#2586,#2587);
#2585 = CARTESIAN_POINT('',(-0.3175,-13.0175,-2.79));
#2586 = DIRECTION('',(-0.,1.,0.));
#2587 = DIRECTION('',(0.,0.,1.));
#2588 = ADVANCED_FACE('',(#2589),#2607,.T.);
#2589 = FACE_BOUND('',#2590,.T.);
#2590 = EDGE_LOOP('',(#2591,#2592,#2600,#2606));
#2591 = ORIENTED_EDGE('',*,*,#2561,.F.);
#2592 = ORIENTED_EDGE('',*,*,#2593,.T.);
#2593 = EDGE_CURVE('',#2562,#2594,#2596,.T.);
#2594 = VERTEX_POINT('',#2595);
#2595 = CARTESIAN_POINT('',(0.3175,-12.3825,-2.79));
#2596 = LINE('',#2597,#2598);
#2597 = CARTESIAN_POINT('',(0.3175,-13.0175,-2.79));
#2598 = VECTOR('',#2599,1.);
#2599 = DIRECTION('',(-0.,1.,0.));
#2600 = ORIENTED_EDGE('',*,*,#2601,.T.);
#2601 = EDGE_CURVE('',#2594,#680,#2602,.T.);
#2602 = LINE('',#2603,#2604);
#2603 = CARTESIAN_POINT('',(0.3175,-12.3825,-2.79));
#2604 = VECTOR('',#2605,1.);
#2605 = DIRECTION('',(0.,0.,1.));
#2606 = ORIENTED_EDGE('',*,*,#687,.F.);
#2607 = PLANE('',#2608);
#2608 = AXIS2_PLACEMENT_3D('',#2609,#2610,#2611);
#2609 = CARTESIAN_POINT('',(0.3175,-13.0175,-2.79));
#2610 = DIRECTION('',(1.,0.,-0.));
#2611 = DIRECTION('',(0.,0.,1.));
#2612 = ADVANCED_FACE('',(#2613),#2631,.F.);
#2613 = FACE_BOUND('',#2614,.F.);
#2614 = EDGE_LOOP('',(#2615,#2616,#2624,#2630));
#2615 = ORIENTED_EDGE('',*,*,#2577,.F.);
#2616 = ORIENTED_EDGE('',*,*,#2617,.T.);
#2617 = EDGE_CURVE('',#2570,#2618,#2620,.T.);
#2618 = VERTEX_POINT('',#2619);
#2619 = CARTESIAN_POINT('',(-0.3175,-12.3825,-2.79));
#2620 = LINE('',#2621,#2622);
#2621 = CARTESIAN_POINT('',(-0.3175,-13.0175,-2.79));
#2622 = VECTOR('',#2623,1.);
#2623 = DIRECTION('',(-0.,1.,0.));
#2624 = ORIENTED_EDGE('',*,*,#2625,.T.);
#2625 = EDGE_CURVE('',#2618,#672,#2626,.T.);
#2626 = LINE('',#2627,#2628);
#2627 = CARTESIAN_POINT('',(-0.3175,-12.3825,-2.79));
#2628 = VECTOR('',#2629,1.);
#2629 = DIRECTION('',(0.,0.,1.));
#2630 = ORIENTED_EDGE('',*,*,#671,.F.);
#2631 = PLANE('',#2632);
#2632 = AXIS2_PLACEMENT_3D('',#2633,#2634,#2635);
#2633 = CARTESIAN_POINT('',(-0.3175,-13.0175,-2.79));
#2634 = DIRECTION('',(1.,0.,-0.));
#2635 = DIRECTION('',(0.,0.,1.));
#2636 = ADVANCED_FACE('',(#2637),#2648,.T.);
#2637 = FACE_BOUND('',#2638,.T.);
#2638 = EDGE_LOOP('',(#2639,#2640,#2646,#2647));
#2639 = ORIENTED_EDGE('',*,*,#2601,.F.);
#2640 = ORIENTED_EDGE('',*,*,#2641,.F.);
#2641 = EDGE_CURVE('',#2618,#2594,#2642,.T.);
#2642 = LINE('',#2643,#2644);
#2643 = CARTESIAN_POINT('',(-0.3175,-12.3825,-2.79));
#2644 = VECTOR('',#2645,1.);
#2645 = DIRECTION('',(1.,0.,-0.));
#2646 = ORIENTED_EDGE('',*,*,#2625,.T.);
#2647 = ORIENTED_EDGE('',*,*,#679,.F.);
#2648 = PLANE('',#2649);
#2649 = AXIS2_PLACEMENT_3D('',#2650,#2651,#2652);
#2650 = CARTESIAN_POINT('',(-0.3175,-12.3825,-2.79));
#2651 = DIRECTION('',(-0.,1.,0.));
#2652 = DIRECTION('',(0.,0.,1.));
#2653 = ADVANCED_FACE('',(#2654),#2679,.F.);
#2654 = FACE_BOUND('',#2655,.F.);
#2655 = EDGE_LOOP('',(#2656,#2664,#2672,#2678));
#2656 = ORIENTED_EDGE('',*,*,#2657,.F.);
#2657 = EDGE_CURVE('',#2658,#696,#2660,.T.);
#2658 = VERTEX_POINT('',#2659);
#2659 = CARTESIAN_POINT('',(0.3175,-10.4775,-2.79));
#2660 = LINE('',#2661,#2662);
#2661 = CARTESIAN_POINT('',(0.3175,-10.4775,-2.79));
#2662 = VECTOR('',#2663,1.);
#2663 = DIRECTION('',(0.,0.,1.));
#2664 = ORIENTED_EDGE('',*,*,#2665,.F.);
#2665 = EDGE_CURVE('',#2666,#2658,#2668,.T.);
#2666 = VERTEX_POINT('',#2667);
#2667 = CARTESIAN_POINT('',(-0.3175,-10.4775,-2.79));
#2668 = LINE('',#2669,#2670);
#2669 = CARTESIAN_POINT('',(-0.3175,-10.4775,-2.79));
#2670 = VECTOR('',#2671,1.);
#2671 = DIRECTION('',(1.,0.,-0.));
#2672 = ORIENTED_EDGE('',*,*,#2673,.T.);
#2673 = EDGE_CURVE('',#2666,#698,#2674,.T.);
#2674 = LINE('',#2675,#2676);
#2675 = CARTESIAN_POINT('',(-0.3175,-10.4775,-2.79));
#2676 = VECTOR('',#2677,1.);
#2677 = DIRECTION('',(0.,0.,1.));
#2678 = ORIENTED_EDGE('',*,*,#695,.F.);
#2679 = PLANE('',#2680);
#2680 = AXIS2_PLACEMENT_3D('',#2681,#2682,#2683);
#2681 = CARTESIAN_POINT('',(-0.3175,-10.4775,-2.79));
#2682 = DIRECTION('',(-0.,1.,0.));
#2683 = DIRECTION('',(0.,0.,1.));
#2684 = ADVANCED_FACE('',(#2685),#2703,.T.);
#2685 = FACE_BOUND('',#2686,.T.);
#2686 = EDGE_LOOP('',(#2687,#2688,#2696,#2702));
#2687 = ORIENTED_EDGE('',*,*,#2657,.F.);
#2688 = ORIENTED_EDGE('',*,*,#2689,.T.);
#2689 = EDGE_CURVE('',#2658,#2690,#2692,.T.);
#2690 = VERTEX_POINT('',#2691);
#2691 = CARTESIAN_POINT('',(0.3175,-9.8425,-2.79));
#2692 = LINE('',#2693,#2694);
#2693 = CARTESIAN_POINT('',(0.3175,-10.4775,-2.79));
#2694 = VECTOR('',#2695,1.);
#2695 = DIRECTION('',(-0.,1.,0.));
#2696 = ORIENTED_EDGE('',*,*,#2697,.T.);
#2697 = EDGE_CURVE('',#2690,#714,#2698,.T.);
#2698 = LINE('',#2699,#2700);
#2699 = CARTESIAN_POINT('',(0.3175,-9.8425,-2.79));
#2700 = VECTOR('',#2701,1.);
#2701 = DIRECTION('',(0.,0.,1.));
#2702 = ORIENTED_EDGE('',*,*,#721,.F.);
#2703 = PLANE('',#2704);
#2704 = AXIS2_PLACEMENT_3D('',#2705,#2706,#2707);
#2705 = CARTESIAN_POINT('',(0.3175,-10.4775,-2.79));
#2706 = DIRECTION('',(1.,0.,-0.));
#2707 = DIRECTION('',(0.,0.,1.));
#2708 = ADVANCED_FACE('',(#2709),#2727,.F.);
#2709 = FACE_BOUND('',#2710,.F.);
#2710 = EDGE_LOOP('',(#2711,#2712,#2720,#2726));
#2711 = ORIENTED_EDGE('',*,*,#2673,.F.);
#2712 = ORIENTED_EDGE('',*,*,#2713,.T.);
#2713 = EDGE_CURVE('',#2666,#2714,#2716,.T.);
#2714 = VERTEX_POINT('',#2715);
#2715 = CARTESIAN_POINT('',(-0.3175,-9.8425,-2.79));
#2716 = LINE('',#2717,#2718);
#2717 = CARTESIAN_POINT('',(-0.3175,-10.4775,-2.79));
#2718 = VECTOR('',#2719,1.);
#2719 = DIRECTION('',(-0.,1.,0.));
#2720 = ORIENTED_EDGE('',*,*,#2721,.T.);
#2721 = EDGE_CURVE('',#2714,#706,#2722,.T.);
#2722 = LINE('',#2723,#2724);
#2723 = CARTESIAN_POINT('',(-0.3175,-9.8425,-2.79));
#2724 = VECTOR('',#2725,1.);
#2725 = DIRECTION('',(0.,0.,1.));
#2726 = ORIENTED_EDGE('',*,*,#705,.F.);
#2727 = PLANE('',#2728);
#2728 = AXIS2_PLACEMENT_3D('',#2729,#2730,#2731);
#2729 = CARTESIAN_POINT('',(-0.3175,-10.4775,-2.79));
#2730 = DIRECTION('',(1.,0.,-0.));
#2731 = DIRECTION('',(0.,0.,1.));
#2732 = ADVANCED_FACE('',(#2733),#2744,.T.);
#2733 = FACE_BOUND('',#2734,.T.);
#2734 = EDGE_LOOP('',(#2735,#2736,#2742,#2743));
#2735 = ORIENTED_EDGE('',*,*,#2697,.F.);
#2736 = ORIENTED_EDGE('',*,*,#2737,.F.);
#2737 = EDGE_CURVE('',#2714,#2690,#2738,.T.);
#2738 = LINE('',#2739,#2740);
#2739 = CARTESIAN_POINT('',(-0.3175,-9.8425,-2.79));
#2740 = VECTOR('',#2741,1.);
#2741 = DIRECTION('',(1.,0.,-0.));
#2742 = ORIENTED_EDGE('',*,*,#2721,.T.);
#2743 = ORIENTED_EDGE('',*,*,#713,.F.);
#2744 = PLANE('',#2745);
#2745 = AXIS2_PLACEMENT_3D('',#2746,#2747,#2748);
#2746 = CARTESIAN_POINT('',(-0.3175,-9.8425,-2.79));
#2747 = DIRECTION('',(-0.,1.,0.));
#2748 = DIRECTION('',(0.,0.,1.));
#2749 = ADVANCED_FACE('',(#2750),#2775,.F.);
#2750 = FACE_BOUND('',#2751,.F.);
#2751 = EDGE_LOOP('',(#2752,#2760,#2768,#2774));
#2752 = ORIENTED_EDGE('',*,*,#2753,.F.);
#2753 = EDGE_CURVE('',#2754,#730,#2756,.T.);
#2754 = VERTEX_POINT('',#2755);
#2755 = CARTESIAN_POINT('',(2.8575,-15.5575,-2.79));
#2756 = LINE('',#2757,#2758);
#2757 = CARTESIAN_POINT('',(2.8575,-15.5575,-2.79));
#2758 = VECTOR('',#2759,1.);
#2759 = DIRECTION('',(0.,0.,1.));
#2760 = ORIENTED_EDGE('',*,*,#2761,.F.);
#2761 = EDGE_CURVE('',#2762,#2754,#2764,.T.);
#2762 = VERTEX_POINT('',#2763);
#2763 = CARTESIAN_POINT('',(2.2225,-15.5575,-2.79));
#2764 = LINE('',#2765,#2766);
#2765 = CARTESIAN_POINT('',(2.2225,-15.5575,-2.79));
#2766 = VECTOR('',#2767,1.);
#2767 = DIRECTION('',(1.,0.,-0.));
#2768 = ORIENTED_EDGE('',*,*,#2769,.T.);
#2769 = EDGE_CURVE('',#2762,#732,#2770,.T.);
#2770 = LINE('',#2771,#2772);
#2771 = CARTESIAN_POINT('',(2.2225,-15.5575,-2.79));
#2772 = VECTOR('',#2773,1.);
#2773 = DIRECTION('',(0.,0.,1.));
#2774 = ORIENTED_EDGE('',*,*,#729,.F.);
#2775 = PLANE('',#2776);
#2776 = AXIS2_PLACEMENT_3D('',#2777,#2778,#2779);
#2777 = CARTESIAN_POINT('',(2.2225,-15.5575,-2.79));
#2778 = DIRECTION('',(-0.,1.,0.));
#2779 = DIRECTION('',(0.,0.,1.));
#2780 = ADVANCED_FACE('',(#2781),#2799,.T.);
#2781 = FACE_BOUND('',#2782,.T.);
#2782 = EDGE_LOOP('',(#2783,#2784,#2792,#2798));
#2783 = ORIENTED_EDGE('',*,*,#2753,.F.);
#2784 = ORIENTED_EDGE('',*,*,#2785,.T.);
#2785 = EDGE_CURVE('',#2754,#2786,#2788,.T.);
#2786 = VERTEX_POINT('',#2787);
#2787 = CARTESIAN_POINT('',(2.8575,-14.9225,-2.79));
#2788 = LINE('',#2789,#2790);
#2789 = CARTESIAN_POINT('',(2.8575,-15.5575,-2.79));
#2790 = VECTOR('',#2791,1.);
#2791 = DIRECTION('',(-0.,1.,0.));
#2792 = ORIENTED_EDGE('',*,*,#2793,.T.);
#2793 = EDGE_CURVE('',#2786,#748,#2794,.T.);
#2794 = LINE('',#2795,#2796);
#2795 = CARTESIAN_POINT('',(2.8575,-14.9225,-2.79));
#2796 = VECTOR('',#2797,1.);
#2797 = DIRECTION('',(0.,0.,1.));
#2798 = ORIENTED_EDGE('',*,*,#755,.F.);
#2799 = PLANE('',#2800);
#2800 = AXIS2_PLACEMENT_3D('',#2801,#2802,#2803);
#2801 = CARTESIAN_POINT('',(2.8575,-15.5575,-2.79));
#2802 = DIRECTION('',(1.,0.,-0.));
#2803 = DIRECTION('',(0.,0.,1.));
#2804 = ADVANCED_FACE('',(#2805),#2823,.T.);
#2805 = FACE_BOUND('',#2806,.T.);
#2806 = EDGE_LOOP('',(#2807,#2808,#2816,#2822));
#2807 = ORIENTED_EDGE('',*,*,#2793,.F.);
#2808 = ORIENTED_EDGE('',*,*,#2809,.F.);
#2809 = EDGE_CURVE('',#2810,#2786,#2812,.T.);
#2810 = VERTEX_POINT('',#2811);
#2811 = CARTESIAN_POINT('',(2.2225,-14.9225,-2.79));
#2812 = LINE('',#2813,#2814);
#2813 = CARTESIAN_POINT('',(2.2225,-14.9225,-2.79));
#2814 = VECTOR('',#2815,1.);
#2815 = DIRECTION('',(1.,0.,-0.));
#2816 = ORIENTED_EDGE('',*,*,#2817,.T.);
#2817 = EDGE_CURVE('',#2810,#740,#2818,.T.);
#2818 = LINE('',#2819,#2820);
#2819 = CARTESIAN_POINT('',(2.2225,-14.9225,-2.79));
#2820 = VECTOR('',#2821,1.);
#2821 = DIRECTION('',(0.,0.,1.));
#2822 = ORIENTED_EDGE('',*,*,#747,.F.);
#2823 = PLANE('',#2824);
#2824 = AXIS2_PLACEMENT_3D('',#2825,#2826,#2827);
#2825 = CARTESIAN_POINT('',(2.2225,-14.9225,-2.79));
#2826 = DIRECTION('',(-0.,1.,0.));
#2827 = DIRECTION('',(0.,0.,1.));
#2828 = ADVANCED_FACE('',(#2829),#2840,.F.);
#2829 = FACE_BOUND('',#2830,.F.);
#2830 = EDGE_LOOP('',(#2831,#2832,#2838,#2839));
#2831 = ORIENTED_EDGE('',*,*,#2769,.F.);
#2832 = ORIENTED_EDGE('',*,*,#2833,.T.);
#2833 = EDGE_CURVE('',#2762,#2810,#2834,.T.);
#2834 = LINE('',#2835,#2836);
#2835 = CARTESIAN_POINT('',(2.2225,-15.5575,-2.79));
#2836 = VECTOR('',#2837,1.);
#2837 = DIRECTION('',(-0.,1.,0.));
#2838 = ORIENTED_EDGE('',*,*,#2817,.T.);
#2839 = ORIENTED_EDGE('',*,*,#739,.F.);
#2840 = PLANE('',#2841);
#2841 = AXIS2_PLACEMENT_3D('',#2842,#2843,#2844);
#2842 = CARTESIAN_POINT('',(2.2225,-15.5575,-2.79));
#2843 = DIRECTION('',(1.,0.,-0.));
#2844 = DIRECTION('',(0.,0.,1.));
#2845 = ADVANCED_FACE('',(#2846),#2871,.F.);
#2846 = FACE_BOUND('',#2847,.F.);
#2847 = EDGE_LOOP('',(#2848,#2856,#2864,#2870));
#2848 = ORIENTED_EDGE('',*,*,#2849,.F.);
#2849 = EDGE_CURVE('',#2850,#764,#2852,.T.);
#2850 = VERTEX_POINT('',#2851);
#2851 = CARTESIAN_POINT('',(2.8575,-13.0175,-2.79));
#2852 = LINE('',#2853,#2854);
#2853 = CARTESIAN_POINT('',(2.8575,-13.0175,-2.79));
#2854 = VECTOR('',#2855,1.);
#2855 = DIRECTION('',(0.,0.,1.));
#2856 = ORIENTED_EDGE('',*,*,#2857,.F.);
#2857 = EDGE_CURVE('',#2858,#2850,#2860,.T.);
#2858 = VERTEX_POINT('',#2859);
#2859 = CARTESIAN_POINT('',(2.2225,-13.0175,-2.79));
#2860 = LINE('',#2861,#2862);
#2861 = CARTESIAN_POINT('',(2.2225,-13.0175,-2.79));
#2862 = VECTOR('',#2863,1.);
#2863 = DIRECTION('',(1.,0.,-0.));
#2864 = ORIENTED_EDGE('',*,*,#2865,.T.);
#2865 = EDGE_CURVE('',#2858,#766,#2866,.T.);
#2866 = LINE('',#2867,#2868);
#2867 = CARTESIAN_POINT('',(2.2225,-13.0175,-2.79));
#2868 = VECTOR('',#2869,1.);
#2869 = DIRECTION('',(0.,0.,1.));
#2870 = ORIENTED_EDGE('',*,*,#763,.F.);
#2871 = PLANE('',#2872);
#2872 = AXIS2_PLACEMENT_3D('',#2873,#2874,#2875);
#2873 = CARTESIAN_POINT('',(2.2225,-13.0175,-2.79));
#2874 = DIRECTION('',(-0.,1.,0.));
#2875 = DIRECTION('',(0.,0.,1.));
#2876 = ADVANCED_FACE('',(#2877),#2895,.T.);
#2877 = FACE_BOUND('',#2878,.T.);
#2878 = EDGE_LOOP('',(#2879,#2880,#2888,#2894));
#2879 = ORIENTED_EDGE('',*,*,#2849,.F.);
#2880 = ORIENTED_EDGE('',*,*,#2881,.T.);
#2881 = EDGE_CURVE('',#2850,#2882,#2884,.T.);
#2882 = VERTEX_POINT('',#2883);
#2883 = CARTESIAN_POINT('',(2.8575,-12.3825,-2.79));
#2884 = LINE('',#2885,#2886);
#2885 = CARTESIAN_POINT('',(2.8575,-13.0175,-2.79));
#2886 = VECTOR('',#2887,1.);
#2887 = DIRECTION('',(-0.,1.,0.));
#2888 = ORIENTED_EDGE('',*,*,#2889,.T.);
#2889 = EDGE_CURVE('',#2882,#782,#2890,.T.);
#2890 = LINE('',#2891,#2892);
#2891 = CARTESIAN_POINT('',(2.8575,-12.3825,-2.79));
#2892 = VECTOR('',#2893,1.);
#2893 = DIRECTION('',(0.,0.,1.));
#2894 = ORIENTED_EDGE('',*,*,#789,.F.);
#2895 = PLANE('',#2896);
#2896 = AXIS2_PLACEMENT_3D('',#2897,#2898,#2899);
#2897 = CARTESIAN_POINT('',(2.8575,-13.0175,-2.79));
#2898 = DIRECTION('',(1.,0.,-0.));
#2899 = DIRECTION('',(0.,0.,1.));
#2900 = ADVANCED_FACE('',(#2901),#2919,.F.);
#2901 = FACE_BOUND('',#2902,.F.);
#2902 = EDGE_LOOP('',(#2903,#2904,#2912,#2918));
#2903 = ORIENTED_EDGE('',*,*,#2865,.F.);
#2904 = ORIENTED_EDGE('',*,*,#2905,.T.);
#2905 = EDGE_CURVE('',#2858,#2906,#2908,.T.);
#2906 = VERTEX_POINT('',#2907);
#2907 = CARTESIAN_POINT('',(2.2225,-12.3825,-2.79));
#2908 = LINE('',#2909,#2910);
#2909 = CARTESIAN_POINT('',(2.2225,-13.0175,-2.79));
#2910 = VECTOR('',#2911,1.);
#2911 = DIRECTION('',(-0.,1.,0.));
#2912 = ORIENTED_EDGE('',*,*,#2913,.T.);
#2913 = EDGE_CURVE('',#2906,#774,#2914,.T.);
#2914 = LINE('',#2915,#2916);
#2915 = CARTESIAN_POINT('',(2.2225,-12.3825,-2.79));
#2916 = VECTOR('',#2917,1.);
#2917 = DIRECTION('',(0.,0.,1.));
#2918 = ORIENTED_EDGE('',*,*,#773,.F.);
#2919 = PLANE('',#2920);
#2920 = AXIS2_PLACEMENT_3D('',#2921,#2922,#2923);
#2921 = CARTESIAN_POINT('',(2.2225,-13.0175,-2.79));
#2922 = DIRECTION('',(1.,0.,-0.));
#2923 = DIRECTION('',(0.,0.,1.));
#2924 = ADVANCED_FACE('',(#2925),#2936,.T.);
#2925 = FACE_BOUND('',#2926,.T.);
#2926 = EDGE_LOOP('',(#2927,#2928,#2934,#2935));
#2927 = ORIENTED_EDGE('',*,*,#2889,.F.);
#2928 = ORIENTED_EDGE('',*,*,#2929,.F.);
#2929 = EDGE_CURVE('',#2906,#2882,#2930,.T.);
#2930 = LINE('',#2931,#2932);
#2931 = CARTESIAN_POINT('',(2.2225,-12.3825,-2.79));
#2932 = VECTOR('',#2933,1.);
#2933 = DIRECTION('',(1.,0.,-0.));
#2934 = ORIENTED_EDGE('',*,*,#2913,.T.);
#2935 = ORIENTED_EDGE('',*,*,#781,.F.);
#2936 = PLANE('',#2937);
#2937 = AXIS2_PLACEMENT_3D('',#2938,#2939,#2940);
#2938 = CARTESIAN_POINT('',(2.2225,-12.3825,-2.79));
#2939 = DIRECTION('',(-0.,1.,0.));
#2940 = DIRECTION('',(0.,0.,1.));
#2941 = ADVANCED_FACE('',(#2942),#2967,.F.);
#2942 = FACE_BOUND('',#2943,.F.);
#2943 = EDGE_LOOP('',(#2944,#2952,#2960,#2966));
#2944 = ORIENTED_EDGE('',*,*,#2945,.F.);
#2945 = EDGE_CURVE('',#2946,#798,#2948,.T.);
#2946 = VERTEX_POINT('',#2947);
#2947 = CARTESIAN_POINT('',(2.8575,-10.4775,-2.79));
#2948 = LINE('',#2949,#2950);
#2949 = CARTESIAN_POINT('',(2.8575,-10.4775,-2.79));
#2950 = VECTOR('',#2951,1.);
#2951 = DIRECTION('',(0.,0.,1.));
#2952 = ORIENTED_EDGE('',*,*,#2953,.F.);
#2953 = EDGE_CURVE('',#2954,#2946,#2956,.T.);
#2954 = VERTEX_POINT('',#2955);
#2955 = CARTESIAN_POINT('',(2.2225,-10.4775,-2.79));
#2956 = LINE('',#2957,#2958);
#2957 = CARTESIAN_POINT('',(2.2225,-10.4775,-2.79));
#2958 = VECTOR('',#2959,1.);
#2959 = DIRECTION('',(1.,0.,-0.));
#2960 = ORIENTED_EDGE('',*,*,#2961,.T.);
#2961 = EDGE_CURVE('',#2954,#800,#2962,.T.);
#2962 = LINE('',#2963,#2964);
#2963 = CARTESIAN_POINT('',(2.2225,-10.4775,-2.79));
#2964 = VECTOR('',#2965,1.);
#2965 = DIRECTION('',(0.,0.,1.));
#2966 = ORIENTED_EDGE('',*,*,#797,.F.);
#2967 = PLANE('',#2968);
#2968 = AXIS2_PLACEMENT_3D('',#2969,#2970,#2971);
#2969 = CARTESIAN_POINT('',(2.2225,-10.4775,-2.79));
#2970 = DIRECTION('',(-0.,1.,0.));
#2971 = DIRECTION('',(0.,0.,1.));
#2972 = ADVANCED_FACE('',(#2973),#2991,.T.);
#2973 = FACE_BOUND('',#2974,.T.);
#2974 = EDGE_LOOP('',(#2975,#2976,#2984,#2990));
#2975 = ORIENTED_EDGE('',*,*,#2945,.F.);
#2976 = ORIENTED_EDGE('',*,*,#2977,.T.);
#2977 = EDGE_CURVE('',#2946,#2978,#2980,.T.);
#2978 = VERTEX_POINT('',#2979);
#2979 = CARTESIAN_POINT('',(2.8575,-9.8425,-2.79));
#2980 = LINE('',#2981,#2982);
#2981 = CARTESIAN_POINT('',(2.8575,-10.4775,-2.79));
#2982 = VECTOR('',#2983,1.);
#2983 = DIRECTION('',(-0.,1.,0.));
#2984 = ORIENTED_EDGE('',*,*,#2985,.T.);
#2985 = EDGE_CURVE('',#2978,#816,#2986,.T.);
#2986 = LINE('',#2987,#2988);
#2987 = CARTESIAN_POINT('',(2.8575,-9.8425,-2.79));
#2988 = VECTOR('',#2989,1.);
#2989 = DIRECTION('',(0.,0.,1.));
#2990 = ORIENTED_EDGE('',*,*,#823,.F.);
#2991 = PLANE('',#2992);
#2992 = AXIS2_PLACEMENT_3D('',#2993,#2994,#2995);
#2993 = CARTESIAN_POINT('',(2.8575,-10.4775,-2.79));
#2994 = DIRECTION('',(1.,0.,-0.));
#2995 = DIRECTION('',(0.,0.,1.));
#2996 = ADVANCED_FACE('',(#2997),#3015,.F.);
#2997 = FACE_BOUND('',#2998,.F.);
#2998 = EDGE_LOOP('',(#2999,#3000,#3008,#3014));
#2999 = ORIENTED_EDGE('',*,*,#2961,.F.);
#3000 = ORIENTED_EDGE('',*,*,#3001,.T.);
#3001 = EDGE_CURVE('',#2954,#3002,#3004,.T.);
#3002 = VERTEX_POINT('',#3003);
#3003 = CARTESIAN_POINT('',(2.2225,-9.8425,-2.79));
#3004 = LINE('',#3005,#3006);
#3005 = CARTESIAN_POINT('',(2.2225,-10.4775,-2.79));
#3006 = VECTOR('',#3007,1.);
#3007 = DIRECTION('',(-0.,1.,0.));
#3008 = ORIENTED_EDGE('',*,*,#3009,.T.);
#3009 = EDGE_CURVE('',#3002,#808,#3010,.T.);
#3010 = LINE('',#3011,#3012);
#3011 = CARTESIAN_POINT('',(2.2225,-9.8425,-2.79));
#3012 = VECTOR('',#3013,1.);
#3013 = DIRECTION('',(0.,0.,1.));
#3014 = ORIENTED_EDGE('',*,*,#807,.F.);
#3015 = PLANE('',#3016);
#3016 = AXIS2_PLACEMENT_3D('',#3017,#3018,#3019);
#3017 = CARTESIAN_POINT('',(2.2225,-10.4775,-2.79));
#3018 = DIRECTION('',(1.,0.,-0.));
#3019 = DIRECTION('',(0.,0.,1.));
#3020 = ADVANCED_FACE('',(#3021),#3032,.T.);
#3021 = FACE_BOUND('',#3022,.T.);
#3022 = EDGE_LOOP('',(#3023,#3024,#3030,#3031));
#3023 = ORIENTED_EDGE('',*,*,#2985,.F.);
#3024 = ORIENTED_EDGE('',*,*,#3025,.F.);
#3025 = EDGE_CURVE('',#3002,#2978,#3026,.T.);
#3026 = LINE('',#3027,#3028);
#3027 = CARTESIAN_POINT('',(2.2225,-9.8425,-2.79));
#3028 = VECTOR('',#3029,1.);
#3029 = DIRECTION('',(1.,0.,-0.));
#3030 = ORIENTED_EDGE('',*,*,#3009,.T.);
#3031 = ORIENTED_EDGE('',*,*,#815,.F.);
#3032 = PLANE('',#3033);
#3033 = AXIS2_PLACEMENT_3D('',#3034,#3035,#3036);
#3034 = CARTESIAN_POINT('',(2.2225,-9.8425,-2.79));
#3035 = DIRECTION('',(-0.,1.,0.));
#3036 = DIRECTION('',(0.,0.,1.));
#3037 = ADVANCED_FACE('',(#3038),#3063,.F.);
#3038 = FACE_BOUND('',#3039,.F.);
#3039 = EDGE_LOOP('',(#3040,#3048,#3056,#3062));
#3040 = ORIENTED_EDGE('',*,*,#3041,.F.);
#3041 = EDGE_CURVE('',#3042,#832,#3044,.T.);
#3042 = VERTEX_POINT('',#3043);
#3043 = CARTESIAN_POINT('',(0.3175,-7.9375,-2.79));
#3044 = LINE('',#3045,#3046);
#3045 = CARTESIAN_POINT('',(0.3175,-7.9375,-2.79));
#3046 = VECTOR('',#3047,1.);
#3047 = DIRECTION('',(0.,0.,1.));
#3048 = ORIENTED_EDGE('',*,*,#3049,.F.);
#3049 = EDGE_CURVE('',#3050,#3042,#3052,.T.);
#3050 = VERTEX_POINT('',#3051);
#3051 = CARTESIAN_POINT('',(-0.3175,-7.9375,-2.79));
#3052 = LINE('',#3053,#3054);
#3053 = CARTESIAN_POINT('',(-0.3175,-7.9375,-2.79));
#3054 = VECTOR('',#3055,1.);
#3055 = DIRECTION('',(1.,0.,-0.));
#3056 = ORIENTED_EDGE('',*,*,#3057,.T.);
#3057 = EDGE_CURVE('',#3050,#834,#3058,.T.);
#3058 = LINE('',#3059,#3060);
#3059 = CARTESIAN_POINT('',(-0.3175,-7.9375,-2.79));
#3060 = VECTOR('',#3061,1.);
#3061 = DIRECTION('',(0.,0.,1.));
#3062 = ORIENTED_EDGE('',*,*,#831,.F.);
#3063 = PLANE('',#3064);
#3064 = AXIS2_PLACEMENT_3D('',#3065,#3066,#3067);
#3065 = CARTESIAN_POINT('',(-0.3175,-7.9375,-2.79));
#3066 = DIRECTION('',(-0.,1.,0.));
#3067 = DIRECTION('',(0.,0.,1.));
#3068 = ADVANCED_FACE('',(#3069),#3087,.T.);
#3069 = FACE_BOUND('',#3070,.T.);
#3070 = EDGE_LOOP('',(#3071,#3072,#3080,#3086));
#3071 = ORIENTED_EDGE('',*,*,#3041,.F.);
#3072 = ORIENTED_EDGE('',*,*,#3073,.T.);
#3073 = EDGE_CURVE('',#3042,#3074,#3076,.T.);
#3074 = VERTEX_POINT('',#3075);
#3075 = CARTESIAN_POINT('',(0.3175,-7.3025,-2.79));
#3076 = LINE('',#3077,#3078);
#3077 = CARTESIAN_POINT('',(0.3175,-7.9375,-2.79));
#3078 = VECTOR('',#3079,1.);
#3079 = DIRECTION('',(-0.,1.,0.));
#3080 = ORIENTED_EDGE('',*,*,#3081,.T.);
#3081 = EDGE_CURVE('',#3074,#850,#3082,.T.);
#3082 = LINE('',#3083,#3084);
#3083 = CARTESIAN_POINT('',(0.3175,-7.3025,-2.79));
#3084 = VECTOR('',#3085,1.);
#3085 = DIRECTION('',(0.,0.,1.));
#3086 = ORIENTED_EDGE('',*,*,#857,.F.);
#3087 = PLANE('',#3088);
#3088 = AXIS2_PLACEMENT_3D('',#3089,#3090,#3091);
#3089 = CARTESIAN_POINT('',(0.3175,-7.9375,-2.79));
#3090 = DIRECTION('',(1.,0.,-0.));
#3091 = DIRECTION('',(0.,0.,1.));
#3092 = ADVANCED_FACE('',(#3093),#3111,.F.);
#3093 = FACE_BOUND('',#3094,.F.);
#3094 = EDGE_LOOP('',(#3095,#3096,#3104,#3110));
#3095 = ORIENTED_EDGE('',*,*,#3057,.F.);
#3096 = ORIENTED_EDGE('',*,*,#3097,.T.);
#3097 = EDGE_CURVE('',#3050,#3098,#3100,.T.);
#3098 = VERTEX_POINT('',#3099);
#3099 = CARTESIAN_POINT('',(-0.3175,-7.3025,-2.79));
#3100 = LINE('',#3101,#3102);
#3101 = CARTESIAN_POINT('',(-0.3175,-7.9375,-2.79));
#3102 = VECTOR('',#3103,1.);
#3103 = DIRECTION('',(-0.,1.,0.));
#3104 = ORIENTED_EDGE('',*,*,#3105,.T.);
#3105 = EDGE_CURVE('',#3098,#842,#3106,.T.);
#3106 = LINE('',#3107,#3108);
#3107 = CARTESIAN_POINT('',(-0.3175,-7.3025,-2.79));
#3108 = VECTOR('',#3109,1.);
#3109 = DIRECTION('',(0.,0.,1.));
#3110 = ORIENTED_EDGE('',*,*,#841,.F.);
#3111 = PLANE('',#3112);
#3112 = AXIS2_PLACEMENT_3D('',#3113,#3114,#3115);
#3113 = CARTESIAN_POINT('',(-0.3175,-7.9375,-2.79));
#3114 = DIRECTION('',(1.,0.,-0.));
#3115 = DIRECTION('',(0.,0.,1.));
#3116 = ADVANCED_FACE('',(#3117),#3128,.T.);
#3117 = FACE_BOUND('',#3118,.T.);
#3118 = EDGE_LOOP('',(#3119,#3120,#3126,#3127));
#3119 = ORIENTED_EDGE('',*,*,#3081,.F.);
#3120 = ORIENTED_EDGE('',*,*,#3121,.F.);
#3121 = EDGE_CURVE('',#3098,#3074,#3122,.T.);
#3122 = LINE('',#3123,#3124);
#3123 = CARTESIAN_POINT('',(-0.3175,-7.3025,-2.79));
#3124 = VECTOR('',#3125,1.);
#3125 = DIRECTION('',(1.,0.,-0.));
#3126 = ORIENTED_EDGE('',*,*,#3105,.T.);
#3127 = ORIENTED_EDGE('',*,*,#849,.F.);
#3128 = PLANE('',#3129);
#3129 = AXIS2_PLACEMENT_3D('',#3130,#3131,#3132);
#3130 = CARTESIAN_POINT('',(-0.3175,-7.3025,-2.79));
#3131 = DIRECTION('',(-0.,1.,0.));
#3132 = DIRECTION('',(0.,0.,1.));
#3133 = ADVANCED_FACE('',(#3134),#3159,.F.);
#3134 = FACE_BOUND('',#3135,.F.);
#3135 = EDGE_LOOP('',(#3136,#3144,#3152,#3158));
#3136 = ORIENTED_EDGE('',*,*,#3137,.F.);
#3137 = EDGE_CURVE('',#3138,#866,#3140,.T.);
#3138 = VERTEX_POINT('',#3139);
#3139 = CARTESIAN_POINT('',(0.3175,-5.3975,-2.79));
#3140 = LINE('',#3141,#3142);
#3141 = CARTESIAN_POINT('',(0.3175,-5.3975,-2.79));
#3142 = VECTOR('',#3143,1.);
#3143 = DIRECTION('',(0.,0.,1.));
#3144 = ORIENTED_EDGE('',*,*,#3145,.F.);
#3145 = EDGE_CURVE('',#3146,#3138,#3148,.T.);
#3146 = VERTEX_POINT('',#3147);
#3147 = CARTESIAN_POINT('',(-0.3175,-5.3975,-2.79));
#3148 = LINE('',#3149,#3150);
#3149 = CARTESIAN_POINT('',(-0.3175,-5.3975,-2.79));
#3150 = VECTOR('',#3151,1.);
#3151 = DIRECTION('',(1.,0.,-0.));
#3152 = ORIENTED_EDGE('',*,*,#3153,.T.);
#3153 = EDGE_CURVE('',#3146,#868,#3154,.T.);
#3154 = LINE('',#3155,#3156);
#3155 = CARTESIAN_POINT('',(-0.3175,-5.3975,-2.79));
#3156 = VECTOR('',#3157,1.);
#3157 = DIRECTION('',(0.,0.,1.));
#3158 = ORIENTED_EDGE('',*,*,#865,.F.);
#3159 = PLANE('',#3160);
#3160 = AXIS2_PLACEMENT_3D('',#3161,#3162,#3163);
#3161 = CARTESIAN_POINT('',(-0.3175,-5.3975,-2.79));
#3162 = DIRECTION('',(-0.,1.,0.));
#3163 = DIRECTION('',(0.,0.,1.));
#3164 = ADVANCED_FACE('',(#3165),#3183,.T.);
#3165 = FACE_BOUND('',#3166,.T.);
#3166 = EDGE_LOOP('',(#3167,#3168,#3176,#3182));
#3167 = ORIENTED_EDGE('',*,*,#3137,.F.);
#3168 = ORIENTED_EDGE('',*,*,#3169,.T.);
#3169 = EDGE_CURVE('',#3138,#3170,#3172,.T.);
#3170 = VERTEX_POINT('',#3171);
#3171 = CARTESIAN_POINT('',(0.3175,-4.7625,-2.79));
#3172 = LINE('',#3173,#3174);
#3173 = CARTESIAN_POINT('',(0.3175,-5.3975,-2.79));
#3174 = VECTOR('',#3175,1.);
#3175 = DIRECTION('',(-0.,1.,0.));
#3176 = ORIENTED_EDGE('',*,*,#3177,.T.);
#3177 = EDGE_CURVE('',#3170,#884,#3178,.T.);
#3178 = LINE('',#3179,#3180);
#3179 = CARTESIAN_POINT('',(0.3175,-4.7625,-2.79));
#3180 = VECTOR('',#3181,1.);
#3181 = DIRECTION('',(0.,0.,1.));
#3182 = ORIENTED_EDGE('',*,*,#891,.F.);
#3183 = PLANE('',#3184);
#3184 = AXIS2_PLACEMENT_3D('',#3185,#3186,#3187);
#3185 = CARTESIAN_POINT('',(0.3175,-5.3975,-2.79));
#3186 = DIRECTION('',(1.,0.,-0.));
#3187 = DIRECTION('',(0.,0.,1.));
#3188 = ADVANCED_FACE('',(#3189),#3207,.F.);
#3189 = FACE_BOUND('',#3190,.F.);
#3190 = EDGE_LOOP('',(#3191,#3192,#3200,#3206));
#3191 = ORIENTED_EDGE('',*,*,#3153,.F.);
#3192 = ORIENTED_EDGE('',*,*,#3193,.T.);
#3193 = EDGE_CURVE('',#3146,#3194,#3196,.T.);
#3194 = VERTEX_POINT('',#3195);
#3195 = CARTESIAN_POINT('',(-0.3175,-4.7625,-2.79));
#3196 = LINE('',#3197,#3198);
#3197 = CARTESIAN_POINT('',(-0.3175,-5.3975,-2.79));
#3198 = VECTOR('',#3199,1.);
#3199 = DIRECTION('',(-0.,1.,0.));
#3200 = ORIENTED_EDGE('',*,*,#3201,.T.);
#3201 = EDGE_CURVE('',#3194,#876,#3202,.T.);
#3202 = LINE('',#3203,#3204);
#3203 = CARTESIAN_POINT('',(-0.3175,-4.7625,-2.79));
#3204 = VECTOR('',#3205,1.);
#3205 = DIRECTION('',(0.,0.,1.));
#3206 = ORIENTED_EDGE('',*,*,#875,.F.);
#3207 = PLANE('',#3208);
#3208 = AXIS2_PLACEMENT_3D('',#3209,#3210,#3211);
#3209 = CARTESIAN_POINT('',(-0.3175,-5.3975,-2.79));
#3210 = DIRECTION('',(1.,0.,-0.));
#3211 = DIRECTION('',(0.,0.,1.));
#3212 = ADVANCED_FACE('',(#3213),#3224,.T.);
#3213 = FACE_BOUND('',#3214,.T.);
#3214 = EDGE_LOOP('',(#3215,#3216,#3222,#3223));
#3215 = ORIENTED_EDGE('',*,*,#3177,.F.);
#3216 = ORIENTED_EDGE('',*,*,#3217,.F.);
#3217 = EDGE_CURVE('',#3194,#3170,#3218,.T.);
#3218 = LINE('',#3219,#3220);
#3219 = CARTESIAN_POINT('',(-0.3175,-4.7625,-2.79));
#3220 = VECTOR('',#3221,1.);
#3221 = DIRECTION('',(1.,0.,-0.));
#3222 = ORIENTED_EDGE('',*,*,#3201,.T.);
#3223 = ORIENTED_EDGE('',*,*,#883,.F.);
#3224 = PLANE('',#3225);
#3225 = AXIS2_PLACEMENT_3D('',#3226,#3227,#3228);
#3226 = CARTESIAN_POINT('',(-0.3175,-4.7625,-2.79));
#3227 = DIRECTION('',(-0.,1.,0.));
#3228 = DIRECTION('',(0.,0.,1.));
#3229 = ADVANCED_FACE('',(#3230),#3255,.F.);
#3230 = FACE_BOUND('',#3231,.F.);
#3231 = EDGE_LOOP('',(#3232,#3240,#3248,#3254));
#3232 = ORIENTED_EDGE('',*,*,#3233,.F.);
#3233 = EDGE_CURVE('',#3234,#900,#3236,.T.);
#3234 = VERTEX_POINT('',#3235);
#3235 = CARTESIAN_POINT('',(0.3175,-2.8575,-2.79));
#3236 = LINE('',#3237,#3238);
#3237 = CARTESIAN_POINT('',(0.3175,-2.8575,-2.79));
#3238 = VECTOR('',#3239,1.);
#3239 = DIRECTION('',(0.,0.,1.));
#3240 = ORIENTED_EDGE('',*,*,#3241,.F.);
#3241 = EDGE_CURVE('',#3242,#3234,#3244,.T.);
#3242 = VERTEX_POINT('',#3243);
#3243 = CARTESIAN_POINT('',(-0.3175,-2.8575,-2.79));
#3244 = LINE('',#3245,#3246);
#3245 = CARTESIAN_POINT('',(-0.3175,-2.8575,-2.79));
#3246 = VECTOR('',#3247,1.);
#3247 = DIRECTION('',(1.,0.,-0.));
#3248 = ORIENTED_EDGE('',*,*,#3249,.T.);
#3249 = EDGE_CURVE('',#3242,#902,#3250,.T.);
#3250 = LINE('',#3251,#3252);
#3251 = CARTESIAN_POINT('',(-0.3175,-2.8575,-2.79));
#3252 = VECTOR('',#3253,1.);
#3253 = DIRECTION('',(0.,0.,1.));
#3254 = ORIENTED_EDGE('',*,*,#899,.F.);
#3255 = PLANE('',#3256);
#3256 = AXIS2_PLACEMENT_3D('',#3257,#3258,#3259);
#3257 = CARTESIAN_POINT('',(-0.3175,-2.8575,-2.79));
#3258 = DIRECTION('',(-0.,1.,0.));
#3259 = DIRECTION('',(0.,0.,1.));
#3260 = ADVANCED_FACE('',(#3261),#3279,.T.);
#3261 = FACE_BOUND('',#3262,.T.);
#3262 = EDGE_LOOP('',(#3263,#3264,#3272,#3278));
#3263 = ORIENTED_EDGE('',*,*,#3233,.F.);
#3264 = ORIENTED_EDGE('',*,*,#3265,.T.);
#3265 = EDGE_CURVE('',#3234,#3266,#3268,.T.);
#3266 = VERTEX_POINT('',#3267);
#3267 = CARTESIAN_POINT('',(0.3175,-2.2225,-2.79));
#3268 = LINE('',#3269,#3270);
#3269 = CARTESIAN_POINT('',(0.3175,-2.8575,-2.79));
#3270 = VECTOR('',#3271,1.);
#3271 = DIRECTION('',(-0.,1.,0.));
#3272 = ORIENTED_EDGE('',*,*,#3273,.T.);
#3273 = EDGE_CURVE('',#3266,#918,#3274,.T.);
#3274 = LINE('',#3275,#3276);
#3275 = CARTESIAN_POINT('',(0.3175,-2.2225,-2.79));
#3276 = VECTOR('',#3277,1.);
#3277 = DIRECTION('',(0.,0.,1.));
#3278 = ORIENTED_EDGE('',*,*,#925,.F.);
#3279 = PLANE('',#3280);
#3280 = AXIS2_PLACEMENT_3D('',#3281,#3282,#3283);
#3281 = CARTESIAN_POINT('',(0.3175,-2.8575,-2.79));
#3282 = DIRECTION('',(1.,0.,-0.));
#3283 = DIRECTION('',(0.,0.,1.));
#3284 = ADVANCED_FACE('',(#3285),#3303,.F.);
#3285 = FACE_BOUND('',#3286,.F.);
#3286 = EDGE_LOOP('',(#3287,#3288,#3296,#3302));
#3287 = ORIENTED_EDGE('',*,*,#3249,.F.);
#3288 = ORIENTED_EDGE('',*,*,#3289,.T.);
#3289 = EDGE_CURVE('',#3242,#3290,#3292,.T.);
#3290 = VERTEX_POINT('',#3291);
#3291 = CARTESIAN_POINT('',(-0.3175,-2.2225,-2.79));
#3292 = LINE('',#3293,#3294);
#3293 = CARTESIAN_POINT('',(-0.3175,-2.8575,-2.79));
#3294 = VECTOR('',#3295,1.);
#3295 = DIRECTION('',(-0.,1.,0.));
#3296 = ORIENTED_EDGE('',*,*,#3297,.T.);
#3297 = EDGE_CURVE('',#3290,#910,#3298,.T.);
#3298 = LINE('',#3299,#3300);
#3299 = CARTESIAN_POINT('',(-0.3175,-2.2225,-2.79));
#3300 = VECTOR('',#3301,1.);
#3301 = DIRECTION('',(0.,0.,1.));
#3302 = ORIENTED_EDGE('',*,*,#909,.F.);
#3303 = PLANE('',#3304);
#3304 = AXIS2_PLACEMENT_3D('',#3305,#3306,#3307);
#3305 = CARTESIAN_POINT('',(-0.3175,-2.8575,-2.79));
#3306 = DIRECTION('',(1.,0.,-0.));
#3307 = DIRECTION('',(0.,0.,1.));
#3308 = ADVANCED_FACE('',(#3309),#3320,.T.);
#3309 = FACE_BOUND('',#3310,.T.);
#3310 = EDGE_LOOP('',(#3311,#3312,#3318,#3319));
#3311 = ORIENTED_EDGE('',*,*,#3273,.F.);
#3312 = ORIENTED_EDGE('',*,*,#3313,.F.);
#3313 = EDGE_CURVE('',#3290,#3266,#3314,.T.);
#3314 = LINE('',#3315,#3316);
#3315 = CARTESIAN_POINT('',(-0.3175,-2.2225,-2.79));
#3316 = VECTOR('',#3317,1.);
#3317 = DIRECTION('',(1.,0.,-0.));
#3318 = ORIENTED_EDGE('',*,*,#3297,.T.);
#3319 = ORIENTED_EDGE('',*,*,#917,.F.);
#3320 = PLANE('',#3321);
#3321 = AXIS2_PLACEMENT_3D('',#3322,#3323,#3324);
#3322 = CARTESIAN_POINT('',(-0.3175,-2.2225,-2.79));
#3323 = DIRECTION('',(-0.,1.,0.));
#3324 = DIRECTION('',(0.,0.,1.));
#3325 = ADVANCED_FACE('',(#3326),#3351,.F.);
#3326 = FACE_BOUND('',#3327,.F.);
#3327 = EDGE_LOOP('',(#3328,#3336,#3344,#3350));
#3328 = ORIENTED_EDGE('',*,*,#3329,.F.);
#3329 = EDGE_CURVE('',#3330,#934,#3332,.T.);
#3330 = VERTEX_POINT('',#3331);
#3331 = CARTESIAN_POINT('',(0.3175,-0.3175,-2.79));
#3332 = LINE('',#3333,#3334);
#3333 = CARTESIAN_POINT('',(0.3175,-0.3175,-2.79));
#3334 = VECTOR('',#3335,1.);
#3335 = DIRECTION('',(0.,0.,1.));
#3336 = ORIENTED_EDGE('',*,*,#3337,.F.);
#3337 = EDGE_CURVE('',#3338,#3330,#3340,.T.);
#3338 = VERTEX_POINT('',#3339);
#3339 = CARTESIAN_POINT('',(-0.3175,-0.3175,-2.79));
#3340 = LINE('',#3341,#3342);
#3341 = CARTESIAN_POINT('',(-0.3175,-0.3175,-2.79));
#3342 = VECTOR('',#3343,1.);
#3343 = DIRECTION('',(1.,0.,-0.));
#3344 = ORIENTED_EDGE('',*,*,#3345,.T.);
#3345 = EDGE_CURVE('',#3338,#936,#3346,.T.);
#3346 = LINE('',#3347,#3348);
#3347 = CARTESIAN_POINT('',(-0.3175,-0.3175,-2.79));
#3348 = VECTOR('',#3349,1.);
#3349 = DIRECTION('',(0.,0.,1.));
#3350 = ORIENTED_EDGE('',*,*,#933,.F.);
#3351 = PLANE('',#3352);
#3352 = AXIS2_PLACEMENT_3D('',#3353,#3354,#3355);
#3353 = CARTESIAN_POINT('',(-0.3175,-0.3175,-2.79));
#3354 = DIRECTION('',(-0.,1.,0.));
#3355 = DIRECTION('',(0.,0.,1.));
#3356 = ADVANCED_FACE('',(#3357),#3375,.T.);
#3357 = FACE_BOUND('',#3358,.T.);
#3358 = EDGE_LOOP('',(#3359,#3360,#3368,#3374));
#3359 = ORIENTED_EDGE('',*,*,#3329,.F.);
#3360 = ORIENTED_EDGE('',*,*,#3361,.T.);
#3361 = EDGE_CURVE('',#3330,#3362,#3364,.T.);
#3362 = VERTEX_POINT('',#3363);
#3363 = CARTESIAN_POINT('',(0.3175,0.3175,-2.79));
#3364 = LINE('',#3365,#3366);
#3365 = CARTESIAN_POINT('',(0.3175,-0.3175,-2.79));
#3366 = VECTOR('',#3367,1.);
#3367 = DIRECTION('',(-0.,1.,0.));
#3368 = ORIENTED_EDGE('',*,*,#3369,.T.);
#3369 = EDGE_CURVE('',#3362,#952,#3370,.T.);
#3370 = LINE('',#3371,#3372);
#3371 = CARTESIAN_POINT('',(0.3175,0.3175,-2.79));
#3372 = VECTOR('',#3373,1.);
#3373 = DIRECTION('',(0.,0.,1.));
#3374 = ORIENTED_EDGE('',*,*,#959,.F.);
#3375 = PLANE('',#3376);
#3376 = AXIS2_PLACEMENT_3D('',#3377,#3378,#3379);
#3377 = CARTESIAN_POINT('',(0.3175,-0.3175,-2.79));
#3378 = DIRECTION('',(1.,0.,-0.));
#3379 = DIRECTION('',(0.,0.,1.));
#3380 = ADVANCED_FACE('',(#3381),#3399,.F.);
#3381 = FACE_BOUND('',#3382,.F.);
#3382 = EDGE_LOOP('',(#3383,#3384,#3392,#3398));
#3383 = ORIENTED_EDGE('',*,*,#3345,.F.);
#3384 = ORIENTED_EDGE('',*,*,#3385,.T.);
#3385 = EDGE_CURVE('',#3338,#3386,#3388,.T.);
#3386 = VERTEX_POINT('',#3387);
#3387 = CARTESIAN_POINT('',(-0.3175,0.3175,-2.79));
#3388 = LINE('',#3389,#3390);
#3389 = CARTESIAN_POINT('',(-0.3175,-0.3175,-2.79));
#3390 = VECTOR('',#3391,1.);
#3391 = DIRECTION('',(-0.,1.,0.));
#3392 = ORIENTED_EDGE('',*,*,#3393,.T.);
#3393 = EDGE_CURVE('',#3386,#944,#3394,.T.);
#3394 = LINE('',#3395,#3396);
#3395 = CARTESIAN_POINT('',(-0.3175,0.3175,-2.79));
#3396 = VECTOR('',#3397,1.);
#3397 = DIRECTION('',(0.,0.,1.));
#3398 = ORIENTED_EDGE('',*,*,#943,.F.);
#3399 = PLANE('',#3400);
#3400 = AXIS2_PLACEMENT_3D('',#3401,#3402,#3403);
#3401 = CARTESIAN_POINT('',(-0.3175,-0.3175,-2.79));
#3402 = DIRECTION('',(1.,0.,-0.));
#3403 = DIRECTION('',(0.,0.,1.));
#3404 = ADVANCED_FACE('',(#3405),#3416,.T.);
#3405 = FACE_BOUND('',#3406,.T.);
#3406 = EDGE_LOOP('',(#3407,#3408,#3414,#3415));
#3407 = ORIENTED_EDGE('',*,*,#3369,.F.);
#3408 = ORIENTED_EDGE('',*,*,#3409,.F.);
#3409 = EDGE_CURVE('',#3386,#3362,#3410,.T.);
#3410 = LINE('',#3411,#3412);
#3411 = CARTESIAN_POINT('',(-0.3175,0.3175,-2.79));
#3412 = VECTOR('',#3413,1.);
#3413 = DIRECTION('',(1.,0.,-0.));
#3414 = ORIENTED_EDGE('',*,*,#3393,.T.);
#3415 = ORIENTED_EDGE('',*,*,#951,.F.);
#3416 = PLANE('',#3417);
#3417 = AXIS2_PLACEMENT_3D('',#3418,#3419,#3420);
#3418 = CARTESIAN_POINT('',(-0.3175,0.3175,-2.79));
#3419 = DIRECTION('',(-0.,1.,0.));
#3420 = DIRECTION('',(0.,0.,1.));
#3421 = ADVANCED_FACE('',(#3422),#3447,.F.);
#3422 = FACE_BOUND('',#3423,.F.);
#3423 = EDGE_LOOP('',(#3424,#3432,#3440,#3446));
#3424 = ORIENTED_EDGE('',*,*,#3425,.F.);
#3425 = EDGE_CURVE('',#3426,#968,#3428,.T.);
#3426 = VERTEX_POINT('',#3427);
#3427 = CARTESIAN_POINT('',(2.8575,-7.9375,-2.79));
#3428 = LINE('',#3429,#3430);
#3429 = CARTESIAN_POINT('',(2.8575,-7.9375,-2.79));
#3430 = VECTOR('',#3431,1.);
#3431 = DIRECTION('',(0.,0.,1.));
#3432 = ORIENTED_EDGE('',*,*,#3433,.F.);
#3433 = EDGE_CURVE('',#3434,#3426,#3436,.T.);
#3434 = VERTEX_POINT('',#3435);
#3435 = CARTESIAN_POINT('',(2.2225,-7.9375,-2.79));
#3436 = LINE('',#3437,#3438);
#3437 = CARTESIAN_POINT('',(2.2225,-7.9375,-2.79));
#3438 = VECTOR('',#3439,1.);
#3439 = DIRECTION('',(1.,0.,-0.));
#3440 = ORIENTED_EDGE('',*,*,#3441,.T.);
#3441 = EDGE_CURVE('',#3434,#970,#3442,.T.);
#3442 = LINE('',#3443,#3444);
#3443 = CARTESIAN_POINT('',(2.2225,-7.9375,-2.79));
#3444 = VECTOR('',#3445,1.);
#3445 = DIRECTION('',(0.,0.,1.));
#3446 = ORIENTED_EDGE('',*,*,#967,.F.);
#3447 = PLANE('',#3448);
#3448 = AXIS2_PLACEMENT_3D('',#3449,#3450,#3451);
#3449 = CARTESIAN_POINT('',(2.2225,-7.9375,-2.79));
#3450 = DIRECTION('',(-0.,1.,0.));
#3451 = DIRECTION('',(0.,0.,1.));
#3452 = ADVANCED_FACE('',(#3453),#3471,.T.);
#3453 = FACE_BOUND('',#3454,.T.);
#3454 = EDGE_LOOP('',(#3455,#3456,#3464,#3470));
#3455 = ORIENTED_EDGE('',*,*,#3425,.F.);
#3456 = ORIENTED_EDGE('',*,*,#3457,.T.);
#3457 = EDGE_CURVE('',#3426,#3458,#3460,.T.);
#3458 = VERTEX_POINT('',#3459);
#3459 = CARTESIAN_POINT('',(2.8575,-7.3025,-2.79));
#3460 = LINE('',#3461,#3462);
#3461 = CARTESIAN_POINT('',(2.8575,-7.9375,-2.79));
#3462 = VECTOR('',#3463,1.);
#3463 = DIRECTION('',(-0.,1.,0.));
#3464 = ORIENTED_EDGE('',*,*,#3465,.T.);
#3465 = EDGE_CURVE('',#3458,#986,#3466,.T.);
#3466 = LINE('',#3467,#3468);
#3467 = CARTESIAN_POINT('',(2.8575,-7.3025,-2.79));
#3468 = VECTOR('',#3469,1.);
#3469 = DIRECTION('',(0.,0.,1.));
#3470 = ORIENTED_EDGE('',*,*,#993,.F.);
#3471 = PLANE('',#3472);
#3472 = AXIS2_PLACEMENT_3D('',#3473,#3474,#3475);
#3473 = CARTESIAN_POINT('',(2.8575,-7.9375,-2.79));
#3474 = DIRECTION('',(1.,0.,-0.));
#3475 = DIRECTION('',(0.,0.,1.));
#3476 = ADVANCED_FACE('',(#3477),#3495,.F.);
#3477 = FACE_BOUND('',#3478,.F.);
#3478 = EDGE_LOOP('',(#3479,#3480,#3488,#3494));
#3479 = ORIENTED_EDGE('',*,*,#3441,.F.);
#3480 = ORIENTED_EDGE('',*,*,#3481,.T.);
#3481 = EDGE_CURVE('',#3434,#3482,#3484,.T.);
#3482 = VERTEX_POINT('',#3483);
#3483 = CARTESIAN_POINT('',(2.2225,-7.3025,-2.79));
#3484 = LINE('',#3485,#3486);
#3485 = CARTESIAN_POINT('',(2.2225,-7.9375,-2.79));
#3486 = VECTOR('',#3487,1.);
#3487 = DIRECTION('',(-0.,1.,0.));
#3488 = ORIENTED_EDGE('',*,*,#3489,.T.);
#3489 = EDGE_CURVE('',#3482,#978,#3490,.T.);
#3490 = LINE('',#3491,#3492);
#3491 = CARTESIAN_POINT('',(2.2225,-7.3025,-2.79));
#3492 = VECTOR('',#3493,1.);
#3493 = DIRECTION('',(0.,0.,1.));
#3494 = ORIENTED_EDGE('',*,*,#977,.F.);
#3495 = PLANE('',#3496);
#3496 = AXIS2_PLACEMENT_3D('',#3497,#3498,#3499);
#3497 = CARTESIAN_POINT('',(2.2225,-7.9375,-2.79));
#3498 = DIRECTION('',(1.,0.,-0.));
#3499 = DIRECTION('',(0.,0.,1.));
#3500 = ADVANCED_FACE('',(#3501),#3512,.T.);
#3501 = FACE_BOUND('',#3502,.T.);
#3502 = EDGE_LOOP('',(#3503,#3504,#3510,#3511));
#3503 = ORIENTED_EDGE('',*,*,#3465,.F.);
#3504 = ORIENTED_EDGE('',*,*,#3505,.F.);
#3505 = EDGE_CURVE('',#3482,#3458,#3506,.T.);
#3506 = LINE('',#3507,#3508);
#3507 = CARTESIAN_POINT('',(2.2225,-7.3025,-2.79));
#3508 = VECTOR('',#3509,1.);
#3509 = DIRECTION('',(1.,0.,-0.));
#3510 = ORIENTED_EDGE('',*,*,#3489,.T.);
#3511 = ORIENTED_EDGE('',*,*,#985,.F.);
#3512 = PLANE('',#3513);
#3513 = AXIS2_PLACEMENT_3D('',#3514,#3515,#3516);
#3514 = CARTESIAN_POINT('',(2.2225,-7.3025,-2.79));
#3515 = DIRECTION('',(-0.,1.,0.));
#3516 = DIRECTION('',(0.,0.,1.));
#3517 = ADVANCED_FACE('',(#3518),#3543,.F.);
#3518 = FACE_BOUND('',#3519,.F.);
#3519 = EDGE_LOOP('',(#3520,#3528,#3536,#3542));
#3520 = ORIENTED_EDGE('',*,*,#3521,.F.);
#3521 = EDGE_CURVE('',#3522,#1002,#3524,.T.);
#3522 = VERTEX_POINT('',#3523);
#3523 = CARTESIAN_POINT('',(2.8575,-5.3975,-2.79));
#3524 = LINE('',#3525,#3526);
#3525 = CARTESIAN_POINT('',(2.8575,-5.3975,-2.79));
#3526 = VECTOR('',#3527,1.);
#3527 = DIRECTION('',(0.,0.,1.));
#3528 = ORIENTED_EDGE('',*,*,#3529,.F.);
#3529 = EDGE_CURVE('',#3530,#3522,#3532,.T.);
#3530 = VERTEX_POINT('',#3531);
#3531 = CARTESIAN_POINT('',(2.2225,-5.3975,-2.79));
#3532 = LINE('',#3533,#3534);
#3533 = CARTESIAN_POINT('',(2.2225,-5.3975,-2.79));
#3534 = VECTOR('',#3535,1.);
#3535 = DIRECTION('',(1.,0.,-0.));
#3536 = ORIENTED_EDGE('',*,*,#3537,.T.);
#3537 = EDGE_CURVE('',#3530,#1004,#3538,.T.);
#3538 = LINE('',#3539,#3540);
#3539 = CARTESIAN_POINT('',(2.2225,-5.3975,-2.79));
#3540 = VECTOR('',#3541,1.);
#3541 = DIRECTION('',(0.,0.,1.));
#3542 = ORIENTED_EDGE('',*,*,#1001,.F.);
#3543 = PLANE('',#3544);
#3544 = AXIS2_PLACEMENT_3D('',#3545,#3546,#3547);
#3545 = CARTESIAN_POINT('',(2.2225,-5.3975,-2.79));
#3546 = DIRECTION('',(-0.,1.,0.));
#3547 = DIRECTION('',(0.,0.,1.));
#3548 = ADVANCED_FACE('',(#3549),#3567,.T.);
#3549 = FACE_BOUND('',#3550,.T.);
#3550 = EDGE_LOOP('',(#3551,#3552,#3560,#3566));
#3551 = ORIENTED_EDGE('',*,*,#3521,.F.);
#3552 = ORIENTED_EDGE('',*,*,#3553,.T.);
#3553 = EDGE_CURVE('',#3522,#3554,#3556,.T.);
#3554 = VERTEX_POINT('',#3555);
#3555 = CARTESIAN_POINT('',(2.8575,-4.7625,-2.79));
#3556 = LINE('',#3557,#3558);
#3557 = CARTESIAN_POINT('',(2.8575,-5.3975,-2.79));
#3558 = VECTOR('',#3559,1.);
#3559 = DIRECTION('',(-0.,1.,0.));
#3560 = ORIENTED_EDGE('',*,*,#3561,.T.);
#3561 = EDGE_CURVE('',#3554,#1020,#3562,.T.);
#3562 = LINE('',#3563,#3564);
#3563 = CARTESIAN_POINT('',(2.8575,-4.7625,-2.79));
#3564 = VECTOR('',#3565,1.);
#3565 = DIRECTION('',(0.,0.,1.));
#3566 = ORIENTED_EDGE('',*,*,#1027,.F.);
#3567 = PLANE('',#3568);
#3568 = AXIS2_PLACEMENT_3D('',#3569,#3570,#3571);
#3569 = CARTESIAN_POINT('',(2.8575,-5.3975,-2.79));
#3570 = DIRECTION('',(1.,0.,-0.));
#3571 = DIRECTION('',(0.,0.,1.));
#3572 = ADVANCED_FACE('',(#3573),#3591,.F.);
#3573 = FACE_BOUND('',#3574,.F.);
#3574 = EDGE_LOOP('',(#3575,#3576,#3584,#3590));
#3575 = ORIENTED_EDGE('',*,*,#3537,.F.);
#3576 = ORIENTED_EDGE('',*,*,#3577,.T.);
#3577 = EDGE_CURVE('',#3530,#3578,#3580,.T.);
#3578 = VERTEX_POINT('',#3579);
#3579 = CARTESIAN_POINT('',(2.2225,-4.7625,-2.79));
#3580 = LINE('',#3581,#3582);
#3581 = CARTESIAN_POINT('',(2.2225,-5.3975,-2.79));
#3582 = VECTOR('',#3583,1.);
#3583 = DIRECTION('',(-0.,1.,0.));
#3584 = ORIENTED_EDGE('',*,*,#3585,.T.);
#3585 = EDGE_CURVE('',#3578,#1012,#3586,.T.);
#3586 = LINE('',#3587,#3588);
#3587 = CARTESIAN_POINT('',(2.2225,-4.7625,-2.79));
#3588 = VECTOR('',#3589,1.);
#3589 = DIRECTION('',(0.,0.,1.));
#3590 = ORIENTED_EDGE('',*,*,#1011,.F.);
#3591 = PLANE('',#3592);
#3592 = AXIS2_PLACEMENT_3D('',#3593,#3594,#3595);
#3593 = CARTESIAN_POINT('',(2.2225,-5.3975,-2.79));
#3594 = DIRECTION('',(1.,0.,-0.));
#3595 = DIRECTION('',(0.,0.,1.));
#3596 = ADVANCED_FACE('',(#3597),#3608,.T.);
#3597 = FACE_BOUND('',#3598,.T.);
#3598 = EDGE_LOOP('',(#3599,#3600,#3606,#3607));
#3599 = ORIENTED_EDGE('',*,*,#3561,.F.);
#3600 = ORIENTED_EDGE('',*,*,#3601,.F.);
#3601 = EDGE_CURVE('',#3578,#3554,#3602,.T.);
#3602 = LINE('',#3603,#3604);
#3603 = CARTESIAN_POINT('',(2.2225,-4.7625,-2.79));
#3604 = VECTOR('',#3605,1.);
#3605 = DIRECTION('',(1.,0.,-0.));
#3606 = ORIENTED_EDGE('',*,*,#3585,.T.);
#3607 = ORIENTED_EDGE('',*,*,#1019,.F.);
#3608 = PLANE('',#3609);
#3609 = AXIS2_PLACEMENT_3D('',#3610,#3611,#3612);
#3610 = CARTESIAN_POINT('',(2.2225,-4.7625,-2.79));
#3611 = DIRECTION('',(-0.,1.,0.));
#3612 = DIRECTION('',(0.,0.,1.));
#3613 = ADVANCED_FACE('',(#3614),#3639,.F.);
#3614 = FACE_BOUND('',#3615,.F.);
#3615 = EDGE_LOOP('',(#3616,#3624,#3632,#3638));
#3616 = ORIENTED_EDGE('',*,*,#3617,.F.);
#3617 = EDGE_CURVE('',#3618,#1036,#3620,.T.);
#3618 = VERTEX_POINT('',#3619);
#3619 = CARTESIAN_POINT('',(2.8575,-2.8575,-2.79));
#3620 = LINE('',#3621,#3622);
#3621 = CARTESIAN_POINT('',(2.8575,-2.8575,-2.79));
#3622 = VECTOR('',#3623,1.);
#3623 = DIRECTION('',(0.,0.,1.));
#3624 = ORIENTED_EDGE('',*,*,#3625,.F.);
#3625 = EDGE_CURVE('',#3626,#3618,#3628,.T.);
#3626 = VERTEX_POINT('',#3627);
#3627 = CARTESIAN_POINT('',(2.2225,-2.8575,-2.79));
#3628 = LINE('',#3629,#3630);
#3629 = CARTESIAN_POINT('',(2.2225,-2.8575,-2.79));
#3630 = VECTOR('',#3631,1.);
#3631 = DIRECTION('',(1.,0.,-0.));
#3632 = ORIENTED_EDGE('',*,*,#3633,.T.);
#3633 = EDGE_CURVE('',#3626,#1038,#3634,.T.);
#3634 = LINE('',#3635,#3636);
#3635 = CARTESIAN_POINT('',(2.2225,-2.8575,-2.79));
#3636 = VECTOR('',#3637,1.);
#3637 = DIRECTION('',(0.,0.,1.));
#3638 = ORIENTED_EDGE('',*,*,#1035,.F.);
#3639 = PLANE('',#3640);
#3640 = AXIS2_PLACEMENT_3D('',#3641,#3642,#3643);
#3641 = CARTESIAN_POINT('',(2.2225,-2.8575,-2.79));
#3642 = DIRECTION('',(-0.,1.,0.));
#3643 = DIRECTION('',(0.,0.,1.));
#3644 = ADVANCED_FACE('',(#3645),#3663,.T.);
#3645 = FACE_BOUND('',#3646,.T.);
#3646 = EDGE_LOOP('',(#3647,#3648,#3656,#3662));
#3647 = ORIENTED_EDGE('',*,*,#3617,.F.);
#3648 = ORIENTED_EDGE('',*,*,#3649,.T.);
#3649 = EDGE_CURVE('',#3618,#3650,#3652,.T.);
#3650 = VERTEX_POINT('',#3651);
#3651 = CARTESIAN_POINT('',(2.8575,-2.2225,-2.79));
#3652 = LINE('',#3653,#3654);
#3653 = CARTESIAN_POINT('',(2.8575,-2.8575,-2.79));
#3654 = VECTOR('',#3655,1.);
#3655 = DIRECTION('',(-0.,1.,0.));
#3656 = ORIENTED_EDGE('',*,*,#3657,.T.);
#3657 = EDGE_CURVE('',#3650,#1054,#3658,.T.);
#3658 = LINE('',#3659,#3660);
#3659 = CARTESIAN_POINT('',(2.8575,-2.2225,-2.79));
#3660 = VECTOR('',#3661,1.);
#3661 = DIRECTION('',(0.,0.,1.));
#3662 = ORIENTED_EDGE('',*,*,#1061,.F.);
#3663 = PLANE('',#3664);
#3664 = AXIS2_PLACEMENT_3D('',#3665,#3666,#3667);
#3665 = CARTESIAN_POINT('',(2.8575,-2.8575,-2.79));
#3666 = DIRECTION('',(1.,0.,-0.));
#3667 = DIRECTION('',(0.,0.,1.));
#3668 = ADVANCED_FACE('',(#3669),#3687,.F.);
#3669 = FACE_BOUND('',#3670,.F.);
#3670 = EDGE_LOOP('',(#3671,#3672,#3680,#3686));
#3671 = ORIENTED_EDGE('',*,*,#3633,.F.);
#3672 = ORIENTED_EDGE('',*,*,#3673,.T.);
#3673 = EDGE_CURVE('',#3626,#3674,#3676,.T.);
#3674 = VERTEX_POINT('',#3675);
#3675 = CARTESIAN_POINT('',(2.2225,-2.2225,-2.79));
#3676 = LINE('',#3677,#3678);
#3677 = CARTESIAN_POINT('',(2.2225,-2.8575,-2.79));
#3678 = VECTOR('',#3679,1.);
#3679 = DIRECTION('',(-0.,1.,0.));
#3680 = ORIENTED_EDGE('',*,*,#3681,.T.);
#3681 = EDGE_CURVE('',#3674,#1046,#3682,.T.);
#3682 = LINE('',#3683,#3684);
#3683 = CARTESIAN_POINT('',(2.2225,-2.2225,-2.79));
#3684 = VECTOR('',#3685,1.);
#3685 = DIRECTION('',(0.,0.,1.));
#3686 = ORIENTED_EDGE('',*,*,#1045,.F.);
#3687 = PLANE('',#3688);
#3688 = AXIS2_PLACEMENT_3D('',#3689,#3690,#3691);
#3689 = CARTESIAN_POINT('',(2.2225,-2.8575,-2.79));
#3690 = DIRECTION('',(1.,0.,-0.));
#3691 = DIRECTION('',(0.,0.,1.));
#3692 = ADVANCED_FACE('',(#3693),#3704,.T.);
#3693 = FACE_BOUND('',#3694,.T.);
#3694 = EDGE_LOOP('',(#3695,#3696,#3702,#3703));
#3695 = ORIENTED_EDGE('',*,*,#3657,.F.);
#3696 = ORIENTED_EDGE('',*,*,#3697,.F.);
#3697 = EDGE_CURVE('',#3674,#3650,#3698,.T.);
#3698 = LINE('',#3699,#3700);
#3699 = CARTESIAN_POINT('',(2.2225,-2.2225,-2.79));
#3700 = VECTOR('',#3701,1.);
#3701 = DIRECTION('',(1.,0.,-0.));
#3702 = ORIENTED_EDGE('',*,*,#3681,.T.);
#3703 = ORIENTED_EDGE('',*,*,#1053,.F.);
#3704 = PLANE('',#3705);
#3705 = AXIS2_PLACEMENT_3D('',#3706,#3707,#3708);
#3706 = CARTESIAN_POINT('',(2.2225,-2.2225,-2.79));
#3707 = DIRECTION('',(-0.,1.,0.));
#3708 = DIRECTION('',(0.,0.,1.));
#3709 = ADVANCED_FACE('',(#3710),#3735,.F.);
#3710 = FACE_BOUND('',#3711,.F.);
#3711 = EDGE_LOOP('',(#3712,#3720,#3728,#3734));
#3712 = ORIENTED_EDGE('',*,*,#3713,.F.);
#3713 = EDGE_CURVE('',#3714,#1070,#3716,.T.);
#3714 = VERTEX_POINT('',#3715);
#3715 = CARTESIAN_POINT('',(2.8575,-0.3175,-2.79));
#3716 = LINE('',#3717,#3718);
#3717 = CARTESIAN_POINT('',(2.8575,-0.3175,-2.79));
#3718 = VECTOR('',#3719,1.);
#3719 = DIRECTION('',(0.,0.,1.));
#3720 = ORIENTED_EDGE('',*,*,#3721,.F.);
#3721 = EDGE_CURVE('',#3722,#3714,#3724,.T.);
#3722 = VERTEX_POINT('',#3723);
#3723 = CARTESIAN_POINT('',(2.2225,-0.3175,-2.79));
#3724 = LINE('',#3725,#3726);
#3725 = CARTESIAN_POINT('',(2.2225,-0.3175,-2.79));
#3726 = VECTOR('',#3727,1.);
#3727 = DIRECTION('',(1.,0.,-0.));
#3728 = ORIENTED_EDGE('',*,*,#3729,.T.);
#3729 = EDGE_CURVE('',#3722,#1072,#3730,.T.);
#3730 = LINE('',#3731,#3732);
#3731 = CARTESIAN_POINT('',(2.2225,-0.3175,-2.79));
#3732 = VECTOR('',#3733,1.);
#3733 = DIRECTION('',(0.,0.,1.));
#3734 = ORIENTED_EDGE('',*,*,#1069,.F.);
#3735 = PLANE('',#3736);
#3736 = AXIS2_PLACEMENT_3D('',#3737,#3738,#3739);
#3737 = CARTESIAN_POINT('',(2.2225,-0.3175,-2.79));
#3738 = DIRECTION('',(-0.,1.,0.));
#3739 = DIRECTION('',(0.,0.,1.));
#3740 = ADVANCED_FACE('',(#3741),#3759,.T.);
#3741 = FACE_BOUND('',#3742,.T.);
#3742 = EDGE_LOOP('',(#3743,#3744,#3752,#3758));
#3743 = ORIENTED_EDGE('',*,*,#3713,.F.);
#3744 = ORIENTED_EDGE('',*,*,#3745,.T.);
#3745 = EDGE_CURVE('',#3714,#3746,#3748,.T.);
#3746 = VERTEX_POINT('',#3747);
#3747 = CARTESIAN_POINT('',(2.8575,0.3175,-2.79));
#3748 = LINE('',#3749,#3750);
#3749 = CARTESIAN_POINT('',(2.8575,-0.3175,-2.79));
#3750 = VECTOR('',#3751,1.);
#3751 = DIRECTION('',(-0.,1.,0.));
#3752 = ORIENTED_EDGE('',*,*,#3753,.T.);
#3753 = EDGE_CURVE('',#3746,#1088,#3754,.T.);
#3754 = LINE('',#3755,#3756);
#3755 = CARTESIAN_POINT('',(2.8575,0.3175,-2.79));
#3756 = VECTOR('',#3757,1.);
#3757 = DIRECTION('',(0.,0.,1.));
#3758 = ORIENTED_EDGE('',*,*,#1095,.F.);
#3759 = PLANE('',#3760);
#3760 = AXIS2_PLACEMENT_3D('',#3761,#3762,#3763);
#3761 = CARTESIAN_POINT('',(2.8575,-0.3175,-2.79));
#3762 = DIRECTION('',(1.,0.,-0.));
#3763 = DIRECTION('',(0.,0.,1.));
#3764 = ADVANCED_FACE('',(#3765),#3783,.F.);
#3765 = FACE_BOUND('',#3766,.F.);
#3766 = EDGE_LOOP('',(#3767,#3768,#3776,#3782));
#3767 = ORIENTED_EDGE('',*,*,#3729,.F.);
#3768 = ORIENTED_EDGE('',*,*,#3769,.T.);
#3769 = EDGE_CURVE('',#3722,#3770,#3772,.T.);
#3770 = VERTEX_POINT('',#3771);
#3771 = CARTESIAN_POINT('',(2.2225,0.3175,-2.79));
#3772 = LINE('',#3773,#3774);
#3773 = CARTESIAN_POINT('',(2.2225,-0.3175,-2.79));
#3774 = VECTOR('',#3775,1.);
#3775 = DIRECTION('',(-0.,1.,0.));
#3776 = ORIENTED_EDGE('',*,*,#3777,.T.);
#3777 = EDGE_CURVE('',#3770,#1080,#3778,.T.);
#3778 = LINE('',#3779,#3780);
#3779 = CARTESIAN_POINT('',(2.2225,0.3175,-2.79));
#3780 = VECTOR('',#3781,1.);
#3781 = DIRECTION('',(0.,0.,1.));
#3782 = ORIENTED_EDGE('',*,*,#1079,.F.);
#3783 = PLANE('',#3784);
#3784 = AXIS2_PLACEMENT_3D('',#3785,#3786,#3787);
#3785 = CARTESIAN_POINT('',(2.2225,-0.3175,-2.79));
#3786 = DIRECTION('',(1.,0.,-0.));
#3787 = DIRECTION('',(0.,0.,1.));
#3788 = ADVANCED_FACE('',(#3789),#3800,.T.);
#3789 = FACE_BOUND('',#3790,.T.);
#3790 = EDGE_LOOP('',(#3791,#3792,#3798,#3799));
#3791 = ORIENTED_EDGE('',*,*,#3753,.F.);
#3792 = ORIENTED_EDGE('',*,*,#3793,.F.);
#3793 = EDGE_CURVE('',#3770,#3746,#3794,.T.);
#3794 = LINE('',#3795,#3796);
#3795 = CARTESIAN_POINT('',(2.2225,0.3175,-2.79));
#3796 = VECTOR('',#3797,1.);
#3797 = DIRECTION('',(1.,0.,-0.));
#3798 = ORIENTED_EDGE('',*,*,#3777,.T.);
#3799 = ORIENTED_EDGE('',*,*,#1087,.F.);
#3800 = PLANE('',#3801);
#3801 = AXIS2_PLACEMENT_3D('',#3802,#3803,#3804);
#3802 = CARTESIAN_POINT('',(2.2225,0.3175,-2.79));
#3803 = DIRECTION('',(-0.,1.,0.));
#3804 = DIRECTION('',(0.,0.,1.));
#3805 = ADVANCED_FACE('',(#3806),#3812,.T.);
#3806 = FACE_BOUND('',#3807,.T.);
#3807 = EDGE_LOOP('',(#3808,#3809,#3810,#3811));
#3808 = ORIENTED_EDGE('',*,*,#1186,.F.);
#3809 = ORIENTED_EDGE('',*,*,#1138,.T.);
#3810 = ORIENTED_EDGE('',*,*,#1162,.T.);
#3811 = ORIENTED_EDGE('',*,*,#1203,.F.);
#3812 = PLANE('',#3813);
#3813 = AXIS2_PLACEMENT_3D('',#3814,#3815,#3816);
#3814 = CARTESIAN_POINT('',(-0.3175,-15.5575,18.28));
#3815 = DIRECTION('',(0.,0.,1.));
#3816 = DIRECTION('',(1.,0.,-0.));
#3817 = ADVANCED_FACE('',(#3818),#3824,.T.);
#3818 = FACE_BOUND('',#3819,.T.);
#3819 = EDGE_LOOP('',(#3820,#3821,#3822,#3823));
#3820 = ORIENTED_EDGE('',*,*,#1282,.F.);
#3821 = ORIENTED_EDGE('',*,*,#1234,.T.);
#3822 = ORIENTED_EDGE('',*,*,#1258,.T.);
#3823 = ORIENTED_EDGE('',*,*,#1299,.F.);
#3824 = PLANE('',#3825);
#3825 = AXIS2_PLACEMENT_3D('',#3826,#3827,#3828);
#3826 = CARTESIAN_POINT('',(-0.3175,-13.0175,18.28));
#3827 = DIRECTION('',(0.,0.,1.));
#3828 = DIRECTION('',(1.,0.,-0.));
#3829 = ADVANCED_FACE('',(#3830),#3836,.T.);
#3830 = FACE_BOUND('',#3831,.T.);
#3831 = EDGE_LOOP('',(#3832,#3833,#3834,#3835));
#3832 = ORIENTED_EDGE('',*,*,#1378,.F.);
#3833 = ORIENTED_EDGE('',*,*,#1330,.T.);
#3834 = ORIENTED_EDGE('',*,*,#1354,.T.);
#3835 = ORIENTED_EDGE('',*,*,#1395,.F.);
#3836 = PLANE('',#3837);
#3837 = AXIS2_PLACEMENT_3D('',#3838,#3839,#3840);
#3838 = CARTESIAN_POINT('',(-0.3175,-10.4775,18.28));
#3839 = DIRECTION('',(0.,0.,1.));
#3840 = DIRECTION('',(1.,0.,-0.));
#3841 = ADVANCED_FACE('',(#3842),#3848,.T.);
#3842 = FACE_BOUND('',#3843,.T.);
#3843 = EDGE_LOOP('',(#3844,#3845,#3846,#3847));
#3844 = ORIENTED_EDGE('',*,*,#1491,.F.);
#3845 = ORIENTED_EDGE('',*,*,#1426,.T.);
#3846 = ORIENTED_EDGE('',*,*,#1450,.T.);
#3847 = ORIENTED_EDGE('',*,*,#1474,.F.);
#3848 = PLANE('',#3849);
#3849 = AXIS2_PLACEMENT_3D('',#3850,#3851,#3852);
#3850 = CARTESIAN_POINT('',(2.2225,-15.5575,18.28));
#3851 = DIRECTION('',(0.,0.,1.));
#3852 = DIRECTION('',(1.,0.,-0.));
#3853 = ADVANCED_FACE('',(#3854),#3860,.T.);
#3854 = FACE_BOUND('',#3855,.T.);
#3855 = EDGE_LOOP('',(#3856,#3857,#3858,#3859));
#3856 = ORIENTED_EDGE('',*,*,#1570,.F.);
#3857 = ORIENTED_EDGE('',*,*,#1522,.T.);
#3858 = ORIENTED_EDGE('',*,*,#1546,.T.);
#3859 = ORIENTED_EDGE('',*,*,#1587,.F.);
#3860 = PLANE('',#3861);
#3861 = AXIS2_PLACEMENT_3D('',#3862,#3863,#3864);
#3862 = CARTESIAN_POINT('',(2.2225,-13.0175,18.28));
#3863 = DIRECTION('',(0.,0.,1.));
#3864 = DIRECTION('',(1.,0.,-0.));
#3865 = ADVANCED_FACE('',(#3866),#3872,.T.);
#3866 = FACE_BOUND('',#3867,.T.);
#3867 = EDGE_LOOP('',(#3868,#3869,#3870,#3871));
#3868 = ORIENTED_EDGE('',*,*,#1666,.F.);
#3869 = ORIENTED_EDGE('',*,*,#1618,.T.);
#3870 = ORIENTED_EDGE('',*,*,#1642,.T.);
#3871 = ORIENTED_EDGE('',*,*,#1683,.F.);
#3872 = PLANE('',#3873);
#3873 = AXIS2_PLACEMENT_3D('',#3874,#3875,#3876);
#3874 = CARTESIAN_POINT('',(2.2225,-10.4775,18.28));
#3875 = DIRECTION('',(0.,0.,1.));
#3876 = DIRECTION('',(1.,0.,-0.));
#3877 = ADVANCED_FACE('',(#3878),#3884,.T.);
#3878 = FACE_BOUND('',#3879,.T.);
#3879 = EDGE_LOOP('',(#3880,#3881,#3882,#3883));
#3880 = ORIENTED_EDGE('',*,*,#1762,.F.);
#3881 = ORIENTED_EDGE('',*,*,#1714,.T.);
#3882 = ORIENTED_EDGE('',*,*,#1738,.T.);
#3883 = ORIENTED_EDGE('',*,*,#1779,.F.);
#3884 = PLANE('',#3885);
#3885 = AXIS2_PLACEMENT_3D('',#3886,#3887,#3888);
#3886 = CARTESIAN_POINT('',(-0.3175,-7.9375,18.28));
#3887 = DIRECTION('',(0.,0.,1.));
#3888 = DIRECTION('',(1.,0.,-0.));
#3889 = ADVANCED_FACE('',(#3890),#3896,.T.);
#3890 = FACE_BOUND('',#3891,.T.);
#3891 = EDGE_LOOP('',(#3892,#3893,#3894,#3895));
#3892 = ORIENTED_EDGE('',*,*,#1858,.F.);
#3893 = ORIENTED_EDGE('',*,*,#1810,.T.);
#3894 = ORIENTED_EDGE('',*,*,#1834,.T.);
#3895 = ORIENTED_EDGE('',*,*,#1875,.F.);
#3896 = PLANE('',#3897);
#3897 = AXIS2_PLACEMENT_3D('',#3898,#3899,#3900);
#3898 = CARTESIAN_POINT('',(-0.3175,-5.3975,18.28));
#3899 = DIRECTION('',(0.,0.,1.));
#3900 = DIRECTION('',(1.,0.,-0.));
#3901 = ADVANCED_FACE('',(#3902),#3908,.T.);
#3902 = FACE_BOUND('',#3903,.T.);
#3903 = EDGE_LOOP('',(#3904,#3905,#3906,#3907));
#3904 = ORIENTED_EDGE('',*,*,#1954,.F.);
#3905 = ORIENTED_EDGE('',*,*,#1906,.T.);
#3906 = ORIENTED_EDGE('',*,*,#1930,.T.);
#3907 = ORIENTED_EDGE('',*,*,#1971,.F.);
#3908 = PLANE('',#3909);
#3909 = AXIS2_PLACEMENT_3D('',#3910,#3911,#3912);
#3910 = CARTESIAN_POINT('',(-0.3175,-2.8575,18.28));
#3911 = DIRECTION('',(0.,0.,1.));
#3912 = DIRECTION('',(1.,0.,-0.));
#3913 = ADVANCED_FACE('',(#3914),#3920,.T.);
#3914 = FACE_BOUND('',#3915,.T.);
#3915 = EDGE_LOOP('',(#3916,#3917,#3918,#3919));
#3916 = ORIENTED_EDGE('',*,*,#2050,.F.);
#3917 = ORIENTED_EDGE('',*,*,#2002,.T.);
#3918 = ORIENTED_EDGE('',*,*,#2026,.T.);
#3919 = ORIENTED_EDGE('',*,*,#2067,.F.);
#3920 = PLANE('',#3921);
#3921 = AXIS2_PLACEMENT_3D('',#3922,#3923,#3924);
#3922 = CARTESIAN_POINT('',(-0.3175,-0.3175,18.28));
#3923 = DIRECTION('',(0.,0.,1.));
#3924 = DIRECTION('',(1.,0.,-0.));
#3925 = ADVANCED_FACE('',(#3926),#3932,.T.);
#3926 = FACE_BOUND('',#3927,.T.);
#3927 = EDGE_LOOP('',(#3928,#3929,#3930,#3931));
#3928 = ORIENTED_EDGE('',*,*,#2146,.F.);
#3929 = ORIENTED_EDGE('',*,*,#2098,.T.);
#3930 = ORIENTED_EDGE('',*,*,#2122,.T.);
#3931 = ORIENTED_EDGE('',*,*,#2163,.F.);
#3932 = PLANE('',#3933);
#3933 = AXIS2_PLACEMENT_3D('',#3934,#3935,#3936);
#3934 = CARTESIAN_POINT('',(2.2225,-7.9375,18.28));
#3935 = DIRECTION('',(0.,0.,1.));
#3936 = DIRECTION('',(1.,0.,-0.));
#3937 = ADVANCED_FACE('',(#3938),#3944,.T.);
#3938 = FACE_BOUND('',#3939,.T.);
#3939 = EDGE_LOOP('',(#3940,#3941,#3942,#3943));
#3940 = ORIENTED_EDGE('',*,*,#2242,.F.);
#3941 = ORIENTED_EDGE('',*,*,#2194,.T.);
#3942 = ORIENTED_EDGE('',*,*,#2218,.T.);
#3943 = ORIENTED_EDGE('',*,*,#2259,.F.);
#3944 = PLANE('',#3945);
#3945 = AXIS2_PLACEMENT_3D('',#3946,#3947,#3948);
#3946 = CARTESIAN_POINT('',(2.2225,-5.3975,18.28));
#3947 = DIRECTION('',(0.,0.,1.));
#3948 = DIRECTION('',(1.,0.,-0.));
#3949 = ADVANCED_FACE('',(#3950),#3956,.T.);
#3950 = FACE_BOUND('',#3951,.T.);
#3951 = EDGE_LOOP('',(#3952,#3953,#3954,#3955));
#3952 = ORIENTED_EDGE('',*,*,#2338,.F.);
#3953 = ORIENTED_EDGE('',*,*,#2290,.T.);
#3954 = ORIENTED_EDGE('',*,*,#2314,.T.);
#3955 = ORIENTED_EDGE('',*,*,#2355,.F.);
#3956 = PLANE('',#3957);
#3957 = AXIS2_PLACEMENT_3D('',#3958,#3959,#3960);
#3958 = CARTESIAN_POINT('',(2.2225,-2.8575,18.28));
#3959 = DIRECTION('',(0.,0.,1.));
#3960 = DIRECTION('',(1.,0.,-0.));
#3961 = ADVANCED_FACE('',(#3962),#3968,.T.);
#3962 = FACE_BOUND('',#3963,.T.);
#3963 = EDGE_LOOP('',(#3964,#3965,#3966,#3967));
#3964 = ORIENTED_EDGE('',*,*,#2434,.F.);
#3965 = ORIENTED_EDGE('',*,*,#2386,.T.);
#3966 = ORIENTED_EDGE('',*,*,#2410,.T.);
#3967 = ORIENTED_EDGE('',*,*,#2451,.F.);
#3968 = PLANE('',#3969);
#3969 = AXIS2_PLACEMENT_3D('',#3970,#3971,#3972);
#3970 = CARTESIAN_POINT('',(2.2225,-0.3175,18.28));
#3971 = DIRECTION('',(0.,0.,1.));
#3972 = DIRECTION('',(1.,0.,-0.));
#3973 = ADVANCED_FACE('',(#3974),#3980,.F.);
#3974 = FACE_BOUND('',#3975,.F.);
#3975 = EDGE_LOOP('',(#3976,#3977,#3978,#3979));
#3976 = ORIENTED_EDGE('',*,*,#2521,.F.);
#3977 = ORIENTED_EDGE('',*,*,#2473,.T.);
#3978 = ORIENTED_EDGE('',*,*,#2497,.T.);
#3979 = ORIENTED_EDGE('',*,*,#2545,.F.);
#3980 = PLANE('',#3981);
#3981 = AXIS2_PLACEMENT_3D('',#3982,#3983,#3984);
#3982 = CARTESIAN_POINT('',(-0.3175,-15.5575,-2.79));
#3983 = DIRECTION('',(0.,0.,1.));
#3984 = DIRECTION('',(1.,0.,-0.));
#3985 = ADVANCED_FACE('',(#3986),#3992,.F.);
#3986 = FACE_BOUND('',#3987,.F.);
#3987 = EDGE_LOOP('',(#3988,#3989,#3990,#3991));
#3988 = ORIENTED_EDGE('',*,*,#2617,.F.);
#3989 = ORIENTED_EDGE('',*,*,#2569,.T.);
#3990 = ORIENTED_EDGE('',*,*,#2593,.T.);
#3991 = ORIENTED_EDGE('',*,*,#2641,.F.);
#3992 = PLANE('',#3993);
#3993 = AXIS2_PLACEMENT_3D('',#3994,#3995,#3996);
#3994 = CARTESIAN_POINT('',(-0.3175,-13.0175,-2.79));
#3995 = DIRECTION('',(0.,0.,1.));
#3996 = DIRECTION('',(1.,0.,-0.));
#3997 = ADVANCED_FACE('',(#3998),#4004,.F.);
#3998 = FACE_BOUND('',#3999,.F.);
#3999 = EDGE_LOOP('',(#4000,#4001,#4002,#4003));
#4000 = ORIENTED_EDGE('',*,*,#2713,.F.);
#4001 = ORIENTED_EDGE('',*,*,#2665,.T.);
#4002 = ORIENTED_EDGE('',*,*,#2689,.T.);
#4003 = ORIENTED_EDGE('',*,*,#2737,.F.);
#4004 = PLANE('',#4005);
#4005 = AXIS2_PLACEMENT_3D('',#4006,#4007,#4008);
#4006 = CARTESIAN_POINT('',(-0.3175,-10.4775,-2.79));
#4007 = DIRECTION('',(0.,0.,1.));
#4008 = DIRECTION('',(1.,0.,-0.));
#4009 = ADVANCED_FACE('',(#4010),#4016,.F.);
#4010 = FACE_BOUND('',#4011,.F.);
#4011 = EDGE_LOOP('',(#4012,#4013,#4014,#4015));
#4012 = ORIENTED_EDGE('',*,*,#2833,.F.);
#4013 = ORIENTED_EDGE('',*,*,#2761,.T.);
#4014 = ORIENTED_EDGE('',*,*,#2785,.T.);
#4015 = ORIENTED_EDGE('',*,*,#2809,.F.);
#4016 = PLANE('',#4017);
#4017 = AXIS2_PLACEMENT_3D('',#4018,#4019,#4020);
#4018 = CARTESIAN_POINT('',(2.2225,-15.5575,-2.79));
#4019 = DIRECTION('',(0.,0.,1.));
#4020 = DIRECTION('',(1.,0.,-0.));
#4021 = ADVANCED_FACE('',(#4022),#4028,.F.);
#4022 = FACE_BOUND('',#4023,.F.);
#4023 = EDGE_LOOP('',(#4024,#4025,#4026,#4027));
#4024 = ORIENTED_EDGE('',*,*,#2905,.F.);
#4025 = ORIENTED_EDGE('',*,*,#2857,.T.);
#4026 = ORIENTED_EDGE('',*,*,#2881,.T.);
#4027 = ORIENTED_EDGE('',*,*,#2929,.F.);
#4028 = PLANE('',#4029);
#4029 = AXIS2_PLACEMENT_3D('',#4030,#4031,#4032);
#4030 = CARTESIAN_POINT('',(2.2225,-13.0175,-2.79));
#4031 = DIRECTION('',(0.,0.,1.));
#4032 = DIRECTION('',(1.,0.,-0.));
#4033 = ADVANCED_FACE('',(#4034),#4040,.F.);
#4034 = FACE_BOUND('',#4035,.F.);
#4035 = EDGE_LOOP('',(#4036,#4037,#4038,#4039));
#4036 = ORIENTED_EDGE('',*,*,#3001,.F.);
#4037 = ORIENTED_EDGE('',*,*,#2953,.T.);
#4038 = ORIENTED_EDGE('',*,*,#2977,.T.);
#4039 = ORIENTED_EDGE('',*,*,#3025,.F.);
#4040 = PLANE('',#4041);
#4041 = AXIS2_PLACEMENT_3D('',#4042,#4043,#4044);
#4042 = CARTESIAN_POINT('',(2.2225,-10.4775,-2.79));
#4043 = DIRECTION('',(0.,0.,1.));
#4044 = DIRECTION('',(1.,0.,-0.));
#4045 = ADVANCED_FACE('',(#4046),#4052,.F.);
#4046 = FACE_BOUND('',#4047,.F.);
#4047 = EDGE_LOOP('',(#4048,#4049,#4050,#4051));
#4048 = ORIENTED_EDGE('',*,*,#3097,.F.);
#4049 = ORIENTED_EDGE('',*,*,#3049,.T.);
#4050 = ORIENTED_EDGE('',*,*,#3073,.T.);
#4051 = ORIENTED_EDGE('',*,*,#3121,.F.);
#4052 = PLANE('',#4053);
#4053 = AXIS2_PLACEMENT_3D('',#4054,#4055,#4056);
#4054 = CARTESIAN_POINT('',(-0.3175,-7.9375,-2.79));
#4055 = DIRECTION('',(0.,0.,1.));
#4056 = DIRECTION('',(1.,0.,-0.));
#4057 = ADVANCED_FACE('',(#4058),#4064,.F.);
#4058 = FACE_BOUND('',#4059,.F.);
#4059 = EDGE_LOOP('',(#4060,#4061,#4062,#4063));
#4060 = ORIENTED_EDGE('',*,*,#3193,.F.);
#4061 = ORIENTED_EDGE('',*,*,#3145,.T.);
#4062 = ORIENTED_EDGE('',*,*,#3169,.T.);
#4063 = ORIENTED_EDGE('',*,*,#3217,.F.);
#4064 = PLANE('',#4065);
#4065 = AXIS2_PLACEMENT_3D('',#4066,#4067,#4068);
#4066 = CARTESIAN_POINT('',(-0.3175,-5.3975,-2.79));
#4067 = DIRECTION('',(0.,0.,1.));
#4068 = DIRECTION('',(1.,0.,-0.));
#4069 = ADVANCED_FACE('',(#4070),#4076,.F.);
#4070 = FACE_BOUND('',#4071,.F.);
#4071 = EDGE_LOOP('',(#4072,#4073,#4074,#4075));
#4072 = ORIENTED_EDGE('',*,*,#3289,.F.);
#4073 = ORIENTED_EDGE('',*,*,#3241,.T.);
#4074 = ORIENTED_EDGE('',*,*,#3265,.T.);
#4075 = ORIENTED_EDGE('',*,*,#3313,.F.);
#4076 = PLANE('',#4077);
#4077 = AXIS2_PLACEMENT_3D('',#4078,#4079,#4080);
#4078 = CARTESIAN_POINT('',(-0.3175,-2.8575,-2.79));
#4079 = DIRECTION('',(0.,0.,1.));
#4080 = DIRECTION('',(1.,0.,-0.));
#4081 = ADVANCED_FACE('',(#4082),#4088,.F.);
#4082 = FACE_BOUND('',#4083,.F.);
#4083 = EDGE_LOOP('',(#4084,#4085,#4086,#4087));
#4084 = ORIENTED_EDGE('',*,*,#3385,.F.);
#4085 = ORIENTED_EDGE('',*,*,#3337,.T.);
#4086 = ORIENTED_EDGE('',*,*,#3361,.T.);
#4087 = ORIENTED_EDGE('',*,*,#3409,.F.);
#4088 = PLANE('',#4089);
#4089 = AXIS2_PLACEMENT_3D('',#4090,#4091,#4092);
#4090 = CARTESIAN_POINT('',(-0.3175,-0.3175,-2.79));
#4091 = DIRECTION('',(0.,0.,1.));
#4092 = DIRECTION('',(1.,0.,-0.));
#4093 = ADVANCED_FACE('',(#4094),#4100,.F.);
#4094 = FACE_BOUND('',#4095,.F.);
#4095 = EDGE_LOOP('',(#4096,#4097,#4098,#4099));
#4096 = ORIENTED_EDGE('',*,*,#3481,.F.);
#4097 = ORIENTED_EDGE('',*,*,#3433,.T.);
#4098 = ORIENTED_EDGE('',*,*,#3457,.T.);
#4099 = ORIENTED_EDGE('',*,*,#3505,.F.);
#4100 = PLANE('',#4101);
#4101 = AXIS2_PLACEMENT_3D('',#4102,#4103,#4104);
#4102 = CARTESIAN_POINT('',(2.2225,-7.9375,-2.79));
#4103 = DIRECTION('',(0.,0.,1.));
#4104 = DIRECTION('',(1.,0.,-0.));
#4105 = ADVANCED_FACE('',(#4106),#4112,.F.);
#4106 = FACE_BOUND('',#4107,.F.);
#4107 = EDGE_LOOP('',(#4108,#4109,#4110,#4111));
#4108 = ORIENTED_EDGE('',*,*,#3577,.F.);
#4109 = ORIENTED_EDGE('',*,*,#3529,.T.);
#4110 = ORIENTED_EDGE('',*,*,#3553,.T.);
#4111 = ORIENTED_EDGE('',*,*,#3601,.F.);
#4112 = PLANE('',#4113);
#4113 = AXIS2_PLACEMENT_3D('',#4114,#4115,#4116);
#4114 = CARTESIAN_POINT('',(2.2225,-5.3975,-2.79));
#4115 = DIRECTION('',(0.,0.,1.));
#4116 = DIRECTION('',(1.,0.,-0.));
#4117 = ADVANCED_FACE('',(#4118),#4124,.F.);
#4118 = FACE_BOUND('',#4119,.F.);
#4119 = EDGE_LOOP('',(#4120,#4121,#4122,#4123));
#4120 = ORIENTED_EDGE('',*,*,#3673,.F.);
#4121 = ORIENTED_EDGE('',*,*,#3625,.T.);
#4122 = ORIENTED_EDGE('',*,*,#3649,.T.);
#4123 = ORIENTED_EDGE('',*,*,#3697,.F.);
#4124 = PLANE('',#4125);
#4125 = AXIS2_PLACEMENT_3D('',#4126,#4127,#4128);
#4126 = CARTESIAN_POINT('',(2.2225,-2.8575,-2.79));
#4127 = DIRECTION('',(0.,0.,1.));
#4128 = DIRECTION('',(1.,0.,-0.));
#4129 = ADVANCED_FACE('',(#4130),#4136,.F.);
#4130 = FACE_BOUND('',#4131,.F.);
#4131 = EDGE_LOOP('',(#4132,#4133,#4134,#4135));
#4132 = ORIENTED_EDGE('',*,*,#3769,.F.);
#4133 = ORIENTED_EDGE('',*,*,#3721,.T.);
#4134 = ORIENTED_EDGE('',*,*,#3745,.T.);
#4135 = ORIENTED_EDGE('',*,*,#3793,.F.);
#4136 = PLANE('',#4137);
#4137 = AXIS2_PLACEMENT_3D('',#4138,#4139,#4140);
#4138 = CARTESIAN_POINT('',(2.2225,-0.3175,-2.79));
#4139 = DIRECTION('',(0.,0.,1.));
#4140 = DIRECTION('',(1.,0.,-0.));
#4141 = ( GEOMETRIC_REPRESENTATION_CONTEXT(3) 
GLOBAL_UNCERTAINTY_ASSIGNED_CONTEXT((#4145)) 
GLOBAL_UNIT_ASSIGNED_CONTEXT((#4142,#4143,#4144)) REPRESENTATION_CONTEXT
('Context #1','3D Context with UNIT and UNCERTAINTY') );
#4142 = ( LENGTH_UNIT() NAMED_UNIT(*) SI_UNIT(.MILLI.,.METRE.) );
#4143 = ( NAMED_UNIT(*) PLANE_ANGLE_UNIT() SI_UNIT($,.RADIAN.) );
#4144 = ( NAMED_UNIT(*) SI_UNIT($,.STERADIAN.) SOLID_ANGLE_UNIT() );
#4145 = UNCERTAINTY_MEASURE_WITH_UNIT(LENGTH_MEASURE(1.E-07),#4142,
  'distance_accuracy_value','confusion accuracy');
#4146 = PRODUCT_RELATED_PRODUCT_CATEGORY('part',$,(#7));
ENDSEC;
END-ISO-10303-21;
