ISO-10303-21;
HEADER;
FILE_DESCRIPTION(('KiCad electronic assembly'),'2;1');
FILE_NAME('AC_Board.step','2026-08-04T08:31:31',('Pcbnew'),('Kicad'),
  'Open CASCADE STEP processor 7.9','KiCad to STEP converter','Unknown'
  );
FILE_SCHEMA(('AUTOMOTIVE_DESIGN { 1 0 10303 214 1 1 1 1 }'));
ENDSEC;
DATA;
#1 = APPLICATION_PROTOCOL_DEFINITION('international standard',
  'automotive_design',2000,#2);
#2 = APPLICATION_CONTEXT(
  'core data for automotive mechanical design processes');
#3 = SHAPE_DEFINITION_REPRESENTATION(#4,#10);
#4 = PRODUCT_DEFINITION_SHAPE('','',#5);
#5 = PRODUCT_DEFINITION('design','',#6,#9);
#6 = PRODUCT_DEFINITION_FORMATION('','',#7);
#7 = PRODUCT('AC_Board 1','AC_Board 1','',(#8));
#8 = PRODUCT_CONTEXT('',#2,'mechanical');
#9 = PRODUCT_DEFINITION_CONTEXT('part definition',#2,'design');
#10 = SHAPE_REPRESENTATION('',(#11,#15,#19,#23,#27,#31,#35),#39);
#11 = AXIS2_PLACEMENT_3D('',#12,#13,#14);
#12 = CARTESIAN_POINT('',(0.,0.,0.));
#13 = DIRECTION('',(0.,0.,1.));
#14 = DIRECTION('',(1.,0.,-0.));
#15 = AXIS2_PLACEMENT_3D('',#16,#17,#18);
#16 = CARTESIAN_POINT('',(70.01,-50.89,1.595));
#17 = DIRECTION('',(-0.,0.,1.));
#18 = DIRECTION('',(1.110223024625E-16,-1.,0.));
#19 = AXIS2_PLACEMENT_3D('',#20,#21,#22);
#20 = CARTESIAN_POINT('',(97.5,-56.2,1.595));
#21 = DIRECTION('',(-0.,0.,1.));
#22 = DIRECTION('',(1.110223024625E-16,-1.,0.));
#23 = AXIS2_PLACEMENT_3D('',#24,#25,#26);
#24 = CARTESIAN_POINT('',(87.855,-50.8975,1.595));
#25 = DIRECTION('',(0.,0.,1.));
#26 = DIRECTION('',(-1.,1.224646799147E-16,0.));
#27 = AXIS2_PLACEMENT_3D('',#28,#29,#30);
#28 = CARTESIAN_POINT('',(61.445,-65.5925,1.595));
#29 = DIRECTION('',(0.,0.,1.));
#30 = DIRECTION('',(1.,0.,0.));
#31 = AXIS2_PLACEMENT_3D('',#32,#33,#34);
#32 = CARTESIAN_POINT('',(87.84,-65.76,1.595));
#33 = DIRECTION('',(0.,0.,1.));
#34 = DIRECTION('',(1.,0.,0.));
#35 = AXIS2_PLACEMENT_3D('',#36,#37,#38);
#36 = CARTESIAN_POINT('',(0.,0.,0.));
#37 = DIRECTION('',(0.,0.,1.));
#38 = DIRECTION('',(1.,0.,-0.));
#39 = ( GEOMETRIC_REPRESENTATION_CONTEXT(3) 
GLOBAL_UNCERTAINTY_ASSIGNED_CONTEXT((#43)) GLOBAL_UNIT_ASSIGNED_CONTEXT(
(#40,#41,#42)) REPRESENTATION_CONTEXT('Context #1',
  '3D Context with UNIT and UNCERTAINTY') );
#40 = ( LENGTH_UNIT() NAMED_UNIT(*) SI_UNIT(.MILLI.,.METRE.) );
#41 = ( NAMED_UNIT(*) PLANE_ANGLE_UNIT() SI_UNIT($,.RADIAN.) );
#42 = ( NAMED_UNIT(*) SI_UNIT($,.STERADIAN.) SOLID_ANGLE_UNIT() );
#43 = UNCERTAINTY_MEASURE_WITH_UNIT(LENGTH_MEASURE(1.E-07),#40,
  'distance_accuracy_value','confusion accuracy');
#44 = PRODUCT_RELATED_PRODUCT_CATEGORY('part',$,(#7));
#45 = SHAPE_DEFINITION_REPRESENTATION(#46,#52);
#46 = PRODUCT_DEFINITION_SHAPE('','',#47);
#47 = PRODUCT_DEFINITION('design','',#48,#51);
#48 = PRODUCT_DEFINITION_FORMATION('','',#49);
#49 = PRODUCT('R_Axial_DIN0411_L9.9mm_D3.6mm_P7.62mm_Vertical',
  'R_Axial_DIN0411_L9.9mm_D3.6mm_P7.62mm_Vertical','',(#50));
#50 = PRODUCT_CONTEXT('',#2,'mechanical');
#51 = PRODUCT_DEFINITION_CONTEXT('part definition',#2,'design');
#52 = SHAPE_REPRESENTATION('',(#11,#53),#57);
#53 = AXIS2_PLACEMENT_3D('',#54,#55,#56);
#54 = CARTESIAN_POINT('',(0.,0.,0.));
#55 = DIRECTION('',(0.,0.,1.));
#56 = DIRECTION('',(1.,0.,-0.));
#57 = ( GEOMETRIC_REPRESENTATION_CONTEXT(3) 
GLOBAL_UNCERTAINTY_ASSIGNED_CONTEXT((#61)) GLOBAL_UNIT_ASSIGNED_CONTEXT(
(#58,#59,#60)) REPRESENTATION_CONTEXT('Context #1',
  '3D Context with UNIT and UNCERTAINTY') );
#58 = ( LENGTH_UNIT() NAMED_UNIT(*) SI_UNIT(.MILLI.,.METRE.) );
#59 = ( NAMED_UNIT(*) PLANE_ANGLE_UNIT() SI_UNIT($,.RADIAN.) );
#60 = ( NAMED_UNIT(*) SI_UNIT($,.STERADIAN.) SOLID_ANGLE_UNIT() );
#61 = UNCERTAINTY_MEASURE_WITH_UNIT(LENGTH_MEASURE(1.E-07),#58,
  'distance_accuracy_value','confusion accuracy');
#62 = CONTEXT_DEPENDENT_SHAPE_REPRESENTATION(#63,#65);
#63 = ( REPRESENTATION_RELATIONSHIP('','',#52,#10) 
REPRESENTATION_RELATIONSHIP_WITH_TRANSFORMATION(#64) 
SHAPE_REPRESENTATION_RELATIONSHIP() );
#64 = ITEM_DEFINED_TRANSFORMATION('','',#11,#15);
#65 = PRODUCT_DEFINITION_SHAPE('Placement','Placement of an item',#66);
#66 = NEXT_ASSEMBLY_USAGE_OCCURRENCE('2','TH1','',#5,#47,$);
#67 = PRODUCT_RELATED_PRODUCT_CATEGORY('part',$,(#49));
#68 = SHAPE_DEFINITION_REPRESENTATION(#69,#75);
#69 = PRODUCT_DEFINITION_SHAPE('','',#70);
#70 = PRODUCT_DEFINITION('design','',#71,#74);
#71 = PRODUCT_DEFINITION_FORMATION('','',#72);
#72 = PRODUCT('R_Axial_DIN0411_L99mm_D36mm_P762mm_Vertical',
  'R_Axial_DIN0411_L99mm_D36mm_P762mm_Vertical','',(#73));
#73 = PRODUCT_CONTEXT('',#2,'mechanical');
#74 = PRODUCT_DEFINITION_CONTEXT('part definition',#2,'design');
#75 = ADVANCED_BREP_SHAPE_REPRESENTATION('',(#11,#76),#463);
#76 = MANIFOLD_SOLID_BREP('',#77);
#77 = CLOSED_SHELL('',(#78,#111,#137,#157,#177,#202,#227,#247,#256,#281,
    #307,#327,#352,#378,#403,#429,#454));
#78 = ADVANCED_FACE('',(#79),#106,.T.);
#79 = FACE_BOUND('',#80,.T.);
#80 = EDGE_LOOP('',(#81,#90,#98,#105));
#81 = ORIENTED_EDGE('',*,*,#82,.T.);
#82 = EDGE_CURVE('',#83,#83,#85,.T.);
#83 = VERTEX_POINT('',#84);
#84 = CARTESIAN_POINT('',(1.8,0.,1.9));
#85 = CIRCLE('',#86,1.8);
#86 = AXIS2_PLACEMENT_3D('',#87,#88,#89);
#87 = CARTESIAN_POINT('',(0.,0.,1.9));
#88 = DIRECTION('',(0.,0.,1.));
#89 = DIRECTION('',(1.,0.,-0.));
#90 = ORIENTED_EDGE('',*,*,#91,.T.);
#91 = EDGE_CURVE('',#83,#92,#94,.T.);
#92 = VERTEX_POINT('',#93);
#93 = CARTESIAN_POINT('',(1.8,0.,3.475));
#94 = LINE('',#95,#96);
#95 = CARTESIAN_POINT('',(1.8,0.,1.));
#96 = VECTOR('',#97,1.);
#97 = DIRECTION('',(0.,0.,1.));
#98 = ORIENTED_EDGE('',*,*,#99,.F.);
#99 = EDGE_CURVE('',#92,#92,#100,.T.);
#100 = CIRCLE('',#101,1.8);
#101 = AXIS2_PLACEMENT_3D('',#102,#103,#104);
#102 = CARTESIAN_POINT('',(0.,0.,3.475));
#103 = DIRECTION('',(0.,0.,1.));
#104 = DIRECTION('',(1.,0.,-0.));
#105 = ORIENTED_EDGE('',*,*,#91,.F.);
#106 = CYLINDRICAL_SURFACE('',#107,1.8);
#107 = AXIS2_PLACEMENT_3D('',#108,#109,#110);
#108 = CARTESIAN_POINT('',(0.,0.,1.));
#109 = DIRECTION('',(-0.,-0.,-1.));
#110 = DIRECTION('',(1.,0.,0.));
#111 = ADVANCED_FACE('',(#112),#132,.T.);
#112 = FACE_BOUND('',#113,.T.);
#113 = EDGE_LOOP('',(#114,#123,#130,#131));
#114 = ORIENTED_EDGE('',*,*,#115,.T.);
#115 = EDGE_CURVE('',#116,#116,#118,.T.);
#116 = VERTEX_POINT('',#117);
#117 = CARTESIAN_POINT('',(0.9,0.,1.));
#118 = CIRCLE('',#119,0.9);
#119 = AXIS2_PLACEMENT_3D('',#120,#121,#122);
#120 = CARTESIAN_POINT('',(0.,0.,1.));
#121 = DIRECTION('',(0.,0.,1.));
#122 = DIRECTION('',(1.,0.,-0.));
#123 = ORIENTED_EDGE('',*,*,#124,.F.);
#124 = EDGE_CURVE('',#83,#116,#125,.T.);
#125 = CIRCLE('',#126,0.9);
#126 = AXIS2_PLACEMENT_3D('',#127,#128,#129);
#127 = CARTESIAN_POINT('',(0.9,0.,1.9));
#128 = DIRECTION('',(-0.,1.,0.));
#129 = DIRECTION('',(1.,0.,0.));
#130 = ORIENTED_EDGE('',*,*,#82,.F.);
#131 = ORIENTED_EDGE('',*,*,#124,.T.);
#132 = TOROIDAL_SURFACE('',#133,0.9,0.9);
#133 = AXIS2_PLACEMENT_3D('',#134,#135,#136);
#134 = CARTESIAN_POINT('',(0.,0.,1.9));
#135 = DIRECTION('',(0.,0.,-1.));
#136 = DIRECTION('',(1.,0.,0.));
#137 = ADVANCED_FACE('',(#138,#141),#152,.F.);
#138 = FACE_BOUND('',#139,.F.);
#139 = EDGE_LOOP('',(#140));
#140 = ORIENTED_EDGE('',*,*,#99,.F.);
#141 = FACE_BOUND('',#142,.F.);
#142 = EDGE_LOOP('',(#143));
#143 = ORIENTED_EDGE('',*,*,#144,.F.);
#144 = EDGE_CURVE('',#145,#145,#147,.T.);
#145 = VERTEX_POINT('',#146);
#146 = CARTESIAN_POINT('',(1.62,0.,3.475));
#147 = CIRCLE('',#148,1.62);
#148 = AXIS2_PLACEMENT_3D('',#149,#150,#151);
#149 = CARTESIAN_POINT('',(0.,0.,3.475));
#150 = DIRECTION('',(0.,0.,-1.));
#151 = DIRECTION('',(1.,0.,0.));
#152 = PLANE('',#153);
#153 = AXIS2_PLACEMENT_3D('',#154,#155,#156);
#154 = CARTESIAN_POINT('',(1.8,0.,3.475));
#155 = DIRECTION('',(0.,0.,-1.));
#156 = DIRECTION('',(-1.,0.,0.));
#157 = ADVANCED_FACE('',(#158,#161),#172,.T.);
#158 = FACE_BOUND('',#159,.T.);
#159 = EDGE_LOOP('',(#160));
#160 = ORIENTED_EDGE('',*,*,#115,.F.);
#161 = FACE_BOUND('',#162,.T.);
#162 = EDGE_LOOP('',(#163));
#163 = ORIENTED_EDGE('',*,*,#164,.T.);
#164 = EDGE_CURVE('',#165,#165,#167,.T.);
#165 = VERTEX_POINT('',#166);
#166 = CARTESIAN_POINT('',(0.4,0.,1.));
#167 = CIRCLE('',#168,0.4);
#168 = AXIS2_PLACEMENT_3D('',#169,#170,#171);
#169 = CARTESIAN_POINT('',(0.,0.,1.));
#170 = DIRECTION('',(0.,0.,1.));
#171 = DIRECTION('',(1.,0.,-0.));
#172 = PLANE('',#173);
#173 = AXIS2_PLACEMENT_3D('',#174,#175,#176);
#174 = CARTESIAN_POINT('',(1.8,0.,1.));
#175 = DIRECTION('',(0.,0.,-1.));
#176 = DIRECTION('',(-1.,0.,0.));
#177 = ADVANCED_FACE('',(#178),#197,.T.);
#178 = FACE_BOUND('',#179,.T.);
#179 = EDGE_LOOP('',(#180,#189,#195,#196));
#180 = ORIENTED_EDGE('',*,*,#181,.T.);
#181 = EDGE_CURVE('',#182,#182,#184,.T.);
#182 = VERTEX_POINT('',#183);
#183 = CARTESIAN_POINT('',(1.62,0.,8.425));
#184 = CIRCLE('',#185,1.62);
#185 = AXIS2_PLACEMENT_3D('',#186,#187,#188);
#186 = CARTESIAN_POINT('',(0.,0.,8.425));
#187 = DIRECTION('',(0.,0.,-1.));
#188 = DIRECTION('',(1.,0.,0.));
#189 = ORIENTED_EDGE('',*,*,#190,.F.);
#190 = EDGE_CURVE('',#145,#182,#191,.T.);
#191 = LINE('',#192,#193);
#192 = CARTESIAN_POINT('',(1.62,0.,1.));
#193 = VECTOR('',#194,1.);
#194 = DIRECTION('',(0.,0.,1.));
#195 = ORIENTED_EDGE('',*,*,#144,.F.);
#196 = ORIENTED_EDGE('',*,*,#190,.T.);
#197 = CYLINDRICAL_SURFACE('',#198,1.62);
#198 = AXIS2_PLACEMENT_3D('',#199,#200,#201);
#199 = CARTESIAN_POINT('',(0.,0.,1.));
#200 = DIRECTION('',(-0.,-0.,-1.));
#201 = DIRECTION('',(1.,0.,0.));
#202 = ADVANCED_FACE('',(#203),#222,.T.);
#203 = FACE_BOUND('',#204,.T.);
#204 = EDGE_LOOP('',(#205,#214,#220,#221));
#205 = ORIENTED_EDGE('',*,*,#206,.T.);
#206 = EDGE_CURVE('',#207,#207,#209,.T.);
#207 = VERTEX_POINT('',#208);
#208 = CARTESIAN_POINT('',(0.4,-9.797174393179E-17,-3.));
#209 = CIRCLE('',#210,0.4);
#210 = AXIS2_PLACEMENT_3D('',#211,#212,#213);
#211 = CARTESIAN_POINT('',(0.,0.,-3.));
#212 = DIRECTION('',(0.,0.,1.));
#213 = DIRECTION('',(1.,0.,-0.));
#214 = ORIENTED_EDGE('',*,*,#215,.T.);
#215 = EDGE_CURVE('',#207,#165,#216,.T.);
#216 = LINE('',#217,#218);
#217 = CARTESIAN_POINT('',(0.4,0.,-3.));
#218 = VECTOR('',#219,1.);
#219 = DIRECTION('',(0.,0.,1.));
#220 = ORIENTED_EDGE('',*,*,#164,.F.);
#221 = ORIENTED_EDGE('',*,*,#215,.F.);
#222 = CYLINDRICAL_SURFACE('',#223,0.4);
#223 = AXIS2_PLACEMENT_3D('',#224,#225,#226);
#224 = CARTESIAN_POINT('',(0.,0.,-3.));
#225 = DIRECTION('',(0.,0.,1.));
#226 = DIRECTION('',(1.,0.,-0.));
#227 = ADVANCED_FACE('',(#228,#239),#242,.T.);
#228 = FACE_BOUND('',#229,.T.);
#229 = EDGE_LOOP('',(#230));
#230 = ORIENTED_EDGE('',*,*,#231,.F.);
#231 = EDGE_CURVE('',#232,#232,#234,.T.);
#232 = VERTEX_POINT('',#233);
#233 = CARTESIAN_POINT('',(1.8,0.,8.425));
#234 = CIRCLE('',#235,1.8);
#235 = AXIS2_PLACEMENT_3D('',#236,#237,#238);
#236 = CARTESIAN_POINT('',(0.,0.,8.425));
#237 = DIRECTION('',(0.,0.,1.));
#238 = DIRECTION('',(1.,0.,-0.));
#239 = FACE_BOUND('',#240,.T.);
#240 = EDGE_LOOP('',(#241));
#241 = ORIENTED_EDGE('',*,*,#181,.F.);
#242 = PLANE('',#243);
#243 = AXIS2_PLACEMENT_3D('',#244,#245,#246);
#244 = CARTESIAN_POINT('',(1.8,0.,8.425));
#245 = DIRECTION('',(0.,0.,-1.));
#246 = DIRECTION('',(-1.,0.,0.));
#247 = ADVANCED_FACE('',(#248),#251,.T.);
#248 = FACE_BOUND('',#249,.F.);
#249 = EDGE_LOOP('',(#250));
#250 = ORIENTED_EDGE('',*,*,#206,.T.);
#251 = PLANE('',#252);
#252 = AXIS2_PLACEMENT_3D('',#253,#254,#255);
#253 = CARTESIAN_POINT('',(0.4,0.,-3.));
#254 = DIRECTION('',(0.,0.,-1.));
#255 = DIRECTION('',(-1.,0.,0.));
#256 = ADVANCED_FACE('',(#257),#276,.T.);
#257 = FACE_BOUND('',#258,.T.);
#258 = EDGE_LOOP('',(#259,#260,#268,#275));
#259 = ORIENTED_EDGE('',*,*,#231,.T.);
#260 = ORIENTED_EDGE('',*,*,#261,.T.);
#261 = EDGE_CURVE('',#232,#262,#264,.T.);
#262 = VERTEX_POINT('',#263);
#263 = CARTESIAN_POINT('',(1.8,0.,10.));
#264 = LINE('',#265,#266);
#265 = CARTESIAN_POINT('',(1.8,0.,8.425));
#266 = VECTOR('',#267,1.);
#267 = DIRECTION('',(0.,0.,1.));
#268 = ORIENTED_EDGE('',*,*,#269,.F.);
#269 = EDGE_CURVE('',#262,#262,#270,.T.);
#270 = CIRCLE('',#271,1.8);
#271 = AXIS2_PLACEMENT_3D('',#272,#273,#274);
#272 = CARTESIAN_POINT('',(0.,0.,10.));
#273 = DIRECTION('',(0.,0.,1.));
#274 = DIRECTION('',(1.,0.,-0.));
#275 = ORIENTED_EDGE('',*,*,#261,.F.);
#276 = CYLINDRICAL_SURFACE('',#277,1.8);
#277 = AXIS2_PLACEMENT_3D('',#278,#279,#280);
#278 = CARTESIAN_POINT('',(0.,0.,8.425));
#279 = DIRECTION('',(-0.,-0.,-1.));
#280 = DIRECTION('',(1.,0.,0.));
#281 = ADVANCED_FACE('',(#282),#302,.T.);
#282 = FACE_BOUND('',#283,.T.);
#283 = EDGE_LOOP('',(#284,#293,#294,#295));
#284 = ORIENTED_EDGE('',*,*,#285,.F.);
#285 = EDGE_CURVE('',#262,#286,#288,.T.);
#286 = VERTEX_POINT('',#287);
#287 = CARTESIAN_POINT('',(0.9,0.,10.9));
#288 = CIRCLE('',#289,0.9);
#289 = AXIS2_PLACEMENT_3D('',#290,#291,#292);
#290 = CARTESIAN_POINT('',(0.9,0.,10.));
#291 = DIRECTION('',(0.,-1.,0.));
#292 = DIRECTION('',(1.,0.,0.));
#293 = ORIENTED_EDGE('',*,*,#269,.T.);
#294 = ORIENTED_EDGE('',*,*,#285,.T.);
#295 = ORIENTED_EDGE('',*,*,#296,.F.);
#296 = EDGE_CURVE('',#286,#286,#297,.T.);
#297 = CIRCLE('',#298,0.9);
#298 = AXIS2_PLACEMENT_3D('',#299,#300,#301);
#299 = CARTESIAN_POINT('',(0.,0.,10.9));
#300 = DIRECTION('',(0.,0.,1.));
#301 = DIRECTION('',(1.,0.,-0.));
#302 = TOROIDAL_SURFACE('',#303,0.9,0.9);
#303 = AXIS2_PLACEMENT_3D('',#304,#305,#306);
#304 = CARTESIAN_POINT('',(0.,0.,10.));
#305 = DIRECTION('',(0.,0.,1.));
#306 = DIRECTION('',(1.,0.,-0.));
#307 = ADVANCED_FACE('',(#308,#311),#322,.F.);
#308 = FACE_BOUND('',#309,.F.);
#309 = EDGE_LOOP('',(#310));
#310 = ORIENTED_EDGE('',*,*,#296,.F.);
#311 = FACE_BOUND('',#312,.F.);
#312 = EDGE_LOOP('',(#313));
#313 = ORIENTED_EDGE('',*,*,#314,.T.);
#314 = EDGE_CURVE('',#315,#315,#317,.T.);
#315 = VERTEX_POINT('',#316);
#316 = CARTESIAN_POINT('',(0.4,0.,10.9));
#317 = CIRCLE('',#318,0.4);
#318 = AXIS2_PLACEMENT_3D('',#319,#320,#321);
#319 = CARTESIAN_POINT('',(0.,0.,10.9));
#320 = DIRECTION('',(0.,0.,1.));
#321 = DIRECTION('',(1.,0.,-0.));
#322 = PLANE('',#323);
#323 = AXIS2_PLACEMENT_3D('',#324,#325,#326);
#324 = CARTESIAN_POINT('',(1.8,0.,10.9));
#325 = DIRECTION('',(0.,0.,-1.));
#326 = DIRECTION('',(-1.,0.,0.));
#327 = ADVANCED_FACE('',(#328),#347,.T.);
#328 = FACE_BOUND('',#329,.T.);
#329 = EDGE_LOOP('',(#330,#331,#339,#346));
#330 = ORIENTED_EDGE('',*,*,#314,.T.);
#331 = ORIENTED_EDGE('',*,*,#332,.T.);
#332 = EDGE_CURVE('',#315,#333,#335,.T.);
#333 = VERTEX_POINT('',#334);
#334 = CARTESIAN_POINT('',(0.4,0.,11.9));
#335 = LINE('',#336,#337);
#336 = CARTESIAN_POINT('',(0.4,0.,-3.));
#337 = VECTOR('',#338,1.);
#338 = DIRECTION('',(0.,0.,1.));
#339 = ORIENTED_EDGE('',*,*,#340,.F.);
#340 = EDGE_CURVE('',#333,#333,#341,.T.);
#341 = CIRCLE('',#342,0.4);
#342 = AXIS2_PLACEMENT_3D('',#343,#344,#345);
#343 = CARTESIAN_POINT('',(0.,0.,11.9));
#344 = DIRECTION('',(0.,0.,1.));
#345 = DIRECTION('',(1.,0.,-0.));
#346 = ORIENTED_EDGE('',*,*,#332,.F.);
#347 = CYLINDRICAL_SURFACE('',#348,0.4);
#348 = AXIS2_PLACEMENT_3D('',#349,#350,#351);
#349 = CARTESIAN_POINT('',(0.,0.,-3.));
#350 = DIRECTION('',(0.,0.,1.));
#351 = DIRECTION('',(1.,0.,-0.));
#352 = ADVANCED_FACE('',(#353),#373,.T.);
#353 = FACE_BOUND('',#354,.T.);
#354 = EDGE_LOOP('',(#355,#364,#371,#372));
#355 = ORIENTED_EDGE('',*,*,#356,.T.);
#356 = EDGE_CURVE('',#333,#357,#359,.T.);
#357 = VERTEX_POINT('',#358);
#358 = CARTESIAN_POINT('',(1.2,0.,12.7));
#359 = CIRCLE('',#360,0.8);
#360 = AXIS2_PLACEMENT_3D('',#361,#362,#363);
#361 = CARTESIAN_POINT('',(1.2,1.469576158977E-16,11.9));
#362 = DIRECTION('',(0.,1.,-0.));
#363 = DIRECTION('',(-1.,0.,0.));
#364 = ORIENTED_EDGE('',*,*,#365,.T.);
#365 = EDGE_CURVE('',#357,#357,#366,.T.);
#366 = CIRCLE('',#367,0.4);
#367 = AXIS2_PLACEMENT_3D('',#368,#369,#370);
#368 = CARTESIAN_POINT('',(1.2,0.,13.1));
#369 = DIRECTION('',(-1.,0.,3.828568698927E-16));
#370 = DIRECTION('',(3.828568698927E-16,0.,1.));
#371 = ORIENTED_EDGE('',*,*,#356,.F.);
#372 = ORIENTED_EDGE('',*,*,#340,.T.);
#373 = TOROIDAL_SURFACE('',#374,1.2,0.4);
#374 = AXIS2_PLACEMENT_3D('',#375,#376,#377);
#375 = CARTESIAN_POINT('',(1.2,0.,11.9));
#376 = DIRECTION('',(0.,1.,0.));
#377 = DIRECTION('',(-1.,0.,0.));
#378 = ADVANCED_FACE('',(#379),#398,.T.);
#379 = FACE_BOUND('',#380,.T.);
#380 = EDGE_LOOP('',(#381,#389,#396,#397));
#381 = ORIENTED_EDGE('',*,*,#382,.T.);
#382 = EDGE_CURVE('',#357,#383,#385,.T.);
#383 = VERTEX_POINT('',#384);
#384 = CARTESIAN_POINT('',(6.42,0.,12.7));
#385 = LINE('',#386,#387);
#386 = CARTESIAN_POINT('',(1.2,0.,12.7));
#387 = VECTOR('',#388,1.);
#388 = DIRECTION('',(1.,0.,0.));
#389 = ORIENTED_EDGE('',*,*,#390,.F.);
#390 = EDGE_CURVE('',#383,#383,#391,.T.);
#391 = CIRCLE('',#392,0.4);
#392 = AXIS2_PLACEMENT_3D('',#393,#394,#395);
#393 = CARTESIAN_POINT('',(6.42,0.,13.1));
#394 = DIRECTION('',(1.,-0.,0.));
#395 = DIRECTION('',(0.,0.,-1.));
#396 = ORIENTED_EDGE('',*,*,#382,.F.);
#397 = ORIENTED_EDGE('',*,*,#365,.F.);
#398 = CYLINDRICAL_SURFACE('',#399,0.4);
#399 = AXIS2_PLACEMENT_3D('',#400,#401,#402);
#400 = CARTESIAN_POINT('',(1.2,0.,13.1));
#401 = DIRECTION('',(1.,0.,0.));
#402 = DIRECTION('',(0.,0.,-1.));
#403 = ADVANCED_FACE('',(#404),#424,.T.);
#404 = FACE_BOUND('',#405,.T.);
#405 = EDGE_LOOP('',(#406,#415,#422,#423));
#406 = ORIENTED_EDGE('',*,*,#407,.T.);
#407 = EDGE_CURVE('',#383,#408,#410,.T.);
#408 = VERTEX_POINT('',#409);
#409 = CARTESIAN_POINT('',(7.22,0.,11.9));
#410 = CIRCLE('',#411,0.8);
#411 = AXIS2_PLACEMENT_3D('',#412,#413,#414);
#412 = CARTESIAN_POINT('',(6.42,1.469576158977E-16,11.9));
#413 = DIRECTION('',(0.,1.,0.));
#414 = DIRECTION('',(0.,-0.,1.));
#415 = ORIENTED_EDGE('',*,*,#416,.T.);
#416 = EDGE_CURVE('',#408,#408,#417,.T.);
#417 = CIRCLE('',#418,0.4);
#418 = AXIS2_PLACEMENT_3D('',#419,#420,#421);
#419 = CARTESIAN_POINT('',(7.62,0.,11.9));
#420 = DIRECTION('',(-1.393499969508E-15,0.,1.));
#421 = DIRECTION('',(1.,0.,1.393499969508E-15));
#422 = ORIENTED_EDGE('',*,*,#407,.F.);
#423 = ORIENTED_EDGE('',*,*,#390,.T.);
#424 = TOROIDAL_SURFACE('',#425,1.2,0.4);
#425 = AXIS2_PLACEMENT_3D('',#426,#427,#428);
#426 = CARTESIAN_POINT('',(6.42,0.,11.9));
#427 = DIRECTION('',(0.,1.,0.));
#428 = DIRECTION('',(0.,-0.,1.));
#429 = ADVANCED_FACE('',(#430),#449,.T.);
#430 = FACE_BOUND('',#431,.T.);
#431 = EDGE_LOOP('',(#432,#440,#447,#448));
#432 = ORIENTED_EDGE('',*,*,#433,.T.);
#433 = EDGE_CURVE('',#408,#434,#436,.T.);
#434 = VERTEX_POINT('',#435);
#435 = CARTESIAN_POINT('',(7.22,-9.797174393179E-17,-3.));
#436 = LINE('',#437,#438);
#437 = CARTESIAN_POINT('',(7.22,0.,11.9));
#438 = VECTOR('',#439,1.);
#439 = DIRECTION('',(0.,0.,-1.));
#440 = ORIENTED_EDGE('',*,*,#441,.F.);
#441 = EDGE_CURVE('',#434,#434,#442,.T.);
#442 = CIRCLE('',#443,0.4);
#443 = AXIS2_PLACEMENT_3D('',#444,#445,#446);
#444 = CARTESIAN_POINT('',(7.62,0.,-3.));
#445 = DIRECTION('',(0.,0.,-1.));
#446 = DIRECTION('',(-1.,0.,0.));
#447 = ORIENTED_EDGE('',*,*,#433,.F.);
#448 = ORIENTED_EDGE('',*,*,#416,.F.);
#449 = CYLINDRICAL_SURFACE('',#450,0.4);
#450 = AXIS2_PLACEMENT_3D('',#451,#452,#453);
#451 = CARTESIAN_POINT('',(7.62,0.,11.9));
#452 = DIRECTION('',(0.,0.,-1.));
#453 = DIRECTION('',(-1.,0.,0.));
#454 = ADVANCED_FACE('',(#455),#458,.F.);
#455 = FACE_BOUND('',#456,.T.);
#456 = EDGE_LOOP('',(#457));
#457 = ORIENTED_EDGE('',*,*,#441,.T.);
#458 = PLANE('',#459);
#459 = AXIS2_PLACEMENT_3D('',#460,#461,#462);
#460 = CARTESIAN_POINT('',(7.22,0.,-3.));
#461 = DIRECTION('',(0.,0.,1.));
#462 = DIRECTION('',(1.,0.,-0.));
#463 = ( GEOMETRIC_REPRESENTATION_CONTEXT(3) 
GLOBAL_UNCERTAINTY_ASSIGNED_CONTEXT((#467)) GLOBAL_UNIT_ASSIGNED_CONTEXT
((#464,#465,#466)) REPRESENTATION_CONTEXT('Context #1',
  '3D Context with UNIT and UNCERTAINTY') );
#464 = ( LENGTH_UNIT() NAMED_UNIT(*) SI_UNIT(.MILLI.,.METRE.) );
#465 = ( NAMED_UNIT(*) PLANE_ANGLE_UNIT() SI_UNIT($,.RADIAN.) );
#466 = ( NAMED_UNIT(*) SI_UNIT($,.STERADIAN.) SOLID_ANGLE_UNIT() );
#467 = UNCERTAINTY_MEASURE_WITH_UNIT(LENGTH_MEASURE(1.E-07),#464,
  'distance_accuracy_value','confusion accuracy');
#468 = CONTEXT_DEPENDENT_SHAPE_REPRESENTATION(#469,#471);
#469 = ( REPRESENTATION_RELATIONSHIP('','',#75,#52) 
REPRESENTATION_RELATIONSHIP_WITH_TRANSFORMATION(#470) 
SHAPE_REPRESENTATION_RELATIONSHIP() );
#470 = ITEM_DEFINED_TRANSFORMATION('','',#11,#53);
#471 = PRODUCT_DEFINITION_SHAPE('Placement','Placement of an item',#472
  );
#472 = NEXT_ASSEMBLY_USAGE_OCCURRENCE('1','=>[0:1:1:3]','',#47,#70,$);
#473 = PRODUCT_RELATED_PRODUCT_CATEGORY('part',$,(#72));
#474 = SHAPE_DEFINITION_REPRESENTATION(#475,#481);
#475 = PRODUCT_DEFINITION_SHAPE('','',#476);
#476 = PRODUCT_DEFINITION('design','',#477,#480);
#477 = PRODUCT_DEFINITION_FORMATION('','',#478);
#478 = PRODUCT('R_0805_2012Metric','R_0805_2012Metric','',(#479));
#479 = PRODUCT_CONTEXT('',#2,'mechanical');
#480 = PRODUCT_DEFINITION_CONTEXT('part definition',#2,'design');
#481 = SHAPE_REPRESENTATION('',(#11,#482),#486);
#482 = AXIS2_PLACEMENT_3D('',#483,#484,#485);
#483 = CARTESIAN_POINT('',(0.,0.,0.));
#484 = DIRECTION('',(0.,0.,1.));
#485 = DIRECTION('',(1.,0.,-0.));
#486 = ( GEOMETRIC_REPRESENTATION_CONTEXT(3) 
GLOBAL_UNCERTAINTY_ASSIGNED_CONTEXT((#490)) GLOBAL_UNIT_ASSIGNED_CONTEXT
((#487,#488,#489)) REPRESENTATION_CONTEXT('Context #1',
  '3D Context with UNIT and UNCERTAINTY') );
#487 = ( LENGTH_UNIT() NAMED_UNIT(*) SI_UNIT(.MILLI.,.METRE.) );
#488 = ( NAMED_UNIT(*) PLANE_ANGLE_UNIT() SI_UNIT($,.RADIAN.) );
#489 = ( NAMED_UNIT(*) SI_UNIT($,.STERADIAN.) SOLID_ANGLE_UNIT() );
#490 = UNCERTAINTY_MEASURE_WITH_UNIT(LENGTH_MEASURE(1.E-07),#487,
  'distance_accuracy_value','confusion accuracy');
#491 = CONTEXT_DEPENDENT_SHAPE_REPRESENTATION(#492,#494);
#492 = ( REPRESENTATION_RELATIONSHIP('','',#481,#10) 
REPRESENTATION_RELATIONSHIP_WITH_TRANSFORMATION(#493) 
SHAPE_REPRESENTATION_RELATIONSHIP() );
#493 = ITEM_DEFINED_TRANSFORMATION('','',#11,#19);
#494 = PRODUCT_DEFINITION_SHAPE('Placement','Placement of an item',#495
  );
#495 = NEXT_ASSEMBLY_USAGE_OCCURRENCE('4','R1','',#5,#476,$);
#496 = PRODUCT_RELATED_PRODUCT_CATEGORY('part',$,(#478));
#497 = SHAPE_DEFINITION_REPRESENTATION(#498,#504);
#498 = PRODUCT_DEFINITION_SHAPE('','',#499);
#499 = PRODUCT_DEFINITION('design','',#500,#503);
#500 = PRODUCT_DEFINITION_FORMATION('','',#501);
#501 = PRODUCT('R_0805_2012Metric','R_0805_2012Metric','',(#502));
#502 = PRODUCT_CONTEXT('',#2,'mechanical');
#503 = PRODUCT_DEFINITION_CONTEXT('part definition',#2,'design');
#504 = ADVANCED_BREP_SHAPE_REPRESENTATION('',(#11,#505),#1295);
#505 = MANIFOLD_SOLID_BREP('',#506);
#506 = CLOSED_SHELL('',(#507,#547,#630,#655,#680,#747,#764,#781,#830,
    #847,#864,#913,#930,#999,#1030,#1054,#1123,#1147,#1164,#1181,#1198,
    #1215,#1232,#1249,#1266,#1283));
#507 = ADVANCED_FACE('',(#508),#542,.F.);
#508 = FACE_BOUND('',#509,.F.);
#509 = EDGE_LOOP('',(#510,#520,#528,#536));
#510 = ORIENTED_EDGE('',*,*,#511,.F.);
#511 = EDGE_CURVE('',#512,#514,#516,.T.);
#512 = VERTEX_POINT('',#513);
#513 = CARTESIAN_POINT('',(-1.,-0.6,4.5E-02));
#514 = VERTEX_POINT('',#515);
#515 = CARTESIAN_POINT('',(-1.,-0.6,0.405));
#516 = LINE('',#517,#518);
#517 = CARTESIAN_POINT('',(-1.,-0.6,0.));
#518 = VECTOR('',#519,1.);
#519 = DIRECTION('',(0.,0.,1.));
#520 = ORIENTED_EDGE('',*,*,#521,.T.);
#521 = EDGE_CURVE('',#512,#522,#524,.T.);
#522 = VERTEX_POINT('',#523);
#523 = CARTESIAN_POINT('',(-1.,0.6,4.5E-02));
#524 = LINE('',#525,#526);
#525 = CARTESIAN_POINT('',(-1.,-0.6,4.5E-02));
#526 = VECTOR('',#527,1.);
#527 = DIRECTION('',(0.,1.,0.));
#528 = ORIENTED_EDGE('',*,*,#529,.T.);
#529 = EDGE_CURVE('',#522,#530,#532,.T.);
#530 = VERTEX_POINT('',#531);
#531 = CARTESIAN_POINT('',(-1.,0.6,0.405));
#532 = LINE('',#533,#534);
#533 = CARTESIAN_POINT('',(-1.,0.6,0.));
#534 = VECTOR('',#535,1.);
#535 = DIRECTION('',(0.,0.,1.));
#536 = ORIENTED_EDGE('',*,*,#537,.F.);
#537 = EDGE_CURVE('',#514,#530,#538,.T.);
#538 = LINE('',#539,#540);
#539 = CARTESIAN_POINT('',(-1.,-0.6,0.405));
#540 = VECTOR('',#541,1.);
#541 = DIRECTION('',(0.,1.,0.));
#542 = PLANE('',#543);
#543 = AXIS2_PLACEMENT_3D('',#544,#545,#546);
#544 = CARTESIAN_POINT('',(-1.,-0.6,0.));
#545 = DIRECTION('',(1.,0.,0.));
#546 = DIRECTION('',(0.,0.,1.));
#547 = ADVANCED_FACE('',(#548),#625,.F.);
#548 = FACE_BOUND('',#549,.F.);
#549 = EDGE_LOOP('',(#550,#560,#567,#568,#577,#585,#594,#602,#610,#618)
  );
#550 = ORIENTED_EDGE('',*,*,#551,.F.);
#551 = EDGE_CURVE('',#552,#554,#556,.T.);
#552 = VERTEX_POINT('',#553);
#553 = CARTESIAN_POINT('',(-0.955,-0.6,-2.775557561563E-17));
#554 = VERTEX_POINT('',#555);
#555 = CARTESIAN_POINT('',(-0.745,-0.6,-2.775557561563E-17));
#556 = LINE('',#557,#558);
#557 = CARTESIAN_POINT('',(-1.,-0.6,0.));
#558 = VECTOR('',#559,1.);
#559 = DIRECTION('',(1.,0.,0.));
#560 = ORIENTED_EDGE('',*,*,#561,.F.);
#561 = EDGE_CURVE('',#512,#552,#562,.T.);
#562 = CIRCLE('',#563,4.5E-02);
#563 = AXIS2_PLACEMENT_3D('',#564,#565,#566);
#564 = CARTESIAN_POINT('',(-0.955,-0.6,4.5E-02));
#565 = DIRECTION('',(0.,-1.,0.));
#566 = DIRECTION('',(0.,0.,1.));
#567 = ORIENTED_EDGE('',*,*,#511,.T.);
#568 = ORIENTED_EDGE('',*,*,#569,.T.);
#569 = EDGE_CURVE('',#514,#570,#572,.T.);
#570 = VERTEX_POINT('',#571);
#571 = CARTESIAN_POINT('',(-0.955,-0.6,0.45));
#572 = CIRCLE('',#573,4.5E-02);
#573 = AXIS2_PLACEMENT_3D('',#574,#575,#576);
#574 = CARTESIAN_POINT('',(-0.955,-0.6,0.405));
#575 = DIRECTION('',(0.,1.,0.));
#576 = DIRECTION('',(0.,-0.,1.));
#577 = ORIENTED_EDGE('',*,*,#578,.T.);
#578 = EDGE_CURVE('',#570,#579,#581,.T.);
#579 = VERTEX_POINT('',#580);
#580 = CARTESIAN_POINT('',(-0.745,-0.6,0.45));
#581 = LINE('',#582,#583);
#582 = CARTESIAN_POINT('',(-1.,-0.6,0.45));
#583 = VECTOR('',#584,1.);
#584 = DIRECTION('',(1.,0.,0.));
#585 = ORIENTED_EDGE('',*,*,#586,.F.);
#586 = EDGE_CURVE('',#587,#579,#589,.T.);
#587 = VERTEX_POINT('',#588);
#588 = CARTESIAN_POINT('',(-0.7,-0.6,0.405));
#589 = CIRCLE('',#590,4.5E-02);
#590 = AXIS2_PLACEMENT_3D('',#591,#592,#593);
#591 = CARTESIAN_POINT('',(-0.745,-0.6,0.405));
#592 = DIRECTION('',(0.,-1.,0.));
#593 = DIRECTION('',(0.,0.,1.));
#594 = ORIENTED_EDGE('',*,*,#595,.F.);
#595 = EDGE_CURVE('',#596,#587,#598,.T.);
#596 = VERTEX_POINT('',#597);
#597 = CARTESIAN_POINT('',(-0.955,-0.6,0.405));
#598 = LINE('',#599,#600);
#599 = CARTESIAN_POINT('',(-0.955,-0.6,0.405));
#600 = VECTOR('',#601,1.);
#601 = DIRECTION('',(1.,0.,0.));
#602 = ORIENTED_EDGE('',*,*,#603,.F.);
#603 = EDGE_CURVE('',#604,#596,#606,.T.);
#604 = VERTEX_POINT('',#605);
#605 = CARTESIAN_POINT('',(-0.955,-0.6,4.5E-02));
#606 = LINE('',#607,#608);
#607 = CARTESIAN_POINT('',(-0.955,-0.6,4.5E-02));
#608 = VECTOR('',#609,1.);
#609 = DIRECTION('',(0.,0.,1.));
#610 = ORIENTED_EDGE('',*,*,#611,.T.);
#611 = EDGE_CURVE('',#604,#612,#614,.T.);
#612 = VERTEX_POINT('',#613);
#613 = CARTESIAN_POINT('',(-0.7,-0.6,4.5E-02));
#614 = LINE('',#615,#616);
#615 = CARTESIAN_POINT('',(-0.955,-0.6,4.5E-02));
#616 = VECTOR('',#617,1.);
#617 = DIRECTION('',(1.,0.,0.));
#618 = ORIENTED_EDGE('',*,*,#619,.T.);
#619 = EDGE_CURVE('',#612,#554,#620,.T.);
#620 = CIRCLE('',#621,4.5E-02);
#621 = AXIS2_PLACEMENT_3D('',#622,#623,#624);
#622 = CARTESIAN_POINT('',(-0.745,-0.6,4.5E-02));
#623 = DIRECTION('',(0.,1.,0.));
#624 = DIRECTION('',(0.,-0.,1.));
#625 = PLANE('',#626);
#626 = AXIS2_PLACEMENT_3D('',#627,#628,#629);
#627 = CARTESIAN_POINT('',(-1.,-0.6,0.));
#628 = DIRECTION('',(0.,1.,0.));
#629 = DIRECTION('',(0.,-0.,1.));
#630 = ADVANCED_FACE('',(#631),#650,.T.);
#631 = FACE_BOUND('',#632,.T.);
#632 = EDGE_LOOP('',(#633,#634,#643,#649));
#633 = ORIENTED_EDGE('',*,*,#521,.T.);
#634 = ORIENTED_EDGE('',*,*,#635,.T.);
#635 = EDGE_CURVE('',#522,#636,#638,.T.);
#636 = VERTEX_POINT('',#637);
#637 = CARTESIAN_POINT('',(-0.955,0.6,-2.775557561563E-17));
#638 = CIRCLE('',#639,4.5E-02);
#639 = AXIS2_PLACEMENT_3D('',#640,#641,#642);
#640 = CARTESIAN_POINT('',(-0.955,0.6,4.5E-02));
#641 = DIRECTION('',(0.,-1.,0.));
#642 = DIRECTION('',(0.,0.,1.));
#643 = ORIENTED_EDGE('',*,*,#644,.F.);
#644 = EDGE_CURVE('',#552,#636,#645,.T.);
#645 = LINE('',#646,#647);
#646 = CARTESIAN_POINT('',(-0.955,-0.6,-2.775557561563E-17));
#647 = VECTOR('',#648,1.);
#648 = DIRECTION('',(0.,1.,0.));
#649 = ORIENTED_EDGE('',*,*,#561,.F.);
#650 = CYLINDRICAL_SURFACE('',#651,4.5E-02);
#651 = AXIS2_PLACEMENT_3D('',#652,#653,#654);
#652 = CARTESIAN_POINT('',(-0.955,-0.6,4.5E-02));
#653 = DIRECTION('',(0.,1.,0.));
#654 = DIRECTION('',(-1.,0.,0.));
#655 = ADVANCED_FACE('',(#656),#675,.T.);
#656 = FACE_BOUND('',#657,.T.);
#657 = EDGE_LOOP('',(#658,#659,#667,#674));
#658 = ORIENTED_EDGE('',*,*,#569,.T.);
#659 = ORIENTED_EDGE('',*,*,#660,.T.);
#660 = EDGE_CURVE('',#570,#661,#663,.T.);
#661 = VERTEX_POINT('',#662);
#662 = CARTESIAN_POINT('',(-0.955,0.6,0.45));
#663 = LINE('',#664,#665);
#664 = CARTESIAN_POINT('',(-0.955,-0.6,0.45));
#665 = VECTOR('',#666,1.);
#666 = DIRECTION('',(0.,1.,0.));
#667 = ORIENTED_EDGE('',*,*,#668,.F.);
#668 = EDGE_CURVE('',#530,#661,#669,.T.);
#669 = CIRCLE('',#670,4.5E-02);
#670 = AXIS2_PLACEMENT_3D('',#671,#672,#673);
#671 = CARTESIAN_POINT('',(-0.955,0.6,0.405));
#672 = DIRECTION('',(0.,1.,0.));
#673 = DIRECTION('',(0.,-0.,1.));
#674 = ORIENTED_EDGE('',*,*,#537,.F.);
#675 = CYLINDRICAL_SURFACE('',#676,4.5E-02);
#676 = AXIS2_PLACEMENT_3D('',#677,#678,#679);
#677 = CARTESIAN_POINT('',(-0.955,-0.6,0.405));
#678 = DIRECTION('',(0.,1.,0.));
#679 = DIRECTION('',(-1.,0.,0.));
#680 = ADVANCED_FACE('',(#681),#742,.T.);
#681 = FACE_BOUND('',#682,.T.);
#682 = EDGE_LOOP('',(#683,#691,#692,#693,#694,#702,#711,#719,#727,#735)
  );
#683 = ORIENTED_EDGE('',*,*,#684,.F.);
#684 = EDGE_CURVE('',#636,#685,#687,.T.);
#685 = VERTEX_POINT('',#686);
#686 = CARTESIAN_POINT('',(-0.745,0.6,-2.775557561563E-17));
#687 = LINE('',#688,#689);
#688 = CARTESIAN_POINT('',(-1.,0.6,0.));
#689 = VECTOR('',#690,1.);
#690 = DIRECTION('',(1.,0.,0.));
#691 = ORIENTED_EDGE('',*,*,#635,.F.);
#692 = ORIENTED_EDGE('',*,*,#529,.T.);
#693 = ORIENTED_EDGE('',*,*,#668,.T.);
#694 = ORIENTED_EDGE('',*,*,#695,.T.);
#695 = EDGE_CURVE('',#661,#696,#698,.T.);
#696 = VERTEX_POINT('',#697);
#697 = CARTESIAN_POINT('',(-0.745,0.6,0.45));
#698 = LINE('',#699,#700);
#699 = CARTESIAN_POINT('',(-1.,0.6,0.45));
#700 = VECTOR('',#701,1.);
#701 = DIRECTION('',(1.,0.,0.));
#702 = ORIENTED_EDGE('',*,*,#703,.F.);
#703 = EDGE_CURVE('',#704,#696,#706,.T.);
#704 = VERTEX_POINT('',#705);
#705 = CARTESIAN_POINT('',(-0.7,0.6,0.405));
#706 = CIRCLE('',#707,4.5E-02);
#707 = AXIS2_PLACEMENT_3D('',#708,#709,#710);
#708 = CARTESIAN_POINT('',(-0.745,0.6,0.405));
#709 = DIRECTION('',(0.,-1.,0.));
#710 = DIRECTION('',(0.,0.,1.));
#711 = ORIENTED_EDGE('',*,*,#712,.F.);
#712 = EDGE_CURVE('',#713,#704,#715,.T.);
#713 = VERTEX_POINT('',#714);
#714 = CARTESIAN_POINT('',(-0.955,0.6,0.405));
#715 = LINE('',#716,#717);
#716 = CARTESIAN_POINT('',(-0.955,0.6,0.405));
#717 = VECTOR('',#718,1.);
#718 = DIRECTION('',(1.,0.,0.));
#719 = ORIENTED_EDGE('',*,*,#720,.F.);
#720 = EDGE_CURVE('',#721,#713,#723,.T.);
#721 = VERTEX_POINT('',#722);
#722 = CARTESIAN_POINT('',(-0.955,0.6,4.5E-02));
#723 = LINE('',#724,#725);
#724 = CARTESIAN_POINT('',(-0.955,0.6,4.5E-02));
#725 = VECTOR('',#726,1.);
#726 = DIRECTION('',(0.,0.,1.));
#727 = ORIENTED_EDGE('',*,*,#728,.T.);
#728 = EDGE_CURVE('',#721,#729,#731,.T.);
#729 = VERTEX_POINT('',#730);
#730 = CARTESIAN_POINT('',(-0.7,0.6,4.5E-02));
#731 = LINE('',#732,#733);
#732 = CARTESIAN_POINT('',(-0.955,0.6,4.5E-02));
#733 = VECTOR('',#734,1.);
#734 = DIRECTION('',(1.,0.,0.));
#735 = ORIENTED_EDGE('',*,*,#736,.T.);
#736 = EDGE_CURVE('',#729,#685,#737,.T.);
#737 = CIRCLE('',#738,4.5E-02);
#738 = AXIS2_PLACEMENT_3D('',#739,#740,#741);
#739 = CARTESIAN_POINT('',(-0.745,0.6,4.5E-02));
#740 = DIRECTION('',(0.,1.,0.));
#741 = DIRECTION('',(0.,-0.,1.));
#742 = PLANE('',#743);
#743 = AXIS2_PLACEMENT_3D('',#744,#745,#746);
#744 = CARTESIAN_POINT('',(-1.,0.6,0.));
#745 = DIRECTION('',(0.,1.,0.));
#746 = DIRECTION('',(0.,-0.,1.));
#747 = ADVANCED_FACE('',(#748),#759,.F.);
#748 = FACE_BOUND('',#749,.F.);
#749 = EDGE_LOOP('',(#750,#751,#752,#753));
#750 = ORIENTED_EDGE('',*,*,#684,.F.);
#751 = ORIENTED_EDGE('',*,*,#644,.F.);
#752 = ORIENTED_EDGE('',*,*,#551,.T.);
#753 = ORIENTED_EDGE('',*,*,#754,.T.);
#754 = EDGE_CURVE('',#554,#685,#755,.T.);
#755 = LINE('',#756,#757);
#756 = CARTESIAN_POINT('',(-0.745,-0.6,-2.775557561563E-17));
#757 = VECTOR('',#758,1.);
#758 = DIRECTION('',(0.,1.,0.));
#759 = PLANE('',#760);
#760 = AXIS2_PLACEMENT_3D('',#761,#762,#763);
#761 = CARTESIAN_POINT('',(-1.,-0.6,0.));
#762 = DIRECTION('',(0.,0.,1.));
#763 = DIRECTION('',(1.,0.,-0.));
#764 = ADVANCED_FACE('',(#765),#776,.T.);
#765 = FACE_BOUND('',#766,.T.);
#766 = EDGE_LOOP('',(#767,#768,#769,#770));
#767 = ORIENTED_EDGE('',*,*,#619,.T.);
#768 = ORIENTED_EDGE('',*,*,#754,.T.);
#769 = ORIENTED_EDGE('',*,*,#736,.F.);
#770 = ORIENTED_EDGE('',*,*,#771,.F.);
#771 = EDGE_CURVE('',#612,#729,#772,.T.);
#772 = LINE('',#773,#774);
#773 = CARTESIAN_POINT('',(-0.7,-0.6,4.5E-02));
#774 = VECTOR('',#775,1.);
#775 = DIRECTION('',(0.,1.,0.));
#776 = CYLINDRICAL_SURFACE('',#777,4.5E-02);
#777 = AXIS2_PLACEMENT_3D('',#778,#779,#780);
#778 = CARTESIAN_POINT('',(-0.745,-0.6,4.5E-02));
#779 = DIRECTION('',(0.,1.,0.));
#780 = DIRECTION('',(1.,0.,0.));
#781 = ADVANCED_FACE('',(#782),#825,.F.);
#782 = FACE_BOUND('',#783,.F.);
#783 = EDGE_LOOP('',(#784,#785,#786,#787,#795,#803,#811,#819));
#784 = ORIENTED_EDGE('',*,*,#611,.F.);
#785 = ORIENTED_EDGE('',*,*,#603,.T.);
#786 = ORIENTED_EDGE('',*,*,#595,.T.);
#787 = ORIENTED_EDGE('',*,*,#788,.T.);
#788 = EDGE_CURVE('',#587,#789,#791,.T.);
#789 = VERTEX_POINT('',#790);
#790 = CARTESIAN_POINT('',(0.7,-0.6,0.405));
#791 = LINE('',#792,#793);
#792 = CARTESIAN_POINT('',(-0.7,-0.6,0.405));
#793 = VECTOR('',#794,1.);
#794 = DIRECTION('',(1.,0.,0.));
#795 = ORIENTED_EDGE('',*,*,#796,.T.);
#796 = EDGE_CURVE('',#789,#797,#799,.T.);
#797 = VERTEX_POINT('',#798);
#798 = CARTESIAN_POINT('',(0.955,-0.6,0.405));
#799 = LINE('',#800,#801);
#800 = CARTESIAN_POINT('',(-0.955,-0.6,0.405));
#801 = VECTOR('',#802,1.);
#802 = DIRECTION('',(1.,0.,0.));
#803 = ORIENTED_EDGE('',*,*,#804,.F.);
#804 = EDGE_CURVE('',#805,#797,#807,.T.);
#805 = VERTEX_POINT('',#806);
#806 = CARTESIAN_POINT('',(0.955,-0.6,4.5E-02));
#807 = LINE('',#808,#809);
#808 = CARTESIAN_POINT('',(0.955,-0.6,4.5E-02));
#809 = VECTOR('',#810,1.);
#810 = DIRECTION('',(0.,0.,1.));
#811 = ORIENTED_EDGE('',*,*,#812,.F.);
#812 = EDGE_CURVE('',#813,#805,#815,.T.);
#813 = VERTEX_POINT('',#814);
#814 = CARTESIAN_POINT('',(0.7,-0.6,4.5E-02));
#815 = LINE('',#816,#817);
#816 = CARTESIAN_POINT('',(-0.955,-0.6,4.5E-02));
#817 = VECTOR('',#818,1.);
#818 = DIRECTION('',(1.,0.,0.));
#819 = ORIENTED_EDGE('',*,*,#820,.F.);
#820 = EDGE_CURVE('',#612,#813,#821,.T.);
#821 = LINE('',#822,#823);
#822 = CARTESIAN_POINT('',(-0.955,-0.6,4.5E-02));
#823 = VECTOR('',#824,1.);
#824 = DIRECTION('',(1.,0.,0.));
#825 = PLANE('',#826);
#826 = AXIS2_PLACEMENT_3D('',#827,#828,#829);
#827 = CARTESIAN_POINT('',(-0.955,-0.6,4.5E-02));
#828 = DIRECTION('',(0.,1.,0.));
#829 = DIRECTION('',(0.,-0.,1.));
#830 = ADVANCED_FACE('',(#831),#842,.T.);
#831 = FACE_BOUND('',#832,.T.);
#832 = EDGE_LOOP('',(#833,#834,#835,#836));
#833 = ORIENTED_EDGE('',*,*,#695,.F.);
#834 = ORIENTED_EDGE('',*,*,#660,.F.);
#835 = ORIENTED_EDGE('',*,*,#578,.T.);
#836 = ORIENTED_EDGE('',*,*,#837,.T.);
#837 = EDGE_CURVE('',#579,#696,#838,.T.);
#838 = LINE('',#839,#840);
#839 = CARTESIAN_POINT('',(-0.745,-0.6,0.45));
#840 = VECTOR('',#841,1.);
#841 = DIRECTION('',(0.,1.,0.));
#842 = PLANE('',#843);
#843 = AXIS2_PLACEMENT_3D('',#844,#845,#846);
#844 = CARTESIAN_POINT('',(-1.,-0.6,0.45));
#845 = DIRECTION('',(0.,0.,1.));
#846 = DIRECTION('',(1.,0.,-0.));
#847 = ADVANCED_FACE('',(#848),#859,.T.);
#848 = FACE_BOUND('',#849,.T.);
#849 = EDGE_LOOP('',(#850,#856,#857,#858));
#850 = ORIENTED_EDGE('',*,*,#851,.T.);
#851 = EDGE_CURVE('',#587,#704,#852,.T.);
#852 = LINE('',#853,#854);
#853 = CARTESIAN_POINT('',(-0.7,-0.6,0.405));
#854 = VECTOR('',#855,1.);
#855 = DIRECTION('',(0.,1.,0.));
#856 = ORIENTED_EDGE('',*,*,#703,.T.);
#857 = ORIENTED_EDGE('',*,*,#837,.F.);
#858 = ORIENTED_EDGE('',*,*,#586,.F.);
#859 = CYLINDRICAL_SURFACE('',#860,4.5E-02);
#860 = AXIS2_PLACEMENT_3D('',#861,#862,#863);
#861 = CARTESIAN_POINT('',(-0.745,-0.6,0.405));
#862 = DIRECTION('',(0.,1.,0.));
#863 = DIRECTION('',(1.,0.,0.));
#864 = ADVANCED_FACE('',(#865),#908,.T.);
#865 = FACE_BOUND('',#866,.T.);
#866 = EDGE_LOOP('',(#867,#868,#869,#870,#878,#886,#894,#902));
#867 = ORIENTED_EDGE('',*,*,#728,.F.);
#868 = ORIENTED_EDGE('',*,*,#720,.T.);
#869 = ORIENTED_EDGE('',*,*,#712,.T.);
#870 = ORIENTED_EDGE('',*,*,#871,.T.);
#871 = EDGE_CURVE('',#704,#872,#874,.T.);
#872 = VERTEX_POINT('',#873);
#873 = CARTESIAN_POINT('',(0.7,0.6,0.405));
#874 = LINE('',#875,#876);
#875 = CARTESIAN_POINT('',(-0.7,0.6,0.405));
#876 = VECTOR('',#877,1.);
#877 = DIRECTION('',(1.,0.,0.));
#878 = ORIENTED_EDGE('',*,*,#879,.T.);
#879 = EDGE_CURVE('',#872,#880,#882,.T.);
#880 = VERTEX_POINT('',#881);
#881 = CARTESIAN_POINT('',(0.955,0.6,0.405));
#882 = LINE('',#883,#884);
#883 = CARTESIAN_POINT('',(-0.955,0.6,0.405));
#884 = VECTOR('',#885,1.);
#885 = DIRECTION('',(1.,0.,0.));
#886 = ORIENTED_EDGE('',*,*,#887,.F.);
#887 = EDGE_CURVE('',#888,#880,#890,.T.);
#888 = VERTEX_POINT('',#889);
#889 = CARTESIAN_POINT('',(0.955,0.6,4.5E-02));
#890 = LINE('',#891,#892);
#891 = CARTESIAN_POINT('',(0.955,0.6,4.5E-02));
#892 = VECTOR('',#893,1.);
#893 = DIRECTION('',(0.,0.,1.));
#894 = ORIENTED_EDGE('',*,*,#895,.F.);
#895 = EDGE_CURVE('',#896,#888,#898,.T.);
#896 = VERTEX_POINT('',#897);
#897 = CARTESIAN_POINT('',(0.7,0.6,4.5E-02));
#898 = LINE('',#899,#900);
#899 = CARTESIAN_POINT('',(-0.955,0.6,4.5E-02));
#900 = VECTOR('',#901,1.);
#901 = DIRECTION('',(1.,0.,0.));
#902 = ORIENTED_EDGE('',*,*,#903,.F.);
#903 = EDGE_CURVE('',#729,#896,#904,.T.);
#904 = LINE('',#905,#906);
#905 = CARTESIAN_POINT('',(-0.955,0.6,4.5E-02));
#906 = VECTOR('',#907,1.);
#907 = DIRECTION('',(1.,0.,0.));
#908 = PLANE('',#909);
#909 = AXIS2_PLACEMENT_3D('',#910,#911,#912);
#910 = CARTESIAN_POINT('',(-0.955,0.6,4.5E-02));
#911 = DIRECTION('',(0.,1.,0.));
#912 = DIRECTION('',(0.,-0.,1.));
#913 = ADVANCED_FACE('',(#914),#925,.F.);
#914 = FACE_BOUND('',#915,.F.);
#915 = EDGE_LOOP('',(#916,#917,#918,#924));
#916 = ORIENTED_EDGE('',*,*,#771,.F.);
#917 = ORIENTED_EDGE('',*,*,#820,.T.);
#918 = ORIENTED_EDGE('',*,*,#919,.T.);
#919 = EDGE_CURVE('',#813,#896,#920,.T.);
#920 = LINE('',#921,#922);
#921 = CARTESIAN_POINT('',(0.7,-0.6,4.5E-02));
#922 = VECTOR('',#923,1.);
#923 = DIRECTION('',(0.,1.,0.));
#924 = ORIENTED_EDGE('',*,*,#903,.F.);
#925 = PLANE('',#926);
#926 = AXIS2_PLACEMENT_3D('',#927,#928,#929);
#927 = CARTESIAN_POINT('',(-0.955,-0.6,4.5E-02));
#928 = DIRECTION('',(0.,0.,1.));
#929 = DIRECTION('',(1.,0.,-0.));
#930 = ADVANCED_FACE('',(#931),#994,.F.);
#931 = FACE_BOUND('',#932,.F.);
#932 = EDGE_LOOP('',(#933,#943,#950,#951,#952,#953,#962,#970,#979,#987)
  );
#933 = ORIENTED_EDGE('',*,*,#934,.F.);
#934 = EDGE_CURVE('',#935,#937,#939,.T.);
#935 = VERTEX_POINT('',#936);
#936 = CARTESIAN_POINT('',(0.745,-0.6,-2.775557561563E-17));
#937 = VERTEX_POINT('',#938);
#938 = CARTESIAN_POINT('',(0.955,-0.6,-2.775557561563E-17));
#939 = LINE('',#940,#941);
#940 = CARTESIAN_POINT('',(0.7,-0.6,0.));
#941 = VECTOR('',#942,1.);
#942 = DIRECTION('',(1.,0.,0.));
#943 = ORIENTED_EDGE('',*,*,#944,.F.);
#944 = EDGE_CURVE('',#813,#935,#945,.T.);
#945 = CIRCLE('',#946,4.5E-02);
#946 = AXIS2_PLACEMENT_3D('',#947,#948,#949);
#947 = CARTESIAN_POINT('',(0.745,-0.6,4.5E-02));
#948 = DIRECTION('',(0.,-1.,0.));
#949 = DIRECTION('',(0.,0.,1.));
#950 = ORIENTED_EDGE('',*,*,#812,.T.);
#951 = ORIENTED_EDGE('',*,*,#804,.T.);
#952 = ORIENTED_EDGE('',*,*,#796,.F.);
#953 = ORIENTED_EDGE('',*,*,#954,.T.);
#954 = EDGE_CURVE('',#789,#955,#957,.T.);
#955 = VERTEX_POINT('',#956);
#956 = CARTESIAN_POINT('',(0.745,-0.6,0.45));
#957 = CIRCLE('',#958,4.5E-02);
#958 = AXIS2_PLACEMENT_3D('',#959,#960,#961);
#959 = CARTESIAN_POINT('',(0.745,-0.6,0.405));
#960 = DIRECTION('',(0.,1.,0.));
#961 = DIRECTION('',(0.,-0.,1.));
#962 = ORIENTED_EDGE('',*,*,#963,.T.);
#963 = EDGE_CURVE('',#955,#964,#966,.T.);
#964 = VERTEX_POINT('',#965);
#965 = CARTESIAN_POINT('',(0.955,-0.6,0.45));
#966 = LINE('',#967,#968);
#967 = CARTESIAN_POINT('',(0.7,-0.6,0.45));
#968 = VECTOR('',#969,1.);
#969 = DIRECTION('',(1.,0.,0.));
#970 = ORIENTED_EDGE('',*,*,#971,.F.);
#971 = EDGE_CURVE('',#972,#964,#974,.T.);
#972 = VERTEX_POINT('',#973);
#973 = CARTESIAN_POINT('',(1.,-0.6,0.405));
#974 = CIRCLE('',#975,4.5E-02);
#975 = AXIS2_PLACEMENT_3D('',#976,#977,#978);
#976 = CARTESIAN_POINT('',(0.955,-0.6,0.405));
#977 = DIRECTION('',(0.,-1.,0.));
#978 = DIRECTION('',(0.,0.,1.));
#979 = ORIENTED_EDGE('',*,*,#980,.F.);
#980 = EDGE_CURVE('',#981,#972,#983,.T.);
#981 = VERTEX_POINT('',#982);
#982 = CARTESIAN_POINT('',(1.,-0.6,4.5E-02));
#983 = LINE('',#984,#985);
#984 = CARTESIAN_POINT('',(1.,-0.6,0.));
#985 = VECTOR('',#986,1.);
#986 = DIRECTION('',(0.,0.,1.));
#987 = ORIENTED_EDGE('',*,*,#988,.T.);
#988 = EDGE_CURVE('',#981,#937,#989,.T.);
#989 = CIRCLE('',#990,4.5E-02);
#990 = AXIS2_PLACEMENT_3D('',#991,#992,#993);
#991 = CARTESIAN_POINT('',(0.955,-0.6,4.5E-02));
#992 = DIRECTION('',(0.,1.,0.));
#993 = DIRECTION('',(0.,-0.,1.));
#994 = PLANE('',#995);
#995 = AXIS2_PLACEMENT_3D('',#996,#997,#998);
#996 = CARTESIAN_POINT('',(0.7,-0.6,0.));
#997 = DIRECTION('',(0.,1.,0.));
#998 = DIRECTION('',(0.,-0.,1.));
#999 = ADVANCED_FACE('',(#1000),#1025,.F.);
#1000 = FACE_BOUND('',#1001,.F.);
#1001 = EDGE_LOOP('',(#1002,#1003,#1011,#1019));
#1002 = ORIENTED_EDGE('',*,*,#788,.F.);
#1003 = ORIENTED_EDGE('',*,*,#1004,.T.);
#1004 = EDGE_CURVE('',#587,#1005,#1007,.T.);
#1005 = VERTEX_POINT('',#1006);
#1006 = CARTESIAN_POINT('',(-0.7,-0.6,0.45));
#1007 = LINE('',#1008,#1009);
#1008 = CARTESIAN_POINT('',(-0.7,-0.6,0.405));
#1009 = VECTOR('',#1010,1.);
#1010 = DIRECTION('',(0.,0.,1.));
#1011 = ORIENTED_EDGE('',*,*,#1012,.T.);
#1012 = EDGE_CURVE('',#1005,#1013,#1015,.T.);
#1013 = VERTEX_POINT('',#1014);
#1014 = CARTESIAN_POINT('',(0.7,-0.6,0.45));
#1015 = LINE('',#1016,#1017);
#1016 = CARTESIAN_POINT('',(-0.7,-0.6,0.45));
#1017 = VECTOR('',#1018,1.);
#1018 = DIRECTION('',(1.,0.,0.));
#1019 = ORIENTED_EDGE('',*,*,#1020,.F.);
#1020 = EDGE_CURVE('',#789,#1013,#1021,.T.);
#1021 = LINE('',#1022,#1023);
#1022 = CARTESIAN_POINT('',(0.7,-0.6,0.405));
#1023 = VECTOR('',#1024,1.);
#1024 = DIRECTION('',(0.,0.,1.));
#1025 = PLANE('',#1026);
#1026 = AXIS2_PLACEMENT_3D('',#1027,#1028,#1029);
#1027 = CARTESIAN_POINT('',(-0.7,-0.6,0.405));
#1028 = DIRECTION('',(0.,1.,0.));
#1029 = DIRECTION('',(0.,-0.,1.));
#1030 = ADVANCED_FACE('',(#1031),#1049,.F.);
#1031 = FACE_BOUND('',#1032,.F.);
#1032 = EDGE_LOOP('',(#1033,#1034,#1035,#1043));
#1033 = ORIENTED_EDGE('',*,*,#1004,.F.);
#1034 = ORIENTED_EDGE('',*,*,#851,.T.);
#1035 = ORIENTED_EDGE('',*,*,#1036,.T.);
#1036 = EDGE_CURVE('',#704,#1037,#1039,.T.);
#1037 = VERTEX_POINT('',#1038);
#1038 = CARTESIAN_POINT('',(-0.7,0.6,0.45));
#1039 = LINE('',#1040,#1041);
#1040 = CARTESIAN_POINT('',(-0.7,0.6,0.405));
#1041 = VECTOR('',#1042,1.);
#1042 = DIRECTION('',(0.,0.,1.));
#1043 = ORIENTED_EDGE('',*,*,#1044,.F.);
#1044 = EDGE_CURVE('',#1005,#1037,#1045,.T.);
#1045 = LINE('',#1046,#1047);
#1046 = CARTESIAN_POINT('',(-0.7,-0.6,0.45));
#1047 = VECTOR('',#1048,1.);
#1048 = DIRECTION('',(0.,1.,0.));
#1049 = PLANE('',#1050);
#1050 = AXIS2_PLACEMENT_3D('',#1051,#1052,#1053);
#1051 = CARTESIAN_POINT('',(-0.7,-0.6,0.405));
#1052 = DIRECTION('',(1.,0.,0.));
#1053 = DIRECTION('',(0.,0.,1.));
#1054 = ADVANCED_FACE('',(#1055),#1118,.T.);
#1055 = FACE_BOUND('',#1056,.T.);
#1056 = EDGE_LOOP('',(#1057,#1067,#1074,#1075,#1076,#1077,#1086,#1094,
    #1103,#1111));
#1057 = ORIENTED_EDGE('',*,*,#1058,.F.);
#1058 = EDGE_CURVE('',#1059,#1061,#1063,.T.);
#1059 = VERTEX_POINT('',#1060);
#1060 = CARTESIAN_POINT('',(0.745,0.6,-2.775557561563E-17));
#1061 = VERTEX_POINT('',#1062);
#1062 = CARTESIAN_POINT('',(0.955,0.6,-2.775557561563E-17));
#1063 = LINE('',#1064,#1065);
#1064 = CARTESIAN_POINT('',(0.7,0.6,0.));
#1065 = VECTOR('',#1066,1.);
#1066 = DIRECTION('',(1.,0.,0.));
#1067 = ORIENTED_EDGE('',*,*,#1068,.F.);
#1068 = EDGE_CURVE('',#896,#1059,#1069,.T.);
#1069 = CIRCLE('',#1070,4.5E-02);
#1070 = AXIS2_PLACEMENT_3D('',#1071,#1072,#1073);
#1071 = CARTESIAN_POINT('',(0.745,0.6,4.5E-02));
#1072 = DIRECTION('',(0.,-1.,0.));
#1073 = DIRECTION('',(0.,0.,1.));
#1074 = ORIENTED_EDGE('',*,*,#895,.T.);
#1075 = ORIENTED_EDGE('',*,*,#887,.T.);
#1076 = ORIENTED_EDGE('',*,*,#879,.F.);
#1077 = ORIENTED_EDGE('',*,*,#1078,.T.);
#1078 = EDGE_CURVE('',#872,#1079,#1081,.T.);
#1079 = VERTEX_POINT('',#1080);
#1080 = CARTESIAN_POINT('',(0.745,0.6,0.45));
#1081 = CIRCLE('',#1082,4.5E-02);
#1082 = AXIS2_PLACEMENT_3D('',#1083,#1084,#1085);
#1083 = CARTESIAN_POINT('',(0.745,0.6,0.405));
#1084 = DIRECTION('',(0.,1.,0.));
#1085 = DIRECTION('',(0.,-0.,1.));
#1086 = ORIENTED_EDGE('',*,*,#1087,.T.);
#1087 = EDGE_CURVE('',#1079,#1088,#1090,.T.);
#1088 = VERTEX_POINT('',#1089);
#1089 = CARTESIAN_POINT('',(0.955,0.6,0.45));
#1090 = LINE('',#1091,#1092);
#1091 = CARTESIAN_POINT('',(0.7,0.6,0.45));
#1092 = VECTOR('',#1093,1.);
#1093 = DIRECTION('',(1.,0.,0.));
#1094 = ORIENTED_EDGE('',*,*,#1095,.F.);
#1095 = EDGE_CURVE('',#1096,#1088,#1098,.T.);
#1096 = VERTEX_POINT('',#1097);
#1097 = CARTESIAN_POINT('',(1.,0.6,0.405));
#1098 = CIRCLE('',#1099,4.5E-02);
#1099 = AXIS2_PLACEMENT_3D('',#1100,#1101,#1102);
#1100 = CARTESIAN_POINT('',(0.955,0.6,0.405));
#1101 = DIRECTION('',(0.,-1.,0.));
#1102 = DIRECTION('',(0.,0.,1.));
#1103 = ORIENTED_EDGE('',*,*,#1104,.F.);
#1104 = EDGE_CURVE('',#1105,#1096,#1107,.T.);
#1105 = VERTEX_POINT('',#1106);
#1106 = CARTESIAN_POINT('',(1.,0.6,4.5E-02));
#1107 = LINE('',#1108,#1109);
#1108 = CARTESIAN_POINT('',(1.,0.6,0.));
#1109 = VECTOR('',#1110,1.);
#1110 = DIRECTION('',(0.,0.,1.));
#1111 = ORIENTED_EDGE('',*,*,#1112,.T.);
#1112 = EDGE_CURVE('',#1105,#1061,#1113,.T.);
#1113 = CIRCLE('',#1114,4.5E-02);
#1114 = AXIS2_PLACEMENT_3D('',#1115,#1116,#1117);
#1115 = CARTESIAN_POINT('',(0.955,0.6,4.5E-02));
#1116 = DIRECTION('',(0.,1.,0.));
#1117 = DIRECTION('',(0.,-0.,1.));
#1118 = PLANE('',#1119);
#1119 = AXIS2_PLACEMENT_3D('',#1120,#1121,#1122);
#1120 = CARTESIAN_POINT('',(0.7,0.6,0.));
#1121 = DIRECTION('',(0.,1.,0.));
#1122 = DIRECTION('',(0.,-0.,1.));
#1123 = ADVANCED_FACE('',(#1124),#1142,.T.);
#1124 = FACE_BOUND('',#1125,.T.);
#1125 = EDGE_LOOP('',(#1126,#1127,#1128,#1136));
#1126 = ORIENTED_EDGE('',*,*,#871,.F.);
#1127 = ORIENTED_EDGE('',*,*,#1036,.T.);
#1128 = ORIENTED_EDGE('',*,*,#1129,.T.);
#1129 = EDGE_CURVE('',#1037,#1130,#1132,.T.);
#1130 = VERTEX_POINT('',#1131);
#1131 = CARTESIAN_POINT('',(0.7,0.6,0.45));
#1132 = LINE('',#1133,#1134);
#1133 = CARTESIAN_POINT('',(-0.7,0.6,0.45));
#1134 = VECTOR('',#1135,1.);
#1135 = DIRECTION('',(1.,0.,0.));
#1136 = ORIENTED_EDGE('',*,*,#1137,.F.);
#1137 = EDGE_CURVE('',#872,#1130,#1138,.T.);
#1138 = LINE('',#1139,#1140);
#1139 = CARTESIAN_POINT('',(0.7,0.6,0.405));
#1140 = VECTOR('',#1141,1.);
#1141 = DIRECTION('',(0.,0.,1.));
#1142 = PLANE('',#1143);
#1143 = AXIS2_PLACEMENT_3D('',#1144,#1145,#1146);
#1144 = CARTESIAN_POINT('',(-0.7,0.6,0.405));
#1145 = DIRECTION('',(0.,1.,0.));
#1146 = DIRECTION('',(0.,-0.,1.));
#1147 = ADVANCED_FACE('',(#1148),#1159,.T.);
#1148 = FACE_BOUND('',#1149,.T.);
#1149 = EDGE_LOOP('',(#1150,#1151,#1152,#1158));
#1150 = ORIENTED_EDGE('',*,*,#919,.T.);
#1151 = ORIENTED_EDGE('',*,*,#1068,.T.);
#1152 = ORIENTED_EDGE('',*,*,#1153,.F.);
#1153 = EDGE_CURVE('',#935,#1059,#1154,.T.);
#1154 = LINE('',#1155,#1156);
#1155 = CARTESIAN_POINT('',(0.745,-0.6,-2.775557561563E-17));
#1156 = VECTOR('',#1157,1.);
#1157 = DIRECTION('',(0.,1.,0.));
#1158 = ORIENTED_EDGE('',*,*,#944,.F.);
#1159 = CYLINDRICAL_SURFACE('',#1160,4.5E-02);
#1160 = AXIS2_PLACEMENT_3D('',#1161,#1162,#1163);
#1161 = CARTESIAN_POINT('',(0.745,-0.6,4.5E-02));
#1162 = DIRECTION('',(0.,1.,0.));
#1163 = DIRECTION('',(-1.,0.,0.));
#1164 = ADVANCED_FACE('',(#1165),#1176,.F.);
#1165 = FACE_BOUND('',#1166,.F.);
#1166 = EDGE_LOOP('',(#1167,#1168,#1169,#1170));
#1167 = ORIENTED_EDGE('',*,*,#1058,.F.);
#1168 = ORIENTED_EDGE('',*,*,#1153,.F.);
#1169 = ORIENTED_EDGE('',*,*,#934,.T.);
#1170 = ORIENTED_EDGE('',*,*,#1171,.T.);
#1171 = EDGE_CURVE('',#937,#1061,#1172,.T.);
#1172 = LINE('',#1173,#1174);
#1173 = CARTESIAN_POINT('',(0.955,-0.6,-2.775557561563E-17));
#1174 = VECTOR('',#1175,1.);
#1175 = DIRECTION('',(0.,1.,0.));
#1176 = PLANE('',#1177);
#1177 = AXIS2_PLACEMENT_3D('',#1178,#1179,#1180);
#1178 = CARTESIAN_POINT('',(0.7,-0.6,0.));
#1179 = DIRECTION('',(0.,0.,1.));
#1180 = DIRECTION('',(1.,0.,-0.));
#1181 = ADVANCED_FACE('',(#1182),#1193,.T.);
#1182 = FACE_BOUND('',#1183,.T.);
#1183 = EDGE_LOOP('',(#1184,#1185,#1186,#1187));
#1184 = ORIENTED_EDGE('',*,*,#988,.T.);
#1185 = ORIENTED_EDGE('',*,*,#1171,.T.);
#1186 = ORIENTED_EDGE('',*,*,#1112,.F.);
#1187 = ORIENTED_EDGE('',*,*,#1188,.F.);
#1188 = EDGE_CURVE('',#981,#1105,#1189,.T.);
#1189 = LINE('',#1190,#1191);
#1190 = CARTESIAN_POINT('',(1.,-0.6,4.5E-02));
#1191 = VECTOR('',#1192,1.);
#1192 = DIRECTION('',(0.,1.,0.));
#1193 = CYLINDRICAL_SURFACE('',#1194,4.5E-02);
#1194 = AXIS2_PLACEMENT_3D('',#1195,#1196,#1197);
#1195 = CARTESIAN_POINT('',(0.955,-0.6,4.5E-02));
#1196 = DIRECTION('',(0.,1.,0.));
#1197 = DIRECTION('',(1.,0.,0.));
#1198 = ADVANCED_FACE('',(#1199),#1210,.T.);
#1199 = FACE_BOUND('',#1200,.T.);
#1200 = EDGE_LOOP('',(#1201,#1202,#1203,#1204));
#1201 = ORIENTED_EDGE('',*,*,#980,.F.);
#1202 = ORIENTED_EDGE('',*,*,#1188,.T.);
#1203 = ORIENTED_EDGE('',*,*,#1104,.T.);
#1204 = ORIENTED_EDGE('',*,*,#1205,.F.);
#1205 = EDGE_CURVE('',#972,#1096,#1206,.T.);
#1206 = LINE('',#1207,#1208);
#1207 = CARTESIAN_POINT('',(1.,-0.6,0.405));
#1208 = VECTOR('',#1209,1.);
#1209 = DIRECTION('',(0.,1.,0.));
#1210 = PLANE('',#1211);
#1211 = AXIS2_PLACEMENT_3D('',#1212,#1213,#1214);
#1212 = CARTESIAN_POINT('',(1.,-0.6,0.));
#1213 = DIRECTION('',(1.,0.,0.));
#1214 = DIRECTION('',(0.,0.,1.));
#1215 = ADVANCED_FACE('',(#1216),#1227,.T.);
#1216 = FACE_BOUND('',#1217,.T.);
#1217 = EDGE_LOOP('',(#1218,#1219,#1220,#1226));
#1218 = ORIENTED_EDGE('',*,*,#1205,.T.);
#1219 = ORIENTED_EDGE('',*,*,#1095,.T.);
#1220 = ORIENTED_EDGE('',*,*,#1221,.F.);
#1221 = EDGE_CURVE('',#964,#1088,#1222,.T.);
#1222 = LINE('',#1223,#1224);
#1223 = CARTESIAN_POINT('',(0.955,-0.6,0.45));
#1224 = VECTOR('',#1225,1.);
#1225 = DIRECTION('',(0.,1.,0.));
#1226 = ORIENTED_EDGE('',*,*,#971,.F.);
#1227 = CYLINDRICAL_SURFACE('',#1228,4.5E-02);
#1228 = AXIS2_PLACEMENT_3D('',#1229,#1230,#1231);
#1229 = CARTESIAN_POINT('',(0.955,-0.6,0.405));
#1230 = DIRECTION('',(0.,1.,0.));
#1231 = DIRECTION('',(1.,0.,0.));
#1232 = ADVANCED_FACE('',(#1233),#1244,.T.);
#1233 = FACE_BOUND('',#1234,.T.);
#1234 = EDGE_LOOP('',(#1235,#1236,#1242,#1243));
#1235 = ORIENTED_EDGE('',*,*,#1087,.F.);
#1236 = ORIENTED_EDGE('',*,*,#1237,.F.);
#1237 = EDGE_CURVE('',#955,#1079,#1238,.T.);
#1238 = LINE('',#1239,#1240);
#1239 = CARTESIAN_POINT('',(0.745,-0.6,0.45));
#1240 = VECTOR('',#1241,1.);
#1241 = DIRECTION('',(0.,1.,0.));
#1242 = ORIENTED_EDGE('',*,*,#963,.T.);
#1243 = ORIENTED_EDGE('',*,*,#1221,.T.);
#1244 = PLANE('',#1245);
#1245 = AXIS2_PLACEMENT_3D('',#1246,#1247,#1248);
#1246 = CARTESIAN_POINT('',(0.7,-0.6,0.45));
#1247 = DIRECTION('',(0.,0.,1.));
#1248 = DIRECTION('',(1.,0.,-0.));
#1249 = ADVANCED_FACE('',(#1250),#1261,.T.);
#1250 = FACE_BOUND('',#1251,.T.);
#1251 = EDGE_LOOP('',(#1252,#1253,#1254,#1255));
#1252 = ORIENTED_EDGE('',*,*,#954,.T.);
#1253 = ORIENTED_EDGE('',*,*,#1237,.T.);
#1254 = ORIENTED_EDGE('',*,*,#1078,.F.);
#1255 = ORIENTED_EDGE('',*,*,#1256,.F.);
#1256 = EDGE_CURVE('',#789,#872,#1257,.T.);
#1257 = LINE('',#1258,#1259);
#1258 = CARTESIAN_POINT('',(0.7,-0.6,0.405));
#1259 = VECTOR('',#1260,1.);
#1260 = DIRECTION('',(0.,1.,0.));
#1261 = CYLINDRICAL_SURFACE('',#1262,4.5E-02);
#1262 = AXIS2_PLACEMENT_3D('',#1263,#1264,#1265);
#1263 = CARTESIAN_POINT('',(0.745,-0.6,0.405));
#1264 = DIRECTION('',(0.,1.,0.));
#1265 = DIRECTION('',(-1.,0.,0.));
#1266 = ADVANCED_FACE('',(#1267),#1278,.T.);
#1267 = FACE_BOUND('',#1268,.T.);
#1268 = EDGE_LOOP('',(#1269,#1270,#1271,#1272));
#1269 = ORIENTED_EDGE('',*,*,#1020,.F.);
#1270 = ORIENTED_EDGE('',*,*,#1256,.T.);
#1271 = ORIENTED_EDGE('',*,*,#1137,.T.);
#1272 = ORIENTED_EDGE('',*,*,#1273,.F.);
#1273 = EDGE_CURVE('',#1013,#1130,#1274,.T.);
#1274 = LINE('',#1275,#1276);
#1275 = CARTESIAN_POINT('',(0.7,-0.6,0.45));
#1276 = VECTOR('',#1277,1.);
#1277 = DIRECTION('',(0.,1.,0.));
#1278 = PLANE('',#1279);
#1279 = AXIS2_PLACEMENT_3D('',#1280,#1281,#1282);
#1280 = CARTESIAN_POINT('',(0.7,-0.6,0.405));
#1281 = DIRECTION('',(1.,0.,0.));
#1282 = DIRECTION('',(0.,0.,1.));
#1283 = ADVANCED_FACE('',(#1284),#1290,.T.);
#1284 = FACE_BOUND('',#1285,.T.);
#1285 = EDGE_LOOP('',(#1286,#1287,#1288,#1289));
#1286 = ORIENTED_EDGE('',*,*,#1044,.F.);
#1287 = ORIENTED_EDGE('',*,*,#1012,.T.);
#1288 = ORIENTED_EDGE('',*,*,#1273,.T.);
#1289 = ORIENTED_EDGE('',*,*,#1129,.F.);
#1290 = PLANE('',#1291);
#1291 = AXIS2_PLACEMENT_3D('',#1292,#1293,#1294);
#1292 = CARTESIAN_POINT('',(-0.7,-0.6,0.45));
#1293 = DIRECTION('',(0.,0.,1.));
#1294 = DIRECTION('',(1.,0.,-0.));
#1295 = ( GEOMETRIC_REPRESENTATION_CONTEXT(3) 
GLOBAL_UNCERTAINTY_ASSIGNED_CONTEXT((#1299)) 
GLOBAL_UNIT_ASSIGNED_CONTEXT((#1296,#1297,#1298)) REPRESENTATION_CONTEXT
('Context #1','3D Context with UNIT and UNCERTAINTY') );
#1296 = ( LENGTH_UNIT() NAMED_UNIT(*) SI_UNIT(.MILLI.,.METRE.) );
#1297 = ( NAMED_UNIT(*) PLANE_ANGLE_UNIT() SI_UNIT($,.RADIAN.) );
#1298 = ( NAMED_UNIT(*) SI_UNIT($,.STERADIAN.) SOLID_ANGLE_UNIT() );
#1299 = UNCERTAINTY_MEASURE_WITH_UNIT(LENGTH_MEASURE(1.E-07),#1296,
  'distance_accuracy_value','confusion accuracy');
#1300 = CONTEXT_DEPENDENT_SHAPE_REPRESENTATION(#1301,#1303);
#1301 = ( REPRESENTATION_RELATIONSHIP('','',#504,#481) 
REPRESENTATION_RELATIONSHIP_WITH_TRANSFORMATION(#1302) 
SHAPE_REPRESENTATION_RELATIONSHIP() );
#1302 = ITEM_DEFINED_TRANSFORMATION('','',#11,#482);
#1303 = PRODUCT_DEFINITION_SHAPE('Placement','Placement of an item',
  #1304);
#1304 = NEXT_ASSEMBLY_USAGE_OCCURRENCE('3','=>[0:1:1:5]','',#476,#499,$
  );
#1305 = PRODUCT_RELATED_PRODUCT_CATEGORY('part',$,(#501));
#1306 = SHAPE_DEFINITION_REPRESENTATION(#1307,#1313);
#1307 = PRODUCT_DEFINITION_SHAPE('','',#1308);
#1308 = PRODUCT_DEFINITION('design','',#1309,#1312);
#1309 = PRODUCT_DEFINITION_FORMATION('','',#1310);
#1310 = PRODUCT(
  'TerminalBlock_Phoenix_MKDS-1,5-3-5.08_1x03_P5.08mm_Horizontal',
  'TerminalBlock_Phoenix_MKDS-1,5-3-5.08_1x03_P5.08mm_Horizontal','',(
    #1311));
#1311 = PRODUCT_CONTEXT('',#2,'mechanical');
#1312 = PRODUCT_DEFINITION_CONTEXT('part definition',#2,'design');
#1313 = SHAPE_REPRESENTATION('',(#11,#1314),#1318);
#1314 = AXIS2_PLACEMENT_3D('',#1315,#1316,#1317);
#1315 = CARTESIAN_POINT('',(0.,0.,0.));
#1316 = DIRECTION('',(0.,0.,1.));
#1317 = DIRECTION('',(1.,0.,-0.));
#1318 = ( GEOMETRIC_REPRESENTATION_CONTEXT(3) 
GLOBAL_UNCERTAINTY_ASSIGNED_CONTEXT((#1322)) 
GLOBAL_UNIT_ASSIGNED_CONTEXT((#1319,#1320,#1321)) REPRESENTATION_CONTEXT
('Context #1','3D Context with UNIT and UNCERTAINTY') );
#1319 = ( LENGTH_UNIT() NAMED_UNIT(*) SI_UNIT(.MILLI.,.METRE.) );
#1320 = ( NAMED_UNIT(*) PLANE_ANGLE_UNIT() SI_UNIT($,.RADIAN.) );
#1321 = ( NAMED_UNIT(*) SI_UNIT($,.STERADIAN.) SOLID_ANGLE_UNIT() );
#1322 = UNCERTAINTY_MEASURE_WITH_UNIT(LENGTH_MEASURE(1.E-07),#1319,
  'distance_accuracy_value','confusion accuracy');
#1323 = CONTEXT_DEPENDENT_SHAPE_REPRESENTATION(#1324,#1326);
#1324 = ( REPRESENTATION_RELATIONSHIP('','',#1313,#10) 
REPRESENTATION_RELATIONSHIP_WITH_TRANSFORMATION(#1325) 
SHAPE_REPRESENTATION_RELATIONSHIP() );
#1325 = ITEM_DEFINED_TRANSFORMATION('','',#11,#23);
#1326 = PRODUCT_DEFINITION_SHAPE('Placement','Placement of an item',
  #1327);
#1327 = NEXT_ASSEMBLY_USAGE_OCCURRENCE('6','J1','',#5,#1308,$);
#1328 = PRODUCT_RELATED_PRODUCT_CATEGORY('part',$,(#1310));
#1329 = SHAPE_DEFINITION_REPRESENTATION(#1330,#1336);
#1330 = PRODUCT_DEFINITION_SHAPE('','',#1331);
#1331 = PRODUCT_DEFINITION('design','',#1332,#1335);
#1332 = PRODUCT_DEFINITION_FORMATION('','',#1333);
#1333 = PRODUCT(
  'TerminalBlock_Phoenix_MKDS-1,5-3-5.08_1x03_P5.08mm_Horizontal',
  'TerminalBlock_Phoenix_MKDS-1,5-3-5.08_1x03_P5.08mm_Horizontal','',(
    #1334));
#1334 = PRODUCT_CONTEXT('',#2,'mechanical');
#1335 = PRODUCT_DEFINITION_CONTEXT('part definition',#2,'design');
#1336 = ADVANCED_BREP_SHAPE_REPRESENTATION('',(#11,#1337),#5012);
#1337 = MANIFOLD_SOLID_BREP('',#1338);
#1338 = CLOSED_SHELL('',(#1339,#1545,#1623,#1749,#1773,#1844,#1868,#1892
    ,#1909,#1933,#1950,#1967,#1998,#2022,#2046,#2063,#2094,#2118,#2142,
    #2159,#2190,#2214,#2238,#2255,#2277,#2327,#2339,#2351,#2363,#2392,
    #2415,#2438,#2455,#2484,#2507,#2530,#2547,#2576,#2599,#2622,#2639,
    #2651,#2663,#2675,#2687,#2798,#2909,#3020,#3051,#3075,#3099,#3123,
    #3154,#3178,#3202,#3226,#3257,#3281,#3305,#3329,#3345,#3378,#3403,
    #3435,#3466,#3476,#3494,#3510,#3543,#3568,#3600,#3631,#3641,#3659,
    #3675,#3708,#3733,#3765,#3796,#3806,#3824,#3879,#3934,#3989,#4014,
    #4125,#4135,#4160,#4271,#4281,#4306,#4417,#4427,#4437,#4468,#4492,
    #4516,#4533,#4543,#4574,#4598,#4622,#4639,#4649,#4680,#4704,#4728,
    #4745,#4761,#4778,#4795,#4812,#4822,#4838,#4855,#4872,#4889,#4899,
    #4915,#4932,#4949,#4966,#4976,#4988,#5000));
#1339 = ADVANCED_FACE('',(#1340,#1438,#1472,#1506),#1540,.F.);
#1340 = FACE_BOUND('',#1341,.F.);
#1341 = EDGE_LOOP('',(#1342,#1352,#1360,#1368,#1376,#1384,#1392,#1400,
    #1408,#1416,#1424,#1432));
#1342 = ORIENTED_EDGE('',*,*,#1343,.F.);
#1343 = EDGE_CURVE('',#1344,#1346,#1348,.T.);
#1344 = VERTEX_POINT('',#1345);
#1345 = CARTESIAN_POINT('',(-2.54,-4.6,0.));
#1346 = VERTEX_POINT('',#1347);
#1347 = CARTESIAN_POINT('',(-2.54,-3.83,0.));
#1348 = LINE('',#1349,#1350);
#1349 = CARTESIAN_POINT('',(-2.54,-4.6,0.));
#1350 = VECTOR('',#1351,1.);
#1351 = DIRECTION('',(0.,1.,0.));
#1352 = ORIENTED_EDGE('',*,*,#1353,.T.);
#1353 = EDGE_CURVE('',#1344,#1354,#1356,.T.);
#1354 = VERTEX_POINT('',#1355);
#1355 = CARTESIAN_POINT('',(12.7,-4.6,0.));
#1356 = LINE('',#1357,#1358);
#1357 = CARTESIAN_POINT('',(-2.54,-4.6,0.));
#1358 = VECTOR('',#1359,1.);
#1359 = DIRECTION('',(1.,0.,0.));
#1360 = ORIENTED_EDGE('',*,*,#1361,.T.);
#1361 = EDGE_CURVE('',#1354,#1362,#1364,.T.);
#1362 = VERTEX_POINT('',#1363);
#1363 = CARTESIAN_POINT('',(12.7,-3.83,0.));
#1364 = LINE('',#1365,#1366);
#1365 = CARTESIAN_POINT('',(12.7,-4.6,0.));
#1366 = VECTOR('',#1367,1.);
#1367 = DIRECTION('',(0.,1.,0.));
#1368 = ORIENTED_EDGE('',*,*,#1369,.F.);
#1369 = EDGE_CURVE('',#1370,#1362,#1372,.T.);
#1370 = VERTEX_POINT('',#1371);
#1371 = CARTESIAN_POINT('',(11.96,-4.06,0.));
#1372 = LINE('',#1373,#1374);
#1373 = CARTESIAN_POINT('',(11.96,-4.06,0.));
#1374 = VECTOR('',#1375,1.);
#1375 = DIRECTION('',(0.954938084056,0.296805080179,0.));
#1376 = ORIENTED_EDGE('',*,*,#1377,.F.);
#1377 = EDGE_CURVE('',#1378,#1370,#1380,.T.);
#1378 = VERTEX_POINT('',#1379);
#1379 = CARTESIAN_POINT('',(11.96,-3.14,0.));
#1380 = LINE('',#1381,#1382);
#1381 = CARTESIAN_POINT('',(11.96,-3.14,0.));
#1382 = VECTOR('',#1383,1.);
#1383 = DIRECTION('',(0.,-1.,0.));
#1384 = ORIENTED_EDGE('',*,*,#1385,.F.);
#1385 = EDGE_CURVE('',#1386,#1378,#1388,.T.);
#1386 = VERTEX_POINT('',#1387);
#1387 = CARTESIAN_POINT('',(12.7,-3.37,0.));
#1388 = LINE('',#1389,#1390);
#1389 = CARTESIAN_POINT('',(12.7,-3.37,0.));
#1390 = VECTOR('',#1391,1.);
#1391 = DIRECTION('',(-0.954938084056,0.296805080179,0.));
#1392 = ORIENTED_EDGE('',*,*,#1393,.T.);
#1393 = EDGE_CURVE('',#1386,#1394,#1396,.T.);
#1394 = VERTEX_POINT('',#1395);
#1395 = CARTESIAN_POINT('',(12.7,5.2,0.));
#1396 = LINE('',#1397,#1398);
#1397 = CARTESIAN_POINT('',(12.7,-4.6,0.));
#1398 = VECTOR('',#1399,1.);
#1399 = DIRECTION('',(0.,1.,0.));
#1400 = ORIENTED_EDGE('',*,*,#1401,.F.);
#1401 = EDGE_CURVE('',#1402,#1394,#1404,.T.);
#1402 = VERTEX_POINT('',#1403);
#1403 = CARTESIAN_POINT('',(-2.54,5.2,0.));
#1404 = LINE('',#1405,#1406);
#1405 = CARTESIAN_POINT('',(-2.54,5.2,0.));
#1406 = VECTOR('',#1407,1.);
#1407 = DIRECTION('',(1.,0.,0.));
#1408 = ORIENTED_EDGE('',*,*,#1409,.F.);
#1409 = EDGE_CURVE('',#1410,#1402,#1412,.T.);
#1410 = VERTEX_POINT('',#1411);
#1411 = CARTESIAN_POINT('',(-2.54,-3.37,0.));
#1412 = LINE('',#1413,#1414);
#1413 = CARTESIAN_POINT('',(-2.54,-4.6,0.));
#1414 = VECTOR('',#1415,1.);
#1415 = DIRECTION('',(0.,1.,0.));
#1416 = ORIENTED_EDGE('',*,*,#1417,.T.);
#1417 = EDGE_CURVE('',#1410,#1418,#1420,.T.);
#1418 = VERTEX_POINT('',#1419);
#1419 = CARTESIAN_POINT('',(-3.28,-3.14,0.));
#1420 = LINE('',#1421,#1422);
#1421 = CARTESIAN_POINT('',(-2.54,-3.37,0.));
#1422 = VECTOR('',#1423,1.);
#1423 = DIRECTION('',(-0.954938084056,0.296805080179,0.));
#1424 = ORIENTED_EDGE('',*,*,#1425,.T.);
#1425 = EDGE_CURVE('',#1418,#1426,#1428,.T.);
#1426 = VERTEX_POINT('',#1427);
#1427 = CARTESIAN_POINT('',(-3.28,-4.06,0.));
#1428 = LINE('',#1429,#1430);
#1429 = CARTESIAN_POINT('',(-3.28,-3.14,0.));
#1430 = VECTOR('',#1431,1.);
#1431 = DIRECTION('',(0.,-1.,0.));
#1432 = ORIENTED_EDGE('',*,*,#1433,.T.);
#1433 = EDGE_CURVE('',#1426,#1346,#1434,.T.);
#1434 = LINE('',#1435,#1436);
#1435 = CARTESIAN_POINT('',(-3.28,-4.06,0.));
#1436 = VECTOR('',#1437,1.);
#1437 = DIRECTION('',(0.954938084056,0.296805080179,0.));
#1438 = FACE_BOUND('',#1439,.F.);
#1439 = EDGE_LOOP('',(#1440,#1450,#1458,#1466));
#1440 = ORIENTED_EDGE('',*,*,#1441,.F.);
#1441 = EDGE_CURVE('',#1442,#1444,#1446,.T.);
#1442 = VERTEX_POINT('',#1443);
#1443 = CARTESIAN_POINT('',(9.71,-0.45,0.));
#1444 = VERTEX_POINT('',#1445);
#1445 = CARTESIAN_POINT('',(10.61,-0.45,0.));
#1446 = LINE('',#1447,#1448);
#1447 = CARTESIAN_POINT('',(3.585,-0.45,0.));
#1448 = VECTOR('',#1449,1.);
#1449 = DIRECTION('',(1.,0.,-0.));
#1450 = ORIENTED_EDGE('',*,*,#1451,.F.);
#1451 = EDGE_CURVE('',#1452,#1442,#1454,.T.);
#1452 = VERTEX_POINT('',#1453);
#1453 = CARTESIAN_POINT('',(9.71,0.45,0.));
#1454 = LINE('',#1455,#1456);
#1455 = CARTESIAN_POINT('',(9.71,-2.075,0.));
#1456 = VECTOR('',#1457,1.);
#1457 = DIRECTION('',(0.,-1.,0.));
#1458 = ORIENTED_EDGE('',*,*,#1459,.F.);
#1459 = EDGE_CURVE('',#1460,#1452,#1462,.T.);
#1460 = VERTEX_POINT('',#1461);
#1461 = CARTESIAN_POINT('',(10.61,0.45,0.));
#1462 = LINE('',#1463,#1464);
#1463 = CARTESIAN_POINT('',(4.035,0.45,0.));
#1464 = VECTOR('',#1465,1.);
#1465 = DIRECTION('',(-1.,0.,0.));
#1466 = ORIENTED_EDGE('',*,*,#1467,.F.);
#1467 = EDGE_CURVE('',#1444,#1460,#1468,.T.);
#1468 = LINE('',#1469,#1470);
#1469 = CARTESIAN_POINT('',(10.61,-2.525,0.));
#1470 = VECTOR('',#1471,1.);
#1471 = DIRECTION('',(0.,1.,0.));
#1472 = FACE_BOUND('',#1473,.F.);
#1473 = EDGE_LOOP('',(#1474,#1484,#1492,#1500));
#1474 = ORIENTED_EDGE('',*,*,#1475,.F.);
#1475 = EDGE_CURVE('',#1476,#1478,#1480,.T.);
#1476 = VERTEX_POINT('',#1477);
#1477 = CARTESIAN_POINT('',(4.63,-0.45,0.));
#1478 = VERTEX_POINT('',#1479);
#1479 = CARTESIAN_POINT('',(5.53,-0.45,0.));
#1480 = LINE('',#1481,#1482);
#1481 = CARTESIAN_POINT('',(1.045,-0.45,0.));
#1482 = VECTOR('',#1483,1.);
#1483 = DIRECTION('',(1.,0.,-0.));
#1484 = ORIENTED_EDGE('',*,*,#1485,.F.);
#1485 = EDGE_CURVE('',#1486,#1476,#1488,.T.);
#1486 = VERTEX_POINT('',#1487);
#1487 = CARTESIAN_POINT('',(4.63,0.45,0.));
#1488 = LINE('',#1489,#1490);
#1489 = CARTESIAN_POINT('',(4.63,-2.075,0.));
#1490 = VECTOR('',#1491,1.);
#1491 = DIRECTION('',(0.,-1.,0.));
#1492 = ORIENTED_EDGE('',*,*,#1493,.F.);
#1493 = EDGE_CURVE('',#1494,#1486,#1496,.T.);
#1494 = VERTEX_POINT('',#1495);
#1495 = CARTESIAN_POINT('',(5.53,0.45,0.));
#1496 = LINE('',#1497,#1498);
#1497 = CARTESIAN_POINT('',(1.495,0.45,0.));
#1498 = VECTOR('',#1499,1.);
#1499 = DIRECTION('',(-1.,0.,0.));
#1500 = ORIENTED_EDGE('',*,*,#1501,.F.);
#1501 = EDGE_CURVE('',#1478,#1494,#1502,.T.);
#1502 = LINE('',#1503,#1504);
#1503 = CARTESIAN_POINT('',(5.53,-2.525,0.));
#1504 = VECTOR('',#1505,1.);
#1505 = DIRECTION('',(0.,1.,0.));
#1506 = FACE_BOUND('',#1507,.F.);
#1507 = EDGE_LOOP('',(#1508,#1518,#1526,#1534));
#1508 = ORIENTED_EDGE('',*,*,#1509,.F.);
#1509 = EDGE_CURVE('',#1510,#1512,#1514,.T.);
#1510 = VERTEX_POINT('',#1511);
#1511 = CARTESIAN_POINT('',(-0.45,-0.45,0.));
#1512 = VERTEX_POINT('',#1513);
#1513 = CARTESIAN_POINT('',(0.45,-0.45,0.));
#1514 = LINE('',#1515,#1516);
#1515 = CARTESIAN_POINT('',(-1.495,-0.45,0.));
#1516 = VECTOR('',#1517,1.);
#1517 = DIRECTION('',(1.,0.,-0.));
#1518 = ORIENTED_EDGE('',*,*,#1519,.F.);
#1519 = EDGE_CURVE('',#1520,#1510,#1522,.T.);
#1520 = VERTEX_POINT('',#1521);
#1521 = CARTESIAN_POINT('',(-0.45,0.45,0.));
#1522 = LINE('',#1523,#1524);
#1523 = CARTESIAN_POINT('',(-0.45,-2.075,0.));
#1524 = VECTOR('',#1525,1.);
#1525 = DIRECTION('',(0.,-1.,0.));
#1526 = ORIENTED_EDGE('',*,*,#1527,.F.);
#1527 = EDGE_CURVE('',#1528,#1520,#1530,.T.);
#1528 = VERTEX_POINT('',#1529);
#1529 = CARTESIAN_POINT('',(0.45,0.45,0.));
#1530 = LINE('',#1531,#1532);
#1531 = CARTESIAN_POINT('',(-1.045,0.45,0.));
#1532 = VECTOR('',#1533,1.);
#1533 = DIRECTION('',(-1.,0.,0.));
#1534 = ORIENTED_EDGE('',*,*,#1535,.F.);
#1535 = EDGE_CURVE('',#1512,#1528,#1536,.T.);
#1536 = LINE('',#1537,#1538);
#1537 = CARTESIAN_POINT('',(0.45,-2.525,0.));
#1538 = VECTOR('',#1539,1.);
#1539 = DIRECTION('',(0.,1.,0.));
#1540 = PLANE('',#1541);
#1541 = AXIS2_PLACEMENT_3D('',#1542,#1543,#1544);
#1542 = CARTESIAN_POINT('',(-2.54,-4.6,0.));
#1543 = DIRECTION('',(0.,0.,1.));
#1544 = DIRECTION('',(0.,1.,0.));
#1545 = ADVANCED_FACE('',(#1546),#1618,.F.);
#1546 = FACE_BOUND('',#1547,.F.);
#1547 = EDGE_LOOP('',(#1548,#1558,#1566,#1572,#1573,#1581,#1589,#1595,
    #1596,#1604,#1612));
#1548 = ORIENTED_EDGE('',*,*,#1549,.T.);
#1549 = EDGE_CURVE('',#1550,#1552,#1554,.T.);
#1550 = VERTEX_POINT('',#1551);
#1551 = CARTESIAN_POINT('',(-2.54,-2.6,13.8));
#1552 = VERTEX_POINT('',#1553);
#1553 = CARTESIAN_POINT('',(-2.54,-4.1,7.4));
#1554 = LINE('',#1555,#1556);
#1555 = CARTESIAN_POINT('',(-2.54,-2.6,13.8));
#1556 = VECTOR('',#1557,1.);
#1557 = DIRECTION('',(0.,-0.228191322789,-0.973616310568));
#1558 = ORIENTED_EDGE('',*,*,#1559,.T.);
#1559 = EDGE_CURVE('',#1552,#1560,#1562,.T.);
#1560 = VERTEX_POINT('',#1561);
#1561 = CARTESIAN_POINT('',(-2.54,-4.6,7.4));
#1562 = LINE('',#1563,#1564);
#1563 = CARTESIAN_POINT('',(-2.54,-4.1,7.4));
#1564 = VECTOR('',#1565,1.);
#1565 = DIRECTION('',(0.,-1.,0.));
#1566 = ORIENTED_EDGE('',*,*,#1567,.T.);
#1567 = EDGE_CURVE('',#1560,#1344,#1568,.T.);
#1568 = LINE('',#1569,#1570);
#1569 = CARTESIAN_POINT('',(-2.54,-4.6,13.8));
#1570 = VECTOR('',#1571,1.);
#1571 = DIRECTION('',(0.,0.,-1.));
#1572 = ORIENTED_EDGE('',*,*,#1343,.T.);
#1573 = ORIENTED_EDGE('',*,*,#1574,.T.);
#1574 = EDGE_CURVE('',#1346,#1575,#1577,.T.);
#1575 = VERTEX_POINT('',#1576);
#1576 = CARTESIAN_POINT('',(-2.54,-3.83,7.));
#1577 = LINE('',#1578,#1579);
#1578 = CARTESIAN_POINT('',(-2.54,-3.83,0.));
#1579 = VECTOR('',#1580,1.);
#1580 = DIRECTION('',(0.,0.,1.));
#1581 = ORIENTED_EDGE('',*,*,#1582,.T.);
#1582 = EDGE_CURVE('',#1575,#1583,#1585,.T.);
#1583 = VERTEX_POINT('',#1584);
#1584 = CARTESIAN_POINT('',(-2.54,-3.37,7.));
#1585 = LINE('',#1586,#1587);
#1586 = CARTESIAN_POINT('',(-2.54,-3.83,7.));
#1587 = VECTOR('',#1588,1.);
#1588 = DIRECTION('',(0.,1.,0.));
#1589 = ORIENTED_EDGE('',*,*,#1590,.F.);
#1590 = EDGE_CURVE('',#1410,#1583,#1591,.T.);
#1591 = LINE('',#1592,#1593);
#1592 = CARTESIAN_POINT('',(-2.54,-3.37,0.));
#1593 = VECTOR('',#1594,1.);
#1594 = DIRECTION('',(0.,0.,1.));
#1595 = ORIENTED_EDGE('',*,*,#1409,.T.);
#1596 = ORIENTED_EDGE('',*,*,#1597,.T.);
#1597 = EDGE_CURVE('',#1402,#1598,#1600,.T.);
#1598 = VERTEX_POINT('',#1599);
#1599 = CARTESIAN_POINT('',(-2.54,5.2,4.57));
#1600 = LINE('',#1601,#1602);
#1601 = CARTESIAN_POINT('',(-2.54,5.2,0.));
#1602 = VECTOR('',#1603,1.);
#1603 = DIRECTION('',(0.,0.,1.));
#1604 = ORIENTED_EDGE('',*,*,#1605,.F.);
#1605 = EDGE_CURVE('',#1606,#1598,#1608,.T.);
#1606 = VERTEX_POINT('',#1607);
#1607 = CARTESIAN_POINT('',(-2.54,2.2,13.8));
#1608 = LINE('',#1609,#1610);
#1609 = CARTESIAN_POINT('',(-2.54,2.2,13.8));
#1610 = VECTOR('',#1611,1.);
#1611 = DIRECTION('',(0.,0.309109370483,-0.951026496518));
#1612 = ORIENTED_EDGE('',*,*,#1613,.T.);
#1613 = EDGE_CURVE('',#1606,#1550,#1614,.T.);
#1614 = LINE('',#1615,#1616);
#1615 = CARTESIAN_POINT('',(-2.54,5.2,13.8));
#1616 = VECTOR('',#1617,1.);
#1617 = DIRECTION('',(0.,-1.,0.));
#1618 = PLANE('',#1619);
#1619 = AXIS2_PLACEMENT_3D('',#1620,#1621,#1622);
#1620 = CARTESIAN_POINT('',(-2.54,0.3,6.9));
#1621 = DIRECTION('',(1.,0.,0.));
#1622 = DIRECTION('',(-0.,0.,1.));
#1623 = ADVANCED_FACE('',(#1624,#1642,#1676,#1710),#1744,.F.);
#1624 = FACE_BOUND('',#1625,.F.);
#1625 = EDGE_LOOP('',(#1626,#1627,#1635,#1641));
#1626 = ORIENTED_EDGE('',*,*,#1567,.F.);
#1627 = ORIENTED_EDGE('',*,*,#1628,.T.);
#1628 = EDGE_CURVE('',#1560,#1629,#1631,.T.);
#1629 = VERTEX_POINT('',#1630);
#1630 = CARTESIAN_POINT('',(12.7,-4.6,7.4));
#1631 = LINE('',#1632,#1633);
#1632 = CARTESIAN_POINT('',(-2.54,-4.6,7.4));
#1633 = VECTOR('',#1634,1.);
#1634 = DIRECTION('',(1.,0.,0.));
#1635 = ORIENTED_EDGE('',*,*,#1636,.T.);
#1636 = EDGE_CURVE('',#1629,#1354,#1637,.T.);
#1637 = LINE('',#1638,#1639);
#1638 = CARTESIAN_POINT('',(12.7,-4.6,13.8));
#1639 = VECTOR('',#1640,1.);
#1640 = DIRECTION('',(0.,0.,-1.));
#1641 = ORIENTED_EDGE('',*,*,#1353,.F.);
#1642 = FACE_BOUND('',#1643,.F.);
#1643 = EDGE_LOOP('',(#1644,#1654,#1662,#1670));
#1644 = ORIENTED_EDGE('',*,*,#1645,.F.);
#1645 = EDGE_CURVE('',#1646,#1648,#1650,.T.);
#1646 = VERTEX_POINT('',#1647);
#1647 = CARTESIAN_POINT('',(11.96,-4.6,1.6));
#1648 = VERTEX_POINT('',#1649);
#1649 = CARTESIAN_POINT('',(8.36,-4.6,1.6));
#1650 = LINE('',#1651,#1652);
#1651 = CARTESIAN_POINT('',(11.96,-4.6,1.6));
#1652 = VECTOR('',#1653,1.);
#1653 = DIRECTION('',(-1.,0.,-1.233581138472E-16));
#1654 = ORIENTED_EDGE('',*,*,#1655,.F.);
#1655 = EDGE_CURVE('',#1656,#1646,#1658,.T.);
#1656 = VERTEX_POINT('',#1657);
#1657 = CARTESIAN_POINT('',(11.96,-4.6,6.8));
#1658 = LINE('',#1659,#1660);
#1659 = CARTESIAN_POINT('',(11.96,-4.6,6.8));
#1660 = VECTOR('',#1661,1.);
#1661 = DIRECTION('',(0.,0.,-1.));
#1662 = ORIENTED_EDGE('',*,*,#1663,.F.);
#1663 = EDGE_CURVE('',#1664,#1656,#1666,.T.);
#1664 = VERTEX_POINT('',#1665);
#1665 = CARTESIAN_POINT('',(8.36,-4.6,6.8));
#1666 = LINE('',#1667,#1668);
#1667 = CARTESIAN_POINT('',(8.36,-4.6,6.8));
#1668 = VECTOR('',#1669,1.);
#1669 = DIRECTION('',(1.,0.,2.467162276945E-16));
#1670 = ORIENTED_EDGE('',*,*,#1671,.F.);
#1671 = EDGE_CURVE('',#1648,#1664,#1672,.T.);
#1672 = LINE('',#1673,#1674);
#1673 = CARTESIAN_POINT('',(8.36,-4.6,1.6));
#1674 = VECTOR('',#1675,1.);
#1675 = DIRECTION('',(0.,0.,1.));
#1676 = FACE_BOUND('',#1677,.F.);
#1677 = EDGE_LOOP('',(#1678,#1688,#1696,#1704));
#1678 = ORIENTED_EDGE('',*,*,#1679,.F.);
#1679 = EDGE_CURVE('',#1680,#1682,#1684,.T.);
#1680 = VERTEX_POINT('',#1681);
#1681 = CARTESIAN_POINT('',(6.88,-4.6,1.6));
#1682 = VERTEX_POINT('',#1683);
#1683 = CARTESIAN_POINT('',(3.28,-4.6,1.6));
#1684 = LINE('',#1685,#1686);
#1685 = CARTESIAN_POINT('',(6.88,-4.6,1.6));
#1686 = VECTOR('',#1687,1.);
#1687 = DIRECTION('',(-1.,0.,-1.233581138472E-16));
#1688 = ORIENTED_EDGE('',*,*,#1689,.F.);
#1689 = EDGE_CURVE('',#1690,#1680,#1692,.T.);
#1690 = VERTEX_POINT('',#1691);
#1691 = CARTESIAN_POINT('',(6.88,-4.6,6.8));
#1692 = LINE('',#1693,#1694);
#1693 = CARTESIAN_POINT('',(6.88,-4.6,6.8));
#1694 = VECTOR('',#1695,1.);
#1695 = DIRECTION('',(0.,0.,-1.));
#1696 = ORIENTED_EDGE('',*,*,#1697,.F.);
#1697 = EDGE_CURVE('',#1698,#1690,#1700,.T.);
#1698 = VERTEX_POINT('',#1699);
#1699 = CARTESIAN_POINT('',(3.28,-4.6,6.8));
#1700 = LINE('',#1701,#1702);
#1701 = CARTESIAN_POINT('',(3.28,-4.6,6.8));
#1702 = VECTOR('',#1703,1.);
#1703 = DIRECTION('',(1.,0.,2.467162276945E-16));
#1704 = ORIENTED_EDGE('',*,*,#1705,.F.);
#1705 = EDGE_CURVE('',#1682,#1698,#1706,.T.);
#1706 = LINE('',#1707,#1708);
#1707 = CARTESIAN_POINT('',(3.28,-4.6,1.6));
#1708 = VECTOR('',#1709,1.);
#1709 = DIRECTION('',(0.,0.,1.));
#1710 = FACE_BOUND('',#1711,.F.);
#1711 = EDGE_LOOP('',(#1712,#1722,#1730,#1738));
#1712 = ORIENTED_EDGE('',*,*,#1713,.F.);
#1713 = EDGE_CURVE('',#1714,#1716,#1718,.T.);
#1714 = VERTEX_POINT('',#1715);
#1715 = CARTESIAN_POINT('',(1.8,-4.6,1.6));
#1716 = VERTEX_POINT('',#1717);
#1717 = CARTESIAN_POINT('',(-1.8,-4.6,1.6));
#1718 = LINE('',#1719,#1720);
#1719 = CARTESIAN_POINT('',(1.8,-4.6,1.6));
#1720 = VECTOR('',#1721,1.);
#1721 = DIRECTION('',(-1.,0.,-1.233581138472E-16));
#1722 = ORIENTED_EDGE('',*,*,#1723,.F.);
#1723 = EDGE_CURVE('',#1724,#1714,#1726,.T.);
#1724 = VERTEX_POINT('',#1725);
#1725 = CARTESIAN_POINT('',(1.8,-4.6,6.8));
#1726 = LINE('',#1727,#1728);
#1727 = CARTESIAN_POINT('',(1.8,-4.6,6.8));
#1728 = VECTOR('',#1729,1.);
#1729 = DIRECTION('',(0.,0.,-1.));
#1730 = ORIENTED_EDGE('',*,*,#1731,.F.);
#1731 = EDGE_CURVE('',#1732,#1724,#1734,.T.);
#1732 = VERTEX_POINT('',#1733);
#1733 = CARTESIAN_POINT('',(-1.8,-4.6,6.8));
#1734 = LINE('',#1735,#1736);
#1735 = CARTESIAN_POINT('',(-1.8,-4.6,6.8));
#1736 = VECTOR('',#1737,1.);
#1737 = DIRECTION('',(1.,0.,2.467162276945E-16));
#1738 = ORIENTED_EDGE('',*,*,#1739,.F.);
#1739 = EDGE_CURVE('',#1716,#1732,#1740,.T.);
#1740 = LINE('',#1741,#1742);
#1741 = CARTESIAN_POINT('',(-1.8,-4.6,1.6));
#1742 = VECTOR('',#1743,1.);
#1743 = DIRECTION('',(0.,0.,1.));
#1744 = PLANE('',#1745);
#1745 = AXIS2_PLACEMENT_3D('',#1746,#1747,#1748);
#1746 = CARTESIAN_POINT('',(-2.54,-4.6,13.8));
#1747 = DIRECTION('',(-0.,1.,0.));
#1748 = DIRECTION('',(0.,0.,-1.));
#1749 = ADVANCED_FACE('',(#1750),#1768,.F.);
#1750 = FACE_BOUND('',#1751,.F.);
#1751 = EDGE_LOOP('',(#1752,#1760,#1766,#1767));
#1752 = ORIENTED_EDGE('',*,*,#1753,.T.);
#1753 = EDGE_CURVE('',#1426,#1754,#1756,.T.);
#1754 = VERTEX_POINT('',#1755);
#1755 = CARTESIAN_POINT('',(-3.28,-4.06,7.));
#1756 = LINE('',#1757,#1758);
#1757 = CARTESIAN_POINT('',(-3.28,-4.06,0.));
#1758 = VECTOR('',#1759,1.);
#1759 = DIRECTION('',(0.,0.,1.));
#1760 = ORIENTED_EDGE('',*,*,#1761,.T.);
#1761 = EDGE_CURVE('',#1754,#1575,#1762,.T.);
#1762 = LINE('',#1763,#1764);
#1763 = CARTESIAN_POINT('',(-3.28,-4.06,7.));
#1764 = VECTOR('',#1765,1.);
#1765 = DIRECTION('',(0.954938084056,0.296805080179,0.));
#1766 = ORIENTED_EDGE('',*,*,#1574,.F.);
#1767 = ORIENTED_EDGE('',*,*,#1433,.F.);
#1768 = PLANE('',#1769);
#1769 = AXIS2_PLACEMENT_3D('',#1770,#1771,#1772);
#1770 = CARTESIAN_POINT('',(-3.28,-4.06,0.));
#1771 = DIRECTION('',(-0.296805080179,0.954938084056,0.));
#1772 = DIRECTION('',(0.954938084056,0.296805080179,0.));
#1773 = ADVANCED_FACE('',(#1774),#1839,.T.);
#1774 = FACE_BOUND('',#1775,.T.);
#1775 = EDGE_LOOP('',(#1776,#1786,#1792,#1793,#1794,#1802,#1810,#1816,
    #1817,#1825,#1833));
#1776 = ORIENTED_EDGE('',*,*,#1777,.T.);
#1777 = EDGE_CURVE('',#1778,#1780,#1782,.T.);
#1778 = VERTEX_POINT('',#1779);
#1779 = CARTESIAN_POINT('',(12.7,-2.6,13.8));
#1780 = VERTEX_POINT('',#1781);
#1781 = CARTESIAN_POINT('',(12.7,-4.1,7.4));
#1782 = LINE('',#1783,#1784);
#1783 = CARTESIAN_POINT('',(12.7,-2.6,13.8));
#1784 = VECTOR('',#1785,1.);
#1785 = DIRECTION('',(0.,-0.228191322789,-0.973616310568));
#1786 = ORIENTED_EDGE('',*,*,#1787,.T.);
#1787 = EDGE_CURVE('',#1780,#1629,#1788,.T.);
#1788 = LINE('',#1789,#1790);
#1789 = CARTESIAN_POINT('',(12.7,-4.1,7.4));
#1790 = VECTOR('',#1791,1.);
#1791 = DIRECTION('',(0.,-1.,0.));
#1792 = ORIENTED_EDGE('',*,*,#1636,.T.);
#1793 = ORIENTED_EDGE('',*,*,#1361,.T.);
#1794 = ORIENTED_EDGE('',*,*,#1795,.T.);
#1795 = EDGE_CURVE('',#1362,#1796,#1798,.T.);
#1796 = VERTEX_POINT('',#1797);
#1797 = CARTESIAN_POINT('',(12.7,-3.83,7.));
#1798 = LINE('',#1799,#1800);
#1799 = CARTESIAN_POINT('',(12.7,-3.83,0.));
#1800 = VECTOR('',#1801,1.);
#1801 = DIRECTION('',(0.,0.,1.));
#1802 = ORIENTED_EDGE('',*,*,#1803,.T.);
#1803 = EDGE_CURVE('',#1796,#1804,#1806,.T.);
#1804 = VERTEX_POINT('',#1805);
#1805 = CARTESIAN_POINT('',(12.7,-3.37,7.));
#1806 = LINE('',#1807,#1808);
#1807 = CARTESIAN_POINT('',(12.7,-3.83,7.));
#1808 = VECTOR('',#1809,1.);
#1809 = DIRECTION('',(0.,1.,0.));
#1810 = ORIENTED_EDGE('',*,*,#1811,.F.);
#1811 = EDGE_CURVE('',#1386,#1804,#1812,.T.);
#1812 = LINE('',#1813,#1814);
#1813 = CARTESIAN_POINT('',(12.7,-3.37,0.));
#1814 = VECTOR('',#1815,1.);
#1815 = DIRECTION('',(0.,0.,1.));
#1816 = ORIENTED_EDGE('',*,*,#1393,.T.);
#1817 = ORIENTED_EDGE('',*,*,#1818,.T.);
#1818 = EDGE_CURVE('',#1394,#1819,#1821,.T.);
#1819 = VERTEX_POINT('',#1820);
#1820 = CARTESIAN_POINT('',(12.7,5.2,4.57));
#1821 = LINE('',#1822,#1823);
#1822 = CARTESIAN_POINT('',(12.7,5.2,0.));
#1823 = VECTOR('',#1824,1.);
#1824 = DIRECTION('',(0.,0.,1.));
#1825 = ORIENTED_EDGE('',*,*,#1826,.F.);
#1826 = EDGE_CURVE('',#1827,#1819,#1829,.T.);
#1827 = VERTEX_POINT('',#1828);
#1828 = CARTESIAN_POINT('',(12.7,2.2,13.8));
#1829 = LINE('',#1830,#1831);
#1830 = CARTESIAN_POINT('',(12.7,2.2,13.8));
#1831 = VECTOR('',#1832,1.);
#1832 = DIRECTION('',(0.,0.309109370483,-0.951026496518));
#1833 = ORIENTED_EDGE('',*,*,#1834,.T.);
#1834 = EDGE_CURVE('',#1827,#1778,#1835,.T.);
#1835 = LINE('',#1836,#1837);
#1836 = CARTESIAN_POINT('',(12.7,5.2,13.8));
#1837 = VECTOR('',#1838,1.);
#1838 = DIRECTION('',(0.,-1.,0.));
#1839 = PLANE('',#1840);
#1840 = AXIS2_PLACEMENT_3D('',#1841,#1842,#1843);
#1841 = CARTESIAN_POINT('',(12.7,0.3,6.9));
#1842 = DIRECTION('',(1.,0.,0.));
#1843 = DIRECTION('',(-0.,0.,1.));
#1844 = ADVANCED_FACE('',(#1845),#1863,.F.);
#1845 = FACE_BOUND('',#1846,.F.);
#1846 = EDGE_LOOP('',(#1847,#1855,#1861,#1862));
#1847 = ORIENTED_EDGE('',*,*,#1848,.T.);
#1848 = EDGE_CURVE('',#1418,#1849,#1851,.T.);
#1849 = VERTEX_POINT('',#1850);
#1850 = CARTESIAN_POINT('',(-3.28,-3.14,7.));
#1851 = LINE('',#1852,#1853);
#1852 = CARTESIAN_POINT('',(-3.28,-3.14,0.));
#1853 = VECTOR('',#1854,1.);
#1854 = DIRECTION('',(0.,0.,1.));
#1855 = ORIENTED_EDGE('',*,*,#1856,.T.);
#1856 = EDGE_CURVE('',#1849,#1754,#1857,.T.);
#1857 = LINE('',#1858,#1859);
#1858 = CARTESIAN_POINT('',(-3.28,-3.14,7.));
#1859 = VECTOR('',#1860,1.);
#1860 = DIRECTION('',(0.,-1.,0.));
#1861 = ORIENTED_EDGE('',*,*,#1753,.F.);
#1862 = ORIENTED_EDGE('',*,*,#1425,.F.);
#1863 = PLANE('',#1864);
#1864 = AXIS2_PLACEMENT_3D('',#1865,#1866,#1867);
#1865 = CARTESIAN_POINT('',(-3.28,-3.14,0.));
#1866 = DIRECTION('',(1.,0.,-0.));
#1867 = DIRECTION('',(0.,-1.,0.));
#1868 = ADVANCED_FACE('',(#1869),#1887,.T.);
#1869 = FACE_BOUND('',#1870,.T.);
#1870 = EDGE_LOOP('',(#1871,#1879,#1885,#1886));
#1871 = ORIENTED_EDGE('',*,*,#1872,.T.);
#1872 = EDGE_CURVE('',#1370,#1873,#1875,.T.);
#1873 = VERTEX_POINT('',#1874);
#1874 = CARTESIAN_POINT('',(11.96,-4.06,7.));
#1875 = LINE('',#1876,#1877);
#1876 = CARTESIAN_POINT('',(11.96,-4.06,0.));
#1877 = VECTOR('',#1878,1.);
#1878 = DIRECTION('',(0.,0.,1.));
#1879 = ORIENTED_EDGE('',*,*,#1880,.T.);
#1880 = EDGE_CURVE('',#1873,#1796,#1881,.T.);
#1881 = LINE('',#1882,#1883);
#1882 = CARTESIAN_POINT('',(11.96,-4.06,7.));
#1883 = VECTOR('',#1884,1.);
#1884 = DIRECTION('',(0.954938084056,0.296805080179,0.));
#1885 = ORIENTED_EDGE('',*,*,#1795,.F.);
#1886 = ORIENTED_EDGE('',*,*,#1369,.F.);
#1887 = PLANE('',#1888);
#1888 = AXIS2_PLACEMENT_3D('',#1889,#1890,#1891);
#1889 = CARTESIAN_POINT('',(11.96,-4.06,0.));
#1890 = DIRECTION('',(-0.296805080179,0.954938084056,0.));
#1891 = DIRECTION('',(0.954938084056,0.296805080179,0.));
#1892 = ADVANCED_FACE('',(#1893),#1904,.F.);
#1893 = FACE_BOUND('',#1894,.F.);
#1894 = EDGE_LOOP('',(#1895,#1896,#1902,#1903));
#1895 = ORIENTED_EDGE('',*,*,#1590,.T.);
#1896 = ORIENTED_EDGE('',*,*,#1897,.T.);
#1897 = EDGE_CURVE('',#1583,#1849,#1898,.T.);
#1898 = LINE('',#1899,#1900);
#1899 = CARTESIAN_POINT('',(-2.54,-3.37,7.));
#1900 = VECTOR('',#1901,1.);
#1901 = DIRECTION('',(-0.954938084056,0.296805080179,0.));
#1902 = ORIENTED_EDGE('',*,*,#1848,.F.);
#1903 = ORIENTED_EDGE('',*,*,#1417,.F.);
#1904 = PLANE('',#1905);
#1905 = AXIS2_PLACEMENT_3D('',#1906,#1907,#1908);
#1906 = CARTESIAN_POINT('',(-2.54,-3.37,0.));
#1907 = DIRECTION('',(-0.296805080179,-0.954938084056,0.));
#1908 = DIRECTION('',(-0.954938084056,0.296805080179,0.));
#1909 = ADVANCED_FACE('',(#1910),#1928,.T.);
#1910 = FACE_BOUND('',#1911,.T.);
#1911 = EDGE_LOOP('',(#1912,#1920,#1926,#1927));
#1912 = ORIENTED_EDGE('',*,*,#1913,.T.);
#1913 = EDGE_CURVE('',#1378,#1914,#1916,.T.);
#1914 = VERTEX_POINT('',#1915);
#1915 = CARTESIAN_POINT('',(11.96,-3.14,7.));
#1916 = LINE('',#1917,#1918);
#1917 = CARTESIAN_POINT('',(11.96,-3.14,0.));
#1918 = VECTOR('',#1919,1.);
#1919 = DIRECTION('',(0.,0.,1.));
#1920 = ORIENTED_EDGE('',*,*,#1921,.T.);
#1921 = EDGE_CURVE('',#1914,#1873,#1922,.T.);
#1922 = LINE('',#1923,#1924);
#1923 = CARTESIAN_POINT('',(11.96,-3.14,7.));
#1924 = VECTOR('',#1925,1.);
#1925 = DIRECTION('',(0.,-1.,0.));
#1926 = ORIENTED_EDGE('',*,*,#1872,.F.);
#1927 = ORIENTED_EDGE('',*,*,#1377,.F.);
#1928 = PLANE('',#1929);
#1929 = AXIS2_PLACEMENT_3D('',#1930,#1931,#1932);
#1930 = CARTESIAN_POINT('',(11.96,-3.14,0.));
#1931 = DIRECTION('',(1.,0.,-0.));
#1932 = DIRECTION('',(0.,-1.,0.));
#1933 = ADVANCED_FACE('',(#1934),#1945,.T.);
#1934 = FACE_BOUND('',#1935,.T.);
#1935 = EDGE_LOOP('',(#1936,#1937,#1943,#1944));
#1936 = ORIENTED_EDGE('',*,*,#1811,.T.);
#1937 = ORIENTED_EDGE('',*,*,#1938,.T.);
#1938 = EDGE_CURVE('',#1804,#1914,#1939,.T.);
#1939 = LINE('',#1940,#1941);
#1940 = CARTESIAN_POINT('',(12.7,-3.37,7.));
#1941 = VECTOR('',#1942,1.);
#1942 = DIRECTION('',(-0.954938084056,0.296805080179,0.));
#1943 = ORIENTED_EDGE('',*,*,#1913,.F.);
#1944 = ORIENTED_EDGE('',*,*,#1385,.F.);
#1945 = PLANE('',#1946);
#1946 = AXIS2_PLACEMENT_3D('',#1947,#1948,#1949);
#1947 = CARTESIAN_POINT('',(12.7,-3.37,0.));
#1948 = DIRECTION('',(-0.296805080179,-0.954938084056,0.));
#1949 = DIRECTION('',(-0.954938084056,0.296805080179,0.));
#1950 = ADVANCED_FACE('',(#1951),#1962,.F.);
#1951 = FACE_BOUND('',#1952,.F.);
#1952 = EDGE_LOOP('',(#1953,#1954,#1955,#1956));
#1953 = ORIENTED_EDGE('',*,*,#1597,.F.);
#1954 = ORIENTED_EDGE('',*,*,#1401,.T.);
#1955 = ORIENTED_EDGE('',*,*,#1818,.T.);
#1956 = ORIENTED_EDGE('',*,*,#1957,.F.);
#1957 = EDGE_CURVE('',#1598,#1819,#1958,.T.);
#1958 = LINE('',#1959,#1960);
#1959 = CARTESIAN_POINT('',(-2.54,5.2,4.57));
#1960 = VECTOR('',#1961,1.);
#1961 = DIRECTION('',(1.,0.,0.));
#1962 = PLANE('',#1963);
#1963 = AXIS2_PLACEMENT_3D('',#1964,#1965,#1966);
#1964 = CARTESIAN_POINT('',(-2.54,5.2,0.));
#1965 = DIRECTION('',(0.,-1.,0.));
#1966 = DIRECTION('',(0.,0.,1.));
#1967 = ADVANCED_FACE('',(#1968),#1993,.T.);
#1968 = FACE_BOUND('',#1969,.T.);
#1969 = EDGE_LOOP('',(#1970,#1971,#1979,#1987));
#1970 = ORIENTED_EDGE('',*,*,#1441,.F.);
#1971 = ORIENTED_EDGE('',*,*,#1972,.T.);
#1972 = EDGE_CURVE('',#1442,#1973,#1975,.T.);
#1973 = VERTEX_POINT('',#1974);
#1974 = CARTESIAN_POINT('',(9.71,-0.45,-3.5));
#1975 = LINE('',#1976,#1977);
#1976 = CARTESIAN_POINT('',(9.71,-0.45,2.4));
#1977 = VECTOR('',#1978,1.);
#1978 = DIRECTION('',(-0.,-0.,-1.));
#1979 = ORIENTED_EDGE('',*,*,#1980,.T.);
#1980 = EDGE_CURVE('',#1973,#1981,#1983,.T.);
#1981 = VERTEX_POINT('',#1982);
#1982 = CARTESIAN_POINT('',(10.61,-0.45,-3.5));
#1983 = LINE('',#1984,#1985);
#1984 = CARTESIAN_POINT('',(9.71,-0.45,-3.5));
#1985 = VECTOR('',#1986,1.);
#1986 = DIRECTION('',(1.,0.,0.));
#1987 = ORIENTED_EDGE('',*,*,#1988,.F.);
#1988 = EDGE_CURVE('',#1444,#1981,#1989,.T.);
#1989 = LINE('',#1990,#1991);
#1990 = CARTESIAN_POINT('',(10.61,-0.45,2.4));
#1991 = VECTOR('',#1992,1.);
#1992 = DIRECTION('',(-0.,-0.,-1.));
#1993 = PLANE('',#1994);
#1994 = AXIS2_PLACEMENT_3D('',#1995,#1996,#1997);
#1995 = CARTESIAN_POINT('',(9.71,-0.45,2.4));
#1996 = DIRECTION('',(0.,-1.,0.));
#1997 = DIRECTION('',(1.,0.,0.));
#1998 = ADVANCED_FACE('',(#1999),#2017,.T.);
#1999 = FACE_BOUND('',#2000,.T.);
#2000 = EDGE_LOOP('',(#2001,#2002,#2003,#2011));
#2001 = ORIENTED_EDGE('',*,*,#1467,.F.);
#2002 = ORIENTED_EDGE('',*,*,#1988,.T.);
#2003 = ORIENTED_EDGE('',*,*,#2004,.T.);
#2004 = EDGE_CURVE('',#1981,#2005,#2007,.T.);
#2005 = VERTEX_POINT('',#2006);
#2006 = CARTESIAN_POINT('',(10.61,0.45,-3.5));
#2007 = LINE('',#2008,#2009);
#2008 = CARTESIAN_POINT('',(10.61,-0.45,-3.5));
#2009 = VECTOR('',#2010,1.);
#2010 = DIRECTION('',(0.,1.,0.));
#2011 = ORIENTED_EDGE('',*,*,#2012,.F.);
#2012 = EDGE_CURVE('',#1460,#2005,#2013,.T.);
#2013 = LINE('',#2014,#2015);
#2014 = CARTESIAN_POINT('',(10.61,0.45,2.4));
#2015 = VECTOR('',#2016,1.);
#2016 = DIRECTION('',(-0.,-0.,-1.));
#2017 = PLANE('',#2018);
#2018 = AXIS2_PLACEMENT_3D('',#2019,#2020,#2021);
#2019 = CARTESIAN_POINT('',(10.61,-0.45,2.4));
#2020 = DIRECTION('',(1.,0.,0.));
#2021 = DIRECTION('',(-0.,1.,0.));
#2022 = ADVANCED_FACE('',(#2023),#2041,.T.);
#2023 = FACE_BOUND('',#2024,.T.);
#2024 = EDGE_LOOP('',(#2025,#2026,#2027,#2035));
#2025 = ORIENTED_EDGE('',*,*,#1459,.F.);
#2026 = ORIENTED_EDGE('',*,*,#2012,.T.);
#2027 = ORIENTED_EDGE('',*,*,#2028,.T.);
#2028 = EDGE_CURVE('',#2005,#2029,#2031,.T.);
#2029 = VERTEX_POINT('',#2030);
#2030 = CARTESIAN_POINT('',(9.71,0.45,-3.5));
#2031 = LINE('',#2032,#2033);
#2032 = CARTESIAN_POINT('',(10.61,0.45,-3.5));
#2033 = VECTOR('',#2034,1.);
#2034 = DIRECTION('',(-1.,0.,0.));
#2035 = ORIENTED_EDGE('',*,*,#2036,.F.);
#2036 = EDGE_CURVE('',#1452,#2029,#2037,.T.);
#2037 = LINE('',#2038,#2039);
#2038 = CARTESIAN_POINT('',(9.71,0.45,2.4));
#2039 = VECTOR('',#2040,1.);
#2040 = DIRECTION('',(-0.,-0.,-1.));
#2041 = PLANE('',#2042);
#2042 = AXIS2_PLACEMENT_3D('',#2043,#2044,#2045);
#2043 = CARTESIAN_POINT('',(10.61,0.45,2.4));
#2044 = DIRECTION('',(0.,1.,-0.));
#2045 = DIRECTION('',(-1.,0.,0.));
#2046 = ADVANCED_FACE('',(#2047),#2058,.T.);
#2047 = FACE_BOUND('',#2048,.T.);
#2048 = EDGE_LOOP('',(#2049,#2050,#2051,#2057));
#2049 = ORIENTED_EDGE('',*,*,#1451,.F.);
#2050 = ORIENTED_EDGE('',*,*,#2036,.T.);
#2051 = ORIENTED_EDGE('',*,*,#2052,.T.);
#2052 = EDGE_CURVE('',#2029,#1973,#2053,.T.);
#2053 = LINE('',#2054,#2055);
#2054 = CARTESIAN_POINT('',(9.71,0.45,-3.5));
#2055 = VECTOR('',#2056,1.);
#2056 = DIRECTION('',(0.,-1.,0.));
#2057 = ORIENTED_EDGE('',*,*,#1972,.F.);
#2058 = PLANE('',#2059);
#2059 = AXIS2_PLACEMENT_3D('',#2060,#2061,#2062);
#2060 = CARTESIAN_POINT('',(9.71,0.45,2.4));
#2061 = DIRECTION('',(-1.,0.,0.));
#2062 = DIRECTION('',(0.,-1.,0.));
#2063 = ADVANCED_FACE('',(#2064),#2089,.T.);
#2064 = FACE_BOUND('',#2065,.T.);
#2065 = EDGE_LOOP('',(#2066,#2067,#2075,#2083));
#2066 = ORIENTED_EDGE('',*,*,#1475,.F.);
#2067 = ORIENTED_EDGE('',*,*,#2068,.T.);
#2068 = EDGE_CURVE('',#1476,#2069,#2071,.T.);
#2069 = VERTEX_POINT('',#2070);
#2070 = CARTESIAN_POINT('',(4.63,-0.45,-3.5));
#2071 = LINE('',#2072,#2073);
#2072 = CARTESIAN_POINT('',(4.63,-0.45,2.4));
#2073 = VECTOR('',#2074,1.);
#2074 = DIRECTION('',(-0.,-0.,-1.));
#2075 = ORIENTED_EDGE('',*,*,#2076,.T.);
#2076 = EDGE_CURVE('',#2069,#2077,#2079,.T.);
#2077 = VERTEX_POINT('',#2078);
#2078 = CARTESIAN_POINT('',(5.53,-0.45,-3.5));
#2079 = LINE('',#2080,#2081);
#2080 = CARTESIAN_POINT('',(4.63,-0.45,-3.5));
#2081 = VECTOR('',#2082,1.);
#2082 = DIRECTION('',(1.,0.,0.));
#2083 = ORIENTED_EDGE('',*,*,#2084,.F.);
#2084 = EDGE_CURVE('',#1478,#2077,#2085,.T.);
#2085 = LINE('',#2086,#2087);
#2086 = CARTESIAN_POINT('',(5.53,-0.45,2.4));
#2087 = VECTOR('',#2088,1.);
#2088 = DIRECTION('',(-0.,-0.,-1.));
#2089 = PLANE('',#2090);
#2090 = AXIS2_PLACEMENT_3D('',#2091,#2092,#2093);
#2091 = CARTESIAN_POINT('',(4.63,-0.45,2.4));
#2092 = DIRECTION('',(0.,-1.,0.));
#2093 = DIRECTION('',(1.,0.,0.));
#2094 = ADVANCED_FACE('',(#2095),#2113,.T.);
#2095 = FACE_BOUND('',#2096,.T.);
#2096 = EDGE_LOOP('',(#2097,#2098,#2099,#2107));
#2097 = ORIENTED_EDGE('',*,*,#1501,.F.);
#2098 = ORIENTED_EDGE('',*,*,#2084,.T.);
#2099 = ORIENTED_EDGE('',*,*,#2100,.T.);
#2100 = EDGE_CURVE('',#2077,#2101,#2103,.T.);
#2101 = VERTEX_POINT('',#2102);
#2102 = CARTESIAN_POINT('',(5.53,0.45,-3.5));
#2103 = LINE('',#2104,#2105);
#2104 = CARTESIAN_POINT('',(5.53,-0.45,-3.5));
#2105 = VECTOR('',#2106,1.);
#2106 = DIRECTION('',(0.,1.,0.));
#2107 = ORIENTED_EDGE('',*,*,#2108,.F.);
#2108 = EDGE_CURVE('',#1494,#2101,#2109,.T.);
#2109 = LINE('',#2110,#2111);
#2110 = CARTESIAN_POINT('',(5.53,0.45,2.4));
#2111 = VECTOR('',#2112,1.);
#2112 = DIRECTION('',(-0.,-0.,-1.));
#2113 = PLANE('',#2114);
#2114 = AXIS2_PLACEMENT_3D('',#2115,#2116,#2117);
#2115 = CARTESIAN_POINT('',(5.53,-0.45,2.4));
#2116 = DIRECTION('',(1.,0.,0.));
#2117 = DIRECTION('',(-0.,1.,0.));
#2118 = ADVANCED_FACE('',(#2119),#2137,.T.);
#2119 = FACE_BOUND('',#2120,.T.);
#2120 = EDGE_LOOP('',(#2121,#2122,#2123,#2131));
#2121 = ORIENTED_EDGE('',*,*,#1493,.F.);
#2122 = ORIENTED_EDGE('',*,*,#2108,.T.);
#2123 = ORIENTED_EDGE('',*,*,#2124,.T.);
#2124 = EDGE_CURVE('',#2101,#2125,#2127,.T.);
#2125 = VERTEX_POINT('',#2126);
#2126 = CARTESIAN_POINT('',(4.63,0.45,-3.5));
#2127 = LINE('',#2128,#2129);
#2128 = CARTESIAN_POINT('',(5.53,0.45,-3.5));
#2129 = VECTOR('',#2130,1.);
#2130 = DIRECTION('',(-1.,0.,0.));
#2131 = ORIENTED_EDGE('',*,*,#2132,.F.);
#2132 = EDGE_CURVE('',#1486,#2125,#2133,.T.);
#2133 = LINE('',#2134,#2135);
#2134 = CARTESIAN_POINT('',(4.63,0.45,2.4));
#2135 = VECTOR('',#2136,1.);
#2136 = DIRECTION('',(-0.,-0.,-1.));
#2137 = PLANE('',#2138);
#2138 = AXIS2_PLACEMENT_3D('',#2139,#2140,#2141);
#2139 = CARTESIAN_POINT('',(5.53,0.45,2.4));
#2140 = DIRECTION('',(0.,1.,-0.));
#2141 = DIRECTION('',(-1.,0.,0.));
#2142 = ADVANCED_FACE('',(#2143),#2154,.T.);
#2143 = FACE_BOUND('',#2144,.T.);
#2144 = EDGE_LOOP('',(#2145,#2146,#2147,#2153));
#2145 = ORIENTED_EDGE('',*,*,#1485,.F.);
#2146 = ORIENTED_EDGE('',*,*,#2132,.T.);
#2147 = ORIENTED_EDGE('',*,*,#2148,.T.);
#2148 = EDGE_CURVE('',#2125,#2069,#2149,.T.);
#2149 = LINE('',#2150,#2151);
#2150 = CARTESIAN_POINT('',(4.63,0.45,-3.5));
#2151 = VECTOR('',#2152,1.);
#2152 = DIRECTION('',(0.,-1.,0.));
#2153 = ORIENTED_EDGE('',*,*,#2068,.F.);
#2154 = PLANE('',#2155);
#2155 = AXIS2_PLACEMENT_3D('',#2156,#2157,#2158);
#2156 = CARTESIAN_POINT('',(4.63,0.45,2.4));
#2157 = DIRECTION('',(-1.,0.,0.));
#2158 = DIRECTION('',(0.,-1.,0.));
#2159 = ADVANCED_FACE('',(#2160),#2185,.T.);
#2160 = FACE_BOUND('',#2161,.T.);
#2161 = EDGE_LOOP('',(#2162,#2163,#2171,#2179));
#2162 = ORIENTED_EDGE('',*,*,#1509,.F.);
#2163 = ORIENTED_EDGE('',*,*,#2164,.T.);
#2164 = EDGE_CURVE('',#1510,#2165,#2167,.T.);
#2165 = VERTEX_POINT('',#2166);
#2166 = CARTESIAN_POINT('',(-0.45,-0.45,-3.5));
#2167 = LINE('',#2168,#2169);
#2168 = CARTESIAN_POINT('',(-0.45,-0.45,2.4));
#2169 = VECTOR('',#2170,1.);
#2170 = DIRECTION('',(-0.,-0.,-1.));
#2171 = ORIENTED_EDGE('',*,*,#2172,.T.);
#2172 = EDGE_CURVE('',#2165,#2173,#2175,.T.);
#2173 = VERTEX_POINT('',#2174);
#2174 = CARTESIAN_POINT('',(0.45,-0.45,-3.5));
#2175 = LINE('',#2176,#2177);
#2176 = CARTESIAN_POINT('',(-0.45,-0.45,-3.5));
#2177 = VECTOR('',#2178,1.);
#2178 = DIRECTION('',(1.,0.,0.));
#2179 = ORIENTED_EDGE('',*,*,#2180,.F.);
#2180 = EDGE_CURVE('',#1512,#2173,#2181,.T.);
#2181 = LINE('',#2182,#2183);
#2182 = CARTESIAN_POINT('',(0.45,-0.45,2.4));
#2183 = VECTOR('',#2184,1.);
#2184 = DIRECTION('',(-0.,-0.,-1.));
#2185 = PLANE('',#2186);
#2186 = AXIS2_PLACEMENT_3D('',#2187,#2188,#2189);
#2187 = CARTESIAN_POINT('',(-0.45,-0.45,2.4));
#2188 = DIRECTION('',(0.,-1.,0.));
#2189 = DIRECTION('',(1.,0.,0.));
#2190 = ADVANCED_FACE('',(#2191),#2209,.T.);
#2191 = FACE_BOUND('',#2192,.T.);
#2192 = EDGE_LOOP('',(#2193,#2194,#2195,#2203));
#2193 = ORIENTED_EDGE('',*,*,#1535,.F.);
#2194 = ORIENTED_EDGE('',*,*,#2180,.T.);
#2195 = ORIENTED_EDGE('',*,*,#2196,.T.);
#2196 = EDGE_CURVE('',#2173,#2197,#2199,.T.);
#2197 = VERTEX_POINT('',#2198);
#2198 = CARTESIAN_POINT('',(0.45,0.45,-3.5));
#2199 = LINE('',#2200,#2201);
#2200 = CARTESIAN_POINT('',(0.45,-0.45,-3.5));
#2201 = VECTOR('',#2202,1.);
#2202 = DIRECTION('',(0.,1.,0.));
#2203 = ORIENTED_EDGE('',*,*,#2204,.F.);
#2204 = EDGE_CURVE('',#1528,#2197,#2205,.T.);
#2205 = LINE('',#2206,#2207);
#2206 = CARTESIAN_POINT('',(0.45,0.45,2.4));
#2207 = VECTOR('',#2208,1.);
#2208 = DIRECTION('',(-0.,-0.,-1.));
#2209 = PLANE('',#2210);
#2210 = AXIS2_PLACEMENT_3D('',#2211,#2212,#2213);
#2211 = CARTESIAN_POINT('',(0.45,-0.45,2.4));
#2212 = DIRECTION('',(1.,0.,0.));
#2213 = DIRECTION('',(-0.,1.,0.));
#2214 = ADVANCED_FACE('',(#2215),#2233,.T.);
#2215 = FACE_BOUND('',#2216,.T.);
#2216 = EDGE_LOOP('',(#2217,#2218,#2219,#2227));
#2217 = ORIENTED_EDGE('',*,*,#1527,.F.);
#2218 = ORIENTED_EDGE('',*,*,#2204,.T.);
#2219 = ORIENTED_EDGE('',*,*,#2220,.T.);
#2220 = EDGE_CURVE('',#2197,#2221,#2223,.T.);
#2221 = VERTEX_POINT('',#2222);
#2222 = CARTESIAN_POINT('',(-0.45,0.45,-3.5));
#2223 = LINE('',#2224,#2225);
#2224 = CARTESIAN_POINT('',(0.45,0.45,-3.5));
#2225 = VECTOR('',#2226,1.);
#2226 = DIRECTION('',(-1.,0.,0.));
#2227 = ORIENTED_EDGE('',*,*,#2228,.F.);
#2228 = EDGE_CURVE('',#1520,#2221,#2229,.T.);
#2229 = LINE('',#2230,#2231);
#2230 = CARTESIAN_POINT('',(-0.45,0.45,2.4));
#2231 = VECTOR('',#2232,1.);
#2232 = DIRECTION('',(-0.,-0.,-1.));
#2233 = PLANE('',#2234);
#2234 = AXIS2_PLACEMENT_3D('',#2235,#2236,#2237);
#2235 = CARTESIAN_POINT('',(0.45,0.45,2.4));
#2236 = DIRECTION('',(0.,1.,-0.));
#2237 = DIRECTION('',(-1.,0.,0.));
#2238 = ADVANCED_FACE('',(#2239),#2250,.T.);
#2239 = FACE_BOUND('',#2240,.T.);
#2240 = EDGE_LOOP('',(#2241,#2242,#2243,#2249));
#2241 = ORIENTED_EDGE('',*,*,#1519,.F.);
#2242 = ORIENTED_EDGE('',*,*,#2228,.T.);
#2243 = ORIENTED_EDGE('',*,*,#2244,.T.);
#2244 = EDGE_CURVE('',#2221,#2165,#2245,.T.);
#2245 = LINE('',#2246,#2247);
#2246 = CARTESIAN_POINT('',(-0.45,0.45,-3.5));
#2247 = VECTOR('',#2248,1.);
#2248 = DIRECTION('',(0.,-1.,0.));
#2249 = ORIENTED_EDGE('',*,*,#2164,.F.);
#2250 = PLANE('',#2251);
#2251 = AXIS2_PLACEMENT_3D('',#2252,#2253,#2254);
#2252 = CARTESIAN_POINT('',(-0.45,0.45,2.4));
#2253 = DIRECTION('',(-1.,0.,0.));
#2254 = DIRECTION('',(0.,-1.,0.));
#2255 = ADVANCED_FACE('',(#2256),#2272,.F.);
#2256 = FACE_BOUND('',#2257,.F.);
#2257 = EDGE_LOOP('',(#2258,#2264,#2265,#2271));
#2258 = ORIENTED_EDGE('',*,*,#2259,.T.);
#2259 = EDGE_CURVE('',#1550,#1778,#2260,.T.);
#2260 = LINE('',#2261,#2262);
#2261 = CARTESIAN_POINT('',(-2.54,-2.6,13.8));
#2262 = VECTOR('',#2263,1.);
#2263 = DIRECTION('',(1.,0.,0.));
#2264 = ORIENTED_EDGE('',*,*,#1777,.T.);
#2265 = ORIENTED_EDGE('',*,*,#2266,.F.);
#2266 = EDGE_CURVE('',#1552,#1780,#2267,.T.);
#2267 = LINE('',#2268,#2269);
#2268 = CARTESIAN_POINT('',(-2.54,-4.1,7.4));
#2269 = VECTOR('',#2270,1.);
#2270 = DIRECTION('',(1.,0.,0.));
#2271 = ORIENTED_EDGE('',*,*,#1549,.F.);
#2272 = PLANE('',#2273);
#2273 = AXIS2_PLACEMENT_3D('',#2274,#2275,#2276);
#2274 = CARTESIAN_POINT('',(-2.54,-2.6,13.8));
#2275 = DIRECTION('',(0.,0.973616310568,-0.228191322789));
#2276 = DIRECTION('',(0.,-0.228191322789,-0.973616310568));
#2277 = ADVANCED_FACE('',(#2278,#2289,#2300,#2311),#2322,.F.);
#2278 = FACE_BOUND('',#2279,.F.);
#2279 = EDGE_LOOP('',(#2280,#2281,#2287,#2288));
#2280 = ORIENTED_EDGE('',*,*,#1613,.F.);
#2281 = ORIENTED_EDGE('',*,*,#2282,.T.);
#2282 = EDGE_CURVE('',#1606,#1827,#2283,.T.);
#2283 = LINE('',#2284,#2285);
#2284 = CARTESIAN_POINT('',(-2.54,2.2,13.8));
#2285 = VECTOR('',#2286,1.);
#2286 = DIRECTION('',(1.,0.,0.));
#2287 = ORIENTED_EDGE('',*,*,#1834,.T.);
#2288 = ORIENTED_EDGE('',*,*,#2259,.F.);
#2289 = FACE_BOUND('',#2290,.F.);
#2290 = EDGE_LOOP('',(#2291));
#2291 = ORIENTED_EDGE('',*,*,#2292,.T.);
#2292 = EDGE_CURVE('',#2293,#2293,#2295,.T.);
#2293 = VERTEX_POINT('',#2294);
#2294 = CARTESIAN_POINT('',(12.16,-0.2,13.8));
#2295 = CIRCLE('',#2296,2.);
#2296 = AXIS2_PLACEMENT_3D('',#2297,#2298,#2299);
#2297 = CARTESIAN_POINT('',(10.16,-0.2,13.8));
#2298 = DIRECTION('',(0.,0.,1.));
#2299 = DIRECTION('',(1.,0.,-0.));
#2300 = FACE_BOUND('',#2301,.F.);
#2301 = EDGE_LOOP('',(#2302));
#2302 = ORIENTED_EDGE('',*,*,#2303,.T.);
#2303 = EDGE_CURVE('',#2304,#2304,#2306,.T.);
#2304 = VERTEX_POINT('',#2305);
#2305 = CARTESIAN_POINT('',(7.08,-0.2,13.8));
#2306 = CIRCLE('',#2307,2.);
#2307 = AXIS2_PLACEMENT_3D('',#2308,#2309,#2310);
#2308 = CARTESIAN_POINT('',(5.08,-0.2,13.8));
#2309 = DIRECTION('',(0.,0.,1.));
#2310 = DIRECTION('',(1.,0.,-0.));
#2311 = FACE_BOUND('',#2312,.F.);
#2312 = EDGE_LOOP('',(#2313));
#2313 = ORIENTED_EDGE('',*,*,#2314,.T.);
#2314 = EDGE_CURVE('',#2315,#2315,#2317,.T.);
#2315 = VERTEX_POINT('',#2316);
#2316 = CARTESIAN_POINT('',(2.,-0.2,13.8));
#2317 = CIRCLE('',#2318,2.);
#2318 = AXIS2_PLACEMENT_3D('',#2319,#2320,#2321);
#2319 = CARTESIAN_POINT('',(0.,-0.2,13.8));
#2320 = DIRECTION('',(0.,0.,1.));
#2321 = DIRECTION('',(1.,0.,-0.));
#2322 = PLANE('',#2323);
#2323 = AXIS2_PLACEMENT_3D('',#2324,#2325,#2326);
#2324 = CARTESIAN_POINT('',(-2.54,5.2,13.8));
#2325 = DIRECTION('',(0.,0.,-1.));
#2326 = DIRECTION('',(0.,-1.,0.));
#2327 = ADVANCED_FACE('',(#2328),#2334,.T.);
#2328 = FACE_BOUND('',#2329,.T.);
#2329 = EDGE_LOOP('',(#2330,#2331,#2332,#2333));
#2330 = ORIENTED_EDGE('',*,*,#2282,.T.);
#2331 = ORIENTED_EDGE('',*,*,#1826,.T.);
#2332 = ORIENTED_EDGE('',*,*,#1957,.F.);
#2333 = ORIENTED_EDGE('',*,*,#1605,.F.);
#2334 = PLANE('',#2335);
#2335 = AXIS2_PLACEMENT_3D('',#2336,#2337,#2338);
#2336 = CARTESIAN_POINT('',(-2.54,2.2,13.8));
#2337 = DIRECTION('',(-0.,0.951026496518,0.309109370483));
#2338 = DIRECTION('',(0.,0.309109370483,-0.951026496518));
#2339 = ADVANCED_FACE('',(#2340),#2346,.T.);
#2340 = FACE_BOUND('',#2341,.T.);
#2341 = EDGE_LOOP('',(#2342,#2343,#2344,#2345));
#2342 = ORIENTED_EDGE('',*,*,#1897,.T.);
#2343 = ORIENTED_EDGE('',*,*,#1856,.T.);
#2344 = ORIENTED_EDGE('',*,*,#1761,.T.);
#2345 = ORIENTED_EDGE('',*,*,#1582,.T.);
#2346 = PLANE('',#2347);
#2347 = AXIS2_PLACEMENT_3D('',#2348,#2349,#2350);
#2348 = CARTESIAN_POINT('',(-2.968091935206,-3.6,7.));
#2349 = DIRECTION('',(0.,0.,1.));
#2350 = DIRECTION('',(1.,0.,-0.));
#2351 = ADVANCED_FACE('',(#2352),#2358,.F.);
#2352 = FACE_BOUND('',#2353,.F.);
#2353 = EDGE_LOOP('',(#2354,#2355,#2356,#2357));
#2354 = ORIENTED_EDGE('',*,*,#2266,.T.);
#2355 = ORIENTED_EDGE('',*,*,#1787,.T.);
#2356 = ORIENTED_EDGE('',*,*,#1628,.F.);
#2357 = ORIENTED_EDGE('',*,*,#1559,.F.);
#2358 = PLANE('',#2359);
#2359 = AXIS2_PLACEMENT_3D('',#2360,#2361,#2362);
#2360 = CARTESIAN_POINT('',(-2.54,-4.1,7.4));
#2361 = DIRECTION('',(0.,0.,-1.));
#2362 = DIRECTION('',(0.,-1.,0.));
#2363 = ADVANCED_FACE('',(#2364),#2387,.F.);
#2364 = FACE_BOUND('',#2365,.F.);
#2365 = EDGE_LOOP('',(#2366,#2376,#2381,#2382));
#2366 = ORIENTED_EDGE('',*,*,#2367,.T.);
#2367 = EDGE_CURVE('',#2368,#2370,#2372,.T.);
#2368 = VERTEX_POINT('',#2369);
#2369 = CARTESIAN_POINT('',(8.76,-3.8,2.4));
#2370 = VERTEX_POINT('',#2371);
#2371 = CARTESIAN_POINT('',(11.56,-3.8,2.4));
#2372 = LINE('',#2373,#2374);
#2373 = CARTESIAN_POINT('',(8.76,-3.8,2.4));
#2374 = VECTOR('',#2375,1.);
#2375 = DIRECTION('',(1.,0.,0.));
#2376 = ORIENTED_EDGE('',*,*,#2377,.T.);
#2377 = EDGE_CURVE('',#2370,#1646,#2378,.T.);
#2378 = B_SPLINE_CURVE_WITH_KNOTS('',1,(#2379,#2380),.UNSPECIFIED.,.F.,
  .F.,(2,2),(0.,1.),.PIECEWISE_BEZIER_KNOTS.);
#2379 = CARTESIAN_POINT('',(11.56,-3.8,2.4));
#2380 = CARTESIAN_POINT('',(11.96,-4.6,1.6));
#2381 = ORIENTED_EDGE('',*,*,#1645,.T.);
#2382 = ORIENTED_EDGE('',*,*,#2383,.F.);
#2383 = EDGE_CURVE('',#2368,#1648,#2384,.T.);
#2384 = B_SPLINE_CURVE_WITH_KNOTS('',1,(#2385,#2386),.UNSPECIFIED.,.F.,
  .F.,(2,2),(0.,1.),.PIECEWISE_BEZIER_KNOTS.);
#2385 = CARTESIAN_POINT('',(8.76,-3.8,2.4));
#2386 = CARTESIAN_POINT('',(8.36,-4.6,1.6));
#2387 = B_SPLINE_SURFACE_WITH_KNOTS('',1,1,(
    (#2388,#2389)
    ,(#2390,#2391
    )),.UNSPECIFIED.,.F.,.F.,.F.,(2,2),(2,2),(-3.6,0.),(0.,1.),
  .PIECEWISE_BEZIER_KNOTS.);
#2388 = CARTESIAN_POINT('',(8.76,-3.8,2.4));
#2389 = CARTESIAN_POINT('',(8.36,-4.6,1.6));
#2390 = CARTESIAN_POINT('',(11.56,-3.8,2.4));
#2391 = CARTESIAN_POINT('',(11.96,-4.6,1.6));
#2392 = ADVANCED_FACE('',(#2393),#2410,.F.);
#2393 = FACE_BOUND('',#2394,.F.);
#2394 = EDGE_LOOP('',(#2395,#2403,#2408,#2409));
#2395 = ORIENTED_EDGE('',*,*,#2396,.T.);
#2396 = EDGE_CURVE('',#2370,#2397,#2399,.T.);
#2397 = VERTEX_POINT('',#2398);
#2398 = CARTESIAN_POINT('',(11.56,-3.8,5.1));
#2399 = LINE('',#2400,#2401);
#2400 = CARTESIAN_POINT('',(11.56,-3.8,2.4));
#2401 = VECTOR('',#2402,1.);
#2402 = DIRECTION('',(0.,0.,1.));
#2403 = ORIENTED_EDGE('',*,*,#2404,.T.);
#2404 = EDGE_CURVE('',#2397,#1656,#2405,.T.);
#2405 = B_SPLINE_CURVE_WITH_KNOTS('',1,(#2406,#2407),.UNSPECIFIED.,.F.,
  .F.,(2,2),(0.,1.),.PIECEWISE_BEZIER_KNOTS.);
#2406 = CARTESIAN_POINT('',(11.56,-3.8,5.1));
#2407 = CARTESIAN_POINT('',(11.96,-4.6,6.8));
#2408 = ORIENTED_EDGE('',*,*,#1655,.T.);
#2409 = ORIENTED_EDGE('',*,*,#2377,.F.);
#2410 = B_SPLINE_SURFACE_WITH_KNOTS('',1,1,(
    (#2411,#2412)
    ,(#2413,#2414
    )),.UNSPECIFIED.,.F.,.F.,.F.,(2,2),(2,2),(-5.2,0.),(0.,1.),
  .PIECEWISE_BEZIER_KNOTS.);
#2411 = CARTESIAN_POINT('',(11.56,-3.8,2.4));
#2412 = CARTESIAN_POINT('',(11.96,-4.6,1.6));
#2413 = CARTESIAN_POINT('',(11.56,-3.8,5.1));
#2414 = CARTESIAN_POINT('',(11.96,-4.6,6.8));
#2415 = ADVANCED_FACE('',(#2416),#2433,.F.);
#2416 = FACE_BOUND('',#2417,.F.);
#2417 = EDGE_LOOP('',(#2418,#2426,#2427,#2428));
#2418 = ORIENTED_EDGE('',*,*,#2419,.T.);
#2419 = EDGE_CURVE('',#2420,#2368,#2422,.T.);
#2420 = VERTEX_POINT('',#2421);
#2421 = CARTESIAN_POINT('',(8.76,-3.8,5.1));
#2422 = LINE('',#2423,#2424);
#2423 = CARTESIAN_POINT('',(8.76,-3.8,5.1));
#2424 = VECTOR('',#2425,1.);
#2425 = DIRECTION('',(0.,0.,-1.));
#2426 = ORIENTED_EDGE('',*,*,#2383,.T.);
#2427 = ORIENTED_EDGE('',*,*,#1671,.T.);
#2428 = ORIENTED_EDGE('',*,*,#2429,.F.);
#2429 = EDGE_CURVE('',#2420,#1664,#2430,.T.);
#2430 = B_SPLINE_CURVE_WITH_KNOTS('',1,(#2431,#2432),.UNSPECIFIED.,.F.,
  .F.,(2,2),(0.,1.),.PIECEWISE_BEZIER_KNOTS.);
#2431 = CARTESIAN_POINT('',(8.76,-3.8,5.1));
#2432 = CARTESIAN_POINT('',(8.36,-4.6,6.8));
#2433 = B_SPLINE_SURFACE_WITH_KNOTS('',1,1,(
    (#2434,#2435)
    ,(#2436,#2437
    )),.UNSPECIFIED.,.F.,.F.,.F.,(2,2),(2,2),(-5.2,0.),(0.,1.),
  .PIECEWISE_BEZIER_KNOTS.);
#2434 = CARTESIAN_POINT('',(8.76,-3.8,5.1));
#2435 = CARTESIAN_POINT('',(8.36,-4.6,6.8));
#2436 = CARTESIAN_POINT('',(8.76,-3.8,2.4));
#2437 = CARTESIAN_POINT('',(8.36,-4.6,1.6));
#2438 = ADVANCED_FACE('',(#2439),#2450,.F.);
#2439 = FACE_BOUND('',#2440,.F.);
#2440 = EDGE_LOOP('',(#2441,#2447,#2448,#2449));
#2441 = ORIENTED_EDGE('',*,*,#2442,.T.);
#2442 = EDGE_CURVE('',#2397,#2420,#2443,.T.);
#2443 = LINE('',#2444,#2445);
#2444 = CARTESIAN_POINT('',(11.56,-3.8,5.1));
#2445 = VECTOR('',#2446,1.);
#2446 = DIRECTION('',(-1.,0.,0.));
#2447 = ORIENTED_EDGE('',*,*,#2429,.T.);
#2448 = ORIENTED_EDGE('',*,*,#1663,.T.);
#2449 = ORIENTED_EDGE('',*,*,#2404,.F.);
#2450 = B_SPLINE_SURFACE_WITH_KNOTS('',1,1,(
    (#2451,#2452)
    ,(#2453,#2454
    )),.UNSPECIFIED.,.F.,.F.,.F.,(2,2),(2,2),(-3.6,0.),(0.,1.),
  .PIECEWISE_BEZIER_KNOTS.);
#2451 = CARTESIAN_POINT('',(11.56,-3.8,5.1));
#2452 = CARTESIAN_POINT('',(11.96,-4.6,6.8));
#2453 = CARTESIAN_POINT('',(8.76,-3.8,5.1));
#2454 = CARTESIAN_POINT('',(8.36,-4.6,6.8));
#2455 = ADVANCED_FACE('',(#2456),#2479,.F.);
#2456 = FACE_BOUND('',#2457,.F.);
#2457 = EDGE_LOOP('',(#2458,#2468,#2473,#2474));
#2458 = ORIENTED_EDGE('',*,*,#2459,.T.);
#2459 = EDGE_CURVE('',#2460,#2462,#2464,.T.);
#2460 = VERTEX_POINT('',#2461);
#2461 = CARTESIAN_POINT('',(3.68,-3.8,2.4));
#2462 = VERTEX_POINT('',#2463);
#2463 = CARTESIAN_POINT('',(6.48,-3.8,2.4));
#2464 = LINE('',#2465,#2466);
#2465 = CARTESIAN_POINT('',(3.68,-3.8,2.4));
#2466 = VECTOR('',#2467,1.);
#2467 = DIRECTION('',(1.,0.,0.));
#2468 = ORIENTED_EDGE('',*,*,#2469,.T.);
#2469 = EDGE_CURVE('',#2462,#1680,#2470,.T.);
#2470 = B_SPLINE_CURVE_WITH_KNOTS('',1,(#2471,#2472),.UNSPECIFIED.,.F.,
  .F.,(2,2),(0.,1.),.PIECEWISE_BEZIER_KNOTS.);
#2471 = CARTESIAN_POINT('',(6.48,-3.8,2.4));
#2472 = CARTESIAN_POINT('',(6.88,-4.6,1.6));
#2473 = ORIENTED_EDGE('',*,*,#1679,.T.);
#2474 = ORIENTED_EDGE('',*,*,#2475,.F.);
#2475 = EDGE_CURVE('',#2460,#1682,#2476,.T.);
#2476 = B_SPLINE_CURVE_WITH_KNOTS('',1,(#2477,#2478),.UNSPECIFIED.,.F.,
  .F.,(2,2),(0.,1.),.PIECEWISE_BEZIER_KNOTS.);
#2477 = CARTESIAN_POINT('',(3.68,-3.8,2.4));
#2478 = CARTESIAN_POINT('',(3.28,-4.6,1.6));
#2479 = B_SPLINE_SURFACE_WITH_KNOTS('',1,1,(
    (#2480,#2481)
    ,(#2482,#2483
    )),.UNSPECIFIED.,.F.,.F.,.F.,(2,2),(2,2),(-3.6,0.),(0.,1.),
  .PIECEWISE_BEZIER_KNOTS.);
#2480 = CARTESIAN_POINT('',(3.68,-3.8,2.4));
#2481 = CARTESIAN_POINT('',(3.28,-4.6,1.6));
#2482 = CARTESIAN_POINT('',(6.48,-3.8,2.4));
#2483 = CARTESIAN_POINT('',(6.88,-4.6,1.6));
#2484 = ADVANCED_FACE('',(#2485),#2502,.F.);
#2485 = FACE_BOUND('',#2486,.F.);
#2486 = EDGE_LOOP('',(#2487,#2495,#2500,#2501));
#2487 = ORIENTED_EDGE('',*,*,#2488,.T.);
#2488 = EDGE_CURVE('',#2462,#2489,#2491,.T.);
#2489 = VERTEX_POINT('',#2490);
#2490 = CARTESIAN_POINT('',(6.48,-3.8,5.1));
#2491 = LINE('',#2492,#2493);
#2492 = CARTESIAN_POINT('',(6.48,-3.8,2.4));
#2493 = VECTOR('',#2494,1.);
#2494 = DIRECTION('',(0.,0.,1.));
#2495 = ORIENTED_EDGE('',*,*,#2496,.T.);
#2496 = EDGE_CURVE('',#2489,#1690,#2497,.T.);
#2497 = B_SPLINE_CURVE_WITH_KNOTS('',1,(#2498,#2499),.UNSPECIFIED.,.F.,
  .F.,(2,2),(0.,1.),.PIECEWISE_BEZIER_KNOTS.);
#2498 = CARTESIAN_POINT('',(6.48,-3.8,5.1));
#2499 = CARTESIAN_POINT('',(6.88,-4.6,6.8));
#2500 = ORIENTED_EDGE('',*,*,#1689,.T.);
#2501 = ORIENTED_EDGE('',*,*,#2469,.F.);
#2502 = B_SPLINE_SURFACE_WITH_KNOTS('',1,1,(
    (#2503,#2504)
    ,(#2505,#2506
    )),.UNSPECIFIED.,.F.,.F.,.F.,(2,2),(2,2),(-5.2,0.),(0.,1.),
  .PIECEWISE_BEZIER_KNOTS.);
#2503 = CARTESIAN_POINT('',(6.48,-3.8,2.4));
#2504 = CARTESIAN_POINT('',(6.88,-4.6,1.6));
#2505 = CARTESIAN_POINT('',(6.48,-3.8,5.1));
#2506 = CARTESIAN_POINT('',(6.88,-4.6,6.8));
#2507 = ADVANCED_FACE('',(#2508),#2525,.F.);
#2508 = FACE_BOUND('',#2509,.F.);
#2509 = EDGE_LOOP('',(#2510,#2518,#2519,#2520));
#2510 = ORIENTED_EDGE('',*,*,#2511,.T.);
#2511 = EDGE_CURVE('',#2512,#2460,#2514,.T.);
#2512 = VERTEX_POINT('',#2513);
#2513 = CARTESIAN_POINT('',(3.68,-3.8,5.1));
#2514 = LINE('',#2515,#2516);
#2515 = CARTESIAN_POINT('',(3.68,-3.8,5.1));
#2516 = VECTOR('',#2517,1.);
#2517 = DIRECTION('',(0.,0.,-1.));
#2518 = ORIENTED_EDGE('',*,*,#2475,.T.);
#2519 = ORIENTED_EDGE('',*,*,#1705,.T.);
#2520 = ORIENTED_EDGE('',*,*,#2521,.F.);
#2521 = EDGE_CURVE('',#2512,#1698,#2522,.T.);
#2522 = B_SPLINE_CURVE_WITH_KNOTS('',1,(#2523,#2524),.UNSPECIFIED.,.F.,
  .F.,(2,2),(0.,1.),.PIECEWISE_BEZIER_KNOTS.);
#2523 = CARTESIAN_POINT('',(3.68,-3.8,5.1));
#2524 = CARTESIAN_POINT('',(3.28,-4.6,6.8));
#2525 = B_SPLINE_SURFACE_WITH_KNOTS('',1,1,(
    (#2526,#2527)
    ,(#2528,#2529
    )),.UNSPECIFIED.,.F.,.F.,.F.,(2,2),(2,2),(-5.2,0.),(0.,1.),
  .PIECEWISE_BEZIER_KNOTS.);
#2526 = CARTESIAN_POINT('',(3.68,-3.8,5.1));
#2527 = CARTESIAN_POINT('',(3.28,-4.6,6.8));
#2528 = CARTESIAN_POINT('',(3.68,-3.8,2.4));
#2529 = CARTESIAN_POINT('',(3.28,-4.6,1.6));
#2530 = ADVANCED_FACE('',(#2531),#2542,.F.);
#2531 = FACE_BOUND('',#2532,.F.);
#2532 = EDGE_LOOP('',(#2533,#2539,#2540,#2541));
#2533 = ORIENTED_EDGE('',*,*,#2534,.T.);
#2534 = EDGE_CURVE('',#2489,#2512,#2535,.T.);
#2535 = LINE('',#2536,#2537);
#2536 = CARTESIAN_POINT('',(6.48,-3.8,5.1));
#2537 = VECTOR('',#2538,1.);
#2538 = DIRECTION('',(-1.,0.,0.));
#2539 = ORIENTED_EDGE('',*,*,#2521,.T.);
#2540 = ORIENTED_EDGE('',*,*,#1697,.T.);
#2541 = ORIENTED_EDGE('',*,*,#2496,.F.);
#2542 = B_SPLINE_SURFACE_WITH_KNOTS('',1,1,(
    (#2543,#2544)
    ,(#2545,#2546
    )),.UNSPECIFIED.,.F.,.F.,.F.,(2,2),(2,2),(-3.6,0.),(0.,1.),
  .PIECEWISE_BEZIER_KNOTS.);
#2543 = CARTESIAN_POINT('',(6.48,-3.8,5.1));
#2544 = CARTESIAN_POINT('',(6.88,-4.6,6.8));
#2545 = CARTESIAN_POINT('',(3.68,-3.8,5.1));
#2546 = CARTESIAN_POINT('',(3.28,-4.6,6.8));
#2547 = ADVANCED_FACE('',(#2548),#2571,.F.);
#2548 = FACE_BOUND('',#2549,.F.);
#2549 = EDGE_LOOP('',(#2550,#2560,#2565,#2566));
#2550 = ORIENTED_EDGE('',*,*,#2551,.T.);
#2551 = EDGE_CURVE('',#2552,#2554,#2556,.T.);
#2552 = VERTEX_POINT('',#2553);
#2553 = CARTESIAN_POINT('',(-1.4,-3.8,2.4));
#2554 = VERTEX_POINT('',#2555);
#2555 = CARTESIAN_POINT('',(1.4,-3.8,2.4));
#2556 = LINE('',#2557,#2558);
#2557 = CARTESIAN_POINT('',(-1.4,-3.8,2.4));
#2558 = VECTOR('',#2559,1.);
#2559 = DIRECTION('',(1.,0.,0.));
#2560 = ORIENTED_EDGE('',*,*,#2561,.T.);
#2561 = EDGE_CURVE('',#2554,#1714,#2562,.T.);
#2562 = B_SPLINE_CURVE_WITH_KNOTS('',1,(#2563,#2564),.UNSPECIFIED.,.F.,
  .F.,(2,2),(0.,1.),.PIECEWISE_BEZIER_KNOTS.);
#2563 = CARTESIAN_POINT('',(1.4,-3.8,2.4));
#2564 = CARTESIAN_POINT('',(1.8,-4.6,1.6));
#2565 = ORIENTED_EDGE('',*,*,#1713,.T.);
#2566 = ORIENTED_EDGE('',*,*,#2567,.F.);
#2567 = EDGE_CURVE('',#2552,#1716,#2568,.T.);
#2568 = B_SPLINE_CURVE_WITH_KNOTS('',1,(#2569,#2570),.UNSPECIFIED.,.F.,
  .F.,(2,2),(0.,1.),.PIECEWISE_BEZIER_KNOTS.);
#2569 = CARTESIAN_POINT('',(-1.4,-3.8,2.4));
#2570 = CARTESIAN_POINT('',(-1.8,-4.6,1.6));
#2571 = B_SPLINE_SURFACE_WITH_KNOTS('',1,1,(
    (#2572,#2573)
    ,(#2574,#2575
    )),.UNSPECIFIED.,.F.,.F.,.F.,(2,2),(2,2),(-3.6,0.),(0.,1.),
  .PIECEWISE_BEZIER_KNOTS.);
#2572 = CARTESIAN_POINT('',(-1.4,-3.8,2.4));
#2573 = CARTESIAN_POINT('',(-1.8,-4.6,1.6));
#2574 = CARTESIAN_POINT('',(1.4,-3.8,2.4));
#2575 = CARTESIAN_POINT('',(1.8,-4.6,1.6));
#2576 = ADVANCED_FACE('',(#2577),#2594,.F.);
#2577 = FACE_BOUND('',#2578,.F.);
#2578 = EDGE_LOOP('',(#2579,#2587,#2592,#2593));
#2579 = ORIENTED_EDGE('',*,*,#2580,.T.);
#2580 = EDGE_CURVE('',#2554,#2581,#2583,.T.);
#2581 = VERTEX_POINT('',#2582);
#2582 = CARTESIAN_POINT('',(1.4,-3.8,5.1));
#2583 = LINE('',#2584,#2585);
#2584 = CARTESIAN_POINT('',(1.4,-3.8,2.4));
#2585 = VECTOR('',#2586,1.);
#2586 = DIRECTION('',(0.,0.,1.));
#2587 = ORIENTED_EDGE('',*,*,#2588,.T.);
#2588 = EDGE_CURVE('',#2581,#1724,#2589,.T.);
#2589 = B_SPLINE_CURVE_WITH_KNOTS('',1,(#2590,#2591),.UNSPECIFIED.,.F.,
  .F.,(2,2),(0.,1.),.PIECEWISE_BEZIER_KNOTS.);
#2590 = CARTESIAN_POINT('',(1.4,-3.8,5.1));
#2591 = CARTESIAN_POINT('',(1.8,-4.6,6.8));
#2592 = ORIENTED_EDGE('',*,*,#1723,.T.);
#2593 = ORIENTED_EDGE('',*,*,#2561,.F.);
#2594 = B_SPLINE_SURFACE_WITH_KNOTS('',1,1,(
    (#2595,#2596)
    ,(#2597,#2598
    )),.UNSPECIFIED.,.F.,.F.,.F.,(2,2),(2,2),(-5.2,0.),(0.,1.),
  .PIECEWISE_BEZIER_KNOTS.);
#2595 = CARTESIAN_POINT('',(1.4,-3.8,2.4));
#2596 = CARTESIAN_POINT('',(1.8,-4.6,1.6));
#2597 = CARTESIAN_POINT('',(1.4,-3.8,5.1));
#2598 = CARTESIAN_POINT('',(1.8,-4.6,6.8));
#2599 = ADVANCED_FACE('',(#2600),#2617,.F.);
#2600 = FACE_BOUND('',#2601,.F.);
#2601 = EDGE_LOOP('',(#2602,#2610,#2611,#2612));
#2602 = ORIENTED_EDGE('',*,*,#2603,.T.);
#2603 = EDGE_CURVE('',#2604,#2552,#2606,.T.);
#2604 = VERTEX_POINT('',#2605);
#2605 = CARTESIAN_POINT('',(-1.4,-3.8,5.1));
#2606 = LINE('',#2607,#2608);
#2607 = CARTESIAN_POINT('',(-1.4,-3.8,5.1));
#2608 = VECTOR('',#2609,1.);
#2609 = DIRECTION('',(0.,0.,-1.));
#2610 = ORIENTED_EDGE('',*,*,#2567,.T.);
#2611 = ORIENTED_EDGE('',*,*,#1739,.T.);
#2612 = ORIENTED_EDGE('',*,*,#2613,.F.);
#2613 = EDGE_CURVE('',#2604,#1732,#2614,.T.);
#2614 = B_SPLINE_CURVE_WITH_KNOTS('',1,(#2615,#2616),.UNSPECIFIED.,.F.,
  .F.,(2,2),(0.,1.),.PIECEWISE_BEZIER_KNOTS.);
#2615 = CARTESIAN_POINT('',(-1.4,-3.8,5.1));
#2616 = CARTESIAN_POINT('',(-1.8,-4.6,6.8));
#2617 = B_SPLINE_SURFACE_WITH_KNOTS('',1,1,(
    (#2618,#2619)
    ,(#2620,#2621
    )),.UNSPECIFIED.,.F.,.F.,.F.,(2,2),(2,2),(-5.2,0.),(0.,1.),
  .PIECEWISE_BEZIER_KNOTS.);
#2618 = CARTESIAN_POINT('',(-1.4,-3.8,5.1));
#2619 = CARTESIAN_POINT('',(-1.8,-4.6,6.8));
#2620 = CARTESIAN_POINT('',(-1.4,-3.8,2.4));
#2621 = CARTESIAN_POINT('',(-1.8,-4.6,1.6));
#2622 = ADVANCED_FACE('',(#2623),#2634,.F.);
#2623 = FACE_BOUND('',#2624,.F.);
#2624 = EDGE_LOOP('',(#2625,#2631,#2632,#2633));
#2625 = ORIENTED_EDGE('',*,*,#2626,.T.);
#2626 = EDGE_CURVE('',#2581,#2604,#2627,.T.);
#2627 = LINE('',#2628,#2629);
#2628 = CARTESIAN_POINT('',(1.4,-3.8,5.1));
#2629 = VECTOR('',#2630,1.);
#2630 = DIRECTION('',(-1.,0.,0.));
#2631 = ORIENTED_EDGE('',*,*,#2613,.T.);
#2632 = ORIENTED_EDGE('',*,*,#1731,.T.);
#2633 = ORIENTED_EDGE('',*,*,#2588,.F.);
#2634 = B_SPLINE_SURFACE_WITH_KNOTS('',1,1,(
    (#2635,#2636)
    ,(#2637,#2638
    )),.UNSPECIFIED.,.F.,.F.,.F.,(2,2),(2,2),(-3.6,0.),(0.,1.),
  .PIECEWISE_BEZIER_KNOTS.);
#2635 = CARTESIAN_POINT('',(1.4,-3.8,5.1));
#2636 = CARTESIAN_POINT('',(1.8,-4.6,6.8));
#2637 = CARTESIAN_POINT('',(-1.4,-3.8,5.1));
#2638 = CARTESIAN_POINT('',(-1.8,-4.6,6.8));
#2639 = ADVANCED_FACE('',(#2640),#2646,.F.);
#2640 = FACE_BOUND('',#2641,.F.);
#2641 = EDGE_LOOP('',(#2642,#2643,#2644,#2645));
#2642 = ORIENTED_EDGE('',*,*,#1938,.T.);
#2643 = ORIENTED_EDGE('',*,*,#1921,.T.);
#2644 = ORIENTED_EDGE('',*,*,#1880,.T.);
#2645 = ORIENTED_EDGE('',*,*,#1803,.T.);
#2646 = PLANE('',#2647);
#2647 = AXIS2_PLACEMENT_3D('',#2648,#2649,#2650);
#2648 = CARTESIAN_POINT('',(12.271908064794,-3.6,7.));
#2649 = DIRECTION('',(0.,0.,1.));
#2650 = DIRECTION('',(1.,0.,-0.));
#2651 = ADVANCED_FACE('',(#2652),#2658,.F.);
#2652 = FACE_BOUND('',#2653,.F.);
#2653 = EDGE_LOOP('',(#2654,#2655,#2656,#2657));
#2654 = ORIENTED_EDGE('',*,*,#1980,.T.);
#2655 = ORIENTED_EDGE('',*,*,#2004,.T.);
#2656 = ORIENTED_EDGE('',*,*,#2028,.T.);
#2657 = ORIENTED_EDGE('',*,*,#2052,.T.);
#2658 = PLANE('',#2659);
#2659 = AXIS2_PLACEMENT_3D('',#2660,#2661,#2662);
#2660 = CARTESIAN_POINT('',(10.16,0.,-3.5));
#2661 = DIRECTION('',(0.,0.,1.));
#2662 = DIRECTION('',(1.,0.,-0.));
#2663 = ADVANCED_FACE('',(#2664),#2670,.F.);
#2664 = FACE_BOUND('',#2665,.F.);
#2665 = EDGE_LOOP('',(#2666,#2667,#2668,#2669));
#2666 = ORIENTED_EDGE('',*,*,#2076,.T.);
#2667 = ORIENTED_EDGE('',*,*,#2100,.T.);
#2668 = ORIENTED_EDGE('',*,*,#2124,.T.);
#2669 = ORIENTED_EDGE('',*,*,#2148,.T.);
#2670 = PLANE('',#2671);
#2671 = AXIS2_PLACEMENT_3D('',#2672,#2673,#2674);
#2672 = CARTESIAN_POINT('',(5.08,0.,-3.5));
#2673 = DIRECTION('',(0.,0.,1.));
#2674 = DIRECTION('',(1.,0.,-0.));
#2675 = ADVANCED_FACE('',(#2676),#2682,.F.);
#2676 = FACE_BOUND('',#2677,.F.);
#2677 = EDGE_LOOP('',(#2678,#2679,#2680,#2681));
#2678 = ORIENTED_EDGE('',*,*,#2172,.T.);
#2679 = ORIENTED_EDGE('',*,*,#2196,.T.);
#2680 = ORIENTED_EDGE('',*,*,#2220,.T.);
#2681 = ORIENTED_EDGE('',*,*,#2244,.T.);
#2682 = PLANE('',#2683);
#2683 = AXIS2_PLACEMENT_3D('',#2684,#2685,#2686);
#2684 = CARTESIAN_POINT('',(0.,0.,-3.5));
#2685 = DIRECTION('',(0.,0.,1.));
#2686 = DIRECTION('',(1.,0.,-0.));
#2687 = ADVANCED_FACE('',(#2688),#2793,.F.);
#2688 = FACE_BOUND('',#2689,.F.);
#2689 = EDGE_LOOP('',(#2690,#2698,#2699,#2700,#2709,#2717,#2726,#2734,
    #2743,#2751,#2760,#2769,#2778,#2786));
#2690 = ORIENTED_EDGE('',*,*,#2691,.F.);
#2691 = EDGE_CURVE('',#2293,#2692,#2694,.T.);
#2692 = VERTEX_POINT('',#2693);
#2693 = CARTESIAN_POINT('',(12.16,-0.2,2.4));
#2694 = LINE('',#2695,#2696);
#2695 = CARTESIAN_POINT('',(12.16,-0.2,13.8));
#2696 = VECTOR('',#2697,1.);
#2697 = DIRECTION('',(-0.,-0.,-1.));
#2698 = ORIENTED_EDGE('',*,*,#2292,.F.);
#2699 = ORIENTED_EDGE('',*,*,#2691,.T.);
#2700 = ORIENTED_EDGE('',*,*,#2701,.T.);
#2701 = EDGE_CURVE('',#2692,#2702,#2704,.T.);
#2702 = VERTEX_POINT('',#2703);
#2703 = CARTESIAN_POINT('',(11.56,1.228285685709,2.4));
#2704 = CIRCLE('',#2705,2.);
#2705 = AXIS2_PLACEMENT_3D('',#2706,#2707,#2708);
#2706 = CARTESIAN_POINT('',(10.16,-0.2,2.4));
#2707 = DIRECTION('',(0.,0.,1.));
#2708 = DIRECTION('',(1.,0.,-0.));
#2709 = ORIENTED_EDGE('',*,*,#2710,.T.);
#2710 = EDGE_CURVE('',#2702,#2711,#2713,.T.);
#2711 = VERTEX_POINT('',#2712);
#2712 = CARTESIAN_POINT('',(11.56,1.228285685709,5.1));
#2713 = LINE('',#2714,#2715);
#2714 = CARTESIAN_POINT('',(11.56,1.228285685709,13.8));
#2715 = VECTOR('',#2716,1.);
#2716 = DIRECTION('',(0.,0.,1.));
#2717 = ORIENTED_EDGE('',*,*,#2718,.T.);
#2718 = EDGE_CURVE('',#2711,#2719,#2721,.T.);
#2719 = VERTEX_POINT('',#2720);
#2720 = CARTESIAN_POINT('',(8.76,1.228285685709,5.1));
#2721 = CIRCLE('',#2722,2.);
#2722 = AXIS2_PLACEMENT_3D('',#2723,#2724,#2725);
#2723 = CARTESIAN_POINT('',(10.16,-0.2,5.1));
#2724 = DIRECTION('',(0.,0.,1.));
#2725 = DIRECTION('',(1.,0.,-0.));
#2726 = ORIENTED_EDGE('',*,*,#2727,.F.);
#2727 = EDGE_CURVE('',#2728,#2719,#2730,.T.);
#2728 = VERTEX_POINT('',#2729);
#2729 = CARTESIAN_POINT('',(8.76,1.228285685709,2.4));
#2730 = LINE('',#2731,#2732);
#2731 = CARTESIAN_POINT('',(8.76,1.228285685709,13.8));
#2732 = VECTOR('',#2733,1.);
#2733 = DIRECTION('',(0.,0.,1.));
#2734 = ORIENTED_EDGE('',*,*,#2735,.T.);
#2735 = EDGE_CURVE('',#2728,#2736,#2738,.T.);
#2736 = VERTEX_POINT('',#2737);
#2737 = CARTESIAN_POINT('',(8.76,-1.628285685709,2.4));
#2738 = CIRCLE('',#2739,2.);
#2739 = AXIS2_PLACEMENT_3D('',#2740,#2741,#2742);
#2740 = CARTESIAN_POINT('',(10.16,-0.2,2.4));
#2741 = DIRECTION('',(0.,0.,1.));
#2742 = DIRECTION('',(1.,0.,-0.));
#2743 = ORIENTED_EDGE('',*,*,#2744,.T.);
#2744 = EDGE_CURVE('',#2736,#2745,#2747,.T.);
#2745 = VERTEX_POINT('',#2746);
#2746 = CARTESIAN_POINT('',(8.76,-1.628285685709,5.1));
#2747 = LINE('',#2748,#2749);
#2748 = CARTESIAN_POINT('',(8.76,-1.628285685709,13.8));
#2749 = VECTOR('',#2750,1.);
#2750 = DIRECTION('',(0.,0.,1.));
#2751 = ORIENTED_EDGE('',*,*,#2752,.T.);
#2752 = EDGE_CURVE('',#2745,#2753,#2755,.T.);
#2753 = VERTEX_POINT('',#2754);
#2754 = CARTESIAN_POINT('',(9.288220211292,-2.,5.1));
#2755 = CIRCLE('',#2756,2.);
#2756 = AXIS2_PLACEMENT_3D('',#2757,#2758,#2759);
#2757 = CARTESIAN_POINT('',(10.16,-0.2,5.1));
#2758 = DIRECTION('',(0.,0.,1.));
#2759 = DIRECTION('',(1.,0.,-0.));
#2760 = ORIENTED_EDGE('',*,*,#2761,.T.);
#2761 = EDGE_CURVE('',#2753,#2762,#2764,.T.);
#2762 = VERTEX_POINT('',#2763);
#2763 = CARTESIAN_POINT('',(11.031779788708,-2.,5.1));
#2764 = CIRCLE('',#2765,2.);
#2765 = AXIS2_PLACEMENT_3D('',#2766,#2767,#2768);
#2766 = CARTESIAN_POINT('',(10.16,-0.2,5.1));
#2767 = DIRECTION('',(0.,0.,1.));
#2768 = DIRECTION('',(1.,0.,-0.));
#2769 = ORIENTED_EDGE('',*,*,#2770,.T.);
#2770 = EDGE_CURVE('',#2762,#2771,#2773,.T.);
#2771 = VERTEX_POINT('',#2772);
#2772 = CARTESIAN_POINT('',(11.56,-1.628285685709,5.1));
#2773 = CIRCLE('',#2774,2.);
#2774 = AXIS2_PLACEMENT_3D('',#2775,#2776,#2777);
#2775 = CARTESIAN_POINT('',(10.16,-0.2,5.1));
#2776 = DIRECTION('',(0.,0.,1.));
#2777 = DIRECTION('',(1.,0.,-0.));
#2778 = ORIENTED_EDGE('',*,*,#2779,.F.);
#2779 = EDGE_CURVE('',#2780,#2771,#2782,.T.);
#2780 = VERTEX_POINT('',#2781);
#2781 = CARTESIAN_POINT('',(11.56,-1.628285685709,2.4));
#2782 = LINE('',#2783,#2784);
#2783 = CARTESIAN_POINT('',(11.56,-1.628285685709,13.8));
#2784 = VECTOR('',#2785,1.);
#2785 = DIRECTION('',(0.,0.,1.));
#2786 = ORIENTED_EDGE('',*,*,#2787,.T.);
#2787 = EDGE_CURVE('',#2780,#2692,#2788,.T.);
#2788 = CIRCLE('',#2789,2.);
#2789 = AXIS2_PLACEMENT_3D('',#2790,#2791,#2792);
#2790 = CARTESIAN_POINT('',(10.16,-0.2,2.4));
#2791 = DIRECTION('',(0.,0.,1.));
#2792 = DIRECTION('',(1.,0.,-0.));
#2793 = CYLINDRICAL_SURFACE('',#2794,2.);
#2794 = AXIS2_PLACEMENT_3D('',#2795,#2796,#2797);
#2795 = CARTESIAN_POINT('',(10.16,-0.2,13.8));
#2796 = DIRECTION('',(0.,0.,1.));
#2797 = DIRECTION('',(1.,0.,-0.));
#2798 = ADVANCED_FACE('',(#2799),#2904,.F.);
#2799 = FACE_BOUND('',#2800,.F.);
#2800 = EDGE_LOOP('',(#2801,#2809,#2810,#2811,#2820,#2828,#2837,#2845,
    #2854,#2862,#2871,#2880,#2889,#2897));
#2801 = ORIENTED_EDGE('',*,*,#2802,.F.);
#2802 = EDGE_CURVE('',#2304,#2803,#2805,.T.);
#2803 = VERTEX_POINT('',#2804);
#2804 = CARTESIAN_POINT('',(7.08,-0.2,2.4));
#2805 = LINE('',#2806,#2807);
#2806 = CARTESIAN_POINT('',(7.08,-0.2,13.8));
#2807 = VECTOR('',#2808,1.);
#2808 = DIRECTION('',(-0.,-0.,-1.));
#2809 = ORIENTED_EDGE('',*,*,#2303,.F.);
#2810 = ORIENTED_EDGE('',*,*,#2802,.T.);
#2811 = ORIENTED_EDGE('',*,*,#2812,.T.);
#2812 = EDGE_CURVE('',#2803,#2813,#2815,.T.);
#2813 = VERTEX_POINT('',#2814);
#2814 = CARTESIAN_POINT('',(6.48,1.228285685709,2.4));
#2815 = CIRCLE('',#2816,2.);
#2816 = AXIS2_PLACEMENT_3D('',#2817,#2818,#2819);
#2817 = CARTESIAN_POINT('',(5.08,-0.2,2.4));
#2818 = DIRECTION('',(0.,0.,1.));
#2819 = DIRECTION('',(1.,0.,-0.));
#2820 = ORIENTED_EDGE('',*,*,#2821,.T.);
#2821 = EDGE_CURVE('',#2813,#2822,#2824,.T.);
#2822 = VERTEX_POINT('',#2823);
#2823 = CARTESIAN_POINT('',(6.48,1.228285685709,5.1));
#2824 = LINE('',#2825,#2826);
#2825 = CARTESIAN_POINT('',(6.48,1.228285685709,13.8));
#2826 = VECTOR('',#2827,1.);
#2827 = DIRECTION('',(0.,0.,1.));
#2828 = ORIENTED_EDGE('',*,*,#2829,.T.);
#2829 = EDGE_CURVE('',#2822,#2830,#2832,.T.);
#2830 = VERTEX_POINT('',#2831);
#2831 = CARTESIAN_POINT('',(3.68,1.228285685708,5.1));
#2832 = CIRCLE('',#2833,2.);
#2833 = AXIS2_PLACEMENT_3D('',#2834,#2835,#2836);
#2834 = CARTESIAN_POINT('',(5.08,-0.2,5.1));
#2835 = DIRECTION('',(0.,0.,1.));
#2836 = DIRECTION('',(1.,0.,-0.));
#2837 = ORIENTED_EDGE('',*,*,#2838,.F.);
#2838 = EDGE_CURVE('',#2839,#2830,#2841,.T.);
#2839 = VERTEX_POINT('',#2840);
#2840 = CARTESIAN_POINT('',(3.68,1.228285685709,2.4));
#2841 = LINE('',#2842,#2843);
#2842 = CARTESIAN_POINT('',(3.68,1.228285685709,13.8));
#2843 = VECTOR('',#2844,1.);
#2844 = DIRECTION('',(0.,0.,1.));
#2845 = ORIENTED_EDGE('',*,*,#2846,.T.);
#2846 = EDGE_CURVE('',#2839,#2847,#2849,.T.);
#2847 = VERTEX_POINT('',#2848);
#2848 = CARTESIAN_POINT('',(3.68,-1.628285685709,2.4));
#2849 = CIRCLE('',#2850,2.);
#2850 = AXIS2_PLACEMENT_3D('',#2851,#2852,#2853);
#2851 = CARTESIAN_POINT('',(5.08,-0.2,2.4));
#2852 = DIRECTION('',(0.,0.,1.));
#2853 = DIRECTION('',(1.,0.,-0.));
#2854 = ORIENTED_EDGE('',*,*,#2855,.T.);
#2855 = EDGE_CURVE('',#2847,#2856,#2858,.T.);
#2856 = VERTEX_POINT('',#2857);
#2857 = CARTESIAN_POINT('',(3.68,-1.628285685708,5.1));
#2858 = LINE('',#2859,#2860);
#2859 = CARTESIAN_POINT('',(3.68,-1.628285685709,13.8));
#2860 = VECTOR('',#2861,1.);
#2861 = DIRECTION('',(0.,0.,1.));
#2862 = ORIENTED_EDGE('',*,*,#2863,.T.);
#2863 = EDGE_CURVE('',#2856,#2864,#2866,.T.);
#2864 = VERTEX_POINT('',#2865);
#2865 = CARTESIAN_POINT('',(4.208220211292,-2.,5.1));
#2866 = CIRCLE('',#2867,2.);
#2867 = AXIS2_PLACEMENT_3D('',#2868,#2869,#2870);
#2868 = CARTESIAN_POINT('',(5.08,-0.2,5.1));
#2869 = DIRECTION('',(0.,0.,1.));
#2870 = DIRECTION('',(1.,0.,-0.));
#2871 = ORIENTED_EDGE('',*,*,#2872,.T.);
#2872 = EDGE_CURVE('',#2864,#2873,#2875,.T.);
#2873 = VERTEX_POINT('',#2874);
#2874 = CARTESIAN_POINT('',(5.951779788708,-2.,5.1));
#2875 = CIRCLE('',#2876,2.);
#2876 = AXIS2_PLACEMENT_3D('',#2877,#2878,#2879);
#2877 = CARTESIAN_POINT('',(5.08,-0.2,5.1));
#2878 = DIRECTION('',(0.,0.,1.));
#2879 = DIRECTION('',(1.,0.,-0.));
#2880 = ORIENTED_EDGE('',*,*,#2881,.T.);
#2881 = EDGE_CURVE('',#2873,#2882,#2884,.T.);
#2882 = VERTEX_POINT('',#2883);
#2883 = CARTESIAN_POINT('',(6.48,-1.628285685709,5.1));
#2884 = CIRCLE('',#2885,2.);
#2885 = AXIS2_PLACEMENT_3D('',#2886,#2887,#2888);
#2886 = CARTESIAN_POINT('',(5.08,-0.2,5.1));
#2887 = DIRECTION('',(0.,0.,1.));
#2888 = DIRECTION('',(1.,0.,-0.));
#2889 = ORIENTED_EDGE('',*,*,#2890,.F.);
#2890 = EDGE_CURVE('',#2891,#2882,#2893,.T.);
#2891 = VERTEX_POINT('',#2892);
#2892 = CARTESIAN_POINT('',(6.48,-1.628285685709,2.4));
#2893 = LINE('',#2894,#2895);
#2894 = CARTESIAN_POINT('',(6.48,-1.628285685709,13.8));
#2895 = VECTOR('',#2896,1.);
#2896 = DIRECTION('',(0.,0.,1.));
#2897 = ORIENTED_EDGE('',*,*,#2898,.T.);
#2898 = EDGE_CURVE('',#2891,#2803,#2899,.T.);
#2899 = CIRCLE('',#2900,2.);
#2900 = AXIS2_PLACEMENT_3D('',#2901,#2902,#2903);
#2901 = CARTESIAN_POINT('',(5.08,-0.2,2.4));
#2902 = DIRECTION('',(0.,0.,1.));
#2903 = DIRECTION('',(1.,0.,-0.));
#2904 = CYLINDRICAL_SURFACE('',#2905,2.);
#2905 = AXIS2_PLACEMENT_3D('',#2906,#2907,#2908);
#2906 = CARTESIAN_POINT('',(5.08,-0.2,13.8));
#2907 = DIRECTION('',(0.,0.,1.));
#2908 = DIRECTION('',(1.,0.,-0.));
#2909 = ADVANCED_FACE('',(#2910),#3015,.F.);
#2910 = FACE_BOUND('',#2911,.F.);
#2911 = EDGE_LOOP('',(#2912,#2920,#2921,#2922,#2931,#2939,#2948,#2956,
    #2965,#2973,#2982,#2991,#3000,#3008));
#2912 = ORIENTED_EDGE('',*,*,#2913,.F.);
#2913 = EDGE_CURVE('',#2315,#2914,#2916,.T.);
#2914 = VERTEX_POINT('',#2915);
#2915 = CARTESIAN_POINT('',(2.,-0.2,2.4));
#2916 = LINE('',#2917,#2918);
#2917 = CARTESIAN_POINT('',(2.,-0.2,13.8));
#2918 = VECTOR('',#2919,1.);
#2919 = DIRECTION('',(-0.,-0.,-1.));
#2920 = ORIENTED_EDGE('',*,*,#2314,.F.);
#2921 = ORIENTED_EDGE('',*,*,#2913,.T.);
#2922 = ORIENTED_EDGE('',*,*,#2923,.T.);
#2923 = EDGE_CURVE('',#2914,#2924,#2926,.T.);
#2924 = VERTEX_POINT('',#2925);
#2925 = CARTESIAN_POINT('',(1.4,1.228285685709,2.4));
#2926 = CIRCLE('',#2927,2.);
#2927 = AXIS2_PLACEMENT_3D('',#2928,#2929,#2930);
#2928 = CARTESIAN_POINT('',(0.,-0.2,2.4));
#2929 = DIRECTION('',(0.,0.,1.));
#2930 = DIRECTION('',(1.,0.,-0.));
#2931 = ORIENTED_EDGE('',*,*,#2932,.T.);
#2932 = EDGE_CURVE('',#2924,#2933,#2935,.T.);
#2933 = VERTEX_POINT('',#2934);
#2934 = CARTESIAN_POINT('',(1.4,1.228285685709,5.1));
#2935 = LINE('',#2936,#2937);
#2936 = CARTESIAN_POINT('',(1.4,1.228285685709,13.8));
#2937 = VECTOR('',#2938,1.);
#2938 = DIRECTION('',(0.,0.,1.));
#2939 = ORIENTED_EDGE('',*,*,#2940,.T.);
#2940 = EDGE_CURVE('',#2933,#2941,#2943,.T.);
#2941 = VERTEX_POINT('',#2942);
#2942 = CARTESIAN_POINT('',(-1.4,1.228285685709,5.1));
#2943 = CIRCLE('',#2944,2.);
#2944 = AXIS2_PLACEMENT_3D('',#2945,#2946,#2947);
#2945 = CARTESIAN_POINT('',(0.,-0.2,5.1));
#2946 = DIRECTION('',(0.,0.,1.));
#2947 = DIRECTION('',(1.,0.,-0.));
#2948 = ORIENTED_EDGE('',*,*,#2949,.F.);
#2949 = EDGE_CURVE('',#2950,#2941,#2952,.T.);
#2950 = VERTEX_POINT('',#2951);
#2951 = CARTESIAN_POINT('',(-1.4,1.228285685709,2.4));
#2952 = LINE('',#2953,#2954);
#2953 = CARTESIAN_POINT('',(-1.4,1.228285685709,13.8));
#2954 = VECTOR('',#2955,1.);
#2955 = DIRECTION('',(0.,0.,1.));
#2956 = ORIENTED_EDGE('',*,*,#2957,.T.);
#2957 = EDGE_CURVE('',#2950,#2958,#2960,.T.);
#2958 = VERTEX_POINT('',#2959);
#2959 = CARTESIAN_POINT('',(-1.4,-1.628285685709,2.4));
#2960 = CIRCLE('',#2961,2.);
#2961 = AXIS2_PLACEMENT_3D('',#2962,#2963,#2964);
#2962 = CARTESIAN_POINT('',(0.,-0.2,2.4));
#2963 = DIRECTION('',(0.,0.,1.));
#2964 = DIRECTION('',(1.,0.,-0.));
#2965 = ORIENTED_EDGE('',*,*,#2966,.T.);
#2966 = EDGE_CURVE('',#2958,#2967,#2969,.T.);
#2967 = VERTEX_POINT('',#2968);
#2968 = CARTESIAN_POINT('',(-1.4,-1.628285685709,5.1));
#2969 = LINE('',#2970,#2971);
#2970 = CARTESIAN_POINT('',(-1.4,-1.628285685709,13.8));
#2971 = VECTOR('',#2972,1.);
#2972 = DIRECTION('',(0.,0.,1.));
#2973 = ORIENTED_EDGE('',*,*,#2974,.T.);
#2974 = EDGE_CURVE('',#2967,#2975,#2977,.T.);
#2975 = VERTEX_POINT('',#2976);
#2976 = CARTESIAN_POINT('',(-0.871779788708,-2.,5.1));
#2977 = CIRCLE('',#2978,2.);
#2978 = AXIS2_PLACEMENT_3D('',#2979,#2980,#2981);
#2979 = CARTESIAN_POINT('',(0.,-0.2,5.1));
#2980 = DIRECTION('',(0.,0.,1.));
#2981 = DIRECTION('',(1.,0.,-0.));
#2982 = ORIENTED_EDGE('',*,*,#2983,.T.);
#2983 = EDGE_CURVE('',#2975,#2984,#2986,.T.);
#2984 = VERTEX_POINT('',#2985);
#2985 = CARTESIAN_POINT('',(0.871779788708,-2.,5.1));
#2986 = CIRCLE('',#2987,2.);
#2987 = AXIS2_PLACEMENT_3D('',#2988,#2989,#2990);
#2988 = CARTESIAN_POINT('',(0.,-0.2,5.1));
#2989 = DIRECTION('',(0.,0.,1.));
#2990 = DIRECTION('',(1.,0.,-0.));
#2991 = ORIENTED_EDGE('',*,*,#2992,.T.);
#2992 = EDGE_CURVE('',#2984,#2993,#2995,.T.);
#2993 = VERTEX_POINT('',#2994);
#2994 = CARTESIAN_POINT('',(1.4,-1.628285685709,5.1));
#2995 = CIRCLE('',#2996,2.);
#2996 = AXIS2_PLACEMENT_3D('',#2997,#2998,#2999);
#2997 = CARTESIAN_POINT('',(0.,-0.2,5.1));
#2998 = DIRECTION('',(0.,0.,1.));
#2999 = DIRECTION('',(1.,0.,-0.));
#3000 = ORIENTED_EDGE('',*,*,#3001,.F.);
#3001 = EDGE_CURVE('',#3002,#2993,#3004,.T.);
#3002 = VERTEX_POINT('',#3003);
#3003 = CARTESIAN_POINT('',(1.4,-1.628285685709,2.4));
#3004 = LINE('',#3005,#3006);
#3005 = CARTESIAN_POINT('',(1.4,-1.628285685709,13.8));
#3006 = VECTOR('',#3007,1.);
#3007 = DIRECTION('',(0.,0.,1.));
#3008 = ORIENTED_EDGE('',*,*,#3009,.T.);
#3009 = EDGE_CURVE('',#3002,#2914,#3010,.T.);
#3010 = CIRCLE('',#3011,2.);
#3011 = AXIS2_PLACEMENT_3D('',#3012,#3013,#3014);
#3012 = CARTESIAN_POINT('',(0.,-0.2,2.4));
#3013 = DIRECTION('',(0.,0.,1.));
#3014 = DIRECTION('',(1.,0.,-0.));
#3015 = CYLINDRICAL_SURFACE('',#3016,2.);
#3016 = AXIS2_PLACEMENT_3D('',#3017,#3018,#3019);
#3017 = CARTESIAN_POINT('',(0.,-0.2,13.8));
#3018 = DIRECTION('',(0.,0.,1.));
#3019 = DIRECTION('',(1.,0.,-0.));
#3020 = ADVANCED_FACE('',(#3021),#3046,.F.);
#3021 = FACE_BOUND('',#3022,.F.);
#3022 = EDGE_LOOP('',(#3023,#3031,#3032,#3040));
#3023 = ORIENTED_EDGE('',*,*,#3024,.F.);
#3024 = EDGE_CURVE('',#2370,#3025,#3027,.T.);
#3025 = VERTEX_POINT('',#3026);
#3026 = CARTESIAN_POINT('',(11.56,-2.,2.4));
#3027 = LINE('',#3028,#3029);
#3028 = CARTESIAN_POINT('',(11.56,-104.6,2.4));
#3029 = VECTOR('',#3030,1.);
#3030 = DIRECTION('',(-0.,1.,-0.));
#3031 = ORIENTED_EDGE('',*,*,#2367,.F.);
#3032 = ORIENTED_EDGE('',*,*,#3033,.T.);
#3033 = EDGE_CURVE('',#2368,#3034,#3036,.T.);
#3034 = VERTEX_POINT('',#3035);
#3035 = CARTESIAN_POINT('',(8.76,-2.,2.4));
#3036 = LINE('',#3037,#3038);
#3037 = CARTESIAN_POINT('',(8.76,-104.6,2.4));
#3038 = VECTOR('',#3039,1.);
#3039 = DIRECTION('',(-0.,1.,-0.));
#3040 = ORIENTED_EDGE('',*,*,#3041,.T.);
#3041 = EDGE_CURVE('',#3034,#3025,#3042,.T.);
#3042 = LINE('',#3043,#3044);
#3043 = CARTESIAN_POINT('',(8.76,-2.,2.4));
#3044 = VECTOR('',#3045,1.);
#3045 = DIRECTION('',(1.,0.,0.));
#3046 = PLANE('',#3047);
#3047 = AXIS2_PLACEMENT_3D('',#3048,#3049,#3050);
#3048 = CARTESIAN_POINT('',(8.76,-104.6,2.4));
#3049 = DIRECTION('',(0.,0.,-1.));
#3050 = DIRECTION('',(1.,0.,0.));
#3051 = ADVANCED_FACE('',(#3052),#3070,.F.);
#3052 = FACE_BOUND('',#3053,.F.);
#3053 = EDGE_LOOP('',(#3054,#3062,#3063,#3064));
#3054 = ORIENTED_EDGE('',*,*,#3055,.F.);
#3055 = EDGE_CURVE('',#2397,#3056,#3058,.T.);
#3056 = VERTEX_POINT('',#3057);
#3057 = CARTESIAN_POINT('',(11.56,-2.,5.1));
#3058 = LINE('',#3059,#3060);
#3059 = CARTESIAN_POINT('',(11.56,-104.6,5.1));
#3060 = VECTOR('',#3061,1.);
#3061 = DIRECTION('',(-0.,1.,-0.));
#3062 = ORIENTED_EDGE('',*,*,#2396,.F.);
#3063 = ORIENTED_EDGE('',*,*,#3024,.T.);
#3064 = ORIENTED_EDGE('',*,*,#3065,.T.);
#3065 = EDGE_CURVE('',#3025,#3056,#3066,.T.);
#3066 = LINE('',#3067,#3068);
#3067 = CARTESIAN_POINT('',(11.56,-2.,2.4));
#3068 = VECTOR('',#3069,1.);
#3069 = DIRECTION('',(0.,0.,1.));
#3070 = PLANE('',#3071);
#3071 = AXIS2_PLACEMENT_3D('',#3072,#3073,#3074);
#3072 = CARTESIAN_POINT('',(11.56,-104.6,2.4));
#3073 = DIRECTION('',(1.,0.,-0.));
#3074 = DIRECTION('',(0.,0.,1.));
#3075 = ADVANCED_FACE('',(#3076),#3094,.F.);
#3076 = FACE_BOUND('',#3077,.F.);
#3077 = EDGE_LOOP('',(#3078,#3079,#3080,#3088));
#3078 = ORIENTED_EDGE('',*,*,#3033,.F.);
#3079 = ORIENTED_EDGE('',*,*,#2419,.F.);
#3080 = ORIENTED_EDGE('',*,*,#3081,.T.);
#3081 = EDGE_CURVE('',#2420,#3082,#3084,.T.);
#3082 = VERTEX_POINT('',#3083);
#3083 = CARTESIAN_POINT('',(8.76,-2.,5.1));
#3084 = LINE('',#3085,#3086);
#3085 = CARTESIAN_POINT('',(8.76,-104.6,5.1));
#3086 = VECTOR('',#3087,1.);
#3087 = DIRECTION('',(-0.,1.,-0.));
#3088 = ORIENTED_EDGE('',*,*,#3089,.F.);
#3089 = EDGE_CURVE('',#3034,#3082,#3090,.T.);
#3090 = LINE('',#3091,#3092);
#3091 = CARTESIAN_POINT('',(8.76,-2.,2.4));
#3092 = VECTOR('',#3093,1.);
#3093 = DIRECTION('',(0.,0.,1.));
#3094 = PLANE('',#3095);
#3095 = AXIS2_PLACEMENT_3D('',#3096,#3097,#3098);
#3096 = CARTESIAN_POINT('',(8.76,-104.6,5.1));
#3097 = DIRECTION('',(-1.,-0.,-0.));
#3098 = DIRECTION('',(0.,0.,-1.));
#3099 = ADVANCED_FACE('',(#3100),#3118,.F.);
#3100 = FACE_BOUND('',#3101,.F.);
#3101 = EDGE_LOOP('',(#3102,#3103,#3104,#3105,#3111,#3112));
#3102 = ORIENTED_EDGE('',*,*,#3081,.F.);
#3103 = ORIENTED_EDGE('',*,*,#2442,.F.);
#3104 = ORIENTED_EDGE('',*,*,#3055,.T.);
#3105 = ORIENTED_EDGE('',*,*,#3106,.F.);
#3106 = EDGE_CURVE('',#2762,#3056,#3107,.T.);
#3107 = LINE('',#3108,#3109);
#3108 = CARTESIAN_POINT('',(8.76,-2.,5.1));
#3109 = VECTOR('',#3110,1.);
#3110 = DIRECTION('',(1.,0.,0.));
#3111 = ORIENTED_EDGE('',*,*,#2761,.F.);
#3112 = ORIENTED_EDGE('',*,*,#3113,.F.);
#3113 = EDGE_CURVE('',#3082,#2753,#3114,.T.);
#3114 = LINE('',#3115,#3116);
#3115 = CARTESIAN_POINT('',(8.76,-2.,5.1));
#3116 = VECTOR('',#3117,1.);
#3117 = DIRECTION('',(1.,0.,0.));
#3118 = PLANE('',#3119);
#3119 = AXIS2_PLACEMENT_3D('',#3120,#3121,#3122);
#3120 = CARTESIAN_POINT('',(11.56,-104.6,5.1));
#3121 = DIRECTION('',(0.,0.,1.));
#3122 = DIRECTION('',(-1.,0.,0.));
#3123 = ADVANCED_FACE('',(#3124),#3149,.F.);
#3124 = FACE_BOUND('',#3125,.F.);
#3125 = EDGE_LOOP('',(#3126,#3134,#3135,#3143));
#3126 = ORIENTED_EDGE('',*,*,#3127,.F.);
#3127 = EDGE_CURVE('',#2462,#3128,#3130,.T.);
#3128 = VERTEX_POINT('',#3129);
#3129 = CARTESIAN_POINT('',(6.48,-2.,2.4));
#3130 = LINE('',#3131,#3132);
#3131 = CARTESIAN_POINT('',(6.48,-104.6,2.4));
#3132 = VECTOR('',#3133,1.);
#3133 = DIRECTION('',(-0.,1.,-0.));
#3134 = ORIENTED_EDGE('',*,*,#2459,.F.);
#3135 = ORIENTED_EDGE('',*,*,#3136,.T.);
#3136 = EDGE_CURVE('',#2460,#3137,#3139,.T.);
#3137 = VERTEX_POINT('',#3138);
#3138 = CARTESIAN_POINT('',(3.68,-2.,2.4));
#3139 = LINE('',#3140,#3141);
#3140 = CARTESIAN_POINT('',(3.68,-104.6,2.4));
#3141 = VECTOR('',#3142,1.);
#3142 = DIRECTION('',(-0.,1.,-0.));
#3143 = ORIENTED_EDGE('',*,*,#3144,.T.);
#3144 = EDGE_CURVE('',#3137,#3128,#3145,.T.);
#3145 = LINE('',#3146,#3147);
#3146 = CARTESIAN_POINT('',(3.68,-2.,2.4));
#3147 = VECTOR('',#3148,1.);
#3148 = DIRECTION('',(1.,0.,0.));
#3149 = PLANE('',#3150);
#3150 = AXIS2_PLACEMENT_3D('',#3151,#3152,#3153);
#3151 = CARTESIAN_POINT('',(3.68,-104.6,2.4));
#3152 = DIRECTION('',(0.,0.,-1.));
#3153 = DIRECTION('',(1.,0.,0.));
#3154 = ADVANCED_FACE('',(#3155),#3173,.F.);
#3155 = FACE_BOUND('',#3156,.F.);
#3156 = EDGE_LOOP('',(#3157,#3165,#3166,#3167));
#3157 = ORIENTED_EDGE('',*,*,#3158,.F.);
#3158 = EDGE_CURVE('',#2489,#3159,#3161,.T.);
#3159 = VERTEX_POINT('',#3160);
#3160 = CARTESIAN_POINT('',(6.48,-2.,5.1));
#3161 = LINE('',#3162,#3163);
#3162 = CARTESIAN_POINT('',(6.48,-104.6,5.1));
#3163 = VECTOR('',#3164,1.);
#3164 = DIRECTION('',(-0.,1.,-0.));
#3165 = ORIENTED_EDGE('',*,*,#2488,.F.);
#3166 = ORIENTED_EDGE('',*,*,#3127,.T.);
#3167 = ORIENTED_EDGE('',*,*,#3168,.T.);
#3168 = EDGE_CURVE('',#3128,#3159,#3169,.T.);
#3169 = LINE('',#3170,#3171);
#3170 = CARTESIAN_POINT('',(6.48,-2.,2.4));
#3171 = VECTOR('',#3172,1.);
#3172 = DIRECTION('',(0.,0.,1.));
#3173 = PLANE('',#3174);
#3174 = AXIS2_PLACEMENT_3D('',#3175,#3176,#3177);
#3175 = CARTESIAN_POINT('',(6.48,-104.6,2.4));
#3176 = DIRECTION('',(1.,0.,-0.));
#3177 = DIRECTION('',(0.,0.,1.));
#3178 = ADVANCED_FACE('',(#3179),#3197,.F.);
#3179 = FACE_BOUND('',#3180,.F.);
#3180 = EDGE_LOOP('',(#3181,#3182,#3183,#3191));
#3181 = ORIENTED_EDGE('',*,*,#3136,.F.);
#3182 = ORIENTED_EDGE('',*,*,#2511,.F.);
#3183 = ORIENTED_EDGE('',*,*,#3184,.T.);
#3184 = EDGE_CURVE('',#2512,#3185,#3187,.T.);
#3185 = VERTEX_POINT('',#3186);
#3186 = CARTESIAN_POINT('',(3.68,-2.,5.1));
#3187 = LINE('',#3188,#3189);
#3188 = CARTESIAN_POINT('',(3.68,-104.6,5.1));
#3189 = VECTOR('',#3190,1.);
#3190 = DIRECTION('',(-0.,1.,-0.));
#3191 = ORIENTED_EDGE('',*,*,#3192,.F.);
#3192 = EDGE_CURVE('',#3137,#3185,#3193,.T.);
#3193 = LINE('',#3194,#3195);
#3194 = CARTESIAN_POINT('',(3.68,-2.,2.4));
#3195 = VECTOR('',#3196,1.);
#3196 = DIRECTION('',(0.,0.,1.));
#3197 = PLANE('',#3198);
#3198 = AXIS2_PLACEMENT_3D('',#3199,#3200,#3201);
#3199 = CARTESIAN_POINT('',(3.68,-104.6,5.1));
#3200 = DIRECTION('',(-1.,-0.,-0.));
#3201 = DIRECTION('',(0.,0.,-1.));
#3202 = ADVANCED_FACE('',(#3203),#3221,.F.);
#3203 = FACE_BOUND('',#3204,.F.);
#3204 = EDGE_LOOP('',(#3205,#3206,#3207,#3208,#3214,#3215));
#3205 = ORIENTED_EDGE('',*,*,#3184,.F.);
#3206 = ORIENTED_EDGE('',*,*,#2534,.F.);
#3207 = ORIENTED_EDGE('',*,*,#3158,.T.);
#3208 = ORIENTED_EDGE('',*,*,#3209,.F.);
#3209 = EDGE_CURVE('',#2873,#3159,#3210,.T.);
#3210 = LINE('',#3211,#3212);
#3211 = CARTESIAN_POINT('',(3.68,-2.,5.1));
#3212 = VECTOR('',#3213,1.);
#3213 = DIRECTION('',(1.,0.,0.));
#3214 = ORIENTED_EDGE('',*,*,#2872,.F.);
#3215 = ORIENTED_EDGE('',*,*,#3216,.F.);
#3216 = EDGE_CURVE('',#3185,#2864,#3217,.T.);
#3217 = LINE('',#3218,#3219);
#3218 = CARTESIAN_POINT('',(3.68,-2.,5.1));
#3219 = VECTOR('',#3220,1.);
#3220 = DIRECTION('',(1.,0.,0.));
#3221 = PLANE('',#3222);
#3222 = AXIS2_PLACEMENT_3D('',#3223,#3224,#3225);
#3223 = CARTESIAN_POINT('',(6.48,-104.6,5.1));
#3224 = DIRECTION('',(0.,0.,1.));
#3225 = DIRECTION('',(-1.,0.,0.));
#3226 = ADVANCED_FACE('',(#3227),#3252,.F.);
#3227 = FACE_BOUND('',#3228,.F.);
#3228 = EDGE_LOOP('',(#3229,#3237,#3238,#3246));
#3229 = ORIENTED_EDGE('',*,*,#3230,.F.);
#3230 = EDGE_CURVE('',#2554,#3231,#3233,.T.);
#3231 = VERTEX_POINT('',#3232);
#3232 = CARTESIAN_POINT('',(1.4,-2.,2.4));
#3233 = LINE('',#3234,#3235);
#3234 = CARTESIAN_POINT('',(1.4,-104.6,2.4));
#3235 = VECTOR('',#3236,1.);
#3236 = DIRECTION('',(-0.,1.,-0.));
#3237 = ORIENTED_EDGE('',*,*,#2551,.F.);
#3238 = ORIENTED_EDGE('',*,*,#3239,.T.);
#3239 = EDGE_CURVE('',#2552,#3240,#3242,.T.);
#3240 = VERTEX_POINT('',#3241);
#3241 = CARTESIAN_POINT('',(-1.4,-2.,2.4));
#3242 = LINE('',#3243,#3244);
#3243 = CARTESIAN_POINT('',(-1.4,-104.6,2.4));
#3244 = VECTOR('',#3245,1.);
#3245 = DIRECTION('',(-0.,1.,-0.));
#3246 = ORIENTED_EDGE('',*,*,#3247,.T.);
#3247 = EDGE_CURVE('',#3240,#3231,#3248,.T.);
#3248 = LINE('',#3249,#3250);
#3249 = CARTESIAN_POINT('',(-1.4,-2.,2.4));
#3250 = VECTOR('',#3251,1.);
#3251 = DIRECTION('',(1.,0.,0.));
#3252 = PLANE('',#3253);
#3253 = AXIS2_PLACEMENT_3D('',#3254,#3255,#3256);
#3254 = CARTESIAN_POINT('',(-1.4,-104.6,2.4));
#3255 = DIRECTION('',(0.,0.,-1.));
#3256 = DIRECTION('',(1.,0.,0.));
#3257 = ADVANCED_FACE('',(#3258),#3276,.F.);
#3258 = FACE_BOUND('',#3259,.F.);
#3259 = EDGE_LOOP('',(#3260,#3268,#3269,#3270));
#3260 = ORIENTED_EDGE('',*,*,#3261,.F.);
#3261 = EDGE_CURVE('',#2581,#3262,#3264,.T.);
#3262 = VERTEX_POINT('',#3263);
#3263 = CARTESIAN_POINT('',(1.4,-2.,5.1));
#3264 = LINE('',#3265,#3266);
#3265 = CARTESIAN_POINT('',(1.4,-104.6,5.1));
#3266 = VECTOR('',#3267,1.);
#3267 = DIRECTION('',(-0.,1.,-0.));
#3268 = ORIENTED_EDGE('',*,*,#2580,.F.);
#3269 = ORIENTED_EDGE('',*,*,#3230,.T.);
#3270 = ORIENTED_EDGE('',*,*,#3271,.T.);
#3271 = EDGE_CURVE('',#3231,#3262,#3272,.T.);
#3272 = LINE('',#3273,#3274);
#3273 = CARTESIAN_POINT('',(1.4,-2.,2.4));
#3274 = VECTOR('',#3275,1.);
#3275 = DIRECTION('',(0.,0.,1.));
#3276 = PLANE('',#3277);
#3277 = AXIS2_PLACEMENT_3D('',#3278,#3279,#3280);
#3278 = CARTESIAN_POINT('',(1.4,-104.6,2.4));
#3279 = DIRECTION('',(1.,0.,-0.));
#3280 = DIRECTION('',(0.,0.,1.));
#3281 = ADVANCED_FACE('',(#3282),#3300,.F.);
#3282 = FACE_BOUND('',#3283,.F.);
#3283 = EDGE_LOOP('',(#3284,#3285,#3286,#3294));
#3284 = ORIENTED_EDGE('',*,*,#3239,.F.);
#3285 = ORIENTED_EDGE('',*,*,#2603,.F.);
#3286 = ORIENTED_EDGE('',*,*,#3287,.T.);
#3287 = EDGE_CURVE('',#2604,#3288,#3290,.T.);
#3288 = VERTEX_POINT('',#3289);
#3289 = CARTESIAN_POINT('',(-1.4,-2.,5.1));
#3290 = LINE('',#3291,#3292);
#3291 = CARTESIAN_POINT('',(-1.4,-104.6,5.1));
#3292 = VECTOR('',#3293,1.);
#3293 = DIRECTION('',(-0.,1.,-0.));
#3294 = ORIENTED_EDGE('',*,*,#3295,.F.);
#3295 = EDGE_CURVE('',#3240,#3288,#3296,.T.);
#3296 = LINE('',#3297,#3298);
#3297 = CARTESIAN_POINT('',(-1.4,-2.,2.4));
#3298 = VECTOR('',#3299,1.);
#3299 = DIRECTION('',(0.,0.,1.));
#3300 = PLANE('',#3301);
#3301 = AXIS2_PLACEMENT_3D('',#3302,#3303,#3304);
#3302 = CARTESIAN_POINT('',(-1.4,-104.6,5.1));
#3303 = DIRECTION('',(-1.,-0.,-0.));
#3304 = DIRECTION('',(0.,0.,-1.));
#3305 = ADVANCED_FACE('',(#3306),#3324,.F.);
#3306 = FACE_BOUND('',#3307,.F.);
#3307 = EDGE_LOOP('',(#3308,#3309,#3310,#3311,#3317,#3318));
#3308 = ORIENTED_EDGE('',*,*,#3287,.F.);
#3309 = ORIENTED_EDGE('',*,*,#2626,.F.);
#3310 = ORIENTED_EDGE('',*,*,#3261,.T.);
#3311 = ORIENTED_EDGE('',*,*,#3312,.F.);
#3312 = EDGE_CURVE('',#2984,#3262,#3313,.T.);
#3313 = LINE('',#3314,#3315);
#3314 = CARTESIAN_POINT('',(-1.4,-2.,5.1));
#3315 = VECTOR('',#3316,1.);
#3316 = DIRECTION('',(1.,0.,0.));
#3317 = ORIENTED_EDGE('',*,*,#2983,.F.);
#3318 = ORIENTED_EDGE('',*,*,#3319,.F.);
#3319 = EDGE_CURVE('',#3288,#2975,#3320,.T.);
#3320 = LINE('',#3321,#3322);
#3321 = CARTESIAN_POINT('',(-1.4,-2.,5.1));
#3322 = VECTOR('',#3323,1.);
#3323 = DIRECTION('',(1.,0.,0.));
#3324 = PLANE('',#3325);
#3325 = AXIS2_PLACEMENT_3D('',#3326,#3327,#3328);
#3326 = CARTESIAN_POINT('',(1.4,-104.6,5.1));
#3327 = DIRECTION('',(0.,0.,1.));
#3328 = DIRECTION('',(-1.,0.,0.));
#3329 = ADVANCED_FACE('',(#3330),#3340,.F.);
#3330 = FACE_BOUND('',#3331,.F.);
#3331 = EDGE_LOOP('',(#3332,#3333,#3339));
#3332 = ORIENTED_EDGE('',*,*,#2787,.F.);
#3333 = ORIENTED_EDGE('',*,*,#3334,.T.);
#3334 = EDGE_CURVE('',#2780,#2702,#3335,.T.);
#3335 = LINE('',#3336,#3337);
#3336 = CARTESIAN_POINT('',(11.56,-2.,2.4));
#3337 = VECTOR('',#3338,1.);
#3338 = DIRECTION('',(0.,1.,0.));
#3339 = ORIENTED_EDGE('',*,*,#2701,.F.);
#3340 = PLANE('',#3341);
#3341 = AXIS2_PLACEMENT_3D('',#3342,#3343,#3344);
#3342 = CARTESIAN_POINT('',(8.76,-104.6,2.4));
#3343 = DIRECTION('',(0.,0.,-1.));
#3344 = DIRECTION('',(1.,0.,0.));
#3345 = ADVANCED_FACE('',(#3346),#3373,.F.);
#3346 = FACE_BOUND('',#3347,.F.);
#3347 = EDGE_LOOP('',(#3348,#3349,#3350,#3358,#3366,#3372));
#3348 = ORIENTED_EDGE('',*,*,#3334,.F.);
#3349 = ORIENTED_EDGE('',*,*,#2779,.T.);
#3350 = ORIENTED_EDGE('',*,*,#3351,.T.);
#3351 = EDGE_CURVE('',#2771,#3352,#3354,.T.);
#3352 = VERTEX_POINT('',#3353);
#3353 = CARTESIAN_POINT('',(11.56,-1.484523257867,5.1));
#3354 = LINE('',#3355,#3356);
#3355 = CARTESIAN_POINT('',(11.56,-2.,5.1));
#3356 = VECTOR('',#3357,1.);
#3357 = DIRECTION('',(0.,1.,0.));
#3358 = ORIENTED_EDGE('',*,*,#3359,.T.);
#3359 = EDGE_CURVE('',#3352,#3360,#3362,.T.);
#3360 = VERTEX_POINT('',#3361);
#3361 = CARTESIAN_POINT('',(11.56,1.084523257867,5.1));
#3362 = LINE('',#3363,#3364);
#3363 = CARTESIAN_POINT('',(11.56,-2.,5.1));
#3364 = VECTOR('',#3365,1.);
#3365 = DIRECTION('',(0.,1.,0.));
#3366 = ORIENTED_EDGE('',*,*,#3367,.T.);
#3367 = EDGE_CURVE('',#3360,#2711,#3368,.T.);
#3368 = LINE('',#3369,#3370);
#3369 = CARTESIAN_POINT('',(11.56,-2.,5.1));
#3370 = VECTOR('',#3371,1.);
#3371 = DIRECTION('',(0.,1.,0.));
#3372 = ORIENTED_EDGE('',*,*,#2710,.F.);
#3373 = PLANE('',#3374);
#3374 = AXIS2_PLACEMENT_3D('',#3375,#3376,#3377);
#3375 = CARTESIAN_POINT('',(11.56,-2.,2.4));
#3376 = DIRECTION('',(-1.,0.,0.));
#3377 = DIRECTION('',(0.,1.,0.));
#3378 = ADVANCED_FACE('',(#3379),#3398,.T.);
#3379 = FACE_BOUND('',#3380,.T.);
#3380 = EDGE_LOOP('',(#3381,#3390,#3396,#3397));
#3381 = ORIENTED_EDGE('',*,*,#3382,.F.);
#3382 = EDGE_CURVE('',#3383,#3352,#3385,.T.);
#3383 = VERTEX_POINT('',#3384);
#3384 = CARTESIAN_POINT('',(10.76827625303,-2.,5.1));
#3385 = CIRCLE('',#3386,1.9);
#3386 = AXIS2_PLACEMENT_3D('',#3387,#3388,#3389);
#3387 = CARTESIAN_POINT('',(10.16,-0.2,5.1));
#3388 = DIRECTION('',(0.,0.,1.));
#3389 = DIRECTION('',(1.,0.,-0.));
#3390 = ORIENTED_EDGE('',*,*,#3391,.T.);
#3391 = EDGE_CURVE('',#3383,#2762,#3392,.T.);
#3392 = LINE('',#3393,#3394);
#3393 = CARTESIAN_POINT('',(8.76,-2.,5.1));
#3394 = VECTOR('',#3395,1.);
#3395 = DIRECTION('',(1.,0.,0.));
#3396 = ORIENTED_EDGE('',*,*,#2770,.T.);
#3397 = ORIENTED_EDGE('',*,*,#3351,.T.);
#3398 = PLANE('',#3399);
#3399 = AXIS2_PLACEMENT_3D('',#3400,#3401,#3402);
#3400 = CARTESIAN_POINT('',(10.16,0.,5.1));
#3401 = DIRECTION('',(0.,0.,1.));
#3402 = DIRECTION('',(1.,0.,-0.));
#3403 = ADVANCED_FACE('',(#3404),#3430,.T.);
#3404 = FACE_BOUND('',#3405,.T.);
#3405 = EDGE_LOOP('',(#3406,#3417,#3423,#3424));
#3406 = ORIENTED_EDGE('',*,*,#3407,.F.);
#3407 = EDGE_CURVE('',#3408,#3410,#3412,.T.);
#3408 = VERTEX_POINT('',#3409);
#3409 = CARTESIAN_POINT('',(8.76,-1.484523257866,5.1));
#3410 = VERTEX_POINT('',#3411);
#3411 = CARTESIAN_POINT('',(9.55172374697,-2.,5.1));
#3412 = CIRCLE('',#3413,1.9);
#3413 = AXIS2_PLACEMENT_3D('',#3414,#3415,#3416);
#3414 = CARTESIAN_POINT('',(10.16,-0.2,5.1));
#3415 = DIRECTION('',(0.,0.,1.));
#3416 = DIRECTION('',(1.,0.,-0.));
#3417 = ORIENTED_EDGE('',*,*,#3418,.T.);
#3418 = EDGE_CURVE('',#3408,#2745,#3419,.T.);
#3419 = LINE('',#3420,#3421);
#3420 = CARTESIAN_POINT('',(8.76,2.,5.1));
#3421 = VECTOR('',#3422,1.);
#3422 = DIRECTION('',(0.,-1.,0.));
#3423 = ORIENTED_EDGE('',*,*,#2752,.T.);
#3424 = ORIENTED_EDGE('',*,*,#3425,.T.);
#3425 = EDGE_CURVE('',#2753,#3410,#3426,.T.);
#3426 = LINE('',#3427,#3428);
#3427 = CARTESIAN_POINT('',(8.76,-2.,5.1));
#3428 = VECTOR('',#3429,1.);
#3429 = DIRECTION('',(1.,0.,0.));
#3430 = PLANE('',#3431);
#3431 = AXIS2_PLACEMENT_3D('',#3432,#3433,#3434);
#3432 = CARTESIAN_POINT('',(10.16,0.,5.1));
#3433 = DIRECTION('',(0.,0.,1.));
#3434 = DIRECTION('',(1.,0.,-0.));
#3435 = ADVANCED_FACE('',(#3436),#3461,.F.);
#3436 = FACE_BOUND('',#3437,.F.);
#3437 = EDGE_LOOP('',(#3438,#3439,#3447,#3453,#3454,#3455));
#3438 = ORIENTED_EDGE('',*,*,#2727,.T.);
#3439 = ORIENTED_EDGE('',*,*,#3440,.T.);
#3440 = EDGE_CURVE('',#2719,#3441,#3443,.T.);
#3441 = VERTEX_POINT('',#3442);
#3442 = CARTESIAN_POINT('',(8.76,1.084523257866,5.1));
#3443 = LINE('',#3444,#3445);
#3444 = CARTESIAN_POINT('',(8.76,2.,5.1));
#3445 = VECTOR('',#3446,1.);
#3446 = DIRECTION('',(0.,-1.,0.));
#3447 = ORIENTED_EDGE('',*,*,#3448,.T.);
#3448 = EDGE_CURVE('',#3441,#3408,#3449,.T.);
#3449 = LINE('',#3450,#3451);
#3450 = CARTESIAN_POINT('',(8.76,2.,5.1));
#3451 = VECTOR('',#3452,1.);
#3452 = DIRECTION('',(0.,-1.,0.));
#3453 = ORIENTED_EDGE('',*,*,#3418,.T.);
#3454 = ORIENTED_EDGE('',*,*,#2744,.F.);
#3455 = ORIENTED_EDGE('',*,*,#3456,.F.);
#3456 = EDGE_CURVE('',#2728,#2736,#3457,.T.);
#3457 = LINE('',#3458,#3459);
#3458 = CARTESIAN_POINT('',(8.76,2.,2.4));
#3459 = VECTOR('',#3460,1.);
#3460 = DIRECTION('',(0.,-1.,0.));
#3461 = PLANE('',#3462);
#3462 = AXIS2_PLACEMENT_3D('',#3463,#3464,#3465);
#3463 = CARTESIAN_POINT('',(8.76,2.,2.4));
#3464 = DIRECTION('',(1.,0.,-0.));
#3465 = DIRECTION('',(0.,-1.,0.));
#3466 = ADVANCED_FACE('',(#3467),#3471,.F.);
#3467 = FACE_BOUND('',#3468,.F.);
#3468 = EDGE_LOOP('',(#3469,#3470));
#3469 = ORIENTED_EDGE('',*,*,#3456,.T.);
#3470 = ORIENTED_EDGE('',*,*,#2735,.F.);
#3471 = PLANE('',#3472);
#3472 = AXIS2_PLACEMENT_3D('',#3473,#3474,#3475);
#3473 = CARTESIAN_POINT('',(8.76,-104.6,2.4));
#3474 = DIRECTION('',(0.,0.,-1.));
#3475 = DIRECTION('',(1.,0.,0.));
#3476 = ADVANCED_FACE('',(#3477),#3489,.T.);
#3477 = FACE_BOUND('',#3478,.T.);
#3478 = EDGE_LOOP('',(#3479,#3480,#3481,#3488));
#3479 = ORIENTED_EDGE('',*,*,#2718,.T.);
#3480 = ORIENTED_EDGE('',*,*,#3440,.T.);
#3481 = ORIENTED_EDGE('',*,*,#3482,.F.);
#3482 = EDGE_CURVE('',#3360,#3441,#3483,.T.);
#3483 = CIRCLE('',#3484,1.9);
#3484 = AXIS2_PLACEMENT_3D('',#3485,#3486,#3487);
#3485 = CARTESIAN_POINT('',(10.16,-0.2,5.1));
#3486 = DIRECTION('',(0.,0.,1.));
#3487 = DIRECTION('',(1.,0.,-0.));
#3488 = ORIENTED_EDGE('',*,*,#3367,.T.);
#3489 = PLANE('',#3490);
#3490 = AXIS2_PLACEMENT_3D('',#3491,#3492,#3493);
#3491 = CARTESIAN_POINT('',(10.16,0.,5.1));
#3492 = DIRECTION('',(0.,0.,1.));
#3493 = DIRECTION('',(1.,0.,-0.));
#3494 = ADVANCED_FACE('',(#3495),#3505,.F.);
#3495 = FACE_BOUND('',#3496,.F.);
#3496 = EDGE_LOOP('',(#3497,#3498,#3504));
#3497 = ORIENTED_EDGE('',*,*,#2898,.F.);
#3498 = ORIENTED_EDGE('',*,*,#3499,.T.);
#3499 = EDGE_CURVE('',#2891,#2813,#3500,.T.);
#3500 = LINE('',#3501,#3502);
#3501 = CARTESIAN_POINT('',(6.48,-2.,2.4));
#3502 = VECTOR('',#3503,1.);
#3503 = DIRECTION('',(0.,1.,0.));
#3504 = ORIENTED_EDGE('',*,*,#2812,.F.);
#3505 = PLANE('',#3506);
#3506 = AXIS2_PLACEMENT_3D('',#3507,#3508,#3509);
#3507 = CARTESIAN_POINT('',(3.68,-104.6,2.4));
#3508 = DIRECTION('',(0.,0.,-1.));
#3509 = DIRECTION('',(1.,0.,0.));
#3510 = ADVANCED_FACE('',(#3511),#3538,.F.);
#3511 = FACE_BOUND('',#3512,.F.);
#3512 = EDGE_LOOP('',(#3513,#3514,#3515,#3523,#3531,#3537));
#3513 = ORIENTED_EDGE('',*,*,#3499,.F.);
#3514 = ORIENTED_EDGE('',*,*,#2890,.T.);
#3515 = ORIENTED_EDGE('',*,*,#3516,.T.);
#3516 = EDGE_CURVE('',#2882,#3517,#3519,.T.);
#3517 = VERTEX_POINT('',#3518);
#3518 = CARTESIAN_POINT('',(6.48,-1.484523257867,5.1));
#3519 = LINE('',#3520,#3521);
#3520 = CARTESIAN_POINT('',(6.48,-2.,5.1));
#3521 = VECTOR('',#3522,1.);
#3522 = DIRECTION('',(0.,1.,0.));
#3523 = ORIENTED_EDGE('',*,*,#3524,.T.);
#3524 = EDGE_CURVE('',#3517,#3525,#3527,.T.);
#3525 = VERTEX_POINT('',#3526);
#3526 = CARTESIAN_POINT('',(6.48,1.084523257867,5.1));
#3527 = LINE('',#3528,#3529);
#3528 = CARTESIAN_POINT('',(6.48,-2.,5.1));
#3529 = VECTOR('',#3530,1.);
#3530 = DIRECTION('',(0.,1.,0.));
#3531 = ORIENTED_EDGE('',*,*,#3532,.T.);
#3532 = EDGE_CURVE('',#3525,#2822,#3533,.T.);
#3533 = LINE('',#3534,#3535);
#3534 = CARTESIAN_POINT('',(6.48,-2.,5.1));
#3535 = VECTOR('',#3536,1.);
#3536 = DIRECTION('',(0.,1.,0.));
#3537 = ORIENTED_EDGE('',*,*,#2821,.F.);
#3538 = PLANE('',#3539);
#3539 = AXIS2_PLACEMENT_3D('',#3540,#3541,#3542);
#3540 = CARTESIAN_POINT('',(6.48,-2.,2.4));
#3541 = DIRECTION('',(-1.,0.,0.));
#3542 = DIRECTION('',(0.,1.,0.));
#3543 = ADVANCED_FACE('',(#3544),#3563,.T.);
#3544 = FACE_BOUND('',#3545,.T.);
#3545 = EDGE_LOOP('',(#3546,#3555,#3561,#3562));
#3546 = ORIENTED_EDGE('',*,*,#3547,.F.);
#3547 = EDGE_CURVE('',#3548,#3517,#3550,.T.);
#3548 = VERTEX_POINT('',#3549);
#3549 = CARTESIAN_POINT('',(5.68827625303,-2.,5.1));
#3550 = CIRCLE('',#3551,1.9);
#3551 = AXIS2_PLACEMENT_3D('',#3552,#3553,#3554);
#3552 = CARTESIAN_POINT('',(5.08,-0.2,5.1));
#3553 = DIRECTION('',(0.,0.,1.));
#3554 = DIRECTION('',(1.,0.,-0.));
#3555 = ORIENTED_EDGE('',*,*,#3556,.T.);
#3556 = EDGE_CURVE('',#3548,#2873,#3557,.T.);
#3557 = LINE('',#3558,#3559);
#3558 = CARTESIAN_POINT('',(3.68,-2.,5.1));
#3559 = VECTOR('',#3560,1.);
#3560 = DIRECTION('',(1.,0.,0.));
#3561 = ORIENTED_EDGE('',*,*,#2881,.T.);
#3562 = ORIENTED_EDGE('',*,*,#3516,.T.);
#3563 = PLANE('',#3564);
#3564 = AXIS2_PLACEMENT_3D('',#3565,#3566,#3567);
#3565 = CARTESIAN_POINT('',(5.08,0.,5.1));
#3566 = DIRECTION('',(0.,0.,1.));
#3567 = DIRECTION('',(1.,0.,-0.));
#3568 = ADVANCED_FACE('',(#3569),#3595,.T.);
#3569 = FACE_BOUND('',#3570,.T.);
#3570 = EDGE_LOOP('',(#3571,#3582,#3588,#3589));
#3571 = ORIENTED_EDGE('',*,*,#3572,.F.);
#3572 = EDGE_CURVE('',#3573,#3575,#3577,.T.);
#3573 = VERTEX_POINT('',#3574);
#3574 = CARTESIAN_POINT('',(3.68,-1.484523257866,5.1));
#3575 = VERTEX_POINT('',#3576);
#3576 = CARTESIAN_POINT('',(4.47172374697,-2.,5.1));
#3577 = CIRCLE('',#3578,1.9);
#3578 = AXIS2_PLACEMENT_3D('',#3579,#3580,#3581);
#3579 = CARTESIAN_POINT('',(5.08,-0.2,5.1));
#3580 = DIRECTION('',(0.,0.,1.));
#3581 = DIRECTION('',(1.,0.,-0.));
#3582 = ORIENTED_EDGE('',*,*,#3583,.T.);
#3583 = EDGE_CURVE('',#3573,#2856,#3584,.T.);
#3584 = LINE('',#3585,#3586);
#3585 = CARTESIAN_POINT('',(3.68,2.,5.1));
#3586 = VECTOR('',#3587,1.);
#3587 = DIRECTION('',(0.,-1.,0.));
#3588 = ORIENTED_EDGE('',*,*,#2863,.T.);
#3589 = ORIENTED_EDGE('',*,*,#3590,.T.);
#3590 = EDGE_CURVE('',#2864,#3575,#3591,.T.);
#3591 = LINE('',#3592,#3593);
#3592 = CARTESIAN_POINT('',(3.68,-2.,5.1));
#3593 = VECTOR('',#3594,1.);
#3594 = DIRECTION('',(1.,0.,0.));
#3595 = PLANE('',#3596);
#3596 = AXIS2_PLACEMENT_3D('',#3597,#3598,#3599);
#3597 = CARTESIAN_POINT('',(5.08,0.,5.1));
#3598 = DIRECTION('',(0.,0.,1.));
#3599 = DIRECTION('',(1.,0.,-0.));
#3600 = ADVANCED_FACE('',(#3601),#3626,.F.);
#3601 = FACE_BOUND('',#3602,.F.);
#3602 = EDGE_LOOP('',(#3603,#3604,#3612,#3618,#3619,#3620));
#3603 = ORIENTED_EDGE('',*,*,#2838,.T.);
#3604 = ORIENTED_EDGE('',*,*,#3605,.T.);
#3605 = EDGE_CURVE('',#2830,#3606,#3608,.T.);
#3606 = VERTEX_POINT('',#3607);
#3607 = CARTESIAN_POINT('',(3.68,1.084523257866,5.1));
#3608 = LINE('',#3609,#3610);
#3609 = CARTESIAN_POINT('',(3.68,2.,5.1));
#3610 = VECTOR('',#3611,1.);
#3611 = DIRECTION('',(0.,-1.,0.));
#3612 = ORIENTED_EDGE('',*,*,#3613,.T.);
#3613 = EDGE_CURVE('',#3606,#3573,#3614,.T.);
#3614 = LINE('',#3615,#3616);
#3615 = CARTESIAN_POINT('',(3.68,2.,5.1));
#3616 = VECTOR('',#3617,1.);
#3617 = DIRECTION('',(0.,-1.,0.));
#3618 = ORIENTED_EDGE('',*,*,#3583,.T.);
#3619 = ORIENTED_EDGE('',*,*,#2855,.F.);
#3620 = ORIENTED_EDGE('',*,*,#3621,.F.);
#3621 = EDGE_CURVE('',#2839,#2847,#3622,.T.);
#3622 = LINE('',#3623,#3624);
#3623 = CARTESIAN_POINT('',(3.68,2.,2.4));
#3624 = VECTOR('',#3625,1.);
#3625 = DIRECTION('',(0.,-1.,0.));
#3626 = PLANE('',#3627);
#3627 = AXIS2_PLACEMENT_3D('',#3628,#3629,#3630);
#3628 = CARTESIAN_POINT('',(3.68,2.,2.4));
#3629 = DIRECTION('',(1.,0.,-0.));
#3630 = DIRECTION('',(0.,-1.,0.));
#3631 = ADVANCED_FACE('',(#3632),#3636,.F.);
#3632 = FACE_BOUND('',#3633,.F.);
#3633 = EDGE_LOOP('',(#3634,#3635));
#3634 = ORIENTED_EDGE('',*,*,#3621,.T.);
#3635 = ORIENTED_EDGE('',*,*,#2846,.F.);
#3636 = PLANE('',#3637);
#3637 = AXIS2_PLACEMENT_3D('',#3638,#3639,#3640);
#3638 = CARTESIAN_POINT('',(3.68,-104.6,2.4));
#3639 = DIRECTION('',(0.,0.,-1.));
#3640 = DIRECTION('',(1.,0.,0.));
#3641 = ADVANCED_FACE('',(#3642),#3654,.T.);
#3642 = FACE_BOUND('',#3643,.T.);
#3643 = EDGE_LOOP('',(#3644,#3645,#3646,#3653));
#3644 = ORIENTED_EDGE('',*,*,#2829,.T.);
#3645 = ORIENTED_EDGE('',*,*,#3605,.T.);
#3646 = ORIENTED_EDGE('',*,*,#3647,.F.);
#3647 = EDGE_CURVE('',#3525,#3606,#3648,.T.);
#3648 = CIRCLE('',#3649,1.9);
#3649 = AXIS2_PLACEMENT_3D('',#3650,#3651,#3652);
#3650 = CARTESIAN_POINT('',(5.08,-0.2,5.1));
#3651 = DIRECTION('',(0.,0.,1.));
#3652 = DIRECTION('',(1.,0.,-0.));
#3653 = ORIENTED_EDGE('',*,*,#3532,.T.);
#3654 = PLANE('',#3655);
#3655 = AXIS2_PLACEMENT_3D('',#3656,#3657,#3658);
#3656 = CARTESIAN_POINT('',(5.08,0.,5.1));
#3657 = DIRECTION('',(0.,0.,1.));
#3658 = DIRECTION('',(1.,0.,-0.));
#3659 = ADVANCED_FACE('',(#3660),#3670,.F.);
#3660 = FACE_BOUND('',#3661,.F.);
#3661 = EDGE_LOOP('',(#3662,#3663,#3669));
#3662 = ORIENTED_EDGE('',*,*,#3009,.F.);
#3663 = ORIENTED_EDGE('',*,*,#3664,.T.);
#3664 = EDGE_CURVE('',#3002,#2924,#3665,.T.);
#3665 = LINE('',#3666,#3667);
#3666 = CARTESIAN_POINT('',(1.4,-2.,2.4));
#3667 = VECTOR('',#3668,1.);
#3668 = DIRECTION('',(0.,1.,0.));
#3669 = ORIENTED_EDGE('',*,*,#2923,.F.);
#3670 = PLANE('',#3671);
#3671 = AXIS2_PLACEMENT_3D('',#3672,#3673,#3674);
#3672 = CARTESIAN_POINT('',(-1.4,-104.6,2.4));
#3673 = DIRECTION('',(0.,0.,-1.));
#3674 = DIRECTION('',(1.,0.,0.));
#3675 = ADVANCED_FACE('',(#3676),#3703,.F.);
#3676 = FACE_BOUND('',#3677,.F.);
#3677 = EDGE_LOOP('',(#3678,#3679,#3680,#3688,#3696,#3702));
#3678 = ORIENTED_EDGE('',*,*,#3664,.F.);
#3679 = ORIENTED_EDGE('',*,*,#3001,.T.);
#3680 = ORIENTED_EDGE('',*,*,#3681,.T.);
#3681 = EDGE_CURVE('',#2993,#3682,#3684,.T.);
#3682 = VERTEX_POINT('',#3683);
#3683 = CARTESIAN_POINT('',(1.4,-1.484523257867,5.1));
#3684 = LINE('',#3685,#3686);
#3685 = CARTESIAN_POINT('',(1.4,-2.,5.1));
#3686 = VECTOR('',#3687,1.);
#3687 = DIRECTION('',(0.,1.,0.));
#3688 = ORIENTED_EDGE('',*,*,#3689,.T.);
#3689 = EDGE_CURVE('',#3682,#3690,#3692,.T.);
#3690 = VERTEX_POINT('',#3691);
#3691 = CARTESIAN_POINT('',(1.4,1.084523257867,5.1));
#3692 = LINE('',#3693,#3694);
#3693 = CARTESIAN_POINT('',(1.4,-2.,5.1));
#3694 = VECTOR('',#3695,1.);
#3695 = DIRECTION('',(0.,1.,0.));
#3696 = ORIENTED_EDGE('',*,*,#3697,.T.);
#3697 = EDGE_CURVE('',#3690,#2933,#3698,.T.);
#3698 = LINE('',#3699,#3700);
#3699 = CARTESIAN_POINT('',(1.4,-2.,5.1));
#3700 = VECTOR('',#3701,1.);
#3701 = DIRECTION('',(0.,1.,0.));
#3702 = ORIENTED_EDGE('',*,*,#2932,.F.);
#3703 = PLANE('',#3704);
#3704 = AXIS2_PLACEMENT_3D('',#3705,#3706,#3707);
#3705 = CARTESIAN_POINT('',(1.4,-2.,2.4));
#3706 = DIRECTION('',(-1.,0.,0.));
#3707 = DIRECTION('',(0.,1.,0.));
#3708 = ADVANCED_FACE('',(#3709),#3728,.T.);
#3709 = FACE_BOUND('',#3710,.T.);
#3710 = EDGE_LOOP('',(#3711,#3720,#3726,#3727));
#3711 = ORIENTED_EDGE('',*,*,#3712,.F.);
#3712 = EDGE_CURVE('',#3713,#3682,#3715,.T.);
#3713 = VERTEX_POINT('',#3714);
#3714 = CARTESIAN_POINT('',(0.60827625303,-2.,5.1));
#3715 = CIRCLE('',#3716,1.9);
#3716 = AXIS2_PLACEMENT_3D('',#3717,#3718,#3719);
#3717 = CARTESIAN_POINT('',(0.,-0.2,5.1));
#3718 = DIRECTION('',(0.,0.,1.));
#3719 = DIRECTION('',(1.,0.,-0.));
#3720 = ORIENTED_EDGE('',*,*,#3721,.T.);
#3721 = EDGE_CURVE('',#3713,#2984,#3722,.T.);
#3722 = LINE('',#3723,#3724);
#3723 = CARTESIAN_POINT('',(-1.4,-2.,5.1));
#3724 = VECTOR('',#3725,1.);
#3725 = DIRECTION('',(1.,0.,0.));
#3726 = ORIENTED_EDGE('',*,*,#2992,.T.);
#3727 = ORIENTED_EDGE('',*,*,#3681,.T.);
#3728 = PLANE('',#3729);
#3729 = AXIS2_PLACEMENT_3D('',#3730,#3731,#3732);
#3730 = CARTESIAN_POINT('',(0.,0.,5.1));
#3731 = DIRECTION('',(0.,0.,1.));
#3732 = DIRECTION('',(1.,0.,-0.));
#3733 = ADVANCED_FACE('',(#3734),#3760,.T.);
#3734 = FACE_BOUND('',#3735,.T.);
#3735 = EDGE_LOOP('',(#3736,#3747,#3753,#3754));
#3736 = ORIENTED_EDGE('',*,*,#3737,.F.);
#3737 = EDGE_CURVE('',#3738,#3740,#3742,.T.);
#3738 = VERTEX_POINT('',#3739);
#3739 = CARTESIAN_POINT('',(-1.4,-1.484523257866,5.1));
#3740 = VERTEX_POINT('',#3741);
#3741 = CARTESIAN_POINT('',(-0.60827625303,-2.,5.1));
#3742 = CIRCLE('',#3743,1.9);
#3743 = AXIS2_PLACEMENT_3D('',#3744,#3745,#3746);
#3744 = CARTESIAN_POINT('',(0.,-0.2,5.1));
#3745 = DIRECTION('',(0.,0.,1.));
#3746 = DIRECTION('',(1.,0.,-0.));
#3747 = ORIENTED_EDGE('',*,*,#3748,.T.);
#3748 = EDGE_CURVE('',#3738,#2967,#3749,.T.);
#3749 = LINE('',#3750,#3751);
#3750 = CARTESIAN_POINT('',(-1.4,2.,5.1));
#3751 = VECTOR('',#3752,1.);
#3752 = DIRECTION('',(0.,-1.,0.));
#3753 = ORIENTED_EDGE('',*,*,#2974,.T.);
#3754 = ORIENTED_EDGE('',*,*,#3755,.T.);
#3755 = EDGE_CURVE('',#2975,#3740,#3756,.T.);
#3756 = LINE('',#3757,#3758);
#3757 = CARTESIAN_POINT('',(-1.4,-2.,5.1));
#3758 = VECTOR('',#3759,1.);
#3759 = DIRECTION('',(1.,0.,0.));
#3760 = PLANE('',#3761);
#3761 = AXIS2_PLACEMENT_3D('',#3762,#3763,#3764);
#3762 = CARTESIAN_POINT('',(0.,0.,5.1));
#3763 = DIRECTION('',(0.,0.,1.));
#3764 = DIRECTION('',(1.,0.,-0.));
#3765 = ADVANCED_FACE('',(#3766),#3791,.F.);
#3766 = FACE_BOUND('',#3767,.F.);
#3767 = EDGE_LOOP('',(#3768,#3769,#3777,#3783,#3784,#3785));
#3768 = ORIENTED_EDGE('',*,*,#2949,.T.);
#3769 = ORIENTED_EDGE('',*,*,#3770,.T.);
#3770 = EDGE_CURVE('',#2941,#3771,#3773,.T.);
#3771 = VERTEX_POINT('',#3772);
#3772 = CARTESIAN_POINT('',(-1.4,1.084523257866,5.1));
#3773 = LINE('',#3774,#3775);
#3774 = CARTESIAN_POINT('',(-1.4,2.,5.1));
#3775 = VECTOR('',#3776,1.);
#3776 = DIRECTION('',(0.,-1.,0.));
#3777 = ORIENTED_EDGE('',*,*,#3778,.T.);
#3778 = EDGE_CURVE('',#3771,#3738,#3779,.T.);
#3779 = LINE('',#3780,#3781);
#3780 = CARTESIAN_POINT('',(-1.4,2.,5.1));
#3781 = VECTOR('',#3782,1.);
#3782 = DIRECTION('',(0.,-1.,0.));
#3783 = ORIENTED_EDGE('',*,*,#3748,.T.);
#3784 = ORIENTED_EDGE('',*,*,#2966,.F.);
#3785 = ORIENTED_EDGE('',*,*,#3786,.F.);
#3786 = EDGE_CURVE('',#2950,#2958,#3787,.T.);
#3787 = LINE('',#3788,#3789);
#3788 = CARTESIAN_POINT('',(-1.4,2.,2.4));
#3789 = VECTOR('',#3790,1.);
#3790 = DIRECTION('',(0.,-1.,0.));
#3791 = PLANE('',#3792);
#3792 = AXIS2_PLACEMENT_3D('',#3793,#3794,#3795);
#3793 = CARTESIAN_POINT('',(-1.4,2.,2.4));
#3794 = DIRECTION('',(1.,0.,-0.));
#3795 = DIRECTION('',(0.,-1.,0.));
#3796 = ADVANCED_FACE('',(#3797),#3801,.F.);
#3797 = FACE_BOUND('',#3798,.F.);
#3798 = EDGE_LOOP('',(#3799,#3800));
#3799 = ORIENTED_EDGE('',*,*,#3786,.T.);
#3800 = ORIENTED_EDGE('',*,*,#2957,.F.);
#3801 = PLANE('',#3802);
#3802 = AXIS2_PLACEMENT_3D('',#3803,#3804,#3805);
#3803 = CARTESIAN_POINT('',(-1.4,-104.6,2.4));
#3804 = DIRECTION('',(0.,0.,-1.));
#3805 = DIRECTION('',(1.,0.,0.));
#3806 = ADVANCED_FACE('',(#3807),#3819,.T.);
#3807 = FACE_BOUND('',#3808,.T.);
#3808 = EDGE_LOOP('',(#3809,#3810,#3811,#3818));
#3809 = ORIENTED_EDGE('',*,*,#2940,.T.);
#3810 = ORIENTED_EDGE('',*,*,#3770,.T.);
#3811 = ORIENTED_EDGE('',*,*,#3812,.F.);
#3812 = EDGE_CURVE('',#3690,#3771,#3813,.T.);
#3813 = CIRCLE('',#3814,1.9);
#3814 = AXIS2_PLACEMENT_3D('',#3815,#3816,#3817);
#3815 = CARTESIAN_POINT('',(0.,-0.2,5.1));
#3816 = DIRECTION('',(0.,0.,1.));
#3817 = DIRECTION('',(1.,0.,-0.));
#3818 = ORIENTED_EDGE('',*,*,#3697,.T.);
#3819 = PLANE('',#3820);
#3820 = AXIS2_PLACEMENT_3D('',#3821,#3822,#3823);
#3821 = CARTESIAN_POINT('',(0.,0.,5.1));
#3822 = DIRECTION('',(0.,0.,1.));
#3823 = DIRECTION('',(1.,0.,-0.));
#3824 = ADVANCED_FACE('',(#3825,#3840),#3874,.F.);
#3825 = FACE_BOUND('',#3826,.F.);
#3826 = EDGE_LOOP('',(#3827,#3828,#3829,#3830,#3836,#3837,#3838,#3839));
#3827 = ORIENTED_EDGE('',*,*,#3089,.T.);
#3828 = ORIENTED_EDGE('',*,*,#3113,.T.);
#3829 = ORIENTED_EDGE('',*,*,#3425,.T.);
#3830 = ORIENTED_EDGE('',*,*,#3831,.T.);
#3831 = EDGE_CURVE('',#3410,#3383,#3832,.T.);
#3832 = LINE('',#3833,#3834);
#3833 = CARTESIAN_POINT('',(8.76,-2.,5.1));
#3834 = VECTOR('',#3835,1.);
#3835 = DIRECTION('',(1.,0.,0.));
#3836 = ORIENTED_EDGE('',*,*,#3391,.T.);
#3837 = ORIENTED_EDGE('',*,*,#3106,.T.);
#3838 = ORIENTED_EDGE('',*,*,#3065,.F.);
#3839 = ORIENTED_EDGE('',*,*,#3041,.F.);
#3840 = FACE_BOUND('',#3841,.F.);
#3841 = EDGE_LOOP('',(#3842,#3852,#3860,#3868));
#3842 = ORIENTED_EDGE('',*,*,#3843,.T.);
#3843 = EDGE_CURVE('',#3844,#3846,#3848,.T.);
#3844 = VERTEX_POINT('',#3845);
#3845 = CARTESIAN_POINT('',(8.91,-2.,5.));
#3846 = VERTEX_POINT('',#3847);
#3847 = CARTESIAN_POINT('',(8.91,-2.,2.5));
#3848 = LINE('',#3849,#3850);
#3849 = CARTESIAN_POINT('',(8.91,-2.,5.));
#3850 = VECTOR('',#3851,1.);
#3851 = DIRECTION('',(0.,0.,-1.));
#3852 = ORIENTED_EDGE('',*,*,#3853,.T.);
#3853 = EDGE_CURVE('',#3846,#3854,#3856,.T.);
#3854 = VERTEX_POINT('',#3855);
#3855 = CARTESIAN_POINT('',(11.41,-2.,2.5));
#3856 = LINE('',#3857,#3858);
#3857 = CARTESIAN_POINT('',(8.91,-2.,2.5));
#3858 = VECTOR('',#3859,1.);
#3859 = DIRECTION('',(1.,0.,0.));
#3860 = ORIENTED_EDGE('',*,*,#3861,.T.);
#3861 = EDGE_CURVE('',#3854,#3862,#3864,.T.);
#3862 = VERTEX_POINT('',#3863);
#3863 = CARTESIAN_POINT('',(11.41,-2.,5.));
#3864 = LINE('',#3865,#3866);
#3865 = CARTESIAN_POINT('',(11.41,-2.,2.5));
#3866 = VECTOR('',#3867,1.);
#3867 = DIRECTION('',(0.,0.,1.));
#3868 = ORIENTED_EDGE('',*,*,#3869,.T.);
#3869 = EDGE_CURVE('',#3862,#3844,#3870,.T.);
#3870 = LINE('',#3871,#3872);
#3871 = CARTESIAN_POINT('',(11.41,-2.,5.));
#3872 = VECTOR('',#3873,1.);
#3873 = DIRECTION('',(-1.,0.,0.));
#3874 = PLANE('',#3875);
#3875 = AXIS2_PLACEMENT_3D('',#3876,#3877,#3878);
#3876 = CARTESIAN_POINT('',(8.76,-2.,2.4));
#3877 = DIRECTION('',(0.,1.,0.));
#3878 = DIRECTION('',(1.,0.,0.));
#3879 = ADVANCED_FACE('',(#3880,#3895),#3929,.F.);
#3880 = FACE_BOUND('',#3881,.F.);
#3881 = EDGE_LOOP('',(#3882,#3883,#3884,#3885,#3891,#3892,#3893,#3894));
#3882 = ORIENTED_EDGE('',*,*,#3192,.T.);
#3883 = ORIENTED_EDGE('',*,*,#3216,.T.);
#3884 = ORIENTED_EDGE('',*,*,#3590,.T.);
#3885 = ORIENTED_EDGE('',*,*,#3886,.T.);
#3886 = EDGE_CURVE('',#3575,#3548,#3887,.T.);
#3887 = LINE('',#3888,#3889);
#3888 = CARTESIAN_POINT('',(3.68,-2.,5.1));
#3889 = VECTOR('',#3890,1.);
#3890 = DIRECTION('',(1.,0.,0.));
#3891 = ORIENTED_EDGE('',*,*,#3556,.T.);
#3892 = ORIENTED_EDGE('',*,*,#3209,.T.);
#3893 = ORIENTED_EDGE('',*,*,#3168,.F.);
#3894 = ORIENTED_EDGE('',*,*,#3144,.F.);
#3895 = FACE_BOUND('',#3896,.F.);
#3896 = EDGE_LOOP('',(#3897,#3907,#3915,#3923));
#3897 = ORIENTED_EDGE('',*,*,#3898,.T.);
#3898 = EDGE_CURVE('',#3899,#3901,#3903,.T.);
#3899 = VERTEX_POINT('',#3900);
#3900 = CARTESIAN_POINT('',(3.83,-2.,5.));
#3901 = VERTEX_POINT('',#3902);
#3902 = CARTESIAN_POINT('',(3.83,-2.,2.5));
#3903 = LINE('',#3904,#3905);
#3904 = CARTESIAN_POINT('',(3.83,-2.,5.));
#3905 = VECTOR('',#3906,1.);
#3906 = DIRECTION('',(0.,0.,-1.));
#3907 = ORIENTED_EDGE('',*,*,#3908,.T.);
#3908 = EDGE_CURVE('',#3901,#3909,#3911,.T.);
#3909 = VERTEX_POINT('',#3910);
#3910 = CARTESIAN_POINT('',(6.33,-2.,2.5));
#3911 = LINE('',#3912,#3913);
#3912 = CARTESIAN_POINT('',(3.83,-2.,2.5));
#3913 = VECTOR('',#3914,1.);
#3914 = DIRECTION('',(1.,0.,0.));
#3915 = ORIENTED_EDGE('',*,*,#3916,.T.);
#3916 = EDGE_CURVE('',#3909,#3917,#3919,.T.);
#3917 = VERTEX_POINT('',#3918);
#3918 = CARTESIAN_POINT('',(6.33,-2.,5.));
#3919 = LINE('',#3920,#3921);
#3920 = CARTESIAN_POINT('',(6.33,-2.,2.5));
#3921 = VECTOR('',#3922,1.);
#3922 = DIRECTION('',(0.,0.,1.));
#3923 = ORIENTED_EDGE('',*,*,#3924,.T.);
#3924 = EDGE_CURVE('',#3917,#3899,#3925,.T.);
#3925 = LINE('',#3926,#3927);
#3926 = CARTESIAN_POINT('',(6.33,-2.,5.));
#3927 = VECTOR('',#3928,1.);
#3928 = DIRECTION('',(-1.,0.,0.));
#3929 = PLANE('',#3930);
#3930 = AXIS2_PLACEMENT_3D('',#3931,#3932,#3933);
#3931 = CARTESIAN_POINT('',(3.68,-2.,2.4));
#3932 = DIRECTION('',(0.,1.,0.));
#3933 = DIRECTION('',(1.,0.,0.));
#3934 = ADVANCED_FACE('',(#3935,#3950),#3984,.F.);
#3935 = FACE_BOUND('',#3936,.F.);
#3936 = EDGE_LOOP('',(#3937,#3938,#3939,#3940,#3946,#3947,#3948,#3949));
#3937 = ORIENTED_EDGE('',*,*,#3295,.T.);
#3938 = ORIENTED_EDGE('',*,*,#3319,.T.);
#3939 = ORIENTED_EDGE('',*,*,#3755,.T.);
#3940 = ORIENTED_EDGE('',*,*,#3941,.T.);
#3941 = EDGE_CURVE('',#3740,#3713,#3942,.T.);
#3942 = LINE('',#3943,#3944);
#3943 = CARTESIAN_POINT('',(-1.4,-2.,5.1));
#3944 = VECTOR('',#3945,1.);
#3945 = DIRECTION('',(1.,0.,0.));
#3946 = ORIENTED_EDGE('',*,*,#3721,.T.);
#3947 = ORIENTED_EDGE('',*,*,#3312,.T.);
#3948 = ORIENTED_EDGE('',*,*,#3271,.F.);
#3949 = ORIENTED_EDGE('',*,*,#3247,.F.);
#3950 = FACE_BOUND('',#3951,.F.);
#3951 = EDGE_LOOP('',(#3952,#3962,#3970,#3978));
#3952 = ORIENTED_EDGE('',*,*,#3953,.T.);
#3953 = EDGE_CURVE('',#3954,#3956,#3958,.T.);
#3954 = VERTEX_POINT('',#3955);
#3955 = CARTESIAN_POINT('',(-1.25,-2.,5.));
#3956 = VERTEX_POINT('',#3957);
#3957 = CARTESIAN_POINT('',(-1.25,-2.,2.5));
#3958 = LINE('',#3959,#3960);
#3959 = CARTESIAN_POINT('',(-1.25,-2.,5.));
#3960 = VECTOR('',#3961,1.);
#3961 = DIRECTION('',(0.,0.,-1.));
#3962 = ORIENTED_EDGE('',*,*,#3963,.T.);
#3963 = EDGE_CURVE('',#3956,#3964,#3966,.T.);
#3964 = VERTEX_POINT('',#3965);
#3965 = CARTESIAN_POINT('',(1.25,-2.,2.5));
#3966 = LINE('',#3967,#3968);
#3967 = CARTESIAN_POINT('',(-1.25,-2.,2.5));
#3968 = VECTOR('',#3969,1.);
#3969 = DIRECTION('',(1.,0.,0.));
#3970 = ORIENTED_EDGE('',*,*,#3971,.T.);
#3971 = EDGE_CURVE('',#3964,#3972,#3974,.T.);
#3972 = VERTEX_POINT('',#3973);
#3973 = CARTESIAN_POINT('',(1.25,-2.,5.));
#3974 = LINE('',#3975,#3976);
#3975 = CARTESIAN_POINT('',(1.25,-2.,2.5));
#3976 = VECTOR('',#3977,1.);
#3977 = DIRECTION('',(0.,0.,1.));
#3978 = ORIENTED_EDGE('',*,*,#3979,.T.);
#3979 = EDGE_CURVE('',#3972,#3954,#3980,.T.);
#3980 = LINE('',#3981,#3982);
#3981 = CARTESIAN_POINT('',(1.25,-2.,5.));
#3982 = VECTOR('',#3983,1.);
#3983 = DIRECTION('',(-1.,0.,0.));
#3984 = PLANE('',#3985);
#3985 = AXIS2_PLACEMENT_3D('',#3986,#3987,#3988);
#3986 = CARTESIAN_POINT('',(-1.4,-2.,2.4));
#3987 = DIRECTION('',(0.,1.,0.));
#3988 = DIRECTION('',(1.,0.,0.));
#3989 = ADVANCED_FACE('',(#3990),#4009,.F.);
#3990 = FACE_BOUND('',#3991,.F.);
#3991 = EDGE_LOOP('',(#3992,#4001,#4008));
#3992 = ORIENTED_EDGE('',*,*,#3993,.T.);
#3993 = EDGE_CURVE('',#3352,#3994,#3996,.T.);
#3994 = VERTEX_POINT('',#3995);
#3995 = CARTESIAN_POINT('',(12.06,-0.2,5.1));
#3996 = CIRCLE('',#3997,1.9);
#3997 = AXIS2_PLACEMENT_3D('',#3998,#3999,#4000);
#3998 = CARTESIAN_POINT('',(10.16,-0.2,5.1));
#3999 = DIRECTION('',(0.,0.,1.));
#4000 = DIRECTION('',(1.,0.,-0.));
#4001 = ORIENTED_EDGE('',*,*,#4002,.T.);
#4002 = EDGE_CURVE('',#3994,#3360,#4003,.T.);
#4003 = CIRCLE('',#4004,1.9);
#4004 = AXIS2_PLACEMENT_3D('',#4005,#4006,#4007);
#4005 = CARTESIAN_POINT('',(10.16,-0.2,5.1));
#4006 = DIRECTION('',(0.,0.,1.));
#4007 = DIRECTION('',(1.,0.,-0.));
#4008 = ORIENTED_EDGE('',*,*,#3359,.F.);
#4009 = PLANE('',#4010);
#4010 = AXIS2_PLACEMENT_3D('',#4011,#4012,#4013);
#4011 = CARTESIAN_POINT('',(10.16,-0.2,5.1));
#4012 = DIRECTION('',(0.,0.,1.));
#4013 = DIRECTION('',(1.,0.,-0.));
#4014 = ADVANCED_FACE('',(#4015),#4120,.T.);
#4015 = FACE_BOUND('',#4016,.T.);
#4016 = EDGE_LOOP('',(#4017,#4028,#4036,#4045,#4053,#4062,#4070,#4079,
    #4087,#4094,#4100,#4101,#4102,#4109,#4110,#4117,#4118,#4119));
#4017 = ORIENTED_EDGE('',*,*,#4018,.F.);
#4018 = EDGE_CURVE('',#4019,#4021,#4023,.T.);
#4019 = VERTEX_POINT('',#4020);
#4020 = CARTESIAN_POINT('',(10.51,-2.067484939698,13.6));
#4021 = VERTEX_POINT('',#4022);
#4022 = CARTESIAN_POINT('',(12.06,-0.2,13.6));
#4023 = CIRCLE('',#4024,1.9);
#4024 = AXIS2_PLACEMENT_3D('',#4025,#4026,#4027);
#4025 = CARTESIAN_POINT('',(10.16,-0.2,13.6));
#4026 = DIRECTION('',(0.,0.,1.));
#4027 = DIRECTION('',(1.,0.,-0.));
#4028 = ORIENTED_EDGE('',*,*,#4029,.T.);
#4029 = EDGE_CURVE('',#4019,#4030,#4032,.T.);
#4030 = VERTEX_POINT('',#4031);
#4031 = CARTESIAN_POINT('',(10.51,-2.067484939698,12.9));
#4032 = LINE('',#4033,#4034);
#4033 = CARTESIAN_POINT('',(10.51,-2.067484939698,5.1));
#4034 = VECTOR('',#4035,1.);
#4035 = DIRECTION('',(-0.,-0.,-1.));
#4036 = ORIENTED_EDGE('',*,*,#4037,.T.);
#4037 = EDGE_CURVE('',#4030,#4038,#4040,.T.);
#4038 = VERTEX_POINT('',#4039);
#4039 = CARTESIAN_POINT('',(9.81,-2.067484939698,12.9));
#4040 = CIRCLE('',#4041,1.9);
#4041 = AXIS2_PLACEMENT_3D('',#4042,#4043,#4044);
#4042 = CARTESIAN_POINT('',(10.16,-0.2,12.9));
#4043 = DIRECTION('',(0.,0.,-1.));
#4044 = DIRECTION('',(1.,0.,0.));
#4045 = ORIENTED_EDGE('',*,*,#4046,.F.);
#4046 = EDGE_CURVE('',#4047,#4038,#4049,.T.);
#4047 = VERTEX_POINT('',#4048);
#4048 = CARTESIAN_POINT('',(9.81,-2.067484939698,13.6));
#4049 = LINE('',#4050,#4051);
#4050 = CARTESIAN_POINT('',(9.81,-2.067484939698,5.1));
#4051 = VECTOR('',#4052,1.);
#4052 = DIRECTION('',(-0.,-0.,-1.));
#4053 = ORIENTED_EDGE('',*,*,#4054,.F.);
#4054 = EDGE_CURVE('',#4055,#4047,#4057,.T.);
#4055 = VERTEX_POINT('',#4056);
#4056 = CARTESIAN_POINT('',(9.81,1.667484939698,13.6));
#4057 = CIRCLE('',#4058,1.9);
#4058 = AXIS2_PLACEMENT_3D('',#4059,#4060,#4061);
#4059 = CARTESIAN_POINT('',(10.16,-0.2,13.6));
#4060 = DIRECTION('',(0.,0.,1.));
#4061 = DIRECTION('',(1.,0.,-0.));
#4062 = ORIENTED_EDGE('',*,*,#4063,.T.);
#4063 = EDGE_CURVE('',#4055,#4064,#4066,.T.);
#4064 = VERTEX_POINT('',#4065);
#4065 = CARTESIAN_POINT('',(9.81,1.667484939698,12.9));
#4066 = LINE('',#4067,#4068);
#4067 = CARTESIAN_POINT('',(9.81,1.667484939698,5.1));
#4068 = VECTOR('',#4069,1.);
#4069 = DIRECTION('',(-0.,-0.,-1.));
#4070 = ORIENTED_EDGE('',*,*,#4071,.T.);
#4071 = EDGE_CURVE('',#4064,#4072,#4074,.T.);
#4072 = VERTEX_POINT('',#4073);
#4073 = CARTESIAN_POINT('',(10.51,1.667484939698,12.9));
#4074 = CIRCLE('',#4075,1.9);
#4075 = AXIS2_PLACEMENT_3D('',#4076,#4077,#4078);
#4076 = CARTESIAN_POINT('',(10.16,-0.2,12.9));
#4077 = DIRECTION('',(0.,0.,-1.));
#4078 = DIRECTION('',(1.,0.,0.));
#4079 = ORIENTED_EDGE('',*,*,#4080,.F.);
#4080 = EDGE_CURVE('',#4081,#4072,#4083,.T.);
#4081 = VERTEX_POINT('',#4082);
#4082 = CARTESIAN_POINT('',(10.51,1.667484939698,13.6));
#4083 = LINE('',#4084,#4085);
#4084 = CARTESIAN_POINT('',(10.51,1.667484939698,5.1));
#4085 = VECTOR('',#4086,1.);
#4086 = DIRECTION('',(-0.,-0.,-1.));
#4087 = ORIENTED_EDGE('',*,*,#4088,.F.);
#4088 = EDGE_CURVE('',#4021,#4081,#4089,.T.);
#4089 = CIRCLE('',#4090,1.9);
#4090 = AXIS2_PLACEMENT_3D('',#4091,#4092,#4093);
#4091 = CARTESIAN_POINT('',(10.16,-0.2,13.6));
#4092 = DIRECTION('',(0.,0.,1.));
#4093 = DIRECTION('',(1.,0.,-0.));
#4094 = ORIENTED_EDGE('',*,*,#4095,.F.);
#4095 = EDGE_CURVE('',#3994,#4021,#4096,.T.);
#4096 = LINE('',#4097,#4098);
#4097 = CARTESIAN_POINT('',(12.06,-0.2,5.1));
#4098 = VECTOR('',#4099,1.);
#4099 = DIRECTION('',(0.,0.,1.));
#4100 = ORIENTED_EDGE('',*,*,#4002,.T.);
#4101 = ORIENTED_EDGE('',*,*,#3482,.T.);
#4102 = ORIENTED_EDGE('',*,*,#4103,.T.);
#4103 = EDGE_CURVE('',#3441,#3408,#4104,.T.);
#4104 = CIRCLE('',#4105,1.9);
#4105 = AXIS2_PLACEMENT_3D('',#4106,#4107,#4108);
#4106 = CARTESIAN_POINT('',(10.16,-0.2,5.1));
#4107 = DIRECTION('',(0.,0.,1.));
#4108 = DIRECTION('',(1.,0.,-0.));
#4109 = ORIENTED_EDGE('',*,*,#3407,.T.);
#4110 = ORIENTED_EDGE('',*,*,#4111,.T.);
#4111 = EDGE_CURVE('',#3410,#3383,#4112,.T.);
#4112 = CIRCLE('',#4113,1.9);
#4113 = AXIS2_PLACEMENT_3D('',#4114,#4115,#4116);
#4114 = CARTESIAN_POINT('',(10.16,-0.2,5.1));
#4115 = DIRECTION('',(0.,0.,1.));
#4116 = DIRECTION('',(1.,0.,-0.));
#4117 = ORIENTED_EDGE('',*,*,#3382,.T.);
#4118 = ORIENTED_EDGE('',*,*,#3993,.T.);
#4119 = ORIENTED_EDGE('',*,*,#4095,.T.);
#4120 = CYLINDRICAL_SURFACE('',#4121,1.9);
#4121 = AXIS2_PLACEMENT_3D('',#4122,#4123,#4124);
#4122 = CARTESIAN_POINT('',(10.16,-0.2,5.1));
#4123 = DIRECTION('',(-0.,-0.,-1.));
#4124 = DIRECTION('',(1.,0.,0.));
#4125 = ADVANCED_FACE('',(#4126),#4130,.F.);
#4126 = FACE_BOUND('',#4127,.F.);
#4127 = EDGE_LOOP('',(#4128,#4129));
#4128 = ORIENTED_EDGE('',*,*,#3448,.F.);
#4129 = ORIENTED_EDGE('',*,*,#4103,.T.);
#4130 = PLANE('',#4131);
#4131 = AXIS2_PLACEMENT_3D('',#4132,#4133,#4134);
#4132 = CARTESIAN_POINT('',(10.16,-0.2,5.1));
#4133 = DIRECTION('',(0.,0.,1.));
#4134 = DIRECTION('',(1.,0.,-0.));
#4135 = ADVANCED_FACE('',(#4136),#4155,.F.);
#4136 = FACE_BOUND('',#4137,.F.);
#4137 = EDGE_LOOP('',(#4138,#4147,#4154));
#4138 = ORIENTED_EDGE('',*,*,#4139,.T.);
#4139 = EDGE_CURVE('',#3517,#4140,#4142,.T.);
#4140 = VERTEX_POINT('',#4141);
#4141 = CARTESIAN_POINT('',(6.98,-0.2,5.1));
#4142 = CIRCLE('',#4143,1.9);
#4143 = AXIS2_PLACEMENT_3D('',#4144,#4145,#4146);
#4144 = CARTESIAN_POINT('',(5.08,-0.2,5.1));
#4145 = DIRECTION('',(0.,0.,1.));
#4146 = DIRECTION('',(1.,0.,-0.));
#4147 = ORIENTED_EDGE('',*,*,#4148,.T.);
#4148 = EDGE_CURVE('',#4140,#3525,#4149,.T.);
#4149 = CIRCLE('',#4150,1.9);
#4150 = AXIS2_PLACEMENT_3D('',#4151,#4152,#4153);
#4151 = CARTESIAN_POINT('',(5.08,-0.2,5.1));
#4152 = DIRECTION('',(0.,0.,1.));
#4153 = DIRECTION('',(1.,0.,-0.));
#4154 = ORIENTED_EDGE('',*,*,#3524,.F.);
#4155 = PLANE('',#4156);
#4156 = AXIS2_PLACEMENT_3D('',#4157,#4158,#4159);
#4157 = CARTESIAN_POINT('',(5.08,-0.2,5.1));
#4158 = DIRECTION('',(0.,0.,1.));
#4159 = DIRECTION('',(1.,0.,-0.));
#4160 = ADVANCED_FACE('',(#4161),#4266,.T.);
#4161 = FACE_BOUND('',#4162,.T.);
#4162 = EDGE_LOOP('',(#4163,#4174,#4182,#4191,#4199,#4208,#4216,#4225,
    #4233,#4240,#4246,#4247,#4248,#4255,#4256,#4263,#4264,#4265));
#4163 = ORIENTED_EDGE('',*,*,#4164,.F.);
#4164 = EDGE_CURVE('',#4165,#4167,#4169,.T.);
#4165 = VERTEX_POINT('',#4166);
#4166 = CARTESIAN_POINT('',(5.43,-2.067484939698,13.6));
#4167 = VERTEX_POINT('',#4168);
#4168 = CARTESIAN_POINT('',(6.98,-0.2,13.6));
#4169 = CIRCLE('',#4170,1.9);
#4170 = AXIS2_PLACEMENT_3D('',#4171,#4172,#4173);
#4171 = CARTESIAN_POINT('',(5.08,-0.2,13.6));
#4172 = DIRECTION('',(0.,0.,1.));
#4173 = DIRECTION('',(1.,0.,-0.));
#4174 = ORIENTED_EDGE('',*,*,#4175,.T.);
#4175 = EDGE_CURVE('',#4165,#4176,#4178,.T.);
#4176 = VERTEX_POINT('',#4177);
#4177 = CARTESIAN_POINT('',(5.43,-2.067484939698,12.9));
#4178 = LINE('',#4179,#4180);
#4179 = CARTESIAN_POINT('',(5.43,-2.067484939698,5.1));
#4180 = VECTOR('',#4181,1.);
#4181 = DIRECTION('',(-0.,-0.,-1.));
#4182 = ORIENTED_EDGE('',*,*,#4183,.T.);
#4183 = EDGE_CURVE('',#4176,#4184,#4186,.T.);
#4184 = VERTEX_POINT('',#4185);
#4185 = CARTESIAN_POINT('',(4.73,-2.067484939698,12.9));
#4186 = CIRCLE('',#4187,1.9);
#4187 = AXIS2_PLACEMENT_3D('',#4188,#4189,#4190);
#4188 = CARTESIAN_POINT('',(5.08,-0.2,12.9));
#4189 = DIRECTION('',(0.,0.,-1.));
#4190 = DIRECTION('',(1.,0.,0.));
#4191 = ORIENTED_EDGE('',*,*,#4192,.F.);
#4192 = EDGE_CURVE('',#4193,#4184,#4195,.T.);
#4193 = VERTEX_POINT('',#4194);
#4194 = CARTESIAN_POINT('',(4.73,-2.067484939698,13.6));
#4195 = LINE('',#4196,#4197);
#4196 = CARTESIAN_POINT('',(4.73,-2.067484939698,5.1));
#4197 = VECTOR('',#4198,1.);
#4198 = DIRECTION('',(-0.,-0.,-1.));
#4199 = ORIENTED_EDGE('',*,*,#4200,.F.);
#4200 = EDGE_CURVE('',#4201,#4193,#4203,.T.);
#4201 = VERTEX_POINT('',#4202);
#4202 = CARTESIAN_POINT('',(4.73,1.667484939698,13.6));
#4203 = CIRCLE('',#4204,1.9);
#4204 = AXIS2_PLACEMENT_3D('',#4205,#4206,#4207);
#4205 = CARTESIAN_POINT('',(5.08,-0.2,13.6));
#4206 = DIRECTION('',(0.,0.,1.));
#4207 = DIRECTION('',(1.,0.,-0.));
#4208 = ORIENTED_EDGE('',*,*,#4209,.T.);
#4209 = EDGE_CURVE('',#4201,#4210,#4212,.T.);
#4210 = VERTEX_POINT('',#4211);
#4211 = CARTESIAN_POINT('',(4.73,1.667484939698,12.9));
#4212 = LINE('',#4213,#4214);
#4213 = CARTESIAN_POINT('',(4.73,1.667484939698,5.1));
#4214 = VECTOR('',#4215,1.);
#4215 = DIRECTION('',(-0.,-0.,-1.));
#4216 = ORIENTED_EDGE('',*,*,#4217,.T.);
#4217 = EDGE_CURVE('',#4210,#4218,#4220,.T.);
#4218 = VERTEX_POINT('',#4219);
#4219 = CARTESIAN_POINT('',(5.43,1.667484939698,12.9));
#4220 = CIRCLE('',#4221,1.9);
#4221 = AXIS2_PLACEMENT_3D('',#4222,#4223,#4224);
#4222 = CARTESIAN_POINT('',(5.08,-0.2,12.9));
#4223 = DIRECTION('',(0.,0.,-1.));
#4224 = DIRECTION('',(1.,0.,0.));
#4225 = ORIENTED_EDGE('',*,*,#4226,.F.);
#4226 = EDGE_CURVE('',#4227,#4218,#4229,.T.);
#4227 = VERTEX_POINT('',#4228);
#4228 = CARTESIAN_POINT('',(5.43,1.667484939698,13.6));
#4229 = LINE('',#4230,#4231);
#4230 = CARTESIAN_POINT('',(5.43,1.667484939698,5.1));
#4231 = VECTOR('',#4232,1.);
#4232 = DIRECTION('',(-0.,-0.,-1.));
#4233 = ORIENTED_EDGE('',*,*,#4234,.F.);
#4234 = EDGE_CURVE('',#4167,#4227,#4235,.T.);
#4235 = CIRCLE('',#4236,1.9);
#4236 = AXIS2_PLACEMENT_3D('',#4237,#4238,#4239);
#4237 = CARTESIAN_POINT('',(5.08,-0.2,13.6));
#4238 = DIRECTION('',(0.,0.,1.));
#4239 = DIRECTION('',(1.,0.,-0.));
#4240 = ORIENTED_EDGE('',*,*,#4241,.F.);
#4241 = EDGE_CURVE('',#4140,#4167,#4242,.T.);
#4242 = LINE('',#4243,#4244);
#4243 = CARTESIAN_POINT('',(6.98,-0.2,5.1));
#4244 = VECTOR('',#4245,1.);
#4245 = DIRECTION('',(0.,0.,1.));
#4246 = ORIENTED_EDGE('',*,*,#4148,.T.);
#4247 = ORIENTED_EDGE('',*,*,#3647,.T.);
#4248 = ORIENTED_EDGE('',*,*,#4249,.T.);
#4249 = EDGE_CURVE('',#3606,#3573,#4250,.T.);
#4250 = CIRCLE('',#4251,1.9);
#4251 = AXIS2_PLACEMENT_3D('',#4252,#4253,#4254);
#4252 = CARTESIAN_POINT('',(5.08,-0.2,5.1));
#4253 = DIRECTION('',(0.,0.,1.));
#4254 = DIRECTION('',(1.,0.,-0.));
#4255 = ORIENTED_EDGE('',*,*,#3572,.T.);
#4256 = ORIENTED_EDGE('',*,*,#4257,.T.);
#4257 = EDGE_CURVE('',#3575,#3548,#4258,.T.);
#4258 = CIRCLE('',#4259,1.9);
#4259 = AXIS2_PLACEMENT_3D('',#4260,#4261,#4262);
#4260 = CARTESIAN_POINT('',(5.08,-0.2,5.1));
#4261 = DIRECTION('',(0.,0.,1.));
#4262 = DIRECTION('',(1.,0.,-0.));
#4263 = ORIENTED_EDGE('',*,*,#3547,.T.);
#4264 = ORIENTED_EDGE('',*,*,#4139,.T.);
#4265 = ORIENTED_EDGE('',*,*,#4241,.T.);
#4266 = CYLINDRICAL_SURFACE('',#4267,1.9);
#4267 = AXIS2_PLACEMENT_3D('',#4268,#4269,#4270);
#4268 = CARTESIAN_POINT('',(5.08,-0.2,5.1));
#4269 = DIRECTION('',(-0.,-0.,-1.));
#4270 = DIRECTION('',(1.,0.,0.));
#4271 = ADVANCED_FACE('',(#4272),#4276,.F.);
#4272 = FACE_BOUND('',#4273,.F.);
#4273 = EDGE_LOOP('',(#4274,#4275));
#4274 = ORIENTED_EDGE('',*,*,#3613,.F.);
#4275 = ORIENTED_EDGE('',*,*,#4249,.T.);
#4276 = PLANE('',#4277);
#4277 = AXIS2_PLACEMENT_3D('',#4278,#4279,#4280);
#4278 = CARTESIAN_POINT('',(5.08,-0.2,5.1));
#4279 = DIRECTION('',(0.,0.,1.));
#4280 = DIRECTION('',(1.,0.,-0.));
#4281 = ADVANCED_FACE('',(#4282),#4301,.F.);
#4282 = FACE_BOUND('',#4283,.F.);
#4283 = EDGE_LOOP('',(#4284,#4293,#4300));
#4284 = ORIENTED_EDGE('',*,*,#4285,.T.);
#4285 = EDGE_CURVE('',#3682,#4286,#4288,.T.);
#4286 = VERTEX_POINT('',#4287);
#4287 = CARTESIAN_POINT('',(1.9,-0.2,5.1));
#4288 = CIRCLE('',#4289,1.9);
#4289 = AXIS2_PLACEMENT_3D('',#4290,#4291,#4292);
#4290 = CARTESIAN_POINT('',(0.,-0.2,5.1));
#4291 = DIRECTION('',(0.,0.,1.));
#4292 = DIRECTION('',(1.,0.,-0.));
#4293 = ORIENTED_EDGE('',*,*,#4294,.T.);
#4294 = EDGE_CURVE('',#4286,#3690,#4295,.T.);
#4295 = CIRCLE('',#4296,1.9);
#4296 = AXIS2_PLACEMENT_3D('',#4297,#4298,#4299);
#4297 = CARTESIAN_POINT('',(0.,-0.2,5.1));
#4298 = DIRECTION('',(0.,0.,1.));
#4299 = DIRECTION('',(1.,0.,-0.));
#4300 = ORIENTED_EDGE('',*,*,#3689,.F.);
#4301 = PLANE('',#4302);
#4302 = AXIS2_PLACEMENT_3D('',#4303,#4304,#4305);
#4303 = CARTESIAN_POINT('',(-1.799263332289E-16,-0.2,5.1));
#4304 = DIRECTION('',(0.,0.,1.));
#4305 = DIRECTION('',(1.,0.,-0.));
#4306 = ADVANCED_FACE('',(#4307),#4412,.T.);
#4307 = FACE_BOUND('',#4308,.T.);
#4308 = EDGE_LOOP('',(#4309,#4320,#4328,#4337,#4345,#4354,#4362,#4371,
    #4379,#4386,#4392,#4393,#4394,#4401,#4402,#4409,#4410,#4411));
#4309 = ORIENTED_EDGE('',*,*,#4310,.F.);
#4310 = EDGE_CURVE('',#4311,#4313,#4315,.T.);
#4311 = VERTEX_POINT('',#4312);
#4312 = CARTESIAN_POINT('',(0.35,-2.067484939698,13.6));
#4313 = VERTEX_POINT('',#4314);
#4314 = CARTESIAN_POINT('',(1.9,-0.2,13.6));
#4315 = CIRCLE('',#4316,1.9);
#4316 = AXIS2_PLACEMENT_3D('',#4317,#4318,#4319);
#4317 = CARTESIAN_POINT('',(0.,-0.2,13.6));
#4318 = DIRECTION('',(0.,0.,1.));
#4319 = DIRECTION('',(1.,0.,-0.));
#4320 = ORIENTED_EDGE('',*,*,#4321,.T.);
#4321 = EDGE_CURVE('',#4311,#4322,#4324,.T.);
#4322 = VERTEX_POINT('',#4323);
#4323 = CARTESIAN_POINT('',(0.35,-2.067484939698,12.9));
#4324 = LINE('',#4325,#4326);
#4325 = CARTESIAN_POINT('',(0.35,-2.067484939698,5.1));
#4326 = VECTOR('',#4327,1.);
#4327 = DIRECTION('',(-0.,-0.,-1.));
#4328 = ORIENTED_EDGE('',*,*,#4329,.T.);
#4329 = EDGE_CURVE('',#4322,#4330,#4332,.T.);
#4330 = VERTEX_POINT('',#4331);
#4331 = CARTESIAN_POINT('',(-0.35,-2.067484939698,12.9));
#4332 = CIRCLE('',#4333,1.9);
#4333 = AXIS2_PLACEMENT_3D('',#4334,#4335,#4336);
#4334 = CARTESIAN_POINT('',(0.,-0.2,12.9));
#4335 = DIRECTION('',(0.,0.,-1.));
#4336 = DIRECTION('',(1.,0.,0.));
#4337 = ORIENTED_EDGE('',*,*,#4338,.F.);
#4338 = EDGE_CURVE('',#4339,#4330,#4341,.T.);
#4339 = VERTEX_POINT('',#4340);
#4340 = CARTESIAN_POINT('',(-0.35,-2.067484939698,13.6));
#4341 = LINE('',#4342,#4343);
#4342 = CARTESIAN_POINT('',(-0.35,-2.067484939698,5.1));
#4343 = VECTOR('',#4344,1.);
#4344 = DIRECTION('',(-0.,-0.,-1.));
#4345 = ORIENTED_EDGE('',*,*,#4346,.F.);
#4346 = EDGE_CURVE('',#4347,#4339,#4349,.T.);
#4347 = VERTEX_POINT('',#4348);
#4348 = CARTESIAN_POINT('',(-0.35,1.667484939698,13.6));
#4349 = CIRCLE('',#4350,1.9);
#4350 = AXIS2_PLACEMENT_3D('',#4351,#4352,#4353);
#4351 = CARTESIAN_POINT('',(0.,-0.2,13.6));
#4352 = DIRECTION('',(0.,0.,1.));
#4353 = DIRECTION('',(1.,0.,-0.));
#4354 = ORIENTED_EDGE('',*,*,#4355,.T.);
#4355 = EDGE_CURVE('',#4347,#4356,#4358,.T.);
#4356 = VERTEX_POINT('',#4357);
#4357 = CARTESIAN_POINT('',(-0.35,1.667484939698,12.9));
#4358 = LINE('',#4359,#4360);
#4359 = CARTESIAN_POINT('',(-0.35,1.667484939698,5.1));
#4360 = VECTOR('',#4361,1.);
#4361 = DIRECTION('',(-0.,-0.,-1.));
#4362 = ORIENTED_EDGE('',*,*,#4363,.T.);
#4363 = EDGE_CURVE('',#4356,#4364,#4366,.T.);
#4364 = VERTEX_POINT('',#4365);
#4365 = CARTESIAN_POINT('',(0.35,1.667484939698,12.9));
#4366 = CIRCLE('',#4367,1.9);
#4367 = AXIS2_PLACEMENT_3D('',#4368,#4369,#4370);
#4368 = CARTESIAN_POINT('',(0.,-0.2,12.9));
#4369 = DIRECTION('',(0.,0.,-1.));
#4370 = DIRECTION('',(1.,0.,0.));
#4371 = ORIENTED_EDGE('',*,*,#4372,.F.);
#4372 = EDGE_CURVE('',#4373,#4364,#4375,.T.);
#4373 = VERTEX_POINT('',#4374);
#4374 = CARTESIAN_POINT('',(0.35,1.667484939698,13.6));
#4375 = LINE('',#4376,#4377);
#4376 = CARTESIAN_POINT('',(0.35,1.667484939698,5.1));
#4377 = VECTOR('',#4378,1.);
#4378 = DIRECTION('',(-0.,-0.,-1.));
#4379 = ORIENTED_EDGE('',*,*,#4380,.F.);
#4380 = EDGE_CURVE('',#4313,#4373,#4381,.T.);
#4381 = CIRCLE('',#4382,1.9);
#4382 = AXIS2_PLACEMENT_3D('',#4383,#4384,#4385);
#4383 = CARTESIAN_POINT('',(0.,-0.2,13.6));
#4384 = DIRECTION('',(0.,0.,1.));
#4385 = DIRECTION('',(1.,0.,-0.));
#4386 = ORIENTED_EDGE('',*,*,#4387,.F.);
#4387 = EDGE_CURVE('',#4286,#4313,#4388,.T.);
#4388 = LINE('',#4389,#4390);
#4389 = CARTESIAN_POINT('',(1.9,-0.2,5.1));
#4390 = VECTOR('',#4391,1.);
#4391 = DIRECTION('',(0.,0.,1.));
#4392 = ORIENTED_EDGE('',*,*,#4294,.T.);
#4393 = ORIENTED_EDGE('',*,*,#3812,.T.);
#4394 = ORIENTED_EDGE('',*,*,#4395,.T.);
#4395 = EDGE_CURVE('',#3771,#3738,#4396,.T.);
#4396 = CIRCLE('',#4397,1.9);
#4397 = AXIS2_PLACEMENT_3D('',#4398,#4399,#4400);
#4398 = CARTESIAN_POINT('',(0.,-0.2,5.1));
#4399 = DIRECTION('',(0.,0.,1.));
#4400 = DIRECTION('',(1.,0.,-0.));
#4401 = ORIENTED_EDGE('',*,*,#3737,.T.);
#4402 = ORIENTED_EDGE('',*,*,#4403,.T.);
#4403 = EDGE_CURVE('',#3740,#3713,#4404,.T.);
#4404 = CIRCLE('',#4405,1.9);
#4405 = AXIS2_PLACEMENT_3D('',#4406,#4407,#4408);
#4406 = CARTESIAN_POINT('',(0.,-0.2,5.1));
#4407 = DIRECTION('',(0.,0.,1.));
#4408 = DIRECTION('',(1.,0.,-0.));
#4409 = ORIENTED_EDGE('',*,*,#3712,.T.);
#4410 = ORIENTED_EDGE('',*,*,#4285,.T.);
#4411 = ORIENTED_EDGE('',*,*,#4387,.T.);
#4412 = CYLINDRICAL_SURFACE('',#4413,1.9);
#4413 = AXIS2_PLACEMENT_3D('',#4414,#4415,#4416);
#4414 = CARTESIAN_POINT('',(0.,-0.2,5.1));
#4415 = DIRECTION('',(-0.,-0.,-1.));
#4416 = DIRECTION('',(1.,0.,0.));
#4417 = ADVANCED_FACE('',(#4418),#4422,.F.);
#4418 = FACE_BOUND('',#4419,.F.);
#4419 = EDGE_LOOP('',(#4420,#4421));
#4420 = ORIENTED_EDGE('',*,*,#3778,.F.);
#4421 = ORIENTED_EDGE('',*,*,#4395,.T.);
#4422 = PLANE('',#4423);
#4423 = AXIS2_PLACEMENT_3D('',#4424,#4425,#4426);
#4424 = CARTESIAN_POINT('',(-1.799263332289E-16,-0.2,5.1));
#4425 = DIRECTION('',(0.,0.,1.));
#4426 = DIRECTION('',(1.,0.,-0.));
#4427 = ADVANCED_FACE('',(#4428),#4432,.F.);
#4428 = FACE_BOUND('',#4429,.F.);
#4429 = EDGE_LOOP('',(#4430,#4431));
#4430 = ORIENTED_EDGE('',*,*,#4111,.T.);
#4431 = ORIENTED_EDGE('',*,*,#3831,.F.);
#4432 = PLANE('',#4433);
#4433 = AXIS2_PLACEMENT_3D('',#4434,#4435,#4436);
#4434 = CARTESIAN_POINT('',(10.16,-0.2,5.1));
#4435 = DIRECTION('',(0.,0.,1.));
#4436 = DIRECTION('',(1.,0.,-0.));
#4437 = ADVANCED_FACE('',(#4438),#4463,.T.);
#4438 = FACE_BOUND('',#4439,.T.);
#4439 = EDGE_LOOP('',(#4440,#4448,#4449,#4457));
#4440 = ORIENTED_EDGE('',*,*,#4441,.T.);
#4441 = EDGE_CURVE('',#4442,#3844,#4444,.T.);
#4442 = VERTEX_POINT('',#4443);
#4443 = CARTESIAN_POINT('',(8.91,2.,5.));
#4444 = LINE('',#4445,#4446);
#4445 = CARTESIAN_POINT('',(8.91,2.,5.));
#4446 = VECTOR('',#4447,1.);
#4447 = DIRECTION('',(0.,-1.,0.));
#4448 = ORIENTED_EDGE('',*,*,#3843,.T.);
#4449 = ORIENTED_EDGE('',*,*,#4450,.F.);
#4450 = EDGE_CURVE('',#4451,#3846,#4453,.T.);
#4451 = VERTEX_POINT('',#4452);
#4452 = CARTESIAN_POINT('',(8.91,2.,2.5));
#4453 = LINE('',#4454,#4455);
#4454 = CARTESIAN_POINT('',(8.91,2.,2.5));
#4455 = VECTOR('',#4456,1.);
#4456 = DIRECTION('',(0.,-1.,0.));
#4457 = ORIENTED_EDGE('',*,*,#4458,.F.);
#4458 = EDGE_CURVE('',#4442,#4451,#4459,.T.);
#4459 = LINE('',#4460,#4461);
#4460 = CARTESIAN_POINT('',(8.91,2.,5.));
#4461 = VECTOR('',#4462,1.);
#4462 = DIRECTION('',(0.,0.,-1.));
#4463 = PLANE('',#4464);
#4464 = AXIS2_PLACEMENT_3D('',#4465,#4466,#4467);
#4465 = CARTESIAN_POINT('',(8.91,2.,5.));
#4466 = DIRECTION('',(1.,0.,0.));
#4467 = DIRECTION('',(0.,0.,-1.));
#4468 = ADVANCED_FACE('',(#4469),#4487,.T.);
#4469 = FACE_BOUND('',#4470,.T.);
#4470 = EDGE_LOOP('',(#4471,#4479,#4480,#4481));
#4471 = ORIENTED_EDGE('',*,*,#4472,.T.);
#4472 = EDGE_CURVE('',#4473,#3862,#4475,.T.);
#4473 = VERTEX_POINT('',#4474);
#4474 = CARTESIAN_POINT('',(11.41,2.,5.));
#4475 = LINE('',#4476,#4477);
#4476 = CARTESIAN_POINT('',(11.41,2.,5.));
#4477 = VECTOR('',#4478,1.);
#4478 = DIRECTION('',(0.,-1.,0.));
#4479 = ORIENTED_EDGE('',*,*,#3869,.T.);
#4480 = ORIENTED_EDGE('',*,*,#4441,.F.);
#4481 = ORIENTED_EDGE('',*,*,#4482,.F.);
#4482 = EDGE_CURVE('',#4473,#4442,#4483,.T.);
#4483 = LINE('',#4484,#4485);
#4484 = CARTESIAN_POINT('',(11.41,2.,5.));
#4485 = VECTOR('',#4486,1.);
#4486 = DIRECTION('',(-1.,0.,0.));
#4487 = PLANE('',#4488);
#4488 = AXIS2_PLACEMENT_3D('',#4489,#4490,#4491);
#4489 = CARTESIAN_POINT('',(11.41,2.,5.));
#4490 = DIRECTION('',(-0.,-0.,-1.));
#4491 = DIRECTION('',(-1.,0.,0.));
#4492 = ADVANCED_FACE('',(#4493),#4511,.T.);
#4493 = FACE_BOUND('',#4494,.T.);
#4494 = EDGE_LOOP('',(#4495,#4503,#4504,#4505));
#4495 = ORIENTED_EDGE('',*,*,#4496,.T.);
#4496 = EDGE_CURVE('',#4497,#3854,#4499,.T.);
#4497 = VERTEX_POINT('',#4498);
#4498 = CARTESIAN_POINT('',(11.41,2.,2.5));
#4499 = LINE('',#4500,#4501);
#4500 = CARTESIAN_POINT('',(11.41,2.,2.5));
#4501 = VECTOR('',#4502,1.);
#4502 = DIRECTION('',(0.,-1.,0.));
#4503 = ORIENTED_EDGE('',*,*,#3861,.T.);
#4504 = ORIENTED_EDGE('',*,*,#4472,.F.);
#4505 = ORIENTED_EDGE('',*,*,#4506,.F.);
#4506 = EDGE_CURVE('',#4497,#4473,#4507,.T.);
#4507 = LINE('',#4508,#4509);
#4508 = CARTESIAN_POINT('',(11.41,2.,2.5));
#4509 = VECTOR('',#4510,1.);
#4510 = DIRECTION('',(0.,0.,1.));
#4511 = PLANE('',#4512);
#4512 = AXIS2_PLACEMENT_3D('',#4513,#4514,#4515);
#4513 = CARTESIAN_POINT('',(11.41,2.,2.5));
#4514 = DIRECTION('',(-1.,0.,0.));
#4515 = DIRECTION('',(0.,0.,1.));
#4516 = ADVANCED_FACE('',(#4517),#4528,.T.);
#4517 = FACE_BOUND('',#4518,.T.);
#4518 = EDGE_LOOP('',(#4519,#4520,#4521,#4522));
#4519 = ORIENTED_EDGE('',*,*,#4450,.T.);
#4520 = ORIENTED_EDGE('',*,*,#3853,.T.);
#4521 = ORIENTED_EDGE('',*,*,#4496,.F.);
#4522 = ORIENTED_EDGE('',*,*,#4523,.F.);
#4523 = EDGE_CURVE('',#4451,#4497,#4524,.T.);
#4524 = LINE('',#4525,#4526);
#4525 = CARTESIAN_POINT('',(8.91,2.,2.5));
#4526 = VECTOR('',#4527,1.);
#4527 = DIRECTION('',(1.,0.,0.));
#4528 = PLANE('',#4529);
#4529 = AXIS2_PLACEMENT_3D('',#4530,#4531,#4532);
#4530 = CARTESIAN_POINT('',(8.91,2.,2.5));
#4531 = DIRECTION('',(-0.,0.,1.));
#4532 = DIRECTION('',(1.,0.,0.));
#4533 = ADVANCED_FACE('',(#4534),#4538,.F.);
#4534 = FACE_BOUND('',#4535,.F.);
#4535 = EDGE_LOOP('',(#4536,#4537));
#4536 = ORIENTED_EDGE('',*,*,#4257,.T.);
#4537 = ORIENTED_EDGE('',*,*,#3886,.F.);
#4538 = PLANE('',#4539);
#4539 = AXIS2_PLACEMENT_3D('',#4540,#4541,#4542);
#4540 = CARTESIAN_POINT('',(5.08,-0.2,5.1));
#4541 = DIRECTION('',(0.,0.,1.));
#4542 = DIRECTION('',(1.,0.,-0.));
#4543 = ADVANCED_FACE('',(#4544),#4569,.T.);
#4544 = FACE_BOUND('',#4545,.T.);
#4545 = EDGE_LOOP('',(#4546,#4554,#4555,#4563));
#4546 = ORIENTED_EDGE('',*,*,#4547,.T.);
#4547 = EDGE_CURVE('',#4548,#3899,#4550,.T.);
#4548 = VERTEX_POINT('',#4549);
#4549 = CARTESIAN_POINT('',(3.83,2.,5.));
#4550 = LINE('',#4551,#4552);
#4551 = CARTESIAN_POINT('',(3.83,2.,5.));
#4552 = VECTOR('',#4553,1.);
#4553 = DIRECTION('',(0.,-1.,0.));
#4554 = ORIENTED_EDGE('',*,*,#3898,.T.);
#4555 = ORIENTED_EDGE('',*,*,#4556,.F.);
#4556 = EDGE_CURVE('',#4557,#3901,#4559,.T.);
#4557 = VERTEX_POINT('',#4558);
#4558 = CARTESIAN_POINT('',(3.83,2.,2.5));
#4559 = LINE('',#4560,#4561);
#4560 = CARTESIAN_POINT('',(3.83,2.,2.5));
#4561 = VECTOR('',#4562,1.);
#4562 = DIRECTION('',(0.,-1.,0.));
#4563 = ORIENTED_EDGE('',*,*,#4564,.F.);
#4564 = EDGE_CURVE('',#4548,#4557,#4565,.T.);
#4565 = LINE('',#4566,#4567);
#4566 = CARTESIAN_POINT('',(3.83,2.,5.));
#4567 = VECTOR('',#4568,1.);
#4568 = DIRECTION('',(0.,0.,-1.));
#4569 = PLANE('',#4570);
#4570 = AXIS2_PLACEMENT_3D('',#4571,#4572,#4573);
#4571 = CARTESIAN_POINT('',(3.83,2.,5.));
#4572 = DIRECTION('',(1.,0.,0.));
#4573 = DIRECTION('',(0.,0.,-1.));
#4574 = ADVANCED_FACE('',(#4575),#4593,.T.);
#4575 = FACE_BOUND('',#4576,.T.);
#4576 = EDGE_LOOP('',(#4577,#4585,#4586,#4587));
#4577 = ORIENTED_EDGE('',*,*,#4578,.T.);
#4578 = EDGE_CURVE('',#4579,#3917,#4581,.T.);
#4579 = VERTEX_POINT('',#4580);
#4580 = CARTESIAN_POINT('',(6.33,2.,5.));
#4581 = LINE('',#4582,#4583);
#4582 = CARTESIAN_POINT('',(6.33,2.,5.));
#4583 = VECTOR('',#4584,1.);
#4584 = DIRECTION('',(0.,-1.,0.));
#4585 = ORIENTED_EDGE('',*,*,#3924,.T.);
#4586 = ORIENTED_EDGE('',*,*,#4547,.F.);
#4587 = ORIENTED_EDGE('',*,*,#4588,.F.);
#4588 = EDGE_CURVE('',#4579,#4548,#4589,.T.);
#4589 = LINE('',#4590,#4591);
#4590 = CARTESIAN_POINT('',(6.33,2.,5.));
#4591 = VECTOR('',#4592,1.);
#4592 = DIRECTION('',(-1.,0.,0.));
#4593 = PLANE('',#4594);
#4594 = AXIS2_PLACEMENT_3D('',#4595,#4596,#4597);
#4595 = CARTESIAN_POINT('',(6.33,2.,5.));
#4596 = DIRECTION('',(-0.,-0.,-1.));
#4597 = DIRECTION('',(-1.,0.,0.));
#4598 = ADVANCED_FACE('',(#4599),#4617,.T.);
#4599 = FACE_BOUND('',#4600,.T.);
#4600 = EDGE_LOOP('',(#4601,#4609,#4610,#4611));
#4601 = ORIENTED_EDGE('',*,*,#4602,.T.);
#4602 = EDGE_CURVE('',#4603,#3909,#4605,.T.);
#4603 = VERTEX_POINT('',#4604);
#4604 = CARTESIAN_POINT('',(6.33,2.,2.5));
#4605 = LINE('',#4606,#4607);
#4606 = CARTESIAN_POINT('',(6.33,2.,2.5));
#4607 = VECTOR('',#4608,1.);
#4608 = DIRECTION('',(0.,-1.,0.));
#4609 = ORIENTED_EDGE('',*,*,#3916,.T.);
#4610 = ORIENTED_EDGE('',*,*,#4578,.F.);
#4611 = ORIENTED_EDGE('',*,*,#4612,.F.);
#4612 = EDGE_CURVE('',#4603,#4579,#4613,.T.);
#4613 = LINE('',#4614,#4615);
#4614 = CARTESIAN_POINT('',(6.33,2.,2.5));
#4615 = VECTOR('',#4616,1.);
#4616 = DIRECTION('',(0.,0.,1.));
#4617 = PLANE('',#4618);
#4618 = AXIS2_PLACEMENT_3D('',#4619,#4620,#4621);
#4619 = CARTESIAN_POINT('',(6.33,2.,2.5));
#4620 = DIRECTION('',(-1.,0.,0.));
#4621 = DIRECTION('',(0.,0.,1.));
#4622 = ADVANCED_FACE('',(#4623),#4634,.T.);
#4623 = FACE_BOUND('',#4624,.T.);
#4624 = EDGE_LOOP('',(#4625,#4626,#4627,#4628));
#4625 = ORIENTED_EDGE('',*,*,#4556,.T.);
#4626 = ORIENTED_EDGE('',*,*,#3908,.T.);
#4627 = ORIENTED_EDGE('',*,*,#4602,.F.);
#4628 = ORIENTED_EDGE('',*,*,#4629,.F.);
#4629 = EDGE_CURVE('',#4557,#4603,#4630,.T.);
#4630 = LINE('',#4631,#4632);
#4631 = CARTESIAN_POINT('',(3.83,2.,2.5));
#4632 = VECTOR('',#4633,1.);
#4633 = DIRECTION('',(1.,0.,0.));
#4634 = PLANE('',#4635);
#4635 = AXIS2_PLACEMENT_3D('',#4636,#4637,#4638);
#4636 = CARTESIAN_POINT('',(3.83,2.,2.5));
#4637 = DIRECTION('',(-0.,0.,1.));
#4638 = DIRECTION('',(1.,0.,0.));
#4639 = ADVANCED_FACE('',(#4640),#4644,.F.);
#4640 = FACE_BOUND('',#4641,.F.);
#4641 = EDGE_LOOP('',(#4642,#4643));
#4642 = ORIENTED_EDGE('',*,*,#4403,.T.);
#4643 = ORIENTED_EDGE('',*,*,#3941,.F.);
#4644 = PLANE('',#4645);
#4645 = AXIS2_PLACEMENT_3D('',#4646,#4647,#4648);
#4646 = CARTESIAN_POINT('',(-1.799263332289E-16,-0.2,5.1));
#4647 = DIRECTION('',(0.,0.,1.));
#4648 = DIRECTION('',(1.,0.,-0.));
#4649 = ADVANCED_FACE('',(#4650),#4675,.T.);
#4650 = FACE_BOUND('',#4651,.T.);
#4651 = EDGE_LOOP('',(#4652,#4660,#4661,#4669));
#4652 = ORIENTED_EDGE('',*,*,#4653,.T.);
#4653 = EDGE_CURVE('',#4654,#3954,#4656,.T.);
#4654 = VERTEX_POINT('',#4655);
#4655 = CARTESIAN_POINT('',(-1.25,2.,5.));
#4656 = LINE('',#4657,#4658);
#4657 = CARTESIAN_POINT('',(-1.25,2.,5.));
#4658 = VECTOR('',#4659,1.);
#4659 = DIRECTION('',(0.,-1.,0.));
#4660 = ORIENTED_EDGE('',*,*,#3953,.T.);
#4661 = ORIENTED_EDGE('',*,*,#4662,.F.);
#4662 = EDGE_CURVE('',#4663,#3956,#4665,.T.);
#4663 = VERTEX_POINT('',#4664);
#4664 = CARTESIAN_POINT('',(-1.25,2.,2.5));
#4665 = LINE('',#4666,#4667);
#4666 = CARTESIAN_POINT('',(-1.25,2.,2.5));
#4667 = VECTOR('',#4668,1.);
#4668 = DIRECTION('',(0.,-1.,0.));
#4669 = ORIENTED_EDGE('',*,*,#4670,.F.);
#4670 = EDGE_CURVE('',#4654,#4663,#4671,.T.);
#4671 = LINE('',#4672,#4673);
#4672 = CARTESIAN_POINT('',(-1.25,2.,5.));
#4673 = VECTOR('',#4674,1.);
#4674 = DIRECTION('',(0.,0.,-1.));
#4675 = PLANE('',#4676);
#4676 = AXIS2_PLACEMENT_3D('',#4677,#4678,#4679);
#4677 = CARTESIAN_POINT('',(-1.25,2.,5.));
#4678 = DIRECTION('',(1.,0.,0.));
#4679 = DIRECTION('',(0.,0.,-1.));
#4680 = ADVANCED_FACE('',(#4681),#4699,.T.);
#4681 = FACE_BOUND('',#4682,.T.);
#4682 = EDGE_LOOP('',(#4683,#4691,#4692,#4693));
#4683 = ORIENTED_EDGE('',*,*,#4684,.T.);
#4684 = EDGE_CURVE('',#4685,#3972,#4687,.T.);
#4685 = VERTEX_POINT('',#4686);
#4686 = CARTESIAN_POINT('',(1.25,2.,5.));
#4687 = LINE('',#4688,#4689);
#4688 = CARTESIAN_POINT('',(1.25,2.,5.));
#4689 = VECTOR('',#4690,1.);
#4690 = DIRECTION('',(0.,-1.,0.));
#4691 = ORIENTED_EDGE('',*,*,#3979,.T.);
#4692 = ORIENTED_EDGE('',*,*,#4653,.F.);
#4693 = ORIENTED_EDGE('',*,*,#4694,.F.);
#4694 = EDGE_CURVE('',#4685,#4654,#4695,.T.);
#4695 = LINE('',#4696,#4697);
#4696 = CARTESIAN_POINT('',(1.25,2.,5.));
#4697 = VECTOR('',#4698,1.);
#4698 = DIRECTION('',(-1.,0.,0.));
#4699 = PLANE('',#4700);
#4700 = AXIS2_PLACEMENT_3D('',#4701,#4702,#4703);
#4701 = CARTESIAN_POINT('',(1.25,2.,5.));
#4702 = DIRECTION('',(-0.,-0.,-1.));
#4703 = DIRECTION('',(-1.,0.,0.));
#4704 = ADVANCED_FACE('',(#4705),#4723,.T.);
#4705 = FACE_BOUND('',#4706,.T.);
#4706 = EDGE_LOOP('',(#4707,#4715,#4716,#4717));
#4707 = ORIENTED_EDGE('',*,*,#4708,.T.);
#4708 = EDGE_CURVE('',#4709,#3964,#4711,.T.);
#4709 = VERTEX_POINT('',#4710);
#4710 = CARTESIAN_POINT('',(1.25,2.,2.5));
#4711 = LINE('',#4712,#4713);
#4712 = CARTESIAN_POINT('',(1.25,2.,2.5));
#4713 = VECTOR('',#4714,1.);
#4714 = DIRECTION('',(0.,-1.,0.));
#4715 = ORIENTED_EDGE('',*,*,#3971,.T.);
#4716 = ORIENTED_EDGE('',*,*,#4684,.F.);
#4717 = ORIENTED_EDGE('',*,*,#4718,.F.);
#4718 = EDGE_CURVE('',#4709,#4685,#4719,.T.);
#4719 = LINE('',#4720,#4721);
#4720 = CARTESIAN_POINT('',(1.25,2.,2.5));
#4721 = VECTOR('',#4722,1.);
#4722 = DIRECTION('',(0.,0.,1.));
#4723 = PLANE('',#4724);
#4724 = AXIS2_PLACEMENT_3D('',#4725,#4726,#4727);
#4725 = CARTESIAN_POINT('',(1.25,2.,2.5));
#4726 = DIRECTION('',(-1.,0.,0.));
#4727 = DIRECTION('',(0.,0.,1.));
#4728 = ADVANCED_FACE('',(#4729),#4740,.T.);
#4729 = FACE_BOUND('',#4730,.T.);
#4730 = EDGE_LOOP('',(#4731,#4732,#4733,#4734));
#4731 = ORIENTED_EDGE('',*,*,#4662,.T.);
#4732 = ORIENTED_EDGE('',*,*,#3963,.T.);
#4733 = ORIENTED_EDGE('',*,*,#4708,.F.);
#4734 = ORIENTED_EDGE('',*,*,#4735,.F.);
#4735 = EDGE_CURVE('',#4663,#4709,#4736,.T.);
#4736 = LINE('',#4737,#4738);
#4737 = CARTESIAN_POINT('',(-1.25,2.,2.5));
#4738 = VECTOR('',#4739,1.);
#4739 = DIRECTION('',(1.,0.,0.));
#4740 = PLANE('',#4741);
#4741 = AXIS2_PLACEMENT_3D('',#4742,#4743,#4744);
#4742 = CARTESIAN_POINT('',(-1.25,2.,2.5));
#4743 = DIRECTION('',(-0.,0.,1.));
#4744 = DIRECTION('',(1.,0.,0.));
#4745 = ADVANCED_FACE('',(#4746),#4756,.T.);
#4746 = FACE_BOUND('',#4747,.T.);
#4747 = EDGE_LOOP('',(#4748,#4749,#4750));
#4748 = ORIENTED_EDGE('',*,*,#4018,.T.);
#4749 = ORIENTED_EDGE('',*,*,#4088,.T.);
#4750 = ORIENTED_EDGE('',*,*,#4751,.F.);
#4751 = EDGE_CURVE('',#4019,#4081,#4752,.T.);
#4752 = LINE('',#4753,#4754);
#4753 = CARTESIAN_POINT('',(10.51,-2.2,13.6));
#4754 = VECTOR('',#4755,1.);
#4755 = DIRECTION('',(0.,1.,0.));
#4756 = PLANE('',#4757);
#4757 = AXIS2_PLACEMENT_3D('',#4758,#4759,#4760);
#4758 = CARTESIAN_POINT('',(10.16,-0.2,13.6));
#4759 = DIRECTION('',(0.,0.,1.));
#4760 = DIRECTION('',(1.,0.,-0.));
#4761 = ADVANCED_FACE('',(#4762),#4773,.F.);
#4762 = FACE_BOUND('',#4763,.F.);
#4763 = EDGE_LOOP('',(#4764,#4765,#4766,#4772));
#4764 = ORIENTED_EDGE('',*,*,#4751,.F.);
#4765 = ORIENTED_EDGE('',*,*,#4029,.T.);
#4766 = ORIENTED_EDGE('',*,*,#4767,.T.);
#4767 = EDGE_CURVE('',#4030,#4072,#4768,.T.);
#4768 = LINE('',#4769,#4770);
#4769 = CARTESIAN_POINT('',(10.51,-2.2,12.9));
#4770 = VECTOR('',#4771,1.);
#4771 = DIRECTION('',(0.,1.,0.));
#4772 = ORIENTED_EDGE('',*,*,#4080,.F.);
#4773 = PLANE('',#4774);
#4774 = AXIS2_PLACEMENT_3D('',#4775,#4776,#4777);
#4775 = CARTESIAN_POINT('',(10.51,-2.2,13.6));
#4776 = DIRECTION('',(1.,0.,0.));
#4777 = DIRECTION('',(-0.,1.,0.));
#4778 = ADVANCED_FACE('',(#4779),#4790,.T.);
#4779 = FACE_BOUND('',#4780,.T.);
#4780 = EDGE_LOOP('',(#4781,#4787,#4788,#4789));
#4781 = ORIENTED_EDGE('',*,*,#4782,.T.);
#4782 = EDGE_CURVE('',#4064,#4038,#4783,.T.);
#4783 = LINE('',#4784,#4785);
#4784 = CARTESIAN_POINT('',(9.81,1.8,12.9));
#4785 = VECTOR('',#4786,1.);
#4786 = DIRECTION('',(0.,-1.,0.));
#4787 = ORIENTED_EDGE('',*,*,#4037,.F.);
#4788 = ORIENTED_EDGE('',*,*,#4767,.T.);
#4789 = ORIENTED_EDGE('',*,*,#4071,.F.);
#4790 = PLANE('',#4791);
#4791 = AXIS2_PLACEMENT_3D('',#4792,#4793,#4794);
#4792 = CARTESIAN_POINT('',(10.16,-0.2,12.9));
#4793 = DIRECTION('',(0.,0.,1.));
#4794 = DIRECTION('',(1.,0.,-0.));
#4795 = ADVANCED_FACE('',(#4796),#4807,.F.);
#4796 = FACE_BOUND('',#4797,.F.);
#4797 = EDGE_LOOP('',(#4798,#4804,#4805,#4806));
#4798 = ORIENTED_EDGE('',*,*,#4799,.F.);
#4799 = EDGE_CURVE('',#4055,#4047,#4800,.T.);
#4800 = LINE('',#4801,#4802);
#4801 = CARTESIAN_POINT('',(9.81,1.8,13.6));
#4802 = VECTOR('',#4803,1.);
#4803 = DIRECTION('',(0.,-1.,0.));
#4804 = ORIENTED_EDGE('',*,*,#4063,.T.);
#4805 = ORIENTED_EDGE('',*,*,#4782,.T.);
#4806 = ORIENTED_EDGE('',*,*,#4046,.F.);
#4807 = PLANE('',#4808);
#4808 = AXIS2_PLACEMENT_3D('',#4809,#4810,#4811);
#4809 = CARTESIAN_POINT('',(9.81,1.8,13.6));
#4810 = DIRECTION('',(-1.,0.,0.));
#4811 = DIRECTION('',(0.,-1.,0.));
#4812 = ADVANCED_FACE('',(#4813),#4817,.T.);
#4813 = FACE_BOUND('',#4814,.T.);
#4814 = EDGE_LOOP('',(#4815,#4816));
#4815 = ORIENTED_EDGE('',*,*,#4799,.F.);
#4816 = ORIENTED_EDGE('',*,*,#4054,.T.);
#4817 = PLANE('',#4818);
#4818 = AXIS2_PLACEMENT_3D('',#4819,#4820,#4821);
#4819 = CARTESIAN_POINT('',(10.16,-0.2,13.6));
#4820 = DIRECTION('',(0.,0.,1.));
#4821 = DIRECTION('',(1.,0.,-0.));
#4822 = ADVANCED_FACE('',(#4823),#4833,.T.);
#4823 = FACE_BOUND('',#4824,.T.);
#4824 = EDGE_LOOP('',(#4825,#4826,#4827));
#4825 = ORIENTED_EDGE('',*,*,#4164,.T.);
#4826 = ORIENTED_EDGE('',*,*,#4234,.T.);
#4827 = ORIENTED_EDGE('',*,*,#4828,.F.);
#4828 = EDGE_CURVE('',#4165,#4227,#4829,.T.);
#4829 = LINE('',#4830,#4831);
#4830 = CARTESIAN_POINT('',(5.43,-2.2,13.6));
#4831 = VECTOR('',#4832,1.);
#4832 = DIRECTION('',(0.,1.,0.));
#4833 = PLANE('',#4834);
#4834 = AXIS2_PLACEMENT_3D('',#4835,#4836,#4837);
#4835 = CARTESIAN_POINT('',(5.08,-0.2,13.6));
#4836 = DIRECTION('',(0.,0.,1.));
#4837 = DIRECTION('',(1.,0.,-0.));
#4838 = ADVANCED_FACE('',(#4839),#4850,.F.);
#4839 = FACE_BOUND('',#4840,.F.);
#4840 = EDGE_LOOP('',(#4841,#4842,#4843,#4849));
#4841 = ORIENTED_EDGE('',*,*,#4828,.F.);
#4842 = ORIENTED_EDGE('',*,*,#4175,.T.);
#4843 = ORIENTED_EDGE('',*,*,#4844,.T.);
#4844 = EDGE_CURVE('',#4176,#4218,#4845,.T.);
#4845 = LINE('',#4846,#4847);
#4846 = CARTESIAN_POINT('',(5.43,-2.2,12.9));
#4847 = VECTOR('',#4848,1.);
#4848 = DIRECTION('',(0.,1.,0.));
#4849 = ORIENTED_EDGE('',*,*,#4226,.F.);
#4850 = PLANE('',#4851);
#4851 = AXIS2_PLACEMENT_3D('',#4852,#4853,#4854);
#4852 = CARTESIAN_POINT('',(5.43,-2.2,13.6));
#4853 = DIRECTION('',(1.,0.,0.));
#4854 = DIRECTION('',(-0.,1.,0.));
#4855 = ADVANCED_FACE('',(#4856),#4867,.T.);
#4856 = FACE_BOUND('',#4857,.T.);
#4857 = EDGE_LOOP('',(#4858,#4864,#4865,#4866));
#4858 = ORIENTED_EDGE('',*,*,#4859,.T.);
#4859 = EDGE_CURVE('',#4210,#4184,#4860,.T.);
#4860 = LINE('',#4861,#4862);
#4861 = CARTESIAN_POINT('',(4.73,1.8,12.9));
#4862 = VECTOR('',#4863,1.);
#4863 = DIRECTION('',(0.,-1.,0.));
#4864 = ORIENTED_EDGE('',*,*,#4183,.F.);
#4865 = ORIENTED_EDGE('',*,*,#4844,.T.);
#4866 = ORIENTED_EDGE('',*,*,#4217,.F.);
#4867 = PLANE('',#4868);
#4868 = AXIS2_PLACEMENT_3D('',#4869,#4870,#4871);
#4869 = CARTESIAN_POINT('',(5.08,-0.2,12.9));
#4870 = DIRECTION('',(0.,0.,1.));
#4871 = DIRECTION('',(1.,0.,-0.));
#4872 = ADVANCED_FACE('',(#4873),#4884,.F.);
#4873 = FACE_BOUND('',#4874,.F.);
#4874 = EDGE_LOOP('',(#4875,#4881,#4882,#4883));
#4875 = ORIENTED_EDGE('',*,*,#4876,.F.);
#4876 = EDGE_CURVE('',#4201,#4193,#4877,.T.);
#4877 = LINE('',#4878,#4879);
#4878 = CARTESIAN_POINT('',(4.73,1.8,13.6));
#4879 = VECTOR('',#4880,1.);
#4880 = DIRECTION('',(0.,-1.,0.));
#4881 = ORIENTED_EDGE('',*,*,#4209,.T.);
#4882 = ORIENTED_EDGE('',*,*,#4859,.T.);
#4883 = ORIENTED_EDGE('',*,*,#4192,.F.);
#4884 = PLANE('',#4885);
#4885 = AXIS2_PLACEMENT_3D('',#4886,#4887,#4888);
#4886 = CARTESIAN_POINT('',(4.73,1.8,13.6));
#4887 = DIRECTION('',(-1.,0.,0.));
#4888 = DIRECTION('',(0.,-1.,0.));
#4889 = ADVANCED_FACE('',(#4890),#4894,.T.);
#4890 = FACE_BOUND('',#4891,.T.);
#4891 = EDGE_LOOP('',(#4892,#4893));
#4892 = ORIENTED_EDGE('',*,*,#4876,.F.);
#4893 = ORIENTED_EDGE('',*,*,#4200,.T.);
#4894 = PLANE('',#4895);
#4895 = AXIS2_PLACEMENT_3D('',#4896,#4897,#4898);
#4896 = CARTESIAN_POINT('',(5.08,-0.2,13.6));
#4897 = DIRECTION('',(0.,0.,1.));
#4898 = DIRECTION('',(1.,0.,-0.));
#4899 = ADVANCED_FACE('',(#4900),#4910,.T.);
#4900 = FACE_BOUND('',#4901,.T.);
#4901 = EDGE_LOOP('',(#4902,#4903,#4904));
#4902 = ORIENTED_EDGE('',*,*,#4310,.T.);
#4903 = ORIENTED_EDGE('',*,*,#4380,.T.);
#4904 = ORIENTED_EDGE('',*,*,#4905,.F.);
#4905 = EDGE_CURVE('',#4311,#4373,#4906,.T.);
#4906 = LINE('',#4907,#4908);
#4907 = CARTESIAN_POINT('',(0.35,-2.2,13.6));
#4908 = VECTOR('',#4909,1.);
#4909 = DIRECTION('',(0.,1.,0.));
#4910 = PLANE('',#4911);
#4911 = AXIS2_PLACEMENT_3D('',#4912,#4913,#4914);
#4912 = CARTESIAN_POINT('',(-1.799263332289E-16,-0.2,13.6));
#4913 = DIRECTION('',(0.,0.,1.));
#4914 = DIRECTION('',(1.,0.,-0.));
#4915 = ADVANCED_FACE('',(#4916),#4927,.F.);
#4916 = FACE_BOUND('',#4917,.F.);
#4917 = EDGE_LOOP('',(#4918,#4919,#4920,#4926));
#4918 = ORIENTED_EDGE('',*,*,#4905,.F.);
#4919 = ORIENTED_EDGE('',*,*,#4321,.T.);
#4920 = ORIENTED_EDGE('',*,*,#4921,.T.);
#4921 = EDGE_CURVE('',#4322,#4364,#4922,.T.);
#4922 = LINE('',#4923,#4924);
#4923 = CARTESIAN_POINT('',(0.35,-2.2,12.9));
#4924 = VECTOR('',#4925,1.);
#4925 = DIRECTION('',(0.,1.,0.));
#4926 = ORIENTED_EDGE('',*,*,#4372,.F.);
#4927 = PLANE('',#4928);
#4928 = AXIS2_PLACEMENT_3D('',#4929,#4930,#4931);
#4929 = CARTESIAN_POINT('',(0.35,-2.2,13.6));
#4930 = DIRECTION('',(1.,0.,0.));
#4931 = DIRECTION('',(-0.,1.,0.));
#4932 = ADVANCED_FACE('',(#4933),#4944,.T.);
#4933 = FACE_BOUND('',#4934,.T.);
#4934 = EDGE_LOOP('',(#4935,#4941,#4942,#4943));
#4935 = ORIENTED_EDGE('',*,*,#4936,.T.);
#4936 = EDGE_CURVE('',#4356,#4330,#4937,.T.);
#4937 = LINE('',#4938,#4939);
#4938 = CARTESIAN_POINT('',(-0.35,1.8,12.9));
#4939 = VECTOR('',#4940,1.);
#4940 = DIRECTION('',(0.,-1.,0.));
#4941 = ORIENTED_EDGE('',*,*,#4329,.F.);
#4942 = ORIENTED_EDGE('',*,*,#4921,.T.);
#4943 = ORIENTED_EDGE('',*,*,#4363,.F.);
#4944 = PLANE('',#4945);
#4945 = AXIS2_PLACEMENT_3D('',#4946,#4947,#4948);
#4946 = CARTESIAN_POINT('',(0.,-0.2,12.9));
#4947 = DIRECTION('',(0.,0.,1.));
#4948 = DIRECTION('',(1.,0.,-0.));
#4949 = ADVANCED_FACE('',(#4950),#4961,.F.);
#4950 = FACE_BOUND('',#4951,.F.);
#4951 = EDGE_LOOP('',(#4952,#4958,#4959,#4960));
#4952 = ORIENTED_EDGE('',*,*,#4953,.F.);
#4953 = EDGE_CURVE('',#4347,#4339,#4954,.T.);
#4954 = LINE('',#4955,#4956);
#4955 = CARTESIAN_POINT('',(-0.35,1.8,13.6));
#4956 = VECTOR('',#4957,1.);
#4957 = DIRECTION('',(0.,-1.,0.));
#4958 = ORIENTED_EDGE('',*,*,#4355,.T.);
#4959 = ORIENTED_EDGE('',*,*,#4936,.T.);
#4960 = ORIENTED_EDGE('',*,*,#4338,.F.);
#4961 = PLANE('',#4962);
#4962 = AXIS2_PLACEMENT_3D('',#4963,#4964,#4965);
#4963 = CARTESIAN_POINT('',(-0.35,1.8,13.6));
#4964 = DIRECTION('',(-1.,0.,0.));
#4965 = DIRECTION('',(0.,-1.,0.));
#4966 = ADVANCED_FACE('',(#4967),#4971,.T.);
#4967 = FACE_BOUND('',#4968,.T.);
#4968 = EDGE_LOOP('',(#4969,#4970));
#4969 = ORIENTED_EDGE('',*,*,#4953,.F.);
#4970 = ORIENTED_EDGE('',*,*,#4346,.T.);
#4971 = PLANE('',#4972);
#4972 = AXIS2_PLACEMENT_3D('',#4973,#4974,#4975);
#4973 = CARTESIAN_POINT('',(-1.799263332289E-16,-0.2,13.6));
#4974 = DIRECTION('',(0.,0.,1.));
#4975 = DIRECTION('',(1.,0.,-0.));
#4976 = ADVANCED_FACE('',(#4977),#4983,.T.);
#4977 = FACE_BOUND('',#4978,.T.);
#4978 = EDGE_LOOP('',(#4979,#4980,#4981,#4982));
#4979 = ORIENTED_EDGE('',*,*,#4482,.T.);
#4980 = ORIENTED_EDGE('',*,*,#4458,.T.);
#4981 = ORIENTED_EDGE('',*,*,#4523,.T.);
#4982 = ORIENTED_EDGE('',*,*,#4506,.T.);
#4983 = PLANE('',#4984);
#4984 = AXIS2_PLACEMENT_3D('',#4985,#4986,#4987);
#4985 = CARTESIAN_POINT('',(10.16,2.,3.75));
#4986 = DIRECTION('',(-0.,-1.,-0.));
#4987 = DIRECTION('',(0.,0.,-1.));
#4988 = ADVANCED_FACE('',(#4989),#4995,.T.);
#4989 = FACE_BOUND('',#4990,.T.);
#4990 = EDGE_LOOP('',(#4991,#4992,#4993,#4994));
#4991 = ORIENTED_EDGE('',*,*,#4588,.T.);
#4992 = ORIENTED_EDGE('',*,*,#4564,.T.);
#4993 = ORIENTED_EDGE('',*,*,#4629,.T.);
#4994 = ORIENTED_EDGE('',*,*,#4612,.T.);
#4995 = PLANE('',#4996);
#4996 = AXIS2_PLACEMENT_3D('',#4997,#4998,#4999);
#4997 = CARTESIAN_POINT('',(5.08,2.,3.75));
#4998 = DIRECTION('',(-0.,-1.,-0.));
#4999 = DIRECTION('',(0.,0.,-1.));
#5000 = ADVANCED_FACE('',(#5001),#5007,.T.);
#5001 = FACE_BOUND('',#5002,.T.);
#5002 = EDGE_LOOP('',(#5003,#5004,#5005,#5006));
#5003 = ORIENTED_EDGE('',*,*,#4694,.T.);
#5004 = ORIENTED_EDGE('',*,*,#4670,.T.);
#5005 = ORIENTED_EDGE('',*,*,#4735,.T.);
#5006 = ORIENTED_EDGE('',*,*,#4718,.T.);
#5007 = PLANE('',#5008);
#5008 = AXIS2_PLACEMENT_3D('',#5009,#5010,#5011);
#5009 = CARTESIAN_POINT('',(4.440892098501E-16,2.,3.75));
#5010 = DIRECTION('',(-0.,-1.,-0.));
#5011 = DIRECTION('',(0.,0.,-1.));
#5012 = ( GEOMETRIC_REPRESENTATION_CONTEXT(3) 
GLOBAL_UNCERTAINTY_ASSIGNED_CONTEXT((#5016)) 
GLOBAL_UNIT_ASSIGNED_CONTEXT((#5013,#5014,#5015)) REPRESENTATION_CONTEXT
('Context #1','3D Context with UNIT and UNCERTAINTY') );
#5013 = ( LENGTH_UNIT() NAMED_UNIT(*) SI_UNIT(.MILLI.,.METRE.) );
#5014 = ( NAMED_UNIT(*) PLANE_ANGLE_UNIT() SI_UNIT($,.RADIAN.) );
#5015 = ( NAMED_UNIT(*) SI_UNIT($,.STERADIAN.) SOLID_ANGLE_UNIT() );
#5016 = UNCERTAINTY_MEASURE_WITH_UNIT(LENGTH_MEASURE(1.E-07),#5013,
  'distance_accuracy_value','confusion accuracy');
#5017 = CONTEXT_DEPENDENT_SHAPE_REPRESENTATION(#5018,#5020);
#5018 = ( REPRESENTATION_RELATIONSHIP('','',#1336,#1313) 
REPRESENTATION_RELATIONSHIP_WITH_TRANSFORMATION(#5019) 
SHAPE_REPRESENTATION_RELATIONSHIP() );
#5019 = ITEM_DEFINED_TRANSFORMATION('','',#11,#1314);
#5020 = PRODUCT_DEFINITION_SHAPE('Placement','Placement of an item',
  #5021);
#5021 = NEXT_ASSEMBLY_USAGE_OCCURRENCE('5','=>[0:1:1:7]','',#1308,#1331,
  $);
#5022 = PRODUCT_RELATED_PRODUCT_CATEGORY('part',$,(#1333));
#5023 = CONTEXT_DEPENDENT_SHAPE_REPRESENTATION(#5024,#5026);
#5024 = ( REPRESENTATION_RELATIONSHIP('','',#1313,#10) 
REPRESENTATION_RELATIONSHIP_WITH_TRANSFORMATION(#5025) 
SHAPE_REPRESENTATION_RELATIONSHIP() );
#5025 = ITEM_DEFINED_TRANSFORMATION('','',#11,#27);
#5026 = PRODUCT_DEFINITION_SHAPE('Placement','Placement of an item',
  #5027);
#5027 = NEXT_ASSEMBLY_USAGE_OCCURRENCE('7','J2','',#5,#1308,$);
#5028 = CONTEXT_DEPENDENT_SHAPE_REPRESENTATION(#5029,#5031);
#5029 = ( REPRESENTATION_RELATIONSHIP('','',#1313,#10) 
REPRESENTATION_RELATIONSHIP_WITH_TRANSFORMATION(#5030) 
SHAPE_REPRESENTATION_RELATIONSHIP() );
#5030 = ITEM_DEFINED_TRANSFORMATION('','',#11,#31);
#5031 = PRODUCT_DEFINITION_SHAPE('Placement','Placement of an item',
  #5032);
#5032 = NEXT_ASSEMBLY_USAGE_OCCURRENCE('8','J3','',#5,#1308,$);
#5033 = SHAPE_DEFINITION_REPRESENTATION(#5034,#5040);
#5034 = PRODUCT_DEFINITION_SHAPE('','',#5035);
#5035 = PRODUCT_DEFINITION('design','',#5036,#5039);
#5036 = PRODUCT_DEFINITION_FORMATION('','',#5037);
#5037 = PRODUCT('AC_Board_PCB','AC_Board_PCB','',(#5038));
#5038 = PRODUCT_CONTEXT('',#2,'mechanical');
#5039 = PRODUCT_DEFINITION_CONTEXT('part definition',#2,'design');
#5040 = ADVANCED_BREP_SHAPE_REPRESENTATION('',(#11,#5041),#5776);
#5041 = MANIFOLD_SOLID_BREP('',#5042);
#5042 = CLOSED_SHELL('',(#5043,#5083,#5114,#5145,#5327,#5509,#5521,#5538
    ,#5555,#5572,#5589,#5606,#5623,#5640,#5657,#5674,#5691,#5708,#5725,
    #5742,#5759));
#5043 = ADVANCED_FACE('',(#5044),#5078,.T.);
#5044 = FACE_BOUND('',#5045,.T.);
#5045 = EDGE_LOOP('',(#5046,#5056,#5064,#5072));
#5046 = ORIENTED_EDGE('',*,*,#5047,.T.);
#5047 = EDGE_CURVE('',#5048,#5050,#5052,.T.);
#5048 = VERTEX_POINT('',#5049);
#5049 = CARTESIAN_POINT('',(110.88,-77.91,0.));
#5050 = VERTEX_POINT('',#5051);
#5051 = CARTESIAN_POINT('',(110.88,-77.91,1.51));
#5052 = LINE('',#5053,#5054);
#5053 = CARTESIAN_POINT('',(110.88,-77.91,0.));
#5054 = VECTOR('',#5055,1.);
#5055 = DIRECTION('',(0.,0.,1.));
#5056 = ORIENTED_EDGE('',*,*,#5057,.T.);
#5057 = EDGE_CURVE('',#5050,#5058,#5060,.T.);
#5058 = VERTEX_POINT('',#5059);
#5059 = CARTESIAN_POINT('',(48.45,-77.91,1.51));
#5060 = LINE('',#5061,#5062);
#5061 = CARTESIAN_POINT('',(110.88,-77.91,1.51));
#5062 = VECTOR('',#5063,1.);
#5063 = DIRECTION('',(-1.,0.,0.));
#5064 = ORIENTED_EDGE('',*,*,#5065,.F.);
#5065 = EDGE_CURVE('',#5066,#5058,#5068,.T.);
#5066 = VERTEX_POINT('',#5067);
#5067 = CARTESIAN_POINT('',(48.45,-77.91,0.));
#5068 = LINE('',#5069,#5070);
#5069 = CARTESIAN_POINT('',(48.45,-77.91,0.));
#5070 = VECTOR('',#5071,1.);
#5071 = DIRECTION('',(0.,0.,1.));
#5072 = ORIENTED_EDGE('',*,*,#5073,.F.);
#5073 = EDGE_CURVE('',#5048,#5066,#5074,.T.);
#5074 = LINE('',#5075,#5076);
#5075 = CARTESIAN_POINT('',(110.88,-77.91,0.));
#5076 = VECTOR('',#5077,1.);
#5077 = DIRECTION('',(-1.,0.,0.));
#5078 = PLANE('',#5079);
#5079 = AXIS2_PLACEMENT_3D('',#5080,#5081,#5082);
#5080 = CARTESIAN_POINT('',(110.88,-77.91,0.));
#5081 = DIRECTION('',(0.,-1.,0.));
#5082 = DIRECTION('',(-1.,0.,0.));
#5083 = ADVANCED_FACE('',(#5084),#5109,.T.);
#5084 = FACE_BOUND('',#5085,.T.);
#5085 = EDGE_LOOP('',(#5086,#5096,#5102,#5103));
#5086 = ORIENTED_EDGE('',*,*,#5087,.T.);
#5087 = EDGE_CURVE('',#5088,#5090,#5092,.T.);
#5088 = VERTEX_POINT('',#5089);
#5089 = CARTESIAN_POINT('',(110.88,-35.22,0.));
#5090 = VERTEX_POINT('',#5091);
#5091 = CARTESIAN_POINT('',(110.88,-35.22,1.51));
#5092 = LINE('',#5093,#5094);
#5093 = CARTESIAN_POINT('',(110.88,-35.22,0.));
#5094 = VECTOR('',#5095,1.);
#5095 = DIRECTION('',(0.,0.,1.));
#5096 = ORIENTED_EDGE('',*,*,#5097,.T.);
#5097 = EDGE_CURVE('',#5090,#5050,#5098,.T.);
#5098 = LINE('',#5099,#5100);
#5099 = CARTESIAN_POINT('',(110.88,-35.22,1.51));
#5100 = VECTOR('',#5101,1.);
#5101 = DIRECTION('',(0.,-1.,0.));
#5102 = ORIENTED_EDGE('',*,*,#5047,.F.);
#5103 = ORIENTED_EDGE('',*,*,#5104,.F.);
#5104 = EDGE_CURVE('',#5088,#5048,#5105,.T.);
#5105 = LINE('',#5106,#5107);
#5106 = CARTESIAN_POINT('',(110.88,-35.22,0.));
#5107 = VECTOR('',#5108,1.);
#5108 = DIRECTION('',(0.,-1.,0.));
#5109 = PLANE('',#5110);
#5110 = AXIS2_PLACEMENT_3D('',#5111,#5112,#5113);
#5111 = CARTESIAN_POINT('',(110.88,-35.22,0.));
#5112 = DIRECTION('',(1.,0.,-0.));
#5113 = DIRECTION('',(0.,-1.,0.));
#5114 = ADVANCED_FACE('',(#5115),#5140,.T.);
#5115 = FACE_BOUND('',#5116,.T.);
#5116 = EDGE_LOOP('',(#5117,#5118,#5126,#5134));
#5117 = ORIENTED_EDGE('',*,*,#5065,.T.);
#5118 = ORIENTED_EDGE('',*,*,#5119,.T.);
#5119 = EDGE_CURVE('',#5058,#5120,#5122,.T.);
#5120 = VERTEX_POINT('',#5121);
#5121 = CARTESIAN_POINT('',(48.45,-35.22,1.51));
#5122 = LINE('',#5123,#5124);
#5123 = CARTESIAN_POINT('',(48.45,-77.91,1.51));
#5124 = VECTOR('',#5125,1.);
#5125 = DIRECTION('',(0.,1.,0.));
#5126 = ORIENTED_EDGE('',*,*,#5127,.F.);
#5127 = EDGE_CURVE('',#5128,#5120,#5130,.T.);
#5128 = VERTEX_POINT('',#5129);
#5129 = CARTESIAN_POINT('',(48.45,-35.22,0.));
#5130 = LINE('',#5131,#5132);
#5131 = CARTESIAN_POINT('',(48.45,-35.22,0.));
#5132 = VECTOR('',#5133,1.);
#5133 = DIRECTION('',(0.,0.,1.));
#5134 = ORIENTED_EDGE('',*,*,#5135,.F.);
#5135 = EDGE_CURVE('',#5066,#5128,#5136,.T.);
#5136 = LINE('',#5137,#5138);
#5137 = CARTESIAN_POINT('',(48.45,-77.91,0.));
#5138 = VECTOR('',#5139,1.);
#5139 = DIRECTION('',(0.,1.,0.));
#5140 = PLANE('',#5141);
#5141 = AXIS2_PLACEMENT_3D('',#5142,#5143,#5144);
#5142 = CARTESIAN_POINT('',(48.45,-77.91,0.));
#5143 = DIRECTION('',(-1.,0.,0.));
#5144 = DIRECTION('',(0.,1.,0.));
#5145 = ADVANCED_FACE('',(#5146,#5157,#5168,#5179,#5190,#5201,#5212,
    #5223,#5234,#5245,#5256,#5267,#5278,#5289,#5300,#5311),#5322,.F.);
#5146 = FACE_BOUND('',#5147,.F.);
#5147 = EDGE_LOOP('',(#5148,#5149,#5150,#5156));
#5148 = ORIENTED_EDGE('',*,*,#5073,.F.);
#5149 = ORIENTED_EDGE('',*,*,#5104,.F.);
#5150 = ORIENTED_EDGE('',*,*,#5151,.F.);
#5151 = EDGE_CURVE('',#5128,#5088,#5152,.T.);
#5152 = LINE('',#5153,#5154);
#5153 = CARTESIAN_POINT('',(48.45,-35.22,0.));
#5154 = VECTOR('',#5155,1.);
#5155 = DIRECTION('',(1.,0.,0.));
#5156 = ORIENTED_EDGE('',*,*,#5135,.F.);
#5157 = FACE_BOUND('',#5158,.F.);
#5158 = EDGE_LOOP('',(#5159));
#5159 = ORIENTED_EDGE('',*,*,#5160,.T.);
#5160 = EDGE_CURVE('',#5161,#5161,#5163,.T.);
#5161 = VERTEX_POINT('',#5162);
#5162 = CARTESIAN_POINT('',(53.,-74.6,0.));
#5163 = CIRCLE('',#5164,1.6);
#5164 = AXIS2_PLACEMENT_3D('',#5165,#5166,#5167);
#5165 = CARTESIAN_POINT('',(53.,-73.,0.));
#5166 = DIRECTION('',(-0.,0.,-1.));
#5167 = DIRECTION('',(-0.,-1.,0.));
#5168 = FACE_BOUND('',#5169,.F.);
#5169 = EDGE_LOOP('',(#5170));
#5170 = ORIENTED_EDGE('',*,*,#5171,.T.);
#5171 = EDGE_CURVE('',#5172,#5172,#5174,.T.);
#5172 = VERTEX_POINT('',#5173);
#5173 = CARTESIAN_POINT('',(61.445,-66.2425,0.));
#5174 = CIRCLE('',#5175,0.65);
#5175 = AXIS2_PLACEMENT_3D('',#5176,#5177,#5178);
#5176 = CARTESIAN_POINT('',(61.445,-65.5925,0.));
#5177 = DIRECTION('',(-0.,0.,-1.));
#5178 = DIRECTION('',(-0.,-1.,0.));
#5179 = FACE_BOUND('',#5180,.F.);
#5180 = EDGE_LOOP('',(#5181));
#5181 = ORIENTED_EDGE('',*,*,#5182,.T.);
#5182 = EDGE_CURVE('',#5183,#5183,#5185,.T.);
#5183 = VERTEX_POINT('',#5184);
#5184 = CARTESIAN_POINT('',(66.525,-66.2425,0.));
#5185 = CIRCLE('',#5186,0.65);
#5186 = AXIS2_PLACEMENT_3D('',#5187,#5188,#5189);
#5187 = CARTESIAN_POINT('',(66.525,-65.5925,0.));
#5188 = DIRECTION('',(-0.,0.,-1.));
#5189 = DIRECTION('',(-0.,-1.,0.));
#5190 = FACE_BOUND('',#5191,.F.);
#5191 = EDGE_LOOP('',(#5192));
#5192 = ORIENTED_EDGE('',*,*,#5193,.T.);
#5193 = EDGE_CURVE('',#5194,#5194,#5196,.T.);
#5194 = VERTEX_POINT('',#5195);
#5195 = CARTESIAN_POINT('',(71.605,-66.2425,0.));
#5196 = CIRCLE('',#5197,0.65);
#5197 = AXIS2_PLACEMENT_3D('',#5198,#5199,#5200);
#5198 = CARTESIAN_POINT('',(71.605,-65.5925,0.));
#5199 = DIRECTION('',(-0.,0.,-1.));
#5200 = DIRECTION('',(2.1862853408E-14,-1.,-0.));
#5201 = FACE_BOUND('',#5202,.F.);
#5202 = EDGE_LOOP('',(#5203));
#5203 = ORIENTED_EDGE('',*,*,#5204,.T.);
#5204 = EDGE_CURVE('',#5205,#5205,#5207,.T.);
#5205 = VERTEX_POINT('',#5206);
#5206 = CARTESIAN_POINT('',(70.01,-59.11,0.));
#5207 = CIRCLE('',#5208,0.6);
#5208 = AXIS2_PLACEMENT_3D('',#5209,#5210,#5211);
#5209 = CARTESIAN_POINT('',(70.01,-58.51,0.));
#5210 = DIRECTION('',(-0.,0.,-1.));
#5211 = DIRECTION('',(2.368475785867E-14,-1.,-0.));
#5212 = FACE_BOUND('',#5213,.F.);
#5213 = EDGE_LOOP('',(#5214));
#5214 = ORIENTED_EDGE('',*,*,#5215,.T.);
#5215 = EDGE_CURVE('',#5216,#5216,#5218,.T.);
#5216 = VERTEX_POINT('',#5217);
#5217 = CARTESIAN_POINT('',(87.84,-66.41,0.));
#5218 = CIRCLE('',#5219,0.65);
#5219 = AXIS2_PLACEMENT_3D('',#5220,#5221,#5222);
#5220 = CARTESIAN_POINT('',(87.84,-65.76,0.));
#5221 = DIRECTION('',(-0.,0.,-1.));
#5222 = DIRECTION('',(-0.,-1.,0.));
#5223 = FACE_BOUND('',#5224,.F.);
#5224 = EDGE_LOOP('',(#5225));
#5225 = ORIENTED_EDGE('',*,*,#5226,.T.);
#5226 = EDGE_CURVE('',#5227,#5227,#5229,.T.);
#5227 = VERTEX_POINT('',#5228);
#5228 = CARTESIAN_POINT('',(92.92,-66.41,0.));
#5229 = CIRCLE('',#5230,0.65);
#5230 = AXIS2_PLACEMENT_3D('',#5231,#5232,#5233);
#5231 = CARTESIAN_POINT('',(92.92,-65.76,0.));
#5232 = DIRECTION('',(-0.,0.,-1.));
#5233 = DIRECTION('',(2.1862853408E-14,-1.,-0.));
#5234 = FACE_BOUND('',#5235,.F.);
#5235 = EDGE_LOOP('',(#5236));
#5236 = ORIENTED_EDGE('',*,*,#5237,.T.);
#5237 = EDGE_CURVE('',#5238,#5238,#5240,.T.);
#5238 = VERTEX_POINT('',#5239);
#5239 = CARTESIAN_POINT('',(106.,-74.6,0.));
#5240 = CIRCLE('',#5241,1.6);
#5241 = AXIS2_PLACEMENT_3D('',#5242,#5243,#5244);
#5242 = CARTESIAN_POINT('',(106.,-73.,0.));
#5243 = DIRECTION('',(-0.,0.,-1.));
#5244 = DIRECTION('',(-0.,-1.,0.));
#5245 = FACE_BOUND('',#5246,.F.);
#5246 = EDGE_LOOP('',(#5247));
#5247 = ORIENTED_EDGE('',*,*,#5248,.T.);
#5248 = EDGE_CURVE('',#5249,#5249,#5251,.T.);
#5249 = VERTEX_POINT('',#5250);
#5250 = CARTESIAN_POINT('',(98.,-66.41,0.));
#5251 = CIRCLE('',#5252,0.65);
#5252 = AXIS2_PLACEMENT_3D('',#5253,#5254,#5255);
#5253 = CARTESIAN_POINT('',(98.,-65.76,0.));
#5254 = DIRECTION('',(-0.,0.,-1.));
#5255 = DIRECTION('',(-0.,-1.,0.));
#5256 = FACE_BOUND('',#5257,.F.);
#5257 = EDGE_LOOP('',(#5258));
#5258 = ORIENTED_EDGE('',*,*,#5259,.T.);
#5259 = EDGE_CURVE('',#5260,#5260,#5262,.T.);
#5260 = VERTEX_POINT('',#5261);
#5261 = CARTESIAN_POINT('',(70.01,-51.49,0.));
#5262 = CIRCLE('',#5263,0.6);
#5263 = AXIS2_PLACEMENT_3D('',#5264,#5265,#5266);
#5264 = CARTESIAN_POINT('',(70.01,-50.89,0.));
#5265 = DIRECTION('',(-0.,0.,-1.));
#5266 = DIRECTION('',(2.368475785867E-14,-1.,-0.));
#5267 = FACE_BOUND('',#5268,.F.);
#5268 = EDGE_LOOP('',(#5269));
#5269 = ORIENTED_EDGE('',*,*,#5270,.T.);
#5270 = EDGE_CURVE('',#5271,#5271,#5273,.T.);
#5271 = VERTEX_POINT('',#5272);
#5272 = CARTESIAN_POINT('',(77.695,-51.5475,0.));
#5273 = CIRCLE('',#5274,0.65);
#5274 = AXIS2_PLACEMENT_3D('',#5275,#5276,#5277);
#5275 = CARTESIAN_POINT('',(77.695,-50.8975,0.));
#5276 = DIRECTION('',(-0.,0.,-1.));
#5277 = DIRECTION('',(-0.,-1.,0.));
#5278 = FACE_BOUND('',#5279,.F.);
#5279 = EDGE_LOOP('',(#5280));
#5280 = ORIENTED_EDGE('',*,*,#5281,.T.);
#5281 = EDGE_CURVE('',#5282,#5282,#5284,.T.);
#5282 = VERTEX_POINT('',#5283);
#5283 = CARTESIAN_POINT('',(53.,-41.6,0.));
#5284 = CIRCLE('',#5285,1.6);
#5285 = AXIS2_PLACEMENT_3D('',#5286,#5287,#5288);
#5286 = CARTESIAN_POINT('',(53.,-40.,0.));
#5287 = DIRECTION('',(-0.,0.,-1.));
#5288 = DIRECTION('',(-0.,-1.,0.));
#5289 = FACE_BOUND('',#5290,.F.);
#5290 = EDGE_LOOP('',(#5291));
#5291 = ORIENTED_EDGE('',*,*,#5292,.T.);
#5292 = EDGE_CURVE('',#5293,#5293,#5295,.T.);
#5293 = VERTEX_POINT('',#5294);
#5294 = CARTESIAN_POINT('',(82.775,-51.5475,0.));
#5295 = CIRCLE('',#5296,0.65);
#5296 = AXIS2_PLACEMENT_3D('',#5297,#5298,#5299);
#5297 = CARTESIAN_POINT('',(82.775,-50.8975,0.));
#5298 = DIRECTION('',(-0.,0.,-1.));
#5299 = DIRECTION('',(-0.,-1.,0.));
#5300 = FACE_BOUND('',#5301,.F.);
#5301 = EDGE_LOOP('',(#5302));
#5302 = ORIENTED_EDGE('',*,*,#5303,.T.);
#5303 = EDGE_CURVE('',#5304,#5304,#5306,.T.);
#5304 = VERTEX_POINT('',#5305);
#5305 = CARTESIAN_POINT('',(87.855,-51.5475,0.));
#5306 = CIRCLE('',#5307,0.65);
#5307 = AXIS2_PLACEMENT_3D('',#5308,#5309,#5310);
#5308 = CARTESIAN_POINT('',(87.855,-50.8975,0.));
#5309 = DIRECTION('',(-0.,0.,-1.));
#5310 = DIRECTION('',(2.1862853408E-14,-1.,-0.));
#5311 = FACE_BOUND('',#5312,.F.);
#5312 = EDGE_LOOP('',(#5313));
#5313 = ORIENTED_EDGE('',*,*,#5314,.T.);
#5314 = EDGE_CURVE('',#5315,#5315,#5317,.T.);
#5315 = VERTEX_POINT('',#5316);
#5316 = CARTESIAN_POINT('',(106.,-41.6,0.));
#5317 = CIRCLE('',#5318,1.6);
#5318 = AXIS2_PLACEMENT_3D('',#5319,#5320,#5321);
#5319 = CARTESIAN_POINT('',(106.,-40.,0.));
#5320 = DIRECTION('',(-0.,0.,-1.));
#5321 = DIRECTION('',(-0.,-1.,0.));
#5322 = PLANE('',#5323);
#5323 = AXIS2_PLACEMENT_3D('',#5324,#5325,#5326);
#5324 = CARTESIAN_POINT('',(0.,0.,0.));
#5325 = DIRECTION('',(0.,0.,1.));
#5326 = DIRECTION('',(1.,0.,-0.));
#5327 = ADVANCED_FACE('',(#5328,#5339,#5350,#5361,#5372,#5383,#5394,
    #5405,#5416,#5427,#5438,#5449,#5460,#5471,#5482,#5493),#5504,.T.);
#5328 = FACE_BOUND('',#5329,.T.);
#5329 = EDGE_LOOP('',(#5330,#5331,#5332,#5338));
#5330 = ORIENTED_EDGE('',*,*,#5057,.F.);
#5331 = ORIENTED_EDGE('',*,*,#5097,.F.);
#5332 = ORIENTED_EDGE('',*,*,#5333,.F.);
#5333 = EDGE_CURVE('',#5120,#5090,#5334,.T.);
#5334 = LINE('',#5335,#5336);
#5335 = CARTESIAN_POINT('',(48.45,-35.22,1.51));
#5336 = VECTOR('',#5337,1.);
#5337 = DIRECTION('',(1.,0.,0.));
#5338 = ORIENTED_EDGE('',*,*,#5119,.F.);
#5339 = FACE_BOUND('',#5340,.T.);
#5340 = EDGE_LOOP('',(#5341));
#5341 = ORIENTED_EDGE('',*,*,#5342,.T.);
#5342 = EDGE_CURVE('',#5343,#5343,#5345,.T.);
#5343 = VERTEX_POINT('',#5344);
#5344 = CARTESIAN_POINT('',(53.,-74.6,1.51));
#5345 = CIRCLE('',#5346,1.6);
#5346 = AXIS2_PLACEMENT_3D('',#5347,#5348,#5349);
#5347 = CARTESIAN_POINT('',(53.,-73.,1.51));
#5348 = DIRECTION('',(-0.,0.,-1.));
#5349 = DIRECTION('',(-0.,-1.,0.));
#5350 = FACE_BOUND('',#5351,.T.);
#5351 = EDGE_LOOP('',(#5352));
#5352 = ORIENTED_EDGE('',*,*,#5353,.T.);
#5353 = EDGE_CURVE('',#5354,#5354,#5356,.T.);
#5354 = VERTEX_POINT('',#5355);
#5355 = CARTESIAN_POINT('',(61.445,-66.2425,1.51));
#5356 = CIRCLE('',#5357,0.65);
#5357 = AXIS2_PLACEMENT_3D('',#5358,#5359,#5360);
#5358 = CARTESIAN_POINT('',(61.445,-65.5925,1.51));
#5359 = DIRECTION('',(-0.,0.,-1.));
#5360 = DIRECTION('',(-0.,-1.,0.));
#5361 = FACE_BOUND('',#5362,.T.);
#5362 = EDGE_LOOP('',(#5363));
#5363 = ORIENTED_EDGE('',*,*,#5364,.T.);
#5364 = EDGE_CURVE('',#5365,#5365,#5367,.T.);
#5365 = VERTEX_POINT('',#5366);
#5366 = CARTESIAN_POINT('',(66.525,-66.2425,1.51));
#5367 = CIRCLE('',#5368,0.65);
#5368 = AXIS2_PLACEMENT_3D('',#5369,#5370,#5371);
#5369 = CARTESIAN_POINT('',(66.525,-65.5925,1.51));
#5370 = DIRECTION('',(-0.,0.,-1.));
#5371 = DIRECTION('',(-0.,-1.,0.));
#5372 = FACE_BOUND('',#5373,.T.);
#5373 = EDGE_LOOP('',(#5374));
#5374 = ORIENTED_EDGE('',*,*,#5375,.T.);
#5375 = EDGE_CURVE('',#5376,#5376,#5378,.T.);
#5376 = VERTEX_POINT('',#5377);
#5377 = CARTESIAN_POINT('',(71.605,-66.2425,1.51));
#5378 = CIRCLE('',#5379,0.65);
#5379 = AXIS2_PLACEMENT_3D('',#5380,#5381,#5382);
#5380 = CARTESIAN_POINT('',(71.605,-65.5925,1.51));
#5381 = DIRECTION('',(-0.,0.,-1.));
#5382 = DIRECTION('',(2.1862853408E-14,-1.,-0.));
#5383 = FACE_BOUND('',#5384,.T.);
#5384 = EDGE_LOOP('',(#5385));
#5385 = ORIENTED_EDGE('',*,*,#5386,.T.);
#5386 = EDGE_CURVE('',#5387,#5387,#5389,.T.);
#5387 = VERTEX_POINT('',#5388);
#5388 = CARTESIAN_POINT('',(70.01,-59.11,1.51));
#5389 = CIRCLE('',#5390,0.6);
#5390 = AXIS2_PLACEMENT_3D('',#5391,#5392,#5393);
#5391 = CARTESIAN_POINT('',(70.01,-58.51,1.51));
#5392 = DIRECTION('',(-0.,0.,-1.));
#5393 = DIRECTION('',(2.368475785867E-14,-1.,-0.));
#5394 = FACE_BOUND('',#5395,.T.);
#5395 = EDGE_LOOP('',(#5396));
#5396 = ORIENTED_EDGE('',*,*,#5397,.T.);
#5397 = EDGE_CURVE('',#5398,#5398,#5400,.T.);
#5398 = VERTEX_POINT('',#5399);
#5399 = CARTESIAN_POINT('',(87.84,-66.41,1.51));
#5400 = CIRCLE('',#5401,0.65);
#5401 = AXIS2_PLACEMENT_3D('',#5402,#5403,#5404);
#5402 = CARTESIAN_POINT('',(87.84,-65.76,1.51));
#5403 = DIRECTION('',(-0.,0.,-1.));
#5404 = DIRECTION('',(-0.,-1.,0.));
#5405 = FACE_BOUND('',#5406,.T.);
#5406 = EDGE_LOOP('',(#5407));
#5407 = ORIENTED_EDGE('',*,*,#5408,.T.);
#5408 = EDGE_CURVE('',#5409,#5409,#5411,.T.);
#5409 = VERTEX_POINT('',#5410);
#5410 = CARTESIAN_POINT('',(92.92,-66.41,1.51));
#5411 = CIRCLE('',#5412,0.65);
#5412 = AXIS2_PLACEMENT_3D('',#5413,#5414,#5415);
#5413 = CARTESIAN_POINT('',(92.92,-65.76,1.51));
#5414 = DIRECTION('',(-0.,0.,-1.));
#5415 = DIRECTION('',(2.1862853408E-14,-1.,-0.));
#5416 = FACE_BOUND('',#5417,.T.);
#5417 = EDGE_LOOP('',(#5418));
#5418 = ORIENTED_EDGE('',*,*,#5419,.T.);
#5419 = EDGE_CURVE('',#5420,#5420,#5422,.T.);
#5420 = VERTEX_POINT('',#5421);
#5421 = CARTESIAN_POINT('',(106.,-74.6,1.51));
#5422 = CIRCLE('',#5423,1.6);
#5423 = AXIS2_PLACEMENT_3D('',#5424,#5425,#5426);
#5424 = CARTESIAN_POINT('',(106.,-73.,1.51));
#5425 = DIRECTION('',(-0.,0.,-1.));
#5426 = DIRECTION('',(-0.,-1.,0.));
#5427 = FACE_BOUND('',#5428,.T.);
#5428 = EDGE_LOOP('',(#5429));
#5429 = ORIENTED_EDGE('',*,*,#5430,.T.);
#5430 = EDGE_CURVE('',#5431,#5431,#5433,.T.);
#5431 = VERTEX_POINT('',#5432);
#5432 = CARTESIAN_POINT('',(98.,-66.41,1.51));
#5433 = CIRCLE('',#5434,0.65);
#5434 = AXIS2_PLACEMENT_3D('',#5435,#5436,#5437);
#5435 = CARTESIAN_POINT('',(98.,-65.76,1.51));
#5436 = DIRECTION('',(-0.,0.,-1.));
#5437 = DIRECTION('',(-0.,-1.,0.));
#5438 = FACE_BOUND('',#5439,.T.);
#5439 = EDGE_LOOP('',(#5440));
#5440 = ORIENTED_EDGE('',*,*,#5441,.T.);
#5441 = EDGE_CURVE('',#5442,#5442,#5444,.T.);
#5442 = VERTEX_POINT('',#5443);
#5443 = CARTESIAN_POINT('',(70.01,-51.49,1.51));
#5444 = CIRCLE('',#5445,0.6);
#5445 = AXIS2_PLACEMENT_3D('',#5446,#5447,#5448);
#5446 = CARTESIAN_POINT('',(70.01,-50.89,1.51));
#5447 = DIRECTION('',(-0.,0.,-1.));
#5448 = DIRECTION('',(2.368475785867E-14,-1.,-0.));
#5449 = FACE_BOUND('',#5450,.T.);
#5450 = EDGE_LOOP('',(#5451));
#5451 = ORIENTED_EDGE('',*,*,#5452,.T.);
#5452 = EDGE_CURVE('',#5453,#5453,#5455,.T.);
#5453 = VERTEX_POINT('',#5454);
#5454 = CARTESIAN_POINT('',(77.695,-51.5475,1.51));
#5455 = CIRCLE('',#5456,0.65);
#5456 = AXIS2_PLACEMENT_3D('',#5457,#5458,#5459);
#5457 = CARTESIAN_POINT('',(77.695,-50.8975,1.51));
#5458 = DIRECTION('',(-0.,0.,-1.));
#5459 = DIRECTION('',(-0.,-1.,0.));
#5460 = FACE_BOUND('',#5461,.T.);
#5461 = EDGE_LOOP('',(#5462));
#5462 = ORIENTED_EDGE('',*,*,#5463,.T.);
#5463 = EDGE_CURVE('',#5464,#5464,#5466,.T.);
#5464 = VERTEX_POINT('',#5465);
#5465 = CARTESIAN_POINT('',(53.,-41.6,1.51));
#5466 = CIRCLE('',#5467,1.6);
#5467 = AXIS2_PLACEMENT_3D('',#5468,#5469,#5470);
#5468 = CARTESIAN_POINT('',(53.,-40.,1.51));
#5469 = DIRECTION('',(-0.,0.,-1.));
#5470 = DIRECTION('',(-0.,-1.,0.));
#5471 = FACE_BOUND('',#5472,.T.);
#5472 = EDGE_LOOP('',(#5473));
#5473 = ORIENTED_EDGE('',*,*,#5474,.T.);
#5474 = EDGE_CURVE('',#5475,#5475,#5477,.T.);
#5475 = VERTEX_POINT('',#5476);
#5476 = CARTESIAN_POINT('',(82.775,-51.5475,1.51));
#5477 = CIRCLE('',#5478,0.65);
#5478 = AXIS2_PLACEMENT_3D('',#5479,#5480,#5481);
#5479 = CARTESIAN_POINT('',(82.775,-50.8975,1.51));
#5480 = DIRECTION('',(-0.,0.,-1.));
#5481 = DIRECTION('',(-0.,-1.,0.));
#5482 = FACE_BOUND('',#5483,.T.);
#5483 = EDGE_LOOP('',(#5484));
#5484 = ORIENTED_EDGE('',*,*,#5485,.T.);
#5485 = EDGE_CURVE('',#5486,#5486,#5488,.T.);
#5486 = VERTEX_POINT('',#5487);
#5487 = CARTESIAN_POINT('',(87.855,-51.5475,1.51));
#5488 = CIRCLE('',#5489,0.65);
#5489 = AXIS2_PLACEMENT_3D('',#5490,#5491,#5492);
#5490 = CARTESIAN_POINT('',(87.855,-50.8975,1.51));
#5491 = DIRECTION('',(-0.,0.,-1.));
#5492 = DIRECTION('',(2.1862853408E-14,-1.,-0.));
#5493 = FACE_BOUND('',#5494,.T.);
#5494 = EDGE_LOOP('',(#5495));
#5495 = ORIENTED_EDGE('',*,*,#5496,.T.);
#5496 = EDGE_CURVE('',#5497,#5497,#5499,.T.);
#5497 = VERTEX_POINT('',#5498);
#5498 = CARTESIAN_POINT('',(106.,-41.6,1.51));
#5499 = CIRCLE('',#5500,1.6);
#5500 = AXIS2_PLACEMENT_3D('',#5501,#5502,#5503);
#5501 = CARTESIAN_POINT('',(106.,-40.,1.51));
#5502 = DIRECTION('',(-0.,0.,-1.));
#5503 = DIRECTION('',(-0.,-1.,0.));
#5504 = PLANE('',#5505);
#5505 = AXIS2_PLACEMENT_3D('',#5506,#5507,#5508);
#5506 = CARTESIAN_POINT('',(0.,0.,1.51));
#5507 = DIRECTION('',(0.,0.,1.));
#5508 = DIRECTION('',(1.,0.,-0.));
#5509 = ADVANCED_FACE('',(#5510),#5516,.T.);
#5510 = FACE_BOUND('',#5511,.T.);
#5511 = EDGE_LOOP('',(#5512,#5513,#5514,#5515));
#5512 = ORIENTED_EDGE('',*,*,#5127,.T.);
#5513 = ORIENTED_EDGE('',*,*,#5333,.T.);
#5514 = ORIENTED_EDGE('',*,*,#5087,.F.);
#5515 = ORIENTED_EDGE('',*,*,#5151,.F.);
#5516 = PLANE('',#5517);
#5517 = AXIS2_PLACEMENT_3D('',#5518,#5519,#5520);
#5518 = CARTESIAN_POINT('',(48.45,-35.22,0.));
#5519 = DIRECTION('',(0.,1.,0.));
#5520 = DIRECTION('',(1.,0.,0.));
#5521 = ADVANCED_FACE('',(#5522),#5533,.F.);
#5522 = FACE_BOUND('',#5523,.T.);
#5523 = EDGE_LOOP('',(#5524,#5525,#5531,#5532));
#5524 = ORIENTED_EDGE('',*,*,#5160,.T.);
#5525 = ORIENTED_EDGE('',*,*,#5526,.T.);
#5526 = EDGE_CURVE('',#5161,#5343,#5527,.T.);
#5527 = LINE('',#5528,#5529);
#5528 = CARTESIAN_POINT('',(53.,-74.6,-4.6E-02));
#5529 = VECTOR('',#5530,1.);
#5530 = DIRECTION('',(0.,0.,1.));
#5531 = ORIENTED_EDGE('',*,*,#5342,.F.);
#5532 = ORIENTED_EDGE('',*,*,#5526,.F.);
#5533 = CYLINDRICAL_SURFACE('',#5534,1.6);
#5534 = AXIS2_PLACEMENT_3D('',#5535,#5536,#5537);
#5535 = CARTESIAN_POINT('',(53.,-73.,-4.6E-02));
#5536 = DIRECTION('',(-0.,-0.,-1.));
#5537 = DIRECTION('',(-0.,-1.,0.));
#5538 = ADVANCED_FACE('',(#5539),#5550,.F.);
#5539 = FACE_BOUND('',#5540,.T.);
#5540 = EDGE_LOOP('',(#5541,#5542,#5548,#5549));
#5541 = ORIENTED_EDGE('',*,*,#5171,.T.);
#5542 = ORIENTED_EDGE('',*,*,#5543,.T.);
#5543 = EDGE_CURVE('',#5172,#5354,#5544,.T.);
#5544 = LINE('',#5545,#5546);
#5545 = CARTESIAN_POINT('',(61.445,-66.2425,-4.6E-02));
#5546 = VECTOR('',#5547,1.);
#5547 = DIRECTION('',(0.,0.,1.));
#5548 = ORIENTED_EDGE('',*,*,#5353,.F.);
#5549 = ORIENTED_EDGE('',*,*,#5543,.F.);
#5550 = CYLINDRICAL_SURFACE('',#5551,0.65);
#5551 = AXIS2_PLACEMENT_3D('',#5552,#5553,#5554);
#5552 = CARTESIAN_POINT('',(61.445,-65.5925,-4.6E-02));
#5553 = DIRECTION('',(-0.,-0.,-1.));
#5554 = DIRECTION('',(-0.,-1.,0.));
#5555 = ADVANCED_FACE('',(#5556),#5567,.F.);
#5556 = FACE_BOUND('',#5557,.T.);
#5557 = EDGE_LOOP('',(#5558,#5559,#5565,#5566));
#5558 = ORIENTED_EDGE('',*,*,#5182,.T.);
#5559 = ORIENTED_EDGE('',*,*,#5560,.T.);
#5560 = EDGE_CURVE('',#5183,#5365,#5561,.T.);
#5561 = LINE('',#5562,#5563);
#5562 = CARTESIAN_POINT('',(66.525,-66.2425,-4.6E-02));
#5563 = VECTOR('',#5564,1.);
#5564 = DIRECTION('',(0.,0.,1.));
#5565 = ORIENTED_EDGE('',*,*,#5364,.F.);
#5566 = ORIENTED_EDGE('',*,*,#5560,.F.);
#5567 = CYLINDRICAL_SURFACE('',#5568,0.65);
#5568 = AXIS2_PLACEMENT_3D('',#5569,#5570,#5571);
#5569 = CARTESIAN_POINT('',(66.525,-65.5925,-4.6E-02));
#5570 = DIRECTION('',(-0.,-0.,-1.));
#5571 = DIRECTION('',(-0.,-1.,0.));
#5572 = ADVANCED_FACE('',(#5573),#5584,.F.);
#5573 = FACE_BOUND('',#5574,.T.);
#5574 = EDGE_LOOP('',(#5575,#5576,#5582,#5583));
#5575 = ORIENTED_EDGE('',*,*,#5193,.T.);
#5576 = ORIENTED_EDGE('',*,*,#5577,.T.);
#5577 = EDGE_CURVE('',#5194,#5376,#5578,.T.);
#5578 = LINE('',#5579,#5580);
#5579 = CARTESIAN_POINT('',(71.605,-66.2425,-4.6E-02));
#5580 = VECTOR('',#5581,1.);
#5581 = DIRECTION('',(0.,0.,1.));
#5582 = ORIENTED_EDGE('',*,*,#5375,.F.);
#5583 = ORIENTED_EDGE('',*,*,#5577,.F.);
#5584 = CYLINDRICAL_SURFACE('',#5585,0.65);
#5585 = AXIS2_PLACEMENT_3D('',#5586,#5587,#5588);
#5586 = CARTESIAN_POINT('',(71.605,-65.5925,-4.6E-02));
#5587 = DIRECTION('',(-0.,0.,-1.));
#5588 = DIRECTION('',(2.1862853408E-14,-1.,-0.));
#5589 = ADVANCED_FACE('',(#5590),#5601,.F.);
#5590 = FACE_BOUND('',#5591,.T.);
#5591 = EDGE_LOOP('',(#5592,#5593,#5599,#5600));
#5592 = ORIENTED_EDGE('',*,*,#5204,.T.);
#5593 = ORIENTED_EDGE('',*,*,#5594,.T.);
#5594 = EDGE_CURVE('',#5205,#5387,#5595,.T.);
#5595 = LINE('',#5596,#5597);
#5596 = CARTESIAN_POINT('',(70.01,-59.11,-4.6E-02));
#5597 = VECTOR('',#5598,1.);
#5598 = DIRECTION('',(0.,0.,1.));
#5599 = ORIENTED_EDGE('',*,*,#5386,.F.);
#5600 = ORIENTED_EDGE('',*,*,#5594,.F.);
#5601 = CYLINDRICAL_SURFACE('',#5602,0.6);
#5602 = AXIS2_PLACEMENT_3D('',#5603,#5604,#5605);
#5603 = CARTESIAN_POINT('',(70.01,-58.51,-4.6E-02));
#5604 = DIRECTION('',(-0.,0.,-1.));
#5605 = DIRECTION('',(2.368475785867E-14,-1.,-0.));
#5606 = ADVANCED_FACE('',(#5607),#5618,.F.);
#5607 = FACE_BOUND('',#5608,.T.);
#5608 = EDGE_LOOP('',(#5609,#5610,#5616,#5617));
#5609 = ORIENTED_EDGE('',*,*,#5215,.T.);
#5610 = ORIENTED_EDGE('',*,*,#5611,.T.);
#5611 = EDGE_CURVE('',#5216,#5398,#5612,.T.);
#5612 = LINE('',#5613,#5614);
#5613 = CARTESIAN_POINT('',(87.84,-66.41,-4.6E-02));
#5614 = VECTOR('',#5615,1.);
#5615 = DIRECTION('',(0.,0.,1.));
#5616 = ORIENTED_EDGE('',*,*,#5397,.F.);
#5617 = ORIENTED_EDGE('',*,*,#5611,.F.);
#5618 = CYLINDRICAL_SURFACE('',#5619,0.65);
#5619 = AXIS2_PLACEMENT_3D('',#5620,#5621,#5622);
#5620 = CARTESIAN_POINT('',(87.84,-65.76,-4.6E-02));
#5621 = DIRECTION('',(-0.,-0.,-1.));
#5622 = DIRECTION('',(-0.,-1.,0.));
#5623 = ADVANCED_FACE('',(#5624),#5635,.F.);
#5624 = FACE_BOUND('',#5625,.T.);
#5625 = EDGE_LOOP('',(#5626,#5627,#5633,#5634));
#5626 = ORIENTED_EDGE('',*,*,#5226,.T.);
#5627 = ORIENTED_EDGE('',*,*,#5628,.T.);
#5628 = EDGE_CURVE('',#5227,#5409,#5629,.T.);
#5629 = LINE('',#5630,#5631);
#5630 = CARTESIAN_POINT('',(92.92,-66.41,-4.6E-02));
#5631 = VECTOR('',#5632,1.);
#5632 = DIRECTION('',(0.,0.,1.));
#5633 = ORIENTED_EDGE('',*,*,#5408,.F.);
#5634 = ORIENTED_EDGE('',*,*,#5628,.F.);
#5635 = CYLINDRICAL_SURFACE('',#5636,0.65);
#5636 = AXIS2_PLACEMENT_3D('',#5637,#5638,#5639);
#5637 = CARTESIAN_POINT('',(92.92,-65.76,-4.6E-02));
#5638 = DIRECTION('',(-0.,0.,-1.));
#5639 = DIRECTION('',(2.1862853408E-14,-1.,-0.));
#5640 = ADVANCED_FACE('',(#5641),#5652,.F.);
#5641 = FACE_BOUND('',#5642,.T.);
#5642 = EDGE_LOOP('',(#5643,#5644,#5650,#5651));
#5643 = ORIENTED_EDGE('',*,*,#5237,.T.);
#5644 = ORIENTED_EDGE('',*,*,#5645,.T.);
#5645 = EDGE_CURVE('',#5238,#5420,#5646,.T.);
#5646 = LINE('',#5647,#5648);
#5647 = CARTESIAN_POINT('',(106.,-74.6,-4.6E-02));
#5648 = VECTOR('',#5649,1.);
#5649 = DIRECTION('',(0.,0.,1.));
#5650 = ORIENTED_EDGE('',*,*,#5419,.F.);
#5651 = ORIENTED_EDGE('',*,*,#5645,.F.);
#5652 = CYLINDRICAL_SURFACE('',#5653,1.6);
#5653 = AXIS2_PLACEMENT_3D('',#5654,#5655,#5656);
#5654 = CARTESIAN_POINT('',(106.,-73.,-4.6E-02));
#5655 = DIRECTION('',(-0.,-0.,-1.));
#5656 = DIRECTION('',(-0.,-1.,0.));
#5657 = ADVANCED_FACE('',(#5658),#5669,.F.);
#5658 = FACE_BOUND('',#5659,.T.);
#5659 = EDGE_LOOP('',(#5660,#5661,#5667,#5668));
#5660 = ORIENTED_EDGE('',*,*,#5248,.T.);
#5661 = ORIENTED_EDGE('',*,*,#5662,.T.);
#5662 = EDGE_CURVE('',#5249,#5431,#5663,.T.);
#5663 = LINE('',#5664,#5665);
#5664 = CARTESIAN_POINT('',(98.,-66.41,-4.6E-02));
#5665 = VECTOR('',#5666,1.);
#5666 = DIRECTION('',(0.,0.,1.));
#5667 = ORIENTED_EDGE('',*,*,#5430,.F.);
#5668 = ORIENTED_EDGE('',*,*,#5662,.F.);
#5669 = CYLINDRICAL_SURFACE('',#5670,0.65);
#5670 = AXIS2_PLACEMENT_3D('',#5671,#5672,#5673);
#5671 = CARTESIAN_POINT('',(98.,-65.76,-4.6E-02));
#5672 = DIRECTION('',(-0.,-0.,-1.));
#5673 = DIRECTION('',(-0.,-1.,0.));
#5674 = ADVANCED_FACE('',(#5675),#5686,.F.);
#5675 = FACE_BOUND('',#5676,.T.);
#5676 = EDGE_LOOP('',(#5677,#5678,#5684,#5685));
#5677 = ORIENTED_EDGE('',*,*,#5259,.T.);
#5678 = ORIENTED_EDGE('',*,*,#5679,.T.);
#5679 = EDGE_CURVE('',#5260,#5442,#5680,.T.);
#5680 = LINE('',#5681,#5682);
#5681 = CARTESIAN_POINT('',(70.01,-51.49,-4.6E-02));
#5682 = VECTOR('',#5683,1.);
#5683 = DIRECTION('',(0.,0.,1.));
#5684 = ORIENTED_EDGE('',*,*,#5441,.F.);
#5685 = ORIENTED_EDGE('',*,*,#5679,.F.);
#5686 = CYLINDRICAL_SURFACE('',#5687,0.6);
#5687 = AXIS2_PLACEMENT_3D('',#5688,#5689,#5690);
#5688 = CARTESIAN_POINT('',(70.01,-50.89,-4.6E-02));
#5689 = DIRECTION('',(-0.,0.,-1.));
#5690 = DIRECTION('',(2.368475785867E-14,-1.,-0.));
#5691 = ADVANCED_FACE('',(#5692),#5703,.F.);
#5692 = FACE_BOUND('',#5693,.T.);
#5693 = EDGE_LOOP('',(#5694,#5695,#5701,#5702));
#5694 = ORIENTED_EDGE('',*,*,#5270,.T.);
#5695 = ORIENTED_EDGE('',*,*,#5696,.T.);
#5696 = EDGE_CURVE('',#5271,#5453,#5697,.T.);
#5697 = LINE('',#5698,#5699);
#5698 = CARTESIAN_POINT('',(77.695,-51.5475,-4.6E-02));
#5699 = VECTOR('',#5700,1.);
#5700 = DIRECTION('',(0.,0.,1.));
#5701 = ORIENTED_EDGE('',*,*,#5452,.F.);
#5702 = ORIENTED_EDGE('',*,*,#5696,.F.);
#5703 = CYLINDRICAL_SURFACE('',#5704,0.65);
#5704 = AXIS2_PLACEMENT_3D('',#5705,#5706,#5707);
#5705 = CARTESIAN_POINT('',(77.695,-50.8975,-4.6E-02));
#5706 = DIRECTION('',(-0.,-0.,-1.));
#5707 = DIRECTION('',(-0.,-1.,0.));
#5708 = ADVANCED_FACE('',(#5709),#5720,.F.);
#5709 = FACE_BOUND('',#5710,.T.);
#5710 = EDGE_LOOP('',(#5711,#5712,#5718,#5719));
#5711 = ORIENTED_EDGE('',*,*,#5281,.T.);
#5712 = ORIENTED_EDGE('',*,*,#5713,.T.);
#5713 = EDGE_CURVE('',#5282,#5464,#5714,.T.);
#5714 = LINE('',#5715,#5716);
#5715 = CARTESIAN_POINT('',(53.,-41.6,-4.6E-02));
#5716 = VECTOR('',#5717,1.);
#5717 = DIRECTION('',(0.,0.,1.));
#5718 = ORIENTED_EDGE('',*,*,#5463,.F.);
#5719 = ORIENTED_EDGE('',*,*,#5713,.F.);
#5720 = CYLINDRICAL_SURFACE('',#5721,1.6);
#5721 = AXIS2_PLACEMENT_3D('',#5722,#5723,#5724);
#5722 = CARTESIAN_POINT('',(53.,-40.,-4.6E-02));
#5723 = DIRECTION('',(-0.,-0.,-1.));
#5724 = DIRECTION('',(-0.,-1.,0.));
#5725 = ADVANCED_FACE('',(#5726),#5737,.F.);
#5726 = FACE_BOUND('',#5727,.T.);
#5727 = EDGE_LOOP('',(#5728,#5729,#5735,#5736));
#5728 = ORIENTED_EDGE('',*,*,#5292,.T.);
#5729 = ORIENTED_EDGE('',*,*,#5730,.T.);
#5730 = EDGE_CURVE('',#5293,#5475,#5731,.T.);
#5731 = LINE('',#5732,#5733);
#5732 = CARTESIAN_POINT('',(82.775,-51.5475,-4.6E-02));
#5733 = VECTOR('',#5734,1.);
#5734 = DIRECTION('',(0.,0.,1.));
#5735 = ORIENTED_EDGE('',*,*,#5474,.F.);
#5736 = ORIENTED_EDGE('',*,*,#5730,.F.);
#5737 = CYLINDRICAL_SURFACE('',#5738,0.65);
#5738 = AXIS2_PLACEMENT_3D('',#5739,#5740,#5741);
#5739 = CARTESIAN_POINT('',(82.775,-50.8975,-4.6E-02));
#5740 = DIRECTION('',(-0.,-0.,-1.));
#5741 = DIRECTION('',(-0.,-1.,0.));
#5742 = ADVANCED_FACE('',(#5743),#5754,.F.);
#5743 = FACE_BOUND('',#5744,.T.);
#5744 = EDGE_LOOP('',(#5745,#5746,#5752,#5753));
#5745 = ORIENTED_EDGE('',*,*,#5303,.T.);
#5746 = ORIENTED_EDGE('',*,*,#5747,.T.);
#5747 = EDGE_CURVE('',#5304,#5486,#5748,.T.);
#5748 = LINE('',#5749,#5750);
#5749 = CARTESIAN_POINT('',(87.855,-51.5475,-4.6E-02));
#5750 = VECTOR('',#5751,1.);
#5751 = DIRECTION('',(0.,0.,1.));
#5752 = ORIENTED_EDGE('',*,*,#5485,.F.);
#5753 = ORIENTED_EDGE('',*,*,#5747,.F.);
#5754 = CYLINDRICAL_SURFACE('',#5755,0.65);
#5755 = AXIS2_PLACEMENT_3D('',#5756,#5757,#5758);
#5756 = CARTESIAN_POINT('',(87.855,-50.8975,-4.6E-02));
#5757 = DIRECTION('',(-0.,0.,-1.));
#5758 = DIRECTION('',(2.1862853408E-14,-1.,-0.));
#5759 = ADVANCED_FACE('',(#5760),#5771,.F.);
#5760 = FACE_BOUND('',#5761,.T.);
#5761 = EDGE_LOOP('',(#5762,#5763,#5769,#5770));
#5762 = ORIENTED_EDGE('',*,*,#5314,.T.);
#5763 = ORIENTED_EDGE('',*,*,#5764,.T.);
#5764 = EDGE_CURVE('',#5315,#5497,#5765,.T.);
#5765 = LINE('',#5766,#5767);
#5766 = CARTESIAN_POINT('',(106.,-41.6,-4.6E-02));
#5767 = VECTOR('',#5768,1.);
#5768 = DIRECTION('',(0.,0.,1.));
#5769 = ORIENTED_EDGE('',*,*,#5496,.F.);
#5770 = ORIENTED_EDGE('',*,*,#5764,.F.);
#5771 = CYLINDRICAL_SURFACE('',#5772,1.6);
#5772 = AXIS2_PLACEMENT_3D('',#5773,#5774,#5775);
#5773 = CARTESIAN_POINT('',(106.,-40.,-4.6E-02));
#5774 = DIRECTION('',(-0.,-0.,-1.));
#5775 = DIRECTION('',(-0.,-1.,0.));
#5776 = ( GEOMETRIC_REPRESENTATION_CONTEXT(3) 
GLOBAL_UNCERTAINTY_ASSIGNED_CONTEXT((#5780)) 
GLOBAL_UNIT_ASSIGNED_CONTEXT((#5777,#5778,#5779)) REPRESENTATION_CONTEXT
('Context #1','3D Context with UNIT and UNCERTAINTY') );
#5777 = ( LENGTH_UNIT() NAMED_UNIT(*) SI_UNIT(.MILLI.,.METRE.) );
#5778 = ( NAMED_UNIT(*) PLANE_ANGLE_UNIT() SI_UNIT($,.RADIAN.) );
#5779 = ( NAMED_UNIT(*) SI_UNIT($,.STERADIAN.) SOLID_ANGLE_UNIT() );
#5780 = UNCERTAINTY_MEASURE_WITH_UNIT(LENGTH_MEASURE(1.E-07),#5777,
  'distance_accuracy_value','confusion accuracy');
#5781 = CONTEXT_DEPENDENT_SHAPE_REPRESENTATION(#5782,#5784);
#5782 = ( REPRESENTATION_RELATIONSHIP('','',#5040,#10) 
REPRESENTATION_RELATIONSHIP_WITH_TRANSFORMATION(#5783) 
SHAPE_REPRESENTATION_RELATIONSHIP() );
#5783 = ITEM_DEFINED_TRANSFORMATION('','',#11,#35);
#5784 = PRODUCT_DEFINITION_SHAPE('Placement','Placement of an item',
  #5785);
#5785 = NEXT_ASSEMBLY_USAGE_OCCURRENCE('9','=>[0:1:1:8]','',#5,#5035,$);
#5786 = PRODUCT_RELATED_PRODUCT_CATEGORY('part',$,(#5037));
#5787 = MECHANICAL_DESIGN_GEOMETRIC_PRESENTATION_REPRESENTATION('',(
    #5788,#5798,#5808,#5817,#5826,#5835,#5844,#5853,#5862,#5871,#5880,
    #5889,#5898,#5907,#5916,#5925,#5934,#5943,#5952,#5961,#5970,#5979,
    #5988,#5997,#6006,#6015,#6024,#6033,#6042,#6051,#6060,#6069,#6078,
    #6087,#6096,#6105,#6114,#6123,#6132,#6141,#6150,#6159,#6168,#6177,
    #6186,#6195,#6204,#6213,#6222,#6231,#6240,#6249,#6258,#6267,#6276,
    #6285,#6294,#6303,#6312,#6321,#6330,#6339,#6348,#6357,#6366,#6375,
    #6384,#6393,#6402,#6411,#6420,#6429,#6438,#6447,#6456,#6465,#6474,
    #6483,#6492,#6501,#6510,#6519,#6528,#6537,#6546,#6555,#6564,#6573,
    #6582,#6591,#6600,#6609,#6618,#6627,#6636,#6645,#6654,#6663,#6672,
    #6681,#6690,#6699,#6708,#6717,#6726,#6735,#6744,#6753,#6762,#6771,
    #6780,#6789,#6798,#6807,#6816,#6825,#6834,#6843,#6852,#6861,#6870,
    #6879,#6888,#6897,#6906,#6915,#6924,#6933,#6942,#6951,#6960,#6969,
    #6978,#6987,#6996,#7005,#7014),#5012);
#5788 = STYLED_ITEM('color',(#5789),#1339);
#5789 = PRESENTATION_STYLE_ASSIGNMENT((#5790,#5796));
#5790 = SURFACE_STYLE_USAGE(.BOTH.,#5791);
#5791 = SURFACE_SIDE_STYLE('',(#5792));
#5792 = SURFACE_STYLE_FILL_AREA(#5793);
#5793 = FILL_AREA_STYLE('',(#5794));
#5794 = FILL_AREA_STYLE_COLOUR('',#5795);
#5795 = COLOUR_RGB('',0.339999993741,0.679999990811,0.445000007484);
#5796 = CURVE_STYLE('',#5797,POSITIVE_LENGTH_MEASURE(0.1),#5795);
#5797 = DRAUGHTING_PRE_DEFINED_CURVE_FONT('continuous');
#5798 = OVER_RIDING_STYLED_ITEM('overriding color',(#5799),#1441,#5788);
#5799 = PRESENTATION_STYLE_ASSIGNMENT((#5800,#5806));
#5800 = SURFACE_STYLE_USAGE(.BOTH.,#5801);
#5801 = SURFACE_SIDE_STYLE('',(#5802));
#5802 = SURFACE_STYLE_FILL_AREA(#5803);
#5803 = FILL_AREA_STYLE('',(#5804));
#5804 = FILL_AREA_STYLE_COLOUR('',#5805);
#5805 = COLOUR_RGB('',0.823999987314,0.819999987296,0.781000009244);
#5806 = CURVE_STYLE('',#5807,POSITIVE_LENGTH_MEASURE(0.1),#5805);
#5807 = DRAUGHTING_PRE_DEFINED_CURVE_FONT('continuous');
#5808 = OVER_RIDING_STYLED_ITEM('overriding color',(#5809),#1451,#5788);
#5809 = PRESENTATION_STYLE_ASSIGNMENT((#5810,#5815));
#5810 = SURFACE_STYLE_USAGE(.BOTH.,#5811);
#5811 = SURFACE_SIDE_STYLE('',(#5812));
#5812 = SURFACE_STYLE_FILL_AREA(#5813);
#5813 = FILL_AREA_STYLE('',(#5814));
#5814 = FILL_AREA_STYLE_COLOUR('',#5805);
#5815 = CURVE_STYLE('',#5816,POSITIVE_LENGTH_MEASURE(0.1),#5805);
#5816 = DRAUGHTING_PRE_DEFINED_CURVE_FONT('continuous');
#5817 = OVER_RIDING_STYLED_ITEM('overriding color',(#5818),#1459,#5788);
#5818 = PRESENTATION_STYLE_ASSIGNMENT((#5819,#5824));
#5819 = SURFACE_STYLE_USAGE(.BOTH.,#5820);
#5820 = SURFACE_SIDE_STYLE('',(#5821));
#5821 = SURFACE_STYLE_FILL_AREA(#5822);
#5822 = FILL_AREA_STYLE('',(#5823));
#5823 = FILL_AREA_STYLE_COLOUR('',#5805);
#5824 = CURVE_STYLE('',#5825,POSITIVE_LENGTH_MEASURE(0.1),#5805);
#5825 = DRAUGHTING_PRE_DEFINED_CURVE_FONT('continuous');
#5826 = OVER_RIDING_STYLED_ITEM('overriding color',(#5827),#1467,#5788);
#5827 = PRESENTATION_STYLE_ASSIGNMENT((#5828,#5833));
#5828 = SURFACE_STYLE_USAGE(.BOTH.,#5829);
#5829 = SURFACE_SIDE_STYLE('',(#5830));
#5830 = SURFACE_STYLE_FILL_AREA(#5831);
#5831 = FILL_AREA_STYLE('',(#5832));
#5832 = FILL_AREA_STYLE_COLOUR('',#5805);
#5833 = CURVE_STYLE('',#5834,POSITIVE_LENGTH_MEASURE(0.1),#5805);
#5834 = DRAUGHTING_PRE_DEFINED_CURVE_FONT('continuous');
#5835 = OVER_RIDING_STYLED_ITEM('overriding color',(#5836),#1475,#5788);
#5836 = PRESENTATION_STYLE_ASSIGNMENT((#5837,#5842));
#5837 = SURFACE_STYLE_USAGE(.BOTH.,#5838);
#5838 = SURFACE_SIDE_STYLE('',(#5839));
#5839 = SURFACE_STYLE_FILL_AREA(#5840);
#5840 = FILL_AREA_STYLE('',(#5841));
#5841 = FILL_AREA_STYLE_COLOUR('',#5805);
#5842 = CURVE_STYLE('',#5843,POSITIVE_LENGTH_MEASURE(0.1),#5805);
#5843 = DRAUGHTING_PRE_DEFINED_CURVE_FONT('continuous');
#5844 = OVER_RIDING_STYLED_ITEM('overriding color',(#5845),#1485,#5788);
#5845 = PRESENTATION_STYLE_ASSIGNMENT((#5846,#5851));
#5846 = SURFACE_STYLE_USAGE(.BOTH.,#5847);
#5847 = SURFACE_SIDE_STYLE('',(#5848));
#5848 = SURFACE_STYLE_FILL_AREA(#5849);
#5849 = FILL_AREA_STYLE('',(#5850));
#5850 = FILL_AREA_STYLE_COLOUR('',#5805);
#5851 = CURVE_STYLE('',#5852,POSITIVE_LENGTH_MEASURE(0.1),#5805);
#5852 = DRAUGHTING_PRE_DEFINED_CURVE_FONT('continuous');
#5853 = OVER_RIDING_STYLED_ITEM('overriding color',(#5854),#1493,#5788);
#5854 = PRESENTATION_STYLE_ASSIGNMENT((#5855,#5860));
#5855 = SURFACE_STYLE_USAGE(.BOTH.,#5856);
#5856 = SURFACE_SIDE_STYLE('',(#5857));
#5857 = SURFACE_STYLE_FILL_AREA(#5858);
#5858 = FILL_AREA_STYLE('',(#5859));
#5859 = FILL_AREA_STYLE_COLOUR('',#5805);
#5860 = CURVE_STYLE('',#5861,POSITIVE_LENGTH_MEASURE(0.1),#5805);
#5861 = DRAUGHTING_PRE_DEFINED_CURVE_FONT('continuous');
#5862 = OVER_RIDING_STYLED_ITEM('overriding color',(#5863),#1501,#5788);
#5863 = PRESENTATION_STYLE_ASSIGNMENT((#5864,#5869));
#5864 = SURFACE_STYLE_USAGE(.BOTH.,#5865);
#5865 = SURFACE_SIDE_STYLE('',(#5866));
#5866 = SURFACE_STYLE_FILL_AREA(#5867);
#5867 = FILL_AREA_STYLE('',(#5868));
#5868 = FILL_AREA_STYLE_COLOUR('',#5805);
#5869 = CURVE_STYLE('',#5870,POSITIVE_LENGTH_MEASURE(0.1),#5805);
#5870 = DRAUGHTING_PRE_DEFINED_CURVE_FONT('continuous');
#5871 = OVER_RIDING_STYLED_ITEM('overriding color',(#5872),#1509,#5788);
#5872 = PRESENTATION_STYLE_ASSIGNMENT((#5873,#5878));
#5873 = SURFACE_STYLE_USAGE(.BOTH.,#5874);
#5874 = SURFACE_SIDE_STYLE('',(#5875));
#5875 = SURFACE_STYLE_FILL_AREA(#5876);
#5876 = FILL_AREA_STYLE('',(#5877));
#5877 = FILL_AREA_STYLE_COLOUR('',#5805);
#5878 = CURVE_STYLE('',#5879,POSITIVE_LENGTH_MEASURE(0.1),#5805);
#5879 = DRAUGHTING_PRE_DEFINED_CURVE_FONT('continuous');
#5880 = OVER_RIDING_STYLED_ITEM('overriding color',(#5881),#1519,#5788);
#5881 = PRESENTATION_STYLE_ASSIGNMENT((#5882,#5887));
#5882 = SURFACE_STYLE_USAGE(.BOTH.,#5883);
#5883 = SURFACE_SIDE_STYLE('',(#5884));
#5884 = SURFACE_STYLE_FILL_AREA(#5885);
#5885 = FILL_AREA_STYLE('',(#5886));
#5886 = FILL_AREA_STYLE_COLOUR('',#5805);
#5887 = CURVE_STYLE('',#5888,POSITIVE_LENGTH_MEASURE(0.1),#5805);
#5888 = DRAUGHTING_PRE_DEFINED_CURVE_FONT('continuous');
#5889 = OVER_RIDING_STYLED_ITEM('overriding color',(#5890),#1527,#5788);
#5890 = PRESENTATION_STYLE_ASSIGNMENT((#5891,#5896));
#5891 = SURFACE_STYLE_USAGE(.BOTH.,#5892);
#5892 = SURFACE_SIDE_STYLE('',(#5893));
#5893 = SURFACE_STYLE_FILL_AREA(#5894);
#5894 = FILL_AREA_STYLE('',(#5895));
#5895 = FILL_AREA_STYLE_COLOUR('',#5805);
#5896 = CURVE_STYLE('',#5897,POSITIVE_LENGTH_MEASURE(0.1),#5805);
#5897 = DRAUGHTING_PRE_DEFINED_CURVE_FONT('continuous');
#5898 = OVER_RIDING_STYLED_ITEM('overriding color',(#5899),#1535,#5788);
#5899 = PRESENTATION_STYLE_ASSIGNMENT((#5900,#5905));
#5900 = SURFACE_STYLE_USAGE(.BOTH.,#5901);
#5901 = SURFACE_SIDE_STYLE('',(#5902));
#5902 = SURFACE_STYLE_FILL_AREA(#5903);
#5903 = FILL_AREA_STYLE('',(#5904));
#5904 = FILL_AREA_STYLE_COLOUR('',#5805);
#5905 = CURVE_STYLE('',#5906,POSITIVE_LENGTH_MEASURE(0.1),#5805);
#5906 = DRAUGHTING_PRE_DEFINED_CURVE_FONT('continuous');
#5907 = STYLED_ITEM('color',(#5908),#1545);
#5908 = PRESENTATION_STYLE_ASSIGNMENT((#5909,#5914));
#5909 = SURFACE_STYLE_USAGE(.BOTH.,#5910);
#5910 = SURFACE_SIDE_STYLE('',(#5911));
#5911 = SURFACE_STYLE_FILL_AREA(#5912);
#5912 = FILL_AREA_STYLE('',(#5913));
#5913 = FILL_AREA_STYLE_COLOUR('',#5795);
#5914 = CURVE_STYLE('',#5915,POSITIVE_LENGTH_MEASURE(0.1),#5795);
#5915 = DRAUGHTING_PRE_DEFINED_CURVE_FONT('continuous');
#5916 = STYLED_ITEM('color',(#5917),#1623);
#5917 = PRESENTATION_STYLE_ASSIGNMENT((#5918,#5923));
#5918 = SURFACE_STYLE_USAGE(.BOTH.,#5919);
#5919 = SURFACE_SIDE_STYLE('',(#5920));
#5920 = SURFACE_STYLE_FILL_AREA(#5921);
#5921 = FILL_AREA_STYLE('',(#5922));
#5922 = FILL_AREA_STYLE_COLOUR('',#5795);
#5923 = CURVE_STYLE('',#5924,POSITIVE_LENGTH_MEASURE(0.1),#5795);
#5924 = DRAUGHTING_PRE_DEFINED_CURVE_FONT('continuous');
#5925 = STYLED_ITEM('color',(#5926),#1749);
#5926 = PRESENTATION_STYLE_ASSIGNMENT((#5927,#5932));
#5927 = SURFACE_STYLE_USAGE(.BOTH.,#5928);
#5928 = SURFACE_SIDE_STYLE('',(#5929));
#5929 = SURFACE_STYLE_FILL_AREA(#5930);
#5930 = FILL_AREA_STYLE('',(#5931));
#5931 = FILL_AREA_STYLE_COLOUR('',#5795);
#5932 = CURVE_STYLE('',#5933,POSITIVE_LENGTH_MEASURE(0.1),#5795);
#5933 = DRAUGHTING_PRE_DEFINED_CURVE_FONT('continuous');
#5934 = STYLED_ITEM('color',(#5935),#1773);
#5935 = PRESENTATION_STYLE_ASSIGNMENT((#5936,#5941));
#5936 = SURFACE_STYLE_USAGE(.BOTH.,#5937);
#5937 = SURFACE_SIDE_STYLE('',(#5938));
#5938 = SURFACE_STYLE_FILL_AREA(#5939);
#5939 = FILL_AREA_STYLE('',(#5940));
#5940 = FILL_AREA_STYLE_COLOUR('',#5795);
#5941 = CURVE_STYLE('',#5942,POSITIVE_LENGTH_MEASURE(0.1),#5795);
#5942 = DRAUGHTING_PRE_DEFINED_CURVE_FONT('continuous');
#5943 = STYLED_ITEM('color',(#5944),#1844);
#5944 = PRESENTATION_STYLE_ASSIGNMENT((#5945,#5950));
#5945 = SURFACE_STYLE_USAGE(.BOTH.,#5946);
#5946 = SURFACE_SIDE_STYLE('',(#5947));
#5947 = SURFACE_STYLE_FILL_AREA(#5948);
#5948 = FILL_AREA_STYLE('',(#5949));
#5949 = FILL_AREA_STYLE_COLOUR('',#5795);
#5950 = CURVE_STYLE('',#5951,POSITIVE_LENGTH_MEASURE(0.1),#5795);
#5951 = DRAUGHTING_PRE_DEFINED_CURVE_FONT('continuous');
#5952 = STYLED_ITEM('color',(#5953),#1868);
#5953 = PRESENTATION_STYLE_ASSIGNMENT((#5954,#5959));
#5954 = SURFACE_STYLE_USAGE(.BOTH.,#5955);
#5955 = SURFACE_SIDE_STYLE('',(#5956));
#5956 = SURFACE_STYLE_FILL_AREA(#5957);
#5957 = FILL_AREA_STYLE('',(#5958));
#5958 = FILL_AREA_STYLE_COLOUR('',#5795);
#5959 = CURVE_STYLE('',#5960,POSITIVE_LENGTH_MEASURE(0.1),#5795);
#5960 = DRAUGHTING_PRE_DEFINED_CURVE_FONT('continuous');
#5961 = STYLED_ITEM('color',(#5962),#1892);
#5962 = PRESENTATION_STYLE_ASSIGNMENT((#5963,#5968));
#5963 = SURFACE_STYLE_USAGE(.BOTH.,#5964);
#5964 = SURFACE_SIDE_STYLE('',(#5965));
#5965 = SURFACE_STYLE_FILL_AREA(#5966);
#5966 = FILL_AREA_STYLE('',(#5967));
#5967 = FILL_AREA_STYLE_COLOUR('',#5795);
#5968 = CURVE_STYLE('',#5969,POSITIVE_LENGTH_MEASURE(0.1),#5795);
#5969 = DRAUGHTING_PRE_DEFINED_CURVE_FONT('continuous');
#5970 = STYLED_ITEM('color',(#5971),#1909);
#5971 = PRESENTATION_STYLE_ASSIGNMENT((#5972,#5977));
#5972 = SURFACE_STYLE_USAGE(.BOTH.,#5973);
#5973 = SURFACE_SIDE_STYLE('',(#5974));
#5974 = SURFACE_STYLE_FILL_AREA(#5975);
#5975 = FILL_AREA_STYLE('',(#5976));
#5976 = FILL_AREA_STYLE_COLOUR('',#5795);
#5977 = CURVE_STYLE('',#5978,POSITIVE_LENGTH_MEASURE(0.1),#5795);
#5978 = DRAUGHTING_PRE_DEFINED_CURVE_FONT('continuous');
#5979 = STYLED_ITEM('color',(#5980),#1933);
#5980 = PRESENTATION_STYLE_ASSIGNMENT((#5981,#5986));
#5981 = SURFACE_STYLE_USAGE(.BOTH.,#5982);
#5982 = SURFACE_SIDE_STYLE('',(#5983));
#5983 = SURFACE_STYLE_FILL_AREA(#5984);
#5984 = FILL_AREA_STYLE('',(#5985));
#5985 = FILL_AREA_STYLE_COLOUR('',#5795);
#5986 = CURVE_STYLE('',#5987,POSITIVE_LENGTH_MEASURE(0.1),#5795);
#5987 = DRAUGHTING_PRE_DEFINED_CURVE_FONT('continuous');
#5988 = STYLED_ITEM('color',(#5989),#1950);
#5989 = PRESENTATION_STYLE_ASSIGNMENT((#5990,#5995));
#5990 = SURFACE_STYLE_USAGE(.BOTH.,#5991);
#5991 = SURFACE_SIDE_STYLE('',(#5992));
#5992 = SURFACE_STYLE_FILL_AREA(#5993);
#5993 = FILL_AREA_STYLE('',(#5994));
#5994 = FILL_AREA_STYLE_COLOUR('',#5795);
#5995 = CURVE_STYLE('',#5996,POSITIVE_LENGTH_MEASURE(0.1),#5795);
#5996 = DRAUGHTING_PRE_DEFINED_CURVE_FONT('continuous');
#5997 = STYLED_ITEM('color',(#5998),#1967);
#5998 = PRESENTATION_STYLE_ASSIGNMENT((#5999,#6004));
#5999 = SURFACE_STYLE_USAGE(.BOTH.,#6000);
#6000 = SURFACE_SIDE_STYLE('',(#6001));
#6001 = SURFACE_STYLE_FILL_AREA(#6002);
#6002 = FILL_AREA_STYLE('',(#6003));
#6003 = FILL_AREA_STYLE_COLOUR('',#5805);
#6004 = CURVE_STYLE('',#6005,POSITIVE_LENGTH_MEASURE(0.1),#5805);
#6005 = DRAUGHTING_PRE_DEFINED_CURVE_FONT('continuous');
#6006 = STYLED_ITEM('color',(#6007),#1998);
#6007 = PRESENTATION_STYLE_ASSIGNMENT((#6008,#6013));
#6008 = SURFACE_STYLE_USAGE(.BOTH.,#6009);
#6009 = SURFACE_SIDE_STYLE('',(#6010));
#6010 = SURFACE_STYLE_FILL_AREA(#6011);
#6011 = FILL_AREA_STYLE('',(#6012));
#6012 = FILL_AREA_STYLE_COLOUR('',#5805);
#6013 = CURVE_STYLE('',#6014,POSITIVE_LENGTH_MEASURE(0.1),#5805);
#6014 = DRAUGHTING_PRE_DEFINED_CURVE_FONT('continuous');
#6015 = STYLED_ITEM('color',(#6016),#2022);
#6016 = PRESENTATION_STYLE_ASSIGNMENT((#6017,#6022));
#6017 = SURFACE_STYLE_USAGE(.BOTH.,#6018);
#6018 = SURFACE_SIDE_STYLE('',(#6019));
#6019 = SURFACE_STYLE_FILL_AREA(#6020);
#6020 = FILL_AREA_STYLE('',(#6021));
#6021 = FILL_AREA_STYLE_COLOUR('',#5805);
#6022 = CURVE_STYLE('',#6023,POSITIVE_LENGTH_MEASURE(0.1),#5805);
#6023 = DRAUGHTING_PRE_DEFINED_CURVE_FONT('continuous');
#6024 = STYLED_ITEM('color',(#6025),#2046);
#6025 = PRESENTATION_STYLE_ASSIGNMENT((#6026,#6031));
#6026 = SURFACE_STYLE_USAGE(.BOTH.,#6027);
#6027 = SURFACE_SIDE_STYLE('',(#6028));
#6028 = SURFACE_STYLE_FILL_AREA(#6029);
#6029 = FILL_AREA_STYLE('',(#6030));
#6030 = FILL_AREA_STYLE_COLOUR('',#5805);
#6031 = CURVE_STYLE('',#6032,POSITIVE_LENGTH_MEASURE(0.1),#5805);
#6032 = DRAUGHTING_PRE_DEFINED_CURVE_FONT('continuous');
#6033 = STYLED_ITEM('color',(#6034),#2063);
#6034 = PRESENTATION_STYLE_ASSIGNMENT((#6035,#6040));
#6035 = SURFACE_STYLE_USAGE(.BOTH.,#6036);
#6036 = SURFACE_SIDE_STYLE('',(#6037));
#6037 = SURFACE_STYLE_FILL_AREA(#6038);
#6038 = FILL_AREA_STYLE('',(#6039));
#6039 = FILL_AREA_STYLE_COLOUR('',#5805);
#6040 = CURVE_STYLE('',#6041,POSITIVE_LENGTH_MEASURE(0.1),#5805);
#6041 = DRAUGHTING_PRE_DEFINED_CURVE_FONT('continuous');
#6042 = STYLED_ITEM('color',(#6043),#2094);
#6043 = PRESENTATION_STYLE_ASSIGNMENT((#6044,#6049));
#6044 = SURFACE_STYLE_USAGE(.BOTH.,#6045);
#6045 = SURFACE_SIDE_STYLE('',(#6046));
#6046 = SURFACE_STYLE_FILL_AREA(#6047);
#6047 = FILL_AREA_STYLE('',(#6048));
#6048 = FILL_AREA_STYLE_COLOUR('',#5805);
#6049 = CURVE_STYLE('',#6050,POSITIVE_LENGTH_MEASURE(0.1),#5805);
#6050 = DRAUGHTING_PRE_DEFINED_CURVE_FONT('continuous');
#6051 = STYLED_ITEM('color',(#6052),#2118);
#6052 = PRESENTATION_STYLE_ASSIGNMENT((#6053,#6058));
#6053 = SURFACE_STYLE_USAGE(.BOTH.,#6054);
#6054 = SURFACE_SIDE_STYLE('',(#6055));
#6055 = SURFACE_STYLE_FILL_AREA(#6056);
#6056 = FILL_AREA_STYLE('',(#6057));
#6057 = FILL_AREA_STYLE_COLOUR('',#5805);
#6058 = CURVE_STYLE('',#6059,POSITIVE_LENGTH_MEASURE(0.1),#5805);
#6059 = DRAUGHTING_PRE_DEFINED_CURVE_FONT('continuous');
#6060 = STYLED_ITEM('color',(#6061),#2142);
#6061 = PRESENTATION_STYLE_ASSIGNMENT((#6062,#6067));
#6062 = SURFACE_STYLE_USAGE(.BOTH.,#6063);
#6063 = SURFACE_SIDE_STYLE('',(#6064));
#6064 = SURFACE_STYLE_FILL_AREA(#6065);
#6065 = FILL_AREA_STYLE('',(#6066));
#6066 = FILL_AREA_STYLE_COLOUR('',#5805);
#6067 = CURVE_STYLE('',#6068,POSITIVE_LENGTH_MEASURE(0.1),#5805);
#6068 = DRAUGHTING_PRE_DEFINED_CURVE_FONT('continuous');
#6069 = STYLED_ITEM('color',(#6070),#2159);
#6070 = PRESENTATION_STYLE_ASSIGNMENT((#6071,#6076));
#6071 = SURFACE_STYLE_USAGE(.BOTH.,#6072);
#6072 = SURFACE_SIDE_STYLE('',(#6073));
#6073 = SURFACE_STYLE_FILL_AREA(#6074);
#6074 = FILL_AREA_STYLE('',(#6075));
#6075 = FILL_AREA_STYLE_COLOUR('',#5805);
#6076 = CURVE_STYLE('',#6077,POSITIVE_LENGTH_MEASURE(0.1),#5805);
#6077 = DRAUGHTING_PRE_DEFINED_CURVE_FONT('continuous');
#6078 = STYLED_ITEM('color',(#6079),#2190);
#6079 = PRESENTATION_STYLE_ASSIGNMENT((#6080,#6085));
#6080 = SURFACE_STYLE_USAGE(.BOTH.,#6081);
#6081 = SURFACE_SIDE_STYLE('',(#6082));
#6082 = SURFACE_STYLE_FILL_AREA(#6083);
#6083 = FILL_AREA_STYLE('',(#6084));
#6084 = FILL_AREA_STYLE_COLOUR('',#5805);
#6085 = CURVE_STYLE('',#6086,POSITIVE_LENGTH_MEASURE(0.1),#5805);
#6086 = DRAUGHTING_PRE_DEFINED_CURVE_FONT('continuous');
#6087 = STYLED_ITEM('color',(#6088),#2214);
#6088 = PRESENTATION_STYLE_ASSIGNMENT((#6089,#6094));
#6089 = SURFACE_STYLE_USAGE(.BOTH.,#6090);
#6090 = SURFACE_SIDE_STYLE('',(#6091));
#6091 = SURFACE_STYLE_FILL_AREA(#6092);
#6092 = FILL_AREA_STYLE('',(#6093));
#6093 = FILL_AREA_STYLE_COLOUR('',#5805);
#6094 = CURVE_STYLE('',#6095,POSITIVE_LENGTH_MEASURE(0.1),#5805);
#6095 = DRAUGHTING_PRE_DEFINED_CURVE_FONT('continuous');
#6096 = STYLED_ITEM('color',(#6097),#2238);
#6097 = PRESENTATION_STYLE_ASSIGNMENT((#6098,#6103));
#6098 = SURFACE_STYLE_USAGE(.BOTH.,#6099);
#6099 = SURFACE_SIDE_STYLE('',(#6100));
#6100 = SURFACE_STYLE_FILL_AREA(#6101);
#6101 = FILL_AREA_STYLE('',(#6102));
#6102 = FILL_AREA_STYLE_COLOUR('',#5805);
#6103 = CURVE_STYLE('',#6104,POSITIVE_LENGTH_MEASURE(0.1),#5805);
#6104 = DRAUGHTING_PRE_DEFINED_CURVE_FONT('continuous');
#6105 = STYLED_ITEM('color',(#6106),#2255);
#6106 = PRESENTATION_STYLE_ASSIGNMENT((#6107,#6112));
#6107 = SURFACE_STYLE_USAGE(.BOTH.,#6108);
#6108 = SURFACE_SIDE_STYLE('',(#6109));
#6109 = SURFACE_STYLE_FILL_AREA(#6110);
#6110 = FILL_AREA_STYLE('',(#6111));
#6111 = FILL_AREA_STYLE_COLOUR('',#5795);
#6112 = CURVE_STYLE('',#6113,POSITIVE_LENGTH_MEASURE(0.1),#5795);
#6113 = DRAUGHTING_PRE_DEFINED_CURVE_FONT('continuous');
#6114 = STYLED_ITEM('color',(#6115),#2277);
#6115 = PRESENTATION_STYLE_ASSIGNMENT((#6116,#6121));
#6116 = SURFACE_STYLE_USAGE(.BOTH.,#6117);
#6117 = SURFACE_SIDE_STYLE('',(#6118));
#6118 = SURFACE_STYLE_FILL_AREA(#6119);
#6119 = FILL_AREA_STYLE('',(#6120));
#6120 = FILL_AREA_STYLE_COLOUR('',#5795);
#6121 = CURVE_STYLE('',#6122,POSITIVE_LENGTH_MEASURE(0.1),#5795);
#6122 = DRAUGHTING_PRE_DEFINED_CURVE_FONT('continuous');
#6123 = STYLED_ITEM('color',(#6124),#2327);
#6124 = PRESENTATION_STYLE_ASSIGNMENT((#6125,#6130));
#6125 = SURFACE_STYLE_USAGE(.BOTH.,#6126);
#6126 = SURFACE_SIDE_STYLE('',(#6127));
#6127 = SURFACE_STYLE_FILL_AREA(#6128);
#6128 = FILL_AREA_STYLE('',(#6129));
#6129 = FILL_AREA_STYLE_COLOUR('',#5795);
#6130 = CURVE_STYLE('',#6131,POSITIVE_LENGTH_MEASURE(0.1),#5795);
#6131 = DRAUGHTING_PRE_DEFINED_CURVE_FONT('continuous');
#6132 = STYLED_ITEM('color',(#6133),#2339);
#6133 = PRESENTATION_STYLE_ASSIGNMENT((#6134,#6139));
#6134 = SURFACE_STYLE_USAGE(.BOTH.,#6135);
#6135 = SURFACE_SIDE_STYLE('',(#6136));
#6136 = SURFACE_STYLE_FILL_AREA(#6137);
#6137 = FILL_AREA_STYLE('',(#6138));
#6138 = FILL_AREA_STYLE_COLOUR('',#5795);
#6139 = CURVE_STYLE('',#6140,POSITIVE_LENGTH_MEASURE(0.1),#5795);
#6140 = DRAUGHTING_PRE_DEFINED_CURVE_FONT('continuous');
#6141 = STYLED_ITEM('color',(#6142),#2351);
#6142 = PRESENTATION_STYLE_ASSIGNMENT((#6143,#6148));
#6143 = SURFACE_STYLE_USAGE(.BOTH.,#6144);
#6144 = SURFACE_SIDE_STYLE('',(#6145));
#6145 = SURFACE_STYLE_FILL_AREA(#6146);
#6146 = FILL_AREA_STYLE('',(#6147));
#6147 = FILL_AREA_STYLE_COLOUR('',#5795);
#6148 = CURVE_STYLE('',#6149,POSITIVE_LENGTH_MEASURE(0.1),#5795);
#6149 = DRAUGHTING_PRE_DEFINED_CURVE_FONT('continuous');
#6150 = STYLED_ITEM('color',(#6151),#2363);
#6151 = PRESENTATION_STYLE_ASSIGNMENT((#6152,#6157));
#6152 = SURFACE_STYLE_USAGE(.BOTH.,#6153);
#6153 = SURFACE_SIDE_STYLE('',(#6154));
#6154 = SURFACE_STYLE_FILL_AREA(#6155);
#6155 = FILL_AREA_STYLE('',(#6156));
#6156 = FILL_AREA_STYLE_COLOUR('',#5795);
#6157 = CURVE_STYLE('',#6158,POSITIVE_LENGTH_MEASURE(0.1),#5795);
#6158 = DRAUGHTING_PRE_DEFINED_CURVE_FONT('continuous');
#6159 = STYLED_ITEM('color',(#6160),#2392);
#6160 = PRESENTATION_STYLE_ASSIGNMENT((#6161,#6166));
#6161 = SURFACE_STYLE_USAGE(.BOTH.,#6162);
#6162 = SURFACE_SIDE_STYLE('',(#6163));
#6163 = SURFACE_STYLE_FILL_AREA(#6164);
#6164 = FILL_AREA_STYLE('',(#6165));
#6165 = FILL_AREA_STYLE_COLOUR('',#5795);
#6166 = CURVE_STYLE('',#6167,POSITIVE_LENGTH_MEASURE(0.1),#5795);
#6167 = DRAUGHTING_PRE_DEFINED_CURVE_FONT('continuous');
#6168 = STYLED_ITEM('color',(#6169),#2415);
#6169 = PRESENTATION_STYLE_ASSIGNMENT((#6170,#6175));
#6170 = SURFACE_STYLE_USAGE(.BOTH.,#6171);
#6171 = SURFACE_SIDE_STYLE('',(#6172));
#6172 = SURFACE_STYLE_FILL_AREA(#6173);
#6173 = FILL_AREA_STYLE('',(#6174));
#6174 = FILL_AREA_STYLE_COLOUR('',#5795);
#6175 = CURVE_STYLE('',#6176,POSITIVE_LENGTH_MEASURE(0.1),#5795);
#6176 = DRAUGHTING_PRE_DEFINED_CURVE_FONT('continuous');
#6177 = STYLED_ITEM('color',(#6178),#2438);
#6178 = PRESENTATION_STYLE_ASSIGNMENT((#6179,#6184));
#6179 = SURFACE_STYLE_USAGE(.BOTH.,#6180);
#6180 = SURFACE_SIDE_STYLE('',(#6181));
#6181 = SURFACE_STYLE_FILL_AREA(#6182);
#6182 = FILL_AREA_STYLE('',(#6183));
#6183 = FILL_AREA_STYLE_COLOUR('',#5795);
#6184 = CURVE_STYLE('',#6185,POSITIVE_LENGTH_MEASURE(0.1),#5795);
#6185 = DRAUGHTING_PRE_DEFINED_CURVE_FONT('continuous');
#6186 = STYLED_ITEM('color',(#6187),#2455);
#6187 = PRESENTATION_STYLE_ASSIGNMENT((#6188,#6193));
#6188 = SURFACE_STYLE_USAGE(.BOTH.,#6189);
#6189 = SURFACE_SIDE_STYLE('',(#6190));
#6190 = SURFACE_STYLE_FILL_AREA(#6191);
#6191 = FILL_AREA_STYLE('',(#6192));
#6192 = FILL_AREA_STYLE_COLOUR('',#5795);
#6193 = CURVE_STYLE('',#6194,POSITIVE_LENGTH_MEASURE(0.1),#5795);
#6194 = DRAUGHTING_PRE_DEFINED_CURVE_FONT('continuous');
#6195 = STYLED_ITEM('color',(#6196),#2484);
#6196 = PRESENTATION_STYLE_ASSIGNMENT((#6197,#6202));
#6197 = SURFACE_STYLE_USAGE(.BOTH.,#6198);
#6198 = SURFACE_SIDE_STYLE('',(#6199));
#6199 = SURFACE_STYLE_FILL_AREA(#6200);
#6200 = FILL_AREA_STYLE('',(#6201));
#6201 = FILL_AREA_STYLE_COLOUR('',#5795);
#6202 = CURVE_STYLE('',#6203,POSITIVE_LENGTH_MEASURE(0.1),#5795);
#6203 = DRAUGHTING_PRE_DEFINED_CURVE_FONT('continuous');
#6204 = STYLED_ITEM('color',(#6205),#2507);
#6205 = PRESENTATION_STYLE_ASSIGNMENT((#6206,#6211));
#6206 = SURFACE_STYLE_USAGE(.BOTH.,#6207);
#6207 = SURFACE_SIDE_STYLE('',(#6208));
#6208 = SURFACE_STYLE_FILL_AREA(#6209);
#6209 = FILL_AREA_STYLE('',(#6210));
#6210 = FILL_AREA_STYLE_COLOUR('',#5795);
#6211 = CURVE_STYLE('',#6212,POSITIVE_LENGTH_MEASURE(0.1),#5795);
#6212 = DRAUGHTING_PRE_DEFINED_CURVE_FONT('continuous');
#6213 = STYLED_ITEM('color',(#6214),#2530);
#6214 = PRESENTATION_STYLE_ASSIGNMENT((#6215,#6220));
#6215 = SURFACE_STYLE_USAGE(.BOTH.,#6216);
#6216 = SURFACE_SIDE_STYLE('',(#6217));
#6217 = SURFACE_STYLE_FILL_AREA(#6218);
#6218 = FILL_AREA_STYLE('',(#6219));
#6219 = FILL_AREA_STYLE_COLOUR('',#5795);
#6220 = CURVE_STYLE('',#6221,POSITIVE_LENGTH_MEASURE(0.1),#5795);
#6221 = DRAUGHTING_PRE_DEFINED_CURVE_FONT('continuous');
#6222 = STYLED_ITEM('color',(#6223),#2547);
#6223 = PRESENTATION_STYLE_ASSIGNMENT((#6224,#6229));
#6224 = SURFACE_STYLE_USAGE(.BOTH.,#6225);
#6225 = SURFACE_SIDE_STYLE('',(#6226));
#6226 = SURFACE_STYLE_FILL_AREA(#6227);
#6227 = FILL_AREA_STYLE('',(#6228));
#6228 = FILL_AREA_STYLE_COLOUR('',#5795);
#6229 = CURVE_STYLE('',#6230,POSITIVE_LENGTH_MEASURE(0.1),#5795);
#6230 = DRAUGHTING_PRE_DEFINED_CURVE_FONT('continuous');
#6231 = STYLED_ITEM('color',(#6232),#2576);
#6232 = PRESENTATION_STYLE_ASSIGNMENT((#6233,#6238));
#6233 = SURFACE_STYLE_USAGE(.BOTH.,#6234);
#6234 = SURFACE_SIDE_STYLE('',(#6235));
#6235 = SURFACE_STYLE_FILL_AREA(#6236);
#6236 = FILL_AREA_STYLE('',(#6237));
#6237 = FILL_AREA_STYLE_COLOUR('',#5795);
#6238 = CURVE_STYLE('',#6239,POSITIVE_LENGTH_MEASURE(0.1),#5795);
#6239 = DRAUGHTING_PRE_DEFINED_CURVE_FONT('continuous');
#6240 = STYLED_ITEM('color',(#6241),#2599);
#6241 = PRESENTATION_STYLE_ASSIGNMENT((#6242,#6247));
#6242 = SURFACE_STYLE_USAGE(.BOTH.,#6243);
#6243 = SURFACE_SIDE_STYLE('',(#6244));
#6244 = SURFACE_STYLE_FILL_AREA(#6245);
#6245 = FILL_AREA_STYLE('',(#6246));
#6246 = FILL_AREA_STYLE_COLOUR('',#5795);
#6247 = CURVE_STYLE('',#6248,POSITIVE_LENGTH_MEASURE(0.1),#5795);
#6248 = DRAUGHTING_PRE_DEFINED_CURVE_FONT('continuous');
#6249 = STYLED_ITEM('color',(#6250),#2622);
#6250 = PRESENTATION_STYLE_ASSIGNMENT((#6251,#6256));
#6251 = SURFACE_STYLE_USAGE(.BOTH.,#6252);
#6252 = SURFACE_SIDE_STYLE('',(#6253));
#6253 = SURFACE_STYLE_FILL_AREA(#6254);
#6254 = FILL_AREA_STYLE('',(#6255));
#6255 = FILL_AREA_STYLE_COLOUR('',#5795);
#6256 = CURVE_STYLE('',#6257,POSITIVE_LENGTH_MEASURE(0.1),#5795);
#6257 = DRAUGHTING_PRE_DEFINED_CURVE_FONT('continuous');
#6258 = STYLED_ITEM('color',(#6259),#2639);
#6259 = PRESENTATION_STYLE_ASSIGNMENT((#6260,#6265));
#6260 = SURFACE_STYLE_USAGE(.BOTH.,#6261);
#6261 = SURFACE_SIDE_STYLE('',(#6262));
#6262 = SURFACE_STYLE_FILL_AREA(#6263);
#6263 = FILL_AREA_STYLE('',(#6264));
#6264 = FILL_AREA_STYLE_COLOUR('',#5795);
#6265 = CURVE_STYLE('',#6266,POSITIVE_LENGTH_MEASURE(0.1),#5795);
#6266 = DRAUGHTING_PRE_DEFINED_CURVE_FONT('continuous');
#6267 = STYLED_ITEM('color',(#6268),#2651);
#6268 = PRESENTATION_STYLE_ASSIGNMENT((#6269,#6274));
#6269 = SURFACE_STYLE_USAGE(.BOTH.,#6270);
#6270 = SURFACE_SIDE_STYLE('',(#6271));
#6271 = SURFACE_STYLE_FILL_AREA(#6272);
#6272 = FILL_AREA_STYLE('',(#6273));
#6273 = FILL_AREA_STYLE_COLOUR('',#5805);
#6274 = CURVE_STYLE('',#6275,POSITIVE_LENGTH_MEASURE(0.1),#5805);
#6275 = DRAUGHTING_PRE_DEFINED_CURVE_FONT('continuous');
#6276 = STYLED_ITEM('color',(#6277),#2663);
#6277 = PRESENTATION_STYLE_ASSIGNMENT((#6278,#6283));
#6278 = SURFACE_STYLE_USAGE(.BOTH.,#6279);
#6279 = SURFACE_SIDE_STYLE('',(#6280));
#6280 = SURFACE_STYLE_FILL_AREA(#6281);
#6281 = FILL_AREA_STYLE('',(#6282));
#6282 = FILL_AREA_STYLE_COLOUR('',#5805);
#6283 = CURVE_STYLE('',#6284,POSITIVE_LENGTH_MEASURE(0.1),#5805);
#6284 = DRAUGHTING_PRE_DEFINED_CURVE_FONT('continuous');
#6285 = STYLED_ITEM('color',(#6286),#2675);
#6286 = PRESENTATION_STYLE_ASSIGNMENT((#6287,#6292));
#6287 = SURFACE_STYLE_USAGE(.BOTH.,#6288);
#6288 = SURFACE_SIDE_STYLE('',(#6289));
#6289 = SURFACE_STYLE_FILL_AREA(#6290);
#6290 = FILL_AREA_STYLE('',(#6291));
#6291 = FILL_AREA_STYLE_COLOUR('',#5805);
#6292 = CURVE_STYLE('',#6293,POSITIVE_LENGTH_MEASURE(0.1),#5805);
#6293 = DRAUGHTING_PRE_DEFINED_CURVE_FONT('continuous');
#6294 = STYLED_ITEM('color',(#6295),#2687);
#6295 = PRESENTATION_STYLE_ASSIGNMENT((#6296,#6301));
#6296 = SURFACE_STYLE_USAGE(.BOTH.,#6297);
#6297 = SURFACE_SIDE_STYLE('',(#6298));
#6298 = SURFACE_STYLE_FILL_AREA(#6299);
#6299 = FILL_AREA_STYLE('',(#6300));
#6300 = FILL_AREA_STYLE_COLOUR('',#5795);
#6301 = CURVE_STYLE('',#6302,POSITIVE_LENGTH_MEASURE(0.1),#5795);
#6302 = DRAUGHTING_PRE_DEFINED_CURVE_FONT('continuous');
#6303 = STYLED_ITEM('color',(#6304),#2798);
#6304 = PRESENTATION_STYLE_ASSIGNMENT((#6305,#6310));
#6305 = SURFACE_STYLE_USAGE(.BOTH.,#6306);
#6306 = SURFACE_SIDE_STYLE('',(#6307));
#6307 = SURFACE_STYLE_FILL_AREA(#6308);
#6308 = FILL_AREA_STYLE('',(#6309));
#6309 = FILL_AREA_STYLE_COLOUR('',#5795);
#6310 = CURVE_STYLE('',#6311,POSITIVE_LENGTH_MEASURE(0.1),#5795);
#6311 = DRAUGHTING_PRE_DEFINED_CURVE_FONT('continuous');
#6312 = STYLED_ITEM('color',(#6313),#2909);
#6313 = PRESENTATION_STYLE_ASSIGNMENT((#6314,#6319));
#6314 = SURFACE_STYLE_USAGE(.BOTH.,#6315);
#6315 = SURFACE_SIDE_STYLE('',(#6316));
#6316 = SURFACE_STYLE_FILL_AREA(#6317);
#6317 = FILL_AREA_STYLE('',(#6318));
#6318 = FILL_AREA_STYLE_COLOUR('',#5795);
#6319 = CURVE_STYLE('',#6320,POSITIVE_LENGTH_MEASURE(0.1),#5795);
#6320 = DRAUGHTING_PRE_DEFINED_CURVE_FONT('continuous');
#6321 = STYLED_ITEM('color',(#6322),#3020);
#6322 = PRESENTATION_STYLE_ASSIGNMENT((#6323,#6328));
#6323 = SURFACE_STYLE_USAGE(.BOTH.,#6324);
#6324 = SURFACE_SIDE_STYLE('',(#6325));
#6325 = SURFACE_STYLE_FILL_AREA(#6326);
#6326 = FILL_AREA_STYLE('',(#6327));
#6327 = FILL_AREA_STYLE_COLOUR('',#5795);
#6328 = CURVE_STYLE('',#6329,POSITIVE_LENGTH_MEASURE(0.1),#5795);
#6329 = DRAUGHTING_PRE_DEFINED_CURVE_FONT('continuous');
#6330 = STYLED_ITEM('color',(#6331),#3051);
#6331 = PRESENTATION_STYLE_ASSIGNMENT((#6332,#6337));
#6332 = SURFACE_STYLE_USAGE(.BOTH.,#6333);
#6333 = SURFACE_SIDE_STYLE('',(#6334));
#6334 = SURFACE_STYLE_FILL_AREA(#6335);
#6335 = FILL_AREA_STYLE('',(#6336));
#6336 = FILL_AREA_STYLE_COLOUR('',#5795);
#6337 = CURVE_STYLE('',#6338,POSITIVE_LENGTH_MEASURE(0.1),#5795);
#6338 = DRAUGHTING_PRE_DEFINED_CURVE_FONT('continuous');
#6339 = STYLED_ITEM('color',(#6340),#3075);
#6340 = PRESENTATION_STYLE_ASSIGNMENT((#6341,#6346));
#6341 = SURFACE_STYLE_USAGE(.BOTH.,#6342);
#6342 = SURFACE_SIDE_STYLE('',(#6343));
#6343 = SURFACE_STYLE_FILL_AREA(#6344);
#6344 = FILL_AREA_STYLE('',(#6345));
#6345 = FILL_AREA_STYLE_COLOUR('',#5795);
#6346 = CURVE_STYLE('',#6347,POSITIVE_LENGTH_MEASURE(0.1),#5795);
#6347 = DRAUGHTING_PRE_DEFINED_CURVE_FONT('continuous');
#6348 = STYLED_ITEM('color',(#6349),#3099);
#6349 = PRESENTATION_STYLE_ASSIGNMENT((#6350,#6355));
#6350 = SURFACE_STYLE_USAGE(.BOTH.,#6351);
#6351 = SURFACE_SIDE_STYLE('',(#6352));
#6352 = SURFACE_STYLE_FILL_AREA(#6353);
#6353 = FILL_AREA_STYLE('',(#6354));
#6354 = FILL_AREA_STYLE_COLOUR('',#5795);
#6355 = CURVE_STYLE('',#6356,POSITIVE_LENGTH_MEASURE(0.1),#5795);
#6356 = DRAUGHTING_PRE_DEFINED_CURVE_FONT('continuous');
#6357 = STYLED_ITEM('color',(#6358),#3123);
#6358 = PRESENTATION_STYLE_ASSIGNMENT((#6359,#6364));
#6359 = SURFACE_STYLE_USAGE(.BOTH.,#6360);
#6360 = SURFACE_SIDE_STYLE('',(#6361));
#6361 = SURFACE_STYLE_FILL_AREA(#6362);
#6362 = FILL_AREA_STYLE('',(#6363));
#6363 = FILL_AREA_STYLE_COLOUR('',#5795);
#6364 = CURVE_STYLE('',#6365,POSITIVE_LENGTH_MEASURE(0.1),#5795);
#6365 = DRAUGHTING_PRE_DEFINED_CURVE_FONT('continuous');
#6366 = STYLED_ITEM('color',(#6367),#3154);
#6367 = PRESENTATION_STYLE_ASSIGNMENT((#6368,#6373));
#6368 = SURFACE_STYLE_USAGE(.BOTH.,#6369);
#6369 = SURFACE_SIDE_STYLE('',(#6370));
#6370 = SURFACE_STYLE_FILL_AREA(#6371);
#6371 = FILL_AREA_STYLE('',(#6372));
#6372 = FILL_AREA_STYLE_COLOUR('',#5795);
#6373 = CURVE_STYLE('',#6374,POSITIVE_LENGTH_MEASURE(0.1),#5795);
#6374 = DRAUGHTING_PRE_DEFINED_CURVE_FONT('continuous');
#6375 = STYLED_ITEM('color',(#6376),#3178);
#6376 = PRESENTATION_STYLE_ASSIGNMENT((#6377,#6382));
#6377 = SURFACE_STYLE_USAGE(.BOTH.,#6378);
#6378 = SURFACE_SIDE_STYLE('',(#6379));
#6379 = SURFACE_STYLE_FILL_AREA(#6380);
#6380 = FILL_AREA_STYLE('',(#6381));
#6381 = FILL_AREA_STYLE_COLOUR('',#5795);
#6382 = CURVE_STYLE('',#6383,POSITIVE_LENGTH_MEASURE(0.1),#5795);
#6383 = DRAUGHTING_PRE_DEFINED_CURVE_FONT('continuous');
#6384 = STYLED_ITEM('color',(#6385),#3202);
#6385 = PRESENTATION_STYLE_ASSIGNMENT((#6386,#6391));
#6386 = SURFACE_STYLE_USAGE(.BOTH.,#6387);
#6387 = SURFACE_SIDE_STYLE('',(#6388));
#6388 = SURFACE_STYLE_FILL_AREA(#6389);
#6389 = FILL_AREA_STYLE('',(#6390));
#6390 = FILL_AREA_STYLE_COLOUR('',#5795);
#6391 = CURVE_STYLE('',#6392,POSITIVE_LENGTH_MEASURE(0.1),#5795);
#6392 = DRAUGHTING_PRE_DEFINED_CURVE_FONT('continuous');
#6393 = STYLED_ITEM('color',(#6394),#3226);
#6394 = PRESENTATION_STYLE_ASSIGNMENT((#6395,#6400));
#6395 = SURFACE_STYLE_USAGE(.BOTH.,#6396);
#6396 = SURFACE_SIDE_STYLE('',(#6397));
#6397 = SURFACE_STYLE_FILL_AREA(#6398);
#6398 = FILL_AREA_STYLE('',(#6399));
#6399 = FILL_AREA_STYLE_COLOUR('',#5795);
#6400 = CURVE_STYLE('',#6401,POSITIVE_LENGTH_MEASURE(0.1),#5795);
#6401 = DRAUGHTING_PRE_DEFINED_CURVE_FONT('continuous');
#6402 = STYLED_ITEM('color',(#6403),#3257);
#6403 = PRESENTATION_STYLE_ASSIGNMENT((#6404,#6409));
#6404 = SURFACE_STYLE_USAGE(.BOTH.,#6405);
#6405 = SURFACE_SIDE_STYLE('',(#6406));
#6406 = SURFACE_STYLE_FILL_AREA(#6407);
#6407 = FILL_AREA_STYLE('',(#6408));
#6408 = FILL_AREA_STYLE_COLOUR('',#5795);
#6409 = CURVE_STYLE('',#6410,POSITIVE_LENGTH_MEASURE(0.1),#5795);
#6410 = DRAUGHTING_PRE_DEFINED_CURVE_FONT('continuous');
#6411 = STYLED_ITEM('color',(#6412),#3281);
#6412 = PRESENTATION_STYLE_ASSIGNMENT((#6413,#6418));
#6413 = SURFACE_STYLE_USAGE(.BOTH.,#6414);
#6414 = SURFACE_SIDE_STYLE('',(#6415));
#6415 = SURFACE_STYLE_FILL_AREA(#6416);
#6416 = FILL_AREA_STYLE('',(#6417));
#6417 = FILL_AREA_STYLE_COLOUR('',#5795);
#6418 = CURVE_STYLE('',#6419,POSITIVE_LENGTH_MEASURE(0.1),#5795);
#6419 = DRAUGHTING_PRE_DEFINED_CURVE_FONT('continuous');
#6420 = STYLED_ITEM('color',(#6421),#3305);
#6421 = PRESENTATION_STYLE_ASSIGNMENT((#6422,#6427));
#6422 = SURFACE_STYLE_USAGE(.BOTH.,#6423);
#6423 = SURFACE_SIDE_STYLE('',(#6424));
#6424 = SURFACE_STYLE_FILL_AREA(#6425);
#6425 = FILL_AREA_STYLE('',(#6426));
#6426 = FILL_AREA_STYLE_COLOUR('',#5795);
#6427 = CURVE_STYLE('',#6428,POSITIVE_LENGTH_MEASURE(0.1),#5795);
#6428 = DRAUGHTING_PRE_DEFINED_CURVE_FONT('continuous');
#6429 = STYLED_ITEM('color',(#6430),#3329);
#6430 = PRESENTATION_STYLE_ASSIGNMENT((#6431,#6436));
#6431 = SURFACE_STYLE_USAGE(.BOTH.,#6432);
#6432 = SURFACE_SIDE_STYLE('',(#6433));
#6433 = SURFACE_STYLE_FILL_AREA(#6434);
#6434 = FILL_AREA_STYLE('',(#6435));
#6435 = FILL_AREA_STYLE_COLOUR('',#5795);
#6436 = CURVE_STYLE('',#6437,POSITIVE_LENGTH_MEASURE(0.1),#5795);
#6437 = DRAUGHTING_PRE_DEFINED_CURVE_FONT('continuous');
#6438 = STYLED_ITEM('color',(#6439),#3345);
#6439 = PRESENTATION_STYLE_ASSIGNMENT((#6440,#6445));
#6440 = SURFACE_STYLE_USAGE(.BOTH.,#6441);
#6441 = SURFACE_SIDE_STYLE('',(#6442));
#6442 = SURFACE_STYLE_FILL_AREA(#6443);
#6443 = FILL_AREA_STYLE('',(#6444));
#6444 = FILL_AREA_STYLE_COLOUR('',#5805);
#6445 = CURVE_STYLE('',#6446,POSITIVE_LENGTH_MEASURE(0.1),#5805);
#6446 = DRAUGHTING_PRE_DEFINED_CURVE_FONT('continuous');
#6447 = STYLED_ITEM('color',(#6448),#3378);
#6448 = PRESENTATION_STYLE_ASSIGNMENT((#6449,#6454));
#6449 = SURFACE_STYLE_USAGE(.BOTH.,#6450);
#6450 = SURFACE_SIDE_STYLE('',(#6451));
#6451 = SURFACE_STYLE_FILL_AREA(#6452);
#6452 = FILL_AREA_STYLE('',(#6453));
#6453 = FILL_AREA_STYLE_COLOUR('',#5805);
#6454 = CURVE_STYLE('',#6455,POSITIVE_LENGTH_MEASURE(0.1),#5805);
#6455 = DRAUGHTING_PRE_DEFINED_CURVE_FONT('continuous');
#6456 = STYLED_ITEM('color',(#6457),#3403);
#6457 = PRESENTATION_STYLE_ASSIGNMENT((#6458,#6463));
#6458 = SURFACE_STYLE_USAGE(.BOTH.,#6459);
#6459 = SURFACE_SIDE_STYLE('',(#6460));
#6460 = SURFACE_STYLE_FILL_AREA(#6461);
#6461 = FILL_AREA_STYLE('',(#6462));
#6462 = FILL_AREA_STYLE_COLOUR('',#5805);
#6463 = CURVE_STYLE('',#6464,POSITIVE_LENGTH_MEASURE(0.1),#5805);
#6464 = DRAUGHTING_PRE_DEFINED_CURVE_FONT('continuous');
#6465 = STYLED_ITEM('color',(#6466),#3435);
#6466 = PRESENTATION_STYLE_ASSIGNMENT((#6467,#6472));
#6467 = SURFACE_STYLE_USAGE(.BOTH.,#6468);
#6468 = SURFACE_SIDE_STYLE('',(#6469));
#6469 = SURFACE_STYLE_FILL_AREA(#6470);
#6470 = FILL_AREA_STYLE('',(#6471));
#6471 = FILL_AREA_STYLE_COLOUR('',#5805);
#6472 = CURVE_STYLE('',#6473,POSITIVE_LENGTH_MEASURE(0.1),#5805);
#6473 = DRAUGHTING_PRE_DEFINED_CURVE_FONT('continuous');
#6474 = STYLED_ITEM('color',(#6475),#3466);
#6475 = PRESENTATION_STYLE_ASSIGNMENT((#6476,#6481));
#6476 = SURFACE_STYLE_USAGE(.BOTH.,#6477);
#6477 = SURFACE_SIDE_STYLE('',(#6478));
#6478 = SURFACE_STYLE_FILL_AREA(#6479);
#6479 = FILL_AREA_STYLE('',(#6480));
#6480 = FILL_AREA_STYLE_COLOUR('',#5795);
#6481 = CURVE_STYLE('',#6482,POSITIVE_LENGTH_MEASURE(0.1),#5795);
#6482 = DRAUGHTING_PRE_DEFINED_CURVE_FONT('continuous');
#6483 = STYLED_ITEM('color',(#6484),#3476);
#6484 = PRESENTATION_STYLE_ASSIGNMENT((#6485,#6490));
#6485 = SURFACE_STYLE_USAGE(.BOTH.,#6486);
#6486 = SURFACE_SIDE_STYLE('',(#6487));
#6487 = SURFACE_STYLE_FILL_AREA(#6488);
#6488 = FILL_AREA_STYLE('',(#6489));
#6489 = FILL_AREA_STYLE_COLOUR('',#5805);
#6490 = CURVE_STYLE('',#6491,POSITIVE_LENGTH_MEASURE(0.1),#5805);
#6491 = DRAUGHTING_PRE_DEFINED_CURVE_FONT('continuous');
#6492 = STYLED_ITEM('color',(#6493),#3494);
#6493 = PRESENTATION_STYLE_ASSIGNMENT((#6494,#6499));
#6494 = SURFACE_STYLE_USAGE(.BOTH.,#6495);
#6495 = SURFACE_SIDE_STYLE('',(#6496));
#6496 = SURFACE_STYLE_FILL_AREA(#6497);
#6497 = FILL_AREA_STYLE('',(#6498));
#6498 = FILL_AREA_STYLE_COLOUR('',#5795);
#6499 = CURVE_STYLE('',#6500,POSITIVE_LENGTH_MEASURE(0.1),#5795);
#6500 = DRAUGHTING_PRE_DEFINED_CURVE_FONT('continuous');
#6501 = STYLED_ITEM('color',(#6502),#3510);
#6502 = PRESENTATION_STYLE_ASSIGNMENT((#6503,#6508));
#6503 = SURFACE_STYLE_USAGE(.BOTH.,#6504);
#6504 = SURFACE_SIDE_STYLE('',(#6505));
#6505 = SURFACE_STYLE_FILL_AREA(#6506);
#6506 = FILL_AREA_STYLE('',(#6507));
#6507 = FILL_AREA_STYLE_COLOUR('',#5805);
#6508 = CURVE_STYLE('',#6509,POSITIVE_LENGTH_MEASURE(0.1),#5805);
#6509 = DRAUGHTING_PRE_DEFINED_CURVE_FONT('continuous');
#6510 = STYLED_ITEM('color',(#6511),#3543);
#6511 = PRESENTATION_STYLE_ASSIGNMENT((#6512,#6517));
#6512 = SURFACE_STYLE_USAGE(.BOTH.,#6513);
#6513 = SURFACE_SIDE_STYLE('',(#6514));
#6514 = SURFACE_STYLE_FILL_AREA(#6515);
#6515 = FILL_AREA_STYLE('',(#6516));
#6516 = FILL_AREA_STYLE_COLOUR('',#5805);
#6517 = CURVE_STYLE('',#6518,POSITIVE_LENGTH_MEASURE(0.1),#5805);
#6518 = DRAUGHTING_PRE_DEFINED_CURVE_FONT('continuous');
#6519 = STYLED_ITEM('color',(#6520),#3568);
#6520 = PRESENTATION_STYLE_ASSIGNMENT((#6521,#6526));
#6521 = SURFACE_STYLE_USAGE(.BOTH.,#6522);
#6522 = SURFACE_SIDE_STYLE('',(#6523));
#6523 = SURFACE_STYLE_FILL_AREA(#6524);
#6524 = FILL_AREA_STYLE('',(#6525));
#6525 = FILL_AREA_STYLE_COLOUR('',#5805);
#6526 = CURVE_STYLE('',#6527,POSITIVE_LENGTH_MEASURE(0.1),#5805);
#6527 = DRAUGHTING_PRE_DEFINED_CURVE_FONT('continuous');
#6528 = STYLED_ITEM('color',(#6529),#3600);
#6529 = PRESENTATION_STYLE_ASSIGNMENT((#6530,#6535));
#6530 = SURFACE_STYLE_USAGE(.BOTH.,#6531);
#6531 = SURFACE_SIDE_STYLE('',(#6532));
#6532 = SURFACE_STYLE_FILL_AREA(#6533);
#6533 = FILL_AREA_STYLE('',(#6534));
#6534 = FILL_AREA_STYLE_COLOUR('',#5805);
#6535 = CURVE_STYLE('',#6536,POSITIVE_LENGTH_MEASURE(0.1),#5805);
#6536 = DRAUGHTING_PRE_DEFINED_CURVE_FONT('continuous');
#6537 = STYLED_ITEM('color',(#6538),#3631);
#6538 = PRESENTATION_STYLE_ASSIGNMENT((#6539,#6544));
#6539 = SURFACE_STYLE_USAGE(.BOTH.,#6540);
#6540 = SURFACE_SIDE_STYLE('',(#6541));
#6541 = SURFACE_STYLE_FILL_AREA(#6542);
#6542 = FILL_AREA_STYLE('',(#6543));
#6543 = FILL_AREA_STYLE_COLOUR('',#5795);
#6544 = CURVE_STYLE('',#6545,POSITIVE_LENGTH_MEASURE(0.1),#5795);
#6545 = DRAUGHTING_PRE_DEFINED_CURVE_FONT('continuous');
#6546 = STYLED_ITEM('color',(#6547),#3641);
#6547 = PRESENTATION_STYLE_ASSIGNMENT((#6548,#6553));
#6548 = SURFACE_STYLE_USAGE(.BOTH.,#6549);
#6549 = SURFACE_SIDE_STYLE('',(#6550));
#6550 = SURFACE_STYLE_FILL_AREA(#6551);
#6551 = FILL_AREA_STYLE('',(#6552));
#6552 = FILL_AREA_STYLE_COLOUR('',#5805);
#6553 = CURVE_STYLE('',#6554,POSITIVE_LENGTH_MEASURE(0.1),#5805);
#6554 = DRAUGHTING_PRE_DEFINED_CURVE_FONT('continuous');
#6555 = STYLED_ITEM('color',(#6556),#3659);
#6556 = PRESENTATION_STYLE_ASSIGNMENT((#6557,#6562));
#6557 = SURFACE_STYLE_USAGE(.BOTH.,#6558);
#6558 = SURFACE_SIDE_STYLE('',(#6559));
#6559 = SURFACE_STYLE_FILL_AREA(#6560);
#6560 = FILL_AREA_STYLE('',(#6561));
#6561 = FILL_AREA_STYLE_COLOUR('',#5795);
#6562 = CURVE_STYLE('',#6563,POSITIVE_LENGTH_MEASURE(0.1),#5795);
#6563 = DRAUGHTING_PRE_DEFINED_CURVE_FONT('continuous');
#6564 = STYLED_ITEM('color',(#6565),#3675);
#6565 = PRESENTATION_STYLE_ASSIGNMENT((#6566,#6571));
#6566 = SURFACE_STYLE_USAGE(.BOTH.,#6567);
#6567 = SURFACE_SIDE_STYLE('',(#6568));
#6568 = SURFACE_STYLE_FILL_AREA(#6569);
#6569 = FILL_AREA_STYLE('',(#6570));
#6570 = FILL_AREA_STYLE_COLOUR('',#5805);
#6571 = CURVE_STYLE('',#6572,POSITIVE_LENGTH_MEASURE(0.1),#5805);
#6572 = DRAUGHTING_PRE_DEFINED_CURVE_FONT('continuous');
#6573 = STYLED_ITEM('color',(#6574),#3708);
#6574 = PRESENTATION_STYLE_ASSIGNMENT((#6575,#6580));
#6575 = SURFACE_STYLE_USAGE(.BOTH.,#6576);
#6576 = SURFACE_SIDE_STYLE('',(#6577));
#6577 = SURFACE_STYLE_FILL_AREA(#6578);
#6578 = FILL_AREA_STYLE('',(#6579));
#6579 = FILL_AREA_STYLE_COLOUR('',#5805);
#6580 = CURVE_STYLE('',#6581,POSITIVE_LENGTH_MEASURE(0.1),#5805);
#6581 = DRAUGHTING_PRE_DEFINED_CURVE_FONT('continuous');
#6582 = STYLED_ITEM('color',(#6583),#3733);
#6583 = PRESENTATION_STYLE_ASSIGNMENT((#6584,#6589));
#6584 = SURFACE_STYLE_USAGE(.BOTH.,#6585);
#6585 = SURFACE_SIDE_STYLE('',(#6586));
#6586 = SURFACE_STYLE_FILL_AREA(#6587);
#6587 = FILL_AREA_STYLE('',(#6588));
#6588 = FILL_AREA_STYLE_COLOUR('',#5805);
#6589 = CURVE_STYLE('',#6590,POSITIVE_LENGTH_MEASURE(0.1),#5805);
#6590 = DRAUGHTING_PRE_DEFINED_CURVE_FONT('continuous');
#6591 = STYLED_ITEM('color',(#6592),#3765);
#6592 = PRESENTATION_STYLE_ASSIGNMENT((#6593,#6598));
#6593 = SURFACE_STYLE_USAGE(.BOTH.,#6594);
#6594 = SURFACE_SIDE_STYLE('',(#6595));
#6595 = SURFACE_STYLE_FILL_AREA(#6596);
#6596 = FILL_AREA_STYLE('',(#6597));
#6597 = FILL_AREA_STYLE_COLOUR('',#5805);
#6598 = CURVE_STYLE('',#6599,POSITIVE_LENGTH_MEASURE(0.1),#5805);
#6599 = DRAUGHTING_PRE_DEFINED_CURVE_FONT('continuous');
#6600 = STYLED_ITEM('color',(#6601),#3796);
#6601 = PRESENTATION_STYLE_ASSIGNMENT((#6602,#6607));
#6602 = SURFACE_STYLE_USAGE(.BOTH.,#6603);
#6603 = SURFACE_SIDE_STYLE('',(#6604));
#6604 = SURFACE_STYLE_FILL_AREA(#6605);
#6605 = FILL_AREA_STYLE('',(#6606));
#6606 = FILL_AREA_STYLE_COLOUR('',#5795);
#6607 = CURVE_STYLE('',#6608,POSITIVE_LENGTH_MEASURE(0.1),#5795);
#6608 = DRAUGHTING_PRE_DEFINED_CURVE_FONT('continuous');
#6609 = STYLED_ITEM('color',(#6610),#3806);
#6610 = PRESENTATION_STYLE_ASSIGNMENT((#6611,#6616));
#6611 = SURFACE_STYLE_USAGE(.BOTH.,#6612);
#6612 = SURFACE_SIDE_STYLE('',(#6613));
#6613 = SURFACE_STYLE_FILL_AREA(#6614);
#6614 = FILL_AREA_STYLE('',(#6615));
#6615 = FILL_AREA_STYLE_COLOUR('',#5805);
#6616 = CURVE_STYLE('',#6617,POSITIVE_LENGTH_MEASURE(0.1),#5805);
#6617 = DRAUGHTING_PRE_DEFINED_CURVE_FONT('continuous');
#6618 = STYLED_ITEM('color',(#6619),#3824);
#6619 = PRESENTATION_STYLE_ASSIGNMENT((#6620,#6625));
#6620 = SURFACE_STYLE_USAGE(.BOTH.,#6621);
#6621 = SURFACE_SIDE_STYLE('',(#6622));
#6622 = SURFACE_STYLE_FILL_AREA(#6623);
#6623 = FILL_AREA_STYLE('',(#6624));
#6624 = FILL_AREA_STYLE_COLOUR('',#5805);
#6625 = CURVE_STYLE('',#6626,POSITIVE_LENGTH_MEASURE(0.1),#5805);
#6626 = DRAUGHTING_PRE_DEFINED_CURVE_FONT('continuous');
#6627 = STYLED_ITEM('color',(#6628),#3879);
#6628 = PRESENTATION_STYLE_ASSIGNMENT((#6629,#6634));
#6629 = SURFACE_STYLE_USAGE(.BOTH.,#6630);
#6630 = SURFACE_SIDE_STYLE('',(#6631));
#6631 = SURFACE_STYLE_FILL_AREA(#6632);
#6632 = FILL_AREA_STYLE('',(#6633));
#6633 = FILL_AREA_STYLE_COLOUR('',#5805);
#6634 = CURVE_STYLE('',#6635,POSITIVE_LENGTH_MEASURE(0.1),#5805);
#6635 = DRAUGHTING_PRE_DEFINED_CURVE_FONT('continuous');
#6636 = STYLED_ITEM('color',(#6637),#3934);
#6637 = PRESENTATION_STYLE_ASSIGNMENT((#6638,#6643));
#6638 = SURFACE_STYLE_USAGE(.BOTH.,#6639);
#6639 = SURFACE_SIDE_STYLE('',(#6640));
#6640 = SURFACE_STYLE_FILL_AREA(#6641);
#6641 = FILL_AREA_STYLE('',(#6642));
#6642 = FILL_AREA_STYLE_COLOUR('',#5805);
#6643 = CURVE_STYLE('',#6644,POSITIVE_LENGTH_MEASURE(0.1),#5805);
#6644 = DRAUGHTING_PRE_DEFINED_CURVE_FONT('continuous');
#6645 = STYLED_ITEM('color',(#6646),#3989);
#6646 = PRESENTATION_STYLE_ASSIGNMENT((#6647,#6652));
#6647 = SURFACE_STYLE_USAGE(.BOTH.,#6648);
#6648 = SURFACE_SIDE_STYLE('',(#6649));
#6649 = SURFACE_STYLE_FILL_AREA(#6650);
#6650 = FILL_AREA_STYLE('',(#6651));
#6651 = FILL_AREA_STYLE_COLOUR('',#5805);
#6652 = CURVE_STYLE('',#6653,POSITIVE_LENGTH_MEASURE(0.1),#5805);
#6653 = DRAUGHTING_PRE_DEFINED_CURVE_FONT('continuous');
#6654 = STYLED_ITEM('color',(#6655),#4014);
#6655 = PRESENTATION_STYLE_ASSIGNMENT((#6656,#6661));
#6656 = SURFACE_STYLE_USAGE(.BOTH.,#6657);
#6657 = SURFACE_SIDE_STYLE('',(#6658));
#6658 = SURFACE_STYLE_FILL_AREA(#6659);
#6659 = FILL_AREA_STYLE('',(#6660));
#6660 = FILL_AREA_STYLE_COLOUR('',#5805);
#6661 = CURVE_STYLE('',#6662,POSITIVE_LENGTH_MEASURE(0.1),#5805);
#6662 = DRAUGHTING_PRE_DEFINED_CURVE_FONT('continuous');
#6663 = STYLED_ITEM('color',(#6664),#4125);
#6664 = PRESENTATION_STYLE_ASSIGNMENT((#6665,#6670));
#6665 = SURFACE_STYLE_USAGE(.BOTH.,#6666);
#6666 = SURFACE_SIDE_STYLE('',(#6667));
#6667 = SURFACE_STYLE_FILL_AREA(#6668);
#6668 = FILL_AREA_STYLE('',(#6669));
#6669 = FILL_AREA_STYLE_COLOUR('',#5805);
#6670 = CURVE_STYLE('',#6671,POSITIVE_LENGTH_MEASURE(0.1),#5805);
#6671 = DRAUGHTING_PRE_DEFINED_CURVE_FONT('continuous');
#6672 = STYLED_ITEM('color',(#6673),#4135);
#6673 = PRESENTATION_STYLE_ASSIGNMENT((#6674,#6679));
#6674 = SURFACE_STYLE_USAGE(.BOTH.,#6675);
#6675 = SURFACE_SIDE_STYLE('',(#6676));
#6676 = SURFACE_STYLE_FILL_AREA(#6677);
#6677 = FILL_AREA_STYLE('',(#6678));
#6678 = FILL_AREA_STYLE_COLOUR('',#5805);
#6679 = CURVE_STYLE('',#6680,POSITIVE_LENGTH_MEASURE(0.1),#5805);
#6680 = DRAUGHTING_PRE_DEFINED_CURVE_FONT('continuous');
#6681 = STYLED_ITEM('color',(#6682),#4160);
#6682 = PRESENTATION_STYLE_ASSIGNMENT((#6683,#6688));
#6683 = SURFACE_STYLE_USAGE(.BOTH.,#6684);
#6684 = SURFACE_SIDE_STYLE('',(#6685));
#6685 = SURFACE_STYLE_FILL_AREA(#6686);
#6686 = FILL_AREA_STYLE('',(#6687));
#6687 = FILL_AREA_STYLE_COLOUR('',#5805);
#6688 = CURVE_STYLE('',#6689,POSITIVE_LENGTH_MEASURE(0.1),#5805);
#6689 = DRAUGHTING_PRE_DEFINED_CURVE_FONT('continuous');
#6690 = STYLED_ITEM('color',(#6691),#4271);
#6691 = PRESENTATION_STYLE_ASSIGNMENT((#6692,#6697));
#6692 = SURFACE_STYLE_USAGE(.BOTH.,#6693);
#6693 = SURFACE_SIDE_STYLE('',(#6694));
#6694 = SURFACE_STYLE_FILL_AREA(#6695);
#6695 = FILL_AREA_STYLE('',(#6696));
#6696 = FILL_AREA_STYLE_COLOUR('',#5805);
#6697 = CURVE_STYLE('',#6698,POSITIVE_LENGTH_MEASURE(0.1),#5805);
#6698 = DRAUGHTING_PRE_DEFINED_CURVE_FONT('continuous');
#6699 = STYLED_ITEM('color',(#6700),#4281);
#6700 = PRESENTATION_STYLE_ASSIGNMENT((#6701,#6706));
#6701 = SURFACE_STYLE_USAGE(.BOTH.,#6702);
#6702 = SURFACE_SIDE_STYLE('',(#6703));
#6703 = SURFACE_STYLE_FILL_AREA(#6704);
#6704 = FILL_AREA_STYLE('',(#6705));
#6705 = FILL_AREA_STYLE_COLOUR('',#5805);
#6706 = CURVE_STYLE('',#6707,POSITIVE_LENGTH_MEASURE(0.1),#5805);
#6707 = DRAUGHTING_PRE_DEFINED_CURVE_FONT('continuous');
#6708 = STYLED_ITEM('color',(#6709),#4306);
#6709 = PRESENTATION_STYLE_ASSIGNMENT((#6710,#6715));
#6710 = SURFACE_STYLE_USAGE(.BOTH.,#6711);
#6711 = SURFACE_SIDE_STYLE('',(#6712));
#6712 = SURFACE_STYLE_FILL_AREA(#6713);
#6713 = FILL_AREA_STYLE('',(#6714));
#6714 = FILL_AREA_STYLE_COLOUR('',#5805);
#6715 = CURVE_STYLE('',#6716,POSITIVE_LENGTH_MEASURE(0.1),#5805);
#6716 = DRAUGHTING_PRE_DEFINED_CURVE_FONT('continuous');
#6717 = STYLED_ITEM('color',(#6718),#4417);
#6718 = PRESENTATION_STYLE_ASSIGNMENT((#6719,#6724));
#6719 = SURFACE_STYLE_USAGE(.BOTH.,#6720);
#6720 = SURFACE_SIDE_STYLE('',(#6721));
#6721 = SURFACE_STYLE_FILL_AREA(#6722);
#6722 = FILL_AREA_STYLE('',(#6723));
#6723 = FILL_AREA_STYLE_COLOUR('',#5805);
#6724 = CURVE_STYLE('',#6725,POSITIVE_LENGTH_MEASURE(0.1),#5805);
#6725 = DRAUGHTING_PRE_DEFINED_CURVE_FONT('continuous');
#6726 = STYLED_ITEM('color',(#6727),#4427);
#6727 = PRESENTATION_STYLE_ASSIGNMENT((#6728,#6733));
#6728 = SURFACE_STYLE_USAGE(.BOTH.,#6729);
#6729 = SURFACE_SIDE_STYLE('',(#6730));
#6730 = SURFACE_STYLE_FILL_AREA(#6731);
#6731 = FILL_AREA_STYLE('',(#6732));
#6732 = FILL_AREA_STYLE_COLOUR('',#5805);
#6733 = CURVE_STYLE('',#6734,POSITIVE_LENGTH_MEASURE(0.1),#5805);
#6734 = DRAUGHTING_PRE_DEFINED_CURVE_FONT('continuous');
#6735 = STYLED_ITEM('color',(#6736),#4437);
#6736 = PRESENTATION_STYLE_ASSIGNMENT((#6737,#6742));
#6737 = SURFACE_STYLE_USAGE(.BOTH.,#6738);
#6738 = SURFACE_SIDE_STYLE('',(#6739));
#6739 = SURFACE_STYLE_FILL_AREA(#6740);
#6740 = FILL_AREA_STYLE('',(#6741));
#6741 = FILL_AREA_STYLE_COLOUR('',#5805);
#6742 = CURVE_STYLE('',#6743,POSITIVE_LENGTH_MEASURE(0.1),#5805);
#6743 = DRAUGHTING_PRE_DEFINED_CURVE_FONT('continuous');
#6744 = STYLED_ITEM('color',(#6745),#4468);
#6745 = PRESENTATION_STYLE_ASSIGNMENT((#6746,#6751));
#6746 = SURFACE_STYLE_USAGE(.BOTH.,#6747);
#6747 = SURFACE_SIDE_STYLE('',(#6748));
#6748 = SURFACE_STYLE_FILL_AREA(#6749);
#6749 = FILL_AREA_STYLE('',(#6750));
#6750 = FILL_AREA_STYLE_COLOUR('',#5805);
#6751 = CURVE_STYLE('',#6752,POSITIVE_LENGTH_MEASURE(0.1),#5805);
#6752 = DRAUGHTING_PRE_DEFINED_CURVE_FONT('continuous');
#6753 = STYLED_ITEM('color',(#6754),#4492);
#6754 = PRESENTATION_STYLE_ASSIGNMENT((#6755,#6760));
#6755 = SURFACE_STYLE_USAGE(.BOTH.,#6756);
#6756 = SURFACE_SIDE_STYLE('',(#6757));
#6757 = SURFACE_STYLE_FILL_AREA(#6758);
#6758 = FILL_AREA_STYLE('',(#6759));
#6759 = FILL_AREA_STYLE_COLOUR('',#5805);
#6760 = CURVE_STYLE('',#6761,POSITIVE_LENGTH_MEASURE(0.1),#5805);
#6761 = DRAUGHTING_PRE_DEFINED_CURVE_FONT('continuous');
#6762 = STYLED_ITEM('color',(#6763),#4516);
#6763 = PRESENTATION_STYLE_ASSIGNMENT((#6764,#6769));
#6764 = SURFACE_STYLE_USAGE(.BOTH.,#6765);
#6765 = SURFACE_SIDE_STYLE('',(#6766));
#6766 = SURFACE_STYLE_FILL_AREA(#6767);
#6767 = FILL_AREA_STYLE('',(#6768));
#6768 = FILL_AREA_STYLE_COLOUR('',#5805);
#6769 = CURVE_STYLE('',#6770,POSITIVE_LENGTH_MEASURE(0.1),#5805);
#6770 = DRAUGHTING_PRE_DEFINED_CURVE_FONT('continuous');
#6771 = STYLED_ITEM('color',(#6772),#4533);
#6772 = PRESENTATION_STYLE_ASSIGNMENT((#6773,#6778));
#6773 = SURFACE_STYLE_USAGE(.BOTH.,#6774);
#6774 = SURFACE_SIDE_STYLE('',(#6775));
#6775 = SURFACE_STYLE_FILL_AREA(#6776);
#6776 = FILL_AREA_STYLE('',(#6777));
#6777 = FILL_AREA_STYLE_COLOUR('',#5805);
#6778 = CURVE_STYLE('',#6779,POSITIVE_LENGTH_MEASURE(0.1),#5805);
#6779 = DRAUGHTING_PRE_DEFINED_CURVE_FONT('continuous');
#6780 = STYLED_ITEM('color',(#6781),#4543);
#6781 = PRESENTATION_STYLE_ASSIGNMENT((#6782,#6787));
#6782 = SURFACE_STYLE_USAGE(.BOTH.,#6783);
#6783 = SURFACE_SIDE_STYLE('',(#6784));
#6784 = SURFACE_STYLE_FILL_AREA(#6785);
#6785 = FILL_AREA_STYLE('',(#6786));
#6786 = FILL_AREA_STYLE_COLOUR('',#5805);
#6787 = CURVE_STYLE('',#6788,POSITIVE_LENGTH_MEASURE(0.1),#5805);
#6788 = DRAUGHTING_PRE_DEFINED_CURVE_FONT('continuous');
#6789 = STYLED_ITEM('color',(#6790),#4574);
#6790 = PRESENTATION_STYLE_ASSIGNMENT((#6791,#6796));
#6791 = SURFACE_STYLE_USAGE(.BOTH.,#6792);
#6792 = SURFACE_SIDE_STYLE('',(#6793));
#6793 = SURFACE_STYLE_FILL_AREA(#6794);
#6794 = FILL_AREA_STYLE('',(#6795));
#6795 = FILL_AREA_STYLE_COLOUR('',#5805);
#6796 = CURVE_STYLE('',#6797,POSITIVE_LENGTH_MEASURE(0.1),#5805);
#6797 = DRAUGHTING_PRE_DEFINED_CURVE_FONT('continuous');
#6798 = STYLED_ITEM('color',(#6799),#4598);
#6799 = PRESENTATION_STYLE_ASSIGNMENT((#6800,#6805));
#6800 = SURFACE_STYLE_USAGE(.BOTH.,#6801);
#6801 = SURFACE_SIDE_STYLE('',(#6802));
#6802 = SURFACE_STYLE_FILL_AREA(#6803);
#6803 = FILL_AREA_STYLE('',(#6804));
#6804 = FILL_AREA_STYLE_COLOUR('',#5805);
#6805 = CURVE_STYLE('',#6806,POSITIVE_LENGTH_MEASURE(0.1),#5805);
#6806 = DRAUGHTING_PRE_DEFINED_CURVE_FONT('continuous');
#6807 = STYLED_ITEM('color',(#6808),#4622);
#6808 = PRESENTATION_STYLE_ASSIGNMENT((#6809,#6814));
#6809 = SURFACE_STYLE_USAGE(.BOTH.,#6810);
#6810 = SURFACE_SIDE_STYLE('',(#6811));
#6811 = SURFACE_STYLE_FILL_AREA(#6812);
#6812 = FILL_AREA_STYLE('',(#6813));
#6813 = FILL_AREA_STYLE_COLOUR('',#5805);
#6814 = CURVE_STYLE('',#6815,POSITIVE_LENGTH_MEASURE(0.1),#5805);
#6815 = DRAUGHTING_PRE_DEFINED_CURVE_FONT('continuous');
#6816 = STYLED_ITEM('color',(#6817),#4639);
#6817 = PRESENTATION_STYLE_ASSIGNMENT((#6818,#6823));
#6818 = SURFACE_STYLE_USAGE(.BOTH.,#6819);
#6819 = SURFACE_SIDE_STYLE('',(#6820));
#6820 = SURFACE_STYLE_FILL_AREA(#6821);
#6821 = FILL_AREA_STYLE('',(#6822));
#6822 = FILL_AREA_STYLE_COLOUR('',#5805);
#6823 = CURVE_STYLE('',#6824,POSITIVE_LENGTH_MEASURE(0.1),#5805);
#6824 = DRAUGHTING_PRE_DEFINED_CURVE_FONT('continuous');
#6825 = STYLED_ITEM('color',(#6826),#4649);
#6826 = PRESENTATION_STYLE_ASSIGNMENT((#6827,#6832));
#6827 = SURFACE_STYLE_USAGE(.BOTH.,#6828);
#6828 = SURFACE_SIDE_STYLE('',(#6829));
#6829 = SURFACE_STYLE_FILL_AREA(#6830);
#6830 = FILL_AREA_STYLE('',(#6831));
#6831 = FILL_AREA_STYLE_COLOUR('',#5805);
#6832 = CURVE_STYLE('',#6833,POSITIVE_LENGTH_MEASURE(0.1),#5805);
#6833 = DRAUGHTING_PRE_DEFINED_CURVE_FONT('continuous');
#6834 = STYLED_ITEM('color',(#6835),#4680);
#6835 = PRESENTATION_STYLE_ASSIGNMENT((#6836,#6841));
#6836 = SURFACE_STYLE_USAGE(.BOTH.,#6837);
#6837 = SURFACE_SIDE_STYLE('',(#6838));
#6838 = SURFACE_STYLE_FILL_AREA(#6839);
#6839 = FILL_AREA_STYLE('',(#6840));
#6840 = FILL_AREA_STYLE_COLOUR('',#5805);
#6841 = CURVE_STYLE('',#6842,POSITIVE_LENGTH_MEASURE(0.1),#5805);
#6842 = DRAUGHTING_PRE_DEFINED_CURVE_FONT('continuous');
#6843 = STYLED_ITEM('color',(#6844),#4704);
#6844 = PRESENTATION_STYLE_ASSIGNMENT((#6845,#6850));
#6845 = SURFACE_STYLE_USAGE(.BOTH.,#6846);
#6846 = SURFACE_SIDE_STYLE('',(#6847));
#6847 = SURFACE_STYLE_FILL_AREA(#6848);
#6848 = FILL_AREA_STYLE('',(#6849));
#6849 = FILL_AREA_STYLE_COLOUR('',#5805);
#6850 = CURVE_STYLE('',#6851,POSITIVE_LENGTH_MEASURE(0.1),#5805);
#6851 = DRAUGHTING_PRE_DEFINED_CURVE_FONT('continuous');
#6852 = STYLED_ITEM('color',(#6853),#4728);
#6853 = PRESENTATION_STYLE_ASSIGNMENT((#6854,#6859));
#6854 = SURFACE_STYLE_USAGE(.BOTH.,#6855);
#6855 = SURFACE_SIDE_STYLE('',(#6856));
#6856 = SURFACE_STYLE_FILL_AREA(#6857);
#6857 = FILL_AREA_STYLE('',(#6858));
#6858 = FILL_AREA_STYLE_COLOUR('',#5805);
#6859 = CURVE_STYLE('',#6860,POSITIVE_LENGTH_MEASURE(0.1),#5805);
#6860 = DRAUGHTING_PRE_DEFINED_CURVE_FONT('continuous');
#6861 = STYLED_ITEM('color',(#6862),#4745);
#6862 = PRESENTATION_STYLE_ASSIGNMENT((#6863,#6868));
#6863 = SURFACE_STYLE_USAGE(.BOTH.,#6864);
#6864 = SURFACE_SIDE_STYLE('',(#6865));
#6865 = SURFACE_STYLE_FILL_AREA(#6866);
#6866 = FILL_AREA_STYLE('',(#6867));
#6867 = FILL_AREA_STYLE_COLOUR('',#5805);
#6868 = CURVE_STYLE('',#6869,POSITIVE_LENGTH_MEASURE(0.1),#5805);
#6869 = DRAUGHTING_PRE_DEFINED_CURVE_FONT('continuous');
#6870 = STYLED_ITEM('color',(#6871),#4761);
#6871 = PRESENTATION_STYLE_ASSIGNMENT((#6872,#6877));
#6872 = SURFACE_STYLE_USAGE(.BOTH.,#6873);
#6873 = SURFACE_SIDE_STYLE('',(#6874));
#6874 = SURFACE_STYLE_FILL_AREA(#6875);
#6875 = FILL_AREA_STYLE('',(#6876));
#6876 = FILL_AREA_STYLE_COLOUR('',#5805);
#6877 = CURVE_STYLE('',#6878,POSITIVE_LENGTH_MEASURE(0.1),#5805);
#6878 = DRAUGHTING_PRE_DEFINED_CURVE_FONT('continuous');
#6879 = STYLED_ITEM('color',(#6880),#4778);
#6880 = PRESENTATION_STYLE_ASSIGNMENT((#6881,#6886));
#6881 = SURFACE_STYLE_USAGE(.BOTH.,#6882);
#6882 = SURFACE_SIDE_STYLE('',(#6883));
#6883 = SURFACE_STYLE_FILL_AREA(#6884);
#6884 = FILL_AREA_STYLE('',(#6885));
#6885 = FILL_AREA_STYLE_COLOUR('',#5805);
#6886 = CURVE_STYLE('',#6887,POSITIVE_LENGTH_MEASURE(0.1),#5805);
#6887 = DRAUGHTING_PRE_DEFINED_CURVE_FONT('continuous');
#6888 = STYLED_ITEM('color',(#6889),#4795);
#6889 = PRESENTATION_STYLE_ASSIGNMENT((#6890,#6895));
#6890 = SURFACE_STYLE_USAGE(.BOTH.,#6891);
#6891 = SURFACE_SIDE_STYLE('',(#6892));
#6892 = SURFACE_STYLE_FILL_AREA(#6893);
#6893 = FILL_AREA_STYLE('',(#6894));
#6894 = FILL_AREA_STYLE_COLOUR('',#5805);
#6895 = CURVE_STYLE('',#6896,POSITIVE_LENGTH_MEASURE(0.1),#5805);
#6896 = DRAUGHTING_PRE_DEFINED_CURVE_FONT('continuous');
#6897 = STYLED_ITEM('color',(#6898),#4812);
#6898 = PRESENTATION_STYLE_ASSIGNMENT((#6899,#6904));
#6899 = SURFACE_STYLE_USAGE(.BOTH.,#6900);
#6900 = SURFACE_SIDE_STYLE('',(#6901));
#6901 = SURFACE_STYLE_FILL_AREA(#6902);
#6902 = FILL_AREA_STYLE('',(#6903));
#6903 = FILL_AREA_STYLE_COLOUR('',#5805);
#6904 = CURVE_STYLE('',#6905,POSITIVE_LENGTH_MEASURE(0.1),#5805);
#6905 = DRAUGHTING_PRE_DEFINED_CURVE_FONT('continuous');
#6906 = STYLED_ITEM('color',(#6907),#4822);
#6907 = PRESENTATION_STYLE_ASSIGNMENT((#6908,#6913));
#6908 = SURFACE_STYLE_USAGE(.BOTH.,#6909);
#6909 = SURFACE_SIDE_STYLE('',(#6910));
#6910 = SURFACE_STYLE_FILL_AREA(#6911);
#6911 = FILL_AREA_STYLE('',(#6912));
#6912 = FILL_AREA_STYLE_COLOUR('',#5805);
#6913 = CURVE_STYLE('',#6914,POSITIVE_LENGTH_MEASURE(0.1),#5805);
#6914 = DRAUGHTING_PRE_DEFINED_CURVE_FONT('continuous');
#6915 = STYLED_ITEM('color',(#6916),#4838);
#6916 = PRESENTATION_STYLE_ASSIGNMENT((#6917,#6922));
#6917 = SURFACE_STYLE_USAGE(.BOTH.,#6918);
#6918 = SURFACE_SIDE_STYLE('',(#6919));
#6919 = SURFACE_STYLE_FILL_AREA(#6920);
#6920 = FILL_AREA_STYLE('',(#6921));
#6921 = FILL_AREA_STYLE_COLOUR('',#5805);
#6922 = CURVE_STYLE('',#6923,POSITIVE_LENGTH_MEASURE(0.1),#5805);
#6923 = DRAUGHTING_PRE_DEFINED_CURVE_FONT('continuous');
#6924 = STYLED_ITEM('color',(#6925),#4855);
#6925 = PRESENTATION_STYLE_ASSIGNMENT((#6926,#6931));
#6926 = SURFACE_STYLE_USAGE(.BOTH.,#6927);
#6927 = SURFACE_SIDE_STYLE('',(#6928));
#6928 = SURFACE_STYLE_FILL_AREA(#6929);
#6929 = FILL_AREA_STYLE('',(#6930));
#6930 = FILL_AREA_STYLE_COLOUR('',#5805);
#6931 = CURVE_STYLE('',#6932,POSITIVE_LENGTH_MEASURE(0.1),#5805);
#6932 = DRAUGHTING_PRE_DEFINED_CURVE_FONT('continuous');
#6933 = STYLED_ITEM('color',(#6934),#4872);
#6934 = PRESENTATION_STYLE_ASSIGNMENT((#6935,#6940));
#6935 = SURFACE_STYLE_USAGE(.BOTH.,#6936);
#6936 = SURFACE_SIDE_STYLE('',(#6937));
#6937 = SURFACE_STYLE_FILL_AREA(#6938);
#6938 = FILL_AREA_STYLE('',(#6939));
#6939 = FILL_AREA_STYLE_COLOUR('',#5805);
#6940 = CURVE_STYLE('',#6941,POSITIVE_LENGTH_MEASURE(0.1),#5805);
#6941 = DRAUGHTING_PRE_DEFINED_CURVE_FONT('continuous');
#6942 = STYLED_ITEM('color',(#6943),#4889);
#6943 = PRESENTATION_STYLE_ASSIGNMENT((#6944,#6949));
#6944 = SURFACE_STYLE_USAGE(.BOTH.,#6945);
#6945 = SURFACE_SIDE_STYLE('',(#6946));
#6946 = SURFACE_STYLE_FILL_AREA(#6947);
#6947 = FILL_AREA_STYLE('',(#6948));
#6948 = FILL_AREA_STYLE_COLOUR('',#5805);
#6949 = CURVE_STYLE('',#6950,POSITIVE_LENGTH_MEASURE(0.1),#5805);
#6950 = DRAUGHTING_PRE_DEFINED_CURVE_FONT('continuous');
#6951 = STYLED_ITEM('color',(#6952),#4899);
#6952 = PRESENTATION_STYLE_ASSIGNMENT((#6953,#6958));
#6953 = SURFACE_STYLE_USAGE(.BOTH.,#6954);
#6954 = SURFACE_SIDE_STYLE('',(#6955));
#6955 = SURFACE_STYLE_FILL_AREA(#6956);
#6956 = FILL_AREA_STYLE('',(#6957));
#6957 = FILL_AREA_STYLE_COLOUR('',#5805);
#6958 = CURVE_STYLE('',#6959,POSITIVE_LENGTH_MEASURE(0.1),#5805);
#6959 = DRAUGHTING_PRE_DEFINED_CURVE_FONT('continuous');
#6960 = STYLED_ITEM('color',(#6961),#4915);
#6961 = PRESENTATION_STYLE_ASSIGNMENT((#6962,#6967));
#6962 = SURFACE_STYLE_USAGE(.BOTH.,#6963);
#6963 = SURFACE_SIDE_STYLE('',(#6964));
#6964 = SURFACE_STYLE_FILL_AREA(#6965);
#6965 = FILL_AREA_STYLE('',(#6966));
#6966 = FILL_AREA_STYLE_COLOUR('',#5805);
#6967 = CURVE_STYLE('',#6968,POSITIVE_LENGTH_MEASURE(0.1),#5805);
#6968 = DRAUGHTING_PRE_DEFINED_CURVE_FONT('continuous');
#6969 = STYLED_ITEM('color',(#6970),#4932);
#6970 = PRESENTATION_STYLE_ASSIGNMENT((#6971,#6976));
#6971 = SURFACE_STYLE_USAGE(.BOTH.,#6972);
#6972 = SURFACE_SIDE_STYLE('',(#6973));
#6973 = SURFACE_STYLE_FILL_AREA(#6974);
#6974 = FILL_AREA_STYLE('',(#6975));
#6975 = FILL_AREA_STYLE_COLOUR('',#5805);
#6976 = CURVE_STYLE('',#6977,POSITIVE_LENGTH_MEASURE(0.1),#5805);
#6977 = DRAUGHTING_PRE_DEFINED_CURVE_FONT('continuous');
#6978 = STYLED_ITEM('color',(#6979),#4949);
#6979 = PRESENTATION_STYLE_ASSIGNMENT((#6980,#6985));
#6980 = SURFACE_STYLE_USAGE(.BOTH.,#6981);
#6981 = SURFACE_SIDE_STYLE('',(#6982));
#6982 = SURFACE_STYLE_FILL_AREA(#6983);
#6983 = FILL_AREA_STYLE('',(#6984));
#6984 = FILL_AREA_STYLE_COLOUR('',#5805);
#6985 = CURVE_STYLE('',#6986,POSITIVE_LENGTH_MEASURE(0.1),#5805);
#6986 = DRAUGHTING_PRE_DEFINED_CURVE_FONT('continuous');
#6987 = STYLED_ITEM('color',(#6988),#4966);
#6988 = PRESENTATION_STYLE_ASSIGNMENT((#6989,#6994));
#6989 = SURFACE_STYLE_USAGE(.BOTH.,#6990);
#6990 = SURFACE_SIDE_STYLE('',(#6991));
#6991 = SURFACE_STYLE_FILL_AREA(#6992);
#6992 = FILL_AREA_STYLE('',(#6993));
#6993 = FILL_AREA_STYLE_COLOUR('',#5805);
#6994 = CURVE_STYLE('',#6995,POSITIVE_LENGTH_MEASURE(0.1),#5805);
#6995 = DRAUGHTING_PRE_DEFINED_CURVE_FONT('continuous');
#6996 = STYLED_ITEM('color',(#6997),#4976);
#6997 = PRESENTATION_STYLE_ASSIGNMENT((#6998,#7003));
#6998 = SURFACE_STYLE_USAGE(.BOTH.,#6999);
#6999 = SURFACE_SIDE_STYLE('',(#7000));
#7000 = SURFACE_STYLE_FILL_AREA(#7001);
#7001 = FILL_AREA_STYLE('',(#7002));
#7002 = FILL_AREA_STYLE_COLOUR('',#5795);
#7003 = CURVE_STYLE('',#7004,POSITIVE_LENGTH_MEASURE(0.1),#5795);
#7004 = DRAUGHTING_PRE_DEFINED_CURVE_FONT('continuous');
#7005 = STYLED_ITEM('color',(#7006),#4988);
#7006 = PRESENTATION_STYLE_ASSIGNMENT((#7007,#7012));
#7007 = SURFACE_STYLE_USAGE(.BOTH.,#7008);
#7008 = SURFACE_SIDE_STYLE('',(#7009));
#7009 = SURFACE_STYLE_FILL_AREA(#7010);
#7010 = FILL_AREA_STYLE('',(#7011));
#7011 = FILL_AREA_STYLE_COLOUR('',#5795);
#7012 = CURVE_STYLE('',#7013,POSITIVE_LENGTH_MEASURE(0.1),#5795);
#7013 = DRAUGHTING_PRE_DEFINED_CURVE_FONT('continuous');
#7014 = STYLED_ITEM('color',(#7015),#5000);
#7015 = PRESENTATION_STYLE_ASSIGNMENT((#7016,#7021));
#7016 = SURFACE_STYLE_USAGE(.BOTH.,#7017);
#7017 = SURFACE_SIDE_STYLE('',(#7018));
#7018 = SURFACE_STYLE_FILL_AREA(#7019);
#7019 = FILL_AREA_STYLE('',(#7020));
#7020 = FILL_AREA_STYLE_COLOUR('',#5795);
#7021 = CURVE_STYLE('',#7022,POSITIVE_LENGTH_MEASURE(0.1),#5795);
#7022 = DRAUGHTING_PRE_DEFINED_CURVE_FONT('continuous');
#7023 = MECHANICAL_DESIGN_GEOMETRIC_PRESENTATION_REPRESENTATION('',(
    #7024),#5776);
#7024 = STYLED_ITEM('color',(#7025),#5041);
#7025 = PRESENTATION_STYLE_ASSIGNMENT((#7026));
#7026 = SURFACE_STYLE_USAGE(.BOTH.,#7027);
#7027 = SURFACE_SIDE_STYLE('',(#7028));
#7028 = SURFACE_STYLE_FILL_AREA(#7029);
#7029 = FILL_AREA_STYLE('',(#7030));
#7030 = FILL_AREA_STYLE_COLOUR('',#7031);
#7031 = COLOUR_RGB('',0.313304153717,0.484529207832,0.410020903123);
#7032 = MECHANICAL_DESIGN_GEOMETRIC_PRESENTATION_REPRESENTATION('',(
    #7033,#7040,#7047,#7054,#7061,#7068,#7075,#7082,#7090,#7097,#7104,
    #7111,#7118,#7125,#7133,#7140,#7147,#7154,#7161,#7168,#7175,#7182,
    #7189,#7196,#7203,#7210),#1295);
#7033 = STYLED_ITEM('color',(#7034),#507);
#7034 = PRESENTATION_STYLE_ASSIGNMENT((#7035));
#7035 = SURFACE_STYLE_USAGE(.BOTH.,#7036);
#7036 = SURFACE_SIDE_STYLE('',(#7037));
#7037 = SURFACE_STYLE_FILL_AREA(#7038);
#7038 = FILL_AREA_STYLE('',(#7039));
#7039 = FILL_AREA_STYLE_COLOUR('',#5805);
#7040 = STYLED_ITEM('color',(#7041),#547);
#7041 = PRESENTATION_STYLE_ASSIGNMENT((#7042));
#7042 = SURFACE_STYLE_USAGE(.BOTH.,#7043);
#7043 = SURFACE_SIDE_STYLE('',(#7044));
#7044 = SURFACE_STYLE_FILL_AREA(#7045);
#7045 = FILL_AREA_STYLE('',(#7046));
#7046 = FILL_AREA_STYLE_COLOUR('',#5805);
#7047 = STYLED_ITEM('color',(#7048),#630);
#7048 = PRESENTATION_STYLE_ASSIGNMENT((#7049));
#7049 = SURFACE_STYLE_USAGE(.BOTH.,#7050);
#7050 = SURFACE_SIDE_STYLE('',(#7051));
#7051 = SURFACE_STYLE_FILL_AREA(#7052);
#7052 = FILL_AREA_STYLE('',(#7053));
#7053 = FILL_AREA_STYLE_COLOUR('',#5805);
#7054 = STYLED_ITEM('color',(#7055),#655);
#7055 = PRESENTATION_STYLE_ASSIGNMENT((#7056));
#7056 = SURFACE_STYLE_USAGE(.BOTH.,#7057);
#7057 = SURFACE_SIDE_STYLE('',(#7058));
#7058 = SURFACE_STYLE_FILL_AREA(#7059);
#7059 = FILL_AREA_STYLE('',(#7060));
#7060 = FILL_AREA_STYLE_COLOUR('',#5805);
#7061 = STYLED_ITEM('color',(#7062),#680);
#7062 = PRESENTATION_STYLE_ASSIGNMENT((#7063));
#7063 = SURFACE_STYLE_USAGE(.BOTH.,#7064);
#7064 = SURFACE_SIDE_STYLE('',(#7065));
#7065 = SURFACE_STYLE_FILL_AREA(#7066);
#7066 = FILL_AREA_STYLE('',(#7067));
#7067 = FILL_AREA_STYLE_COLOUR('',#5805);
#7068 = STYLED_ITEM('color',(#7069),#747);
#7069 = PRESENTATION_STYLE_ASSIGNMENT((#7070));
#7070 = SURFACE_STYLE_USAGE(.BOTH.,#7071);
#7071 = SURFACE_SIDE_STYLE('',(#7072));
#7072 = SURFACE_STYLE_FILL_AREA(#7073);
#7073 = FILL_AREA_STYLE('',(#7074));
#7074 = FILL_AREA_STYLE_COLOUR('',#5805);
#7075 = STYLED_ITEM('color',(#7076),#764);
#7076 = PRESENTATION_STYLE_ASSIGNMENT((#7077));
#7077 = SURFACE_STYLE_USAGE(.BOTH.,#7078);
#7078 = SURFACE_SIDE_STYLE('',(#7079));
#7079 = SURFACE_STYLE_FILL_AREA(#7080);
#7080 = FILL_AREA_STYLE('',(#7081));
#7081 = FILL_AREA_STYLE_COLOUR('',#5805);
#7082 = STYLED_ITEM('color',(#7083),#781);
#7083 = PRESENTATION_STYLE_ASSIGNMENT((#7084));
#7084 = SURFACE_STYLE_USAGE(.BOTH.,#7085);
#7085 = SURFACE_SIDE_STYLE('',(#7086));
#7086 = SURFACE_STYLE_FILL_AREA(#7087);
#7087 = FILL_AREA_STYLE('',(#7088));
#7088 = FILL_AREA_STYLE_COLOUR('',#7089);
#7089 = COLOUR_RGB('',0.894999966383,0.890999961016,0.813000030345);
#7090 = STYLED_ITEM('color',(#7091),#830);
#7091 = PRESENTATION_STYLE_ASSIGNMENT((#7092));
#7092 = SURFACE_STYLE_USAGE(.BOTH.,#7093);
#7093 = SURFACE_SIDE_STYLE('',(#7094));
#7094 = SURFACE_STYLE_FILL_AREA(#7095);
#7095 = FILL_AREA_STYLE('',(#7096));
#7096 = FILL_AREA_STYLE_COLOUR('',#5805);
#7097 = STYLED_ITEM('color',(#7098),#847);
#7098 = PRESENTATION_STYLE_ASSIGNMENT((#7099));
#7099 = SURFACE_STYLE_USAGE(.BOTH.,#7100);
#7100 = SURFACE_SIDE_STYLE('',(#7101));
#7101 = SURFACE_STYLE_FILL_AREA(#7102);
#7102 = FILL_AREA_STYLE('',(#7103));
#7103 = FILL_AREA_STYLE_COLOUR('',#5805);
#7104 = STYLED_ITEM('color',(#7105),#864);
#7105 = PRESENTATION_STYLE_ASSIGNMENT((#7106));
#7106 = SURFACE_STYLE_USAGE(.BOTH.,#7107);
#7107 = SURFACE_SIDE_STYLE('',(#7108));
#7108 = SURFACE_STYLE_FILL_AREA(#7109);
#7109 = FILL_AREA_STYLE('',(#7110));
#7110 = FILL_AREA_STYLE_COLOUR('',#7089);
#7111 = STYLED_ITEM('color',(#7112),#913);
#7112 = PRESENTATION_STYLE_ASSIGNMENT((#7113));
#7113 = SURFACE_STYLE_USAGE(.BOTH.,#7114);
#7114 = SURFACE_SIDE_STYLE('',(#7115));
#7115 = SURFACE_STYLE_FILL_AREA(#7116);
#7116 = FILL_AREA_STYLE('',(#7117));
#7117 = FILL_AREA_STYLE_COLOUR('',#7089);
#7118 = STYLED_ITEM('color',(#7119),#930);
#7119 = PRESENTATION_STYLE_ASSIGNMENT((#7120));
#7120 = SURFACE_STYLE_USAGE(.BOTH.,#7121);
#7121 = SURFACE_SIDE_STYLE('',(#7122));
#7122 = SURFACE_STYLE_FILL_AREA(#7123);
#7123 = FILL_AREA_STYLE('',(#7124));
#7124 = FILL_AREA_STYLE_COLOUR('',#5805);
#7125 = STYLED_ITEM('color',(#7126),#999);
#7126 = PRESENTATION_STYLE_ASSIGNMENT((#7127));
#7127 = SURFACE_STYLE_USAGE(.BOTH.,#7128);
#7128 = SURFACE_SIDE_STYLE('',(#7129));
#7129 = SURFACE_STYLE_FILL_AREA(#7130);
#7130 = FILL_AREA_STYLE('',(#7131));
#7131 = FILL_AREA_STYLE_COLOUR('',#7132);
#7132 = COLOUR_RGB('',8.200000279077E-02,8.600000121357E-02,
  9.399999706163E-02);
#7133 = STYLED_ITEM('color',(#7134),#1030);
#7134 = PRESENTATION_STYLE_ASSIGNMENT((#7135));
#7135 = SURFACE_STYLE_USAGE(.BOTH.,#7136);
#7136 = SURFACE_SIDE_STYLE('',(#7137));
#7137 = SURFACE_STYLE_FILL_AREA(#7138);
#7138 = FILL_AREA_STYLE('',(#7139));
#7139 = FILL_AREA_STYLE_COLOUR('',#7132);
#7140 = STYLED_ITEM('color',(#7141),#1054);
#7141 = PRESENTATION_STYLE_ASSIGNMENT((#7142));
#7142 = SURFACE_STYLE_USAGE(.BOTH.,#7143);
#7143 = SURFACE_SIDE_STYLE('',(#7144));
#7144 = SURFACE_STYLE_FILL_AREA(#7145);
#7145 = FILL_AREA_STYLE('',(#7146));
#7146 = FILL_AREA_STYLE_COLOUR('',#5805);
#7147 = STYLED_ITEM('color',(#7148),#1123);
#7148 = PRESENTATION_STYLE_ASSIGNMENT((#7149));
#7149 = SURFACE_STYLE_USAGE(.BOTH.,#7150);
#7150 = SURFACE_SIDE_STYLE('',(#7151));
#7151 = SURFACE_STYLE_FILL_AREA(#7152);
#7152 = FILL_AREA_STYLE('',(#7153));
#7153 = FILL_AREA_STYLE_COLOUR('',#7132);
#7154 = STYLED_ITEM('color',(#7155),#1147);
#7155 = PRESENTATION_STYLE_ASSIGNMENT((#7156));
#7156 = SURFACE_STYLE_USAGE(.BOTH.,#7157);
#7157 = SURFACE_SIDE_STYLE('',(#7158));
#7158 = SURFACE_STYLE_FILL_AREA(#7159);
#7159 = FILL_AREA_STYLE('',(#7160));
#7160 = FILL_AREA_STYLE_COLOUR('',#5805);
#7161 = STYLED_ITEM('color',(#7162),#1164);
#7162 = PRESENTATION_STYLE_ASSIGNMENT((#7163));
#7163 = SURFACE_STYLE_USAGE(.BOTH.,#7164);
#7164 = SURFACE_SIDE_STYLE('',(#7165));
#7165 = SURFACE_STYLE_FILL_AREA(#7166);
#7166 = FILL_AREA_STYLE('',(#7167));
#7167 = FILL_AREA_STYLE_COLOUR('',#5805);
#7168 = STYLED_ITEM('color',(#7169),#1181);
#7169 = PRESENTATION_STYLE_ASSIGNMENT((#7170));
#7170 = SURFACE_STYLE_USAGE(.BOTH.,#7171);
#7171 = SURFACE_SIDE_STYLE('',(#7172));
#7172 = SURFACE_STYLE_FILL_AREA(#7173);
#7173 = FILL_AREA_STYLE('',(#7174));
#7174 = FILL_AREA_STYLE_COLOUR('',#5805);
#7175 = STYLED_ITEM('color',(#7176),#1198);
#7176 = PRESENTATION_STYLE_ASSIGNMENT((#7177));
#7177 = SURFACE_STYLE_USAGE(.BOTH.,#7178);
#7178 = SURFACE_SIDE_STYLE('',(#7179));
#7179 = SURFACE_STYLE_FILL_AREA(#7180);
#7180 = FILL_AREA_STYLE('',(#7181));
#7181 = FILL_AREA_STYLE_COLOUR('',#5805);
#7182 = STYLED_ITEM('color',(#7183),#1215);
#7183 = PRESENTATION_STYLE_ASSIGNMENT((#7184));
#7184 = SURFACE_STYLE_USAGE(.BOTH.,#7185);
#7185 = SURFACE_SIDE_STYLE('',(#7186));
#7186 = SURFACE_STYLE_FILL_AREA(#7187);
#7187 = FILL_AREA_STYLE('',(#7188));
#7188 = FILL_AREA_STYLE_COLOUR('',#5805);
#7189 = STYLED_ITEM('color',(#7190),#1232);
#7190 = PRESENTATION_STYLE_ASSIGNMENT((#7191));
#7191 = SURFACE_STYLE_USAGE(.BOTH.,#7192);
#7192 = SURFACE_SIDE_STYLE('',(#7193));
#7193 = SURFACE_STYLE_FILL_AREA(#7194);
#7194 = FILL_AREA_STYLE('',(#7195));
#7195 = FILL_AREA_STYLE_COLOUR('',#5805);
#7196 = STYLED_ITEM('color',(#7197),#1249);
#7197 = PRESENTATION_STYLE_ASSIGNMENT((#7198));
#7198 = SURFACE_STYLE_USAGE(.BOTH.,#7199);
#7199 = SURFACE_SIDE_STYLE('',(#7200));
#7200 = SURFACE_STYLE_FILL_AREA(#7201);
#7201 = FILL_AREA_STYLE('',(#7202));
#7202 = FILL_AREA_STYLE_COLOUR('',#5805);
#7203 = STYLED_ITEM('color',(#7204),#1266);
#7204 = PRESENTATION_STYLE_ASSIGNMENT((#7205));
#7205 = SURFACE_STYLE_USAGE(.BOTH.,#7206);
#7206 = SURFACE_SIDE_STYLE('',(#7207));
#7207 = SURFACE_STYLE_FILL_AREA(#7208);
#7208 = FILL_AREA_STYLE('',(#7209));
#7209 = FILL_AREA_STYLE_COLOUR('',#7132);
#7210 = STYLED_ITEM('color',(#7211),#1283);
#7211 = PRESENTATION_STYLE_ASSIGNMENT((#7212));
#7212 = SURFACE_STYLE_USAGE(.BOTH.,#7213);
#7213 = SURFACE_SIDE_STYLE('',(#7214));
#7214 = SURFACE_STYLE_FILL_AREA(#7215);
#7215 = FILL_AREA_STYLE('',(#7216));
#7216 = FILL_AREA_STYLE_COLOUR('',#7132);
#7217 = MECHANICAL_DESIGN_GEOMETRIC_PRESENTATION_REPRESENTATION('',(
    #7218,#7226,#7233,#7240,#7247,#7254,#7261,#7268,#7275,#7282,#7289,
    #7296,#7303,#7310,#7317,#7324,#7331),#463);
#7218 = STYLED_ITEM('color',(#7219),#78);
#7219 = PRESENTATION_STYLE_ASSIGNMENT((#7220));
#7220 = SURFACE_STYLE_USAGE(.BOTH.,#7221);
#7221 = SURFACE_SIDE_STYLE('',(#7222));
#7222 = SURFACE_STYLE_FILL_AREA(#7223);
#7223 = FILL_AREA_STYLE('',(#7224));
#7224 = FILL_AREA_STYLE_COLOUR('',#7225);
#7225 = COLOUR_RGB('',0.883000012551,0.711000022565,0.492000011028);
#7226 = STYLED_ITEM('color',(#7227),#111);
#7227 = PRESENTATION_STYLE_ASSIGNMENT((#7228));
#7228 = SURFACE_STYLE_USAGE(.BOTH.,#7229);
#7229 = SURFACE_SIDE_STYLE('',(#7230));
#7230 = SURFACE_STYLE_FILL_AREA(#7231);
#7231 = FILL_AREA_STYLE('',(#7232));
#7232 = FILL_AREA_STYLE_COLOUR('',#7225);
#7233 = STYLED_ITEM('color',(#7234),#137);
#7234 = PRESENTATION_STYLE_ASSIGNMENT((#7235));
#7235 = SURFACE_STYLE_USAGE(.BOTH.,#7236);
#7236 = SURFACE_SIDE_STYLE('',(#7237));
#7237 = SURFACE_STYLE_FILL_AREA(#7238);
#7238 = FILL_AREA_STYLE('',(#7239));
#7239 = FILL_AREA_STYLE_COLOUR('',#7225);
#7240 = STYLED_ITEM('color',(#7241),#157);
#7241 = PRESENTATION_STYLE_ASSIGNMENT((#7242));
#7242 = SURFACE_STYLE_USAGE(.BOTH.,#7243);
#7243 = SURFACE_SIDE_STYLE('',(#7244));
#7244 = SURFACE_STYLE_FILL_AREA(#7245);
#7245 = FILL_AREA_STYLE('',(#7246));
#7246 = FILL_AREA_STYLE_COLOUR('',#7225);
#7247 = STYLED_ITEM('color',(#7248),#177);
#7248 = PRESENTATION_STYLE_ASSIGNMENT((#7249));
#7249 = SURFACE_STYLE_USAGE(.BOTH.,#7250);
#7250 = SURFACE_SIDE_STYLE('',(#7251));
#7251 = SURFACE_STYLE_FILL_AREA(#7252);
#7252 = FILL_AREA_STYLE('',(#7253));
#7253 = FILL_AREA_STYLE_COLOUR('',#7225);
#7254 = STYLED_ITEM('color',(#7255),#202);
#7255 = PRESENTATION_STYLE_ASSIGNMENT((#7256));
#7256 = SURFACE_STYLE_USAGE(.BOTH.,#7257);
#7257 = SURFACE_SIDE_STYLE('',(#7258));
#7258 = SURFACE_STYLE_FILL_AREA(#7259);
#7259 = FILL_AREA_STYLE('',(#7260));
#7260 = FILL_AREA_STYLE_COLOUR('',#5805);
#7261 = STYLED_ITEM('color',(#7262),#227);
#7262 = PRESENTATION_STYLE_ASSIGNMENT((#7263));
#7263 = SURFACE_STYLE_USAGE(.BOTH.,#7264);
#7264 = SURFACE_SIDE_STYLE('',(#7265));
#7265 = SURFACE_STYLE_FILL_AREA(#7266);
#7266 = FILL_AREA_STYLE('',(#7267));
#7267 = FILL_AREA_STYLE_COLOUR('',#7225);
#7268 = STYLED_ITEM('color',(#7269),#247);
#7269 = PRESENTATION_STYLE_ASSIGNMENT((#7270));
#7270 = SURFACE_STYLE_USAGE(.BOTH.,#7271);
#7271 = SURFACE_SIDE_STYLE('',(#7272));
#7272 = SURFACE_STYLE_FILL_AREA(#7273);
#7273 = FILL_AREA_STYLE('',(#7274));
#7274 = FILL_AREA_STYLE_COLOUR('',#5805);
#7275 = STYLED_ITEM('color',(#7276),#256);
#7276 = PRESENTATION_STYLE_ASSIGNMENT((#7277));
#7277 = SURFACE_STYLE_USAGE(.BOTH.,#7278);
#7278 = SURFACE_SIDE_STYLE('',(#7279));
#7279 = SURFACE_STYLE_FILL_AREA(#7280);
#7280 = FILL_AREA_STYLE('',(#7281));
#7281 = FILL_AREA_STYLE_COLOUR('',#7225);
#7282 = STYLED_ITEM('color',(#7283),#281);
#7283 = PRESENTATION_STYLE_ASSIGNMENT((#7284));
#7284 = SURFACE_STYLE_USAGE(.BOTH.,#7285);
#7285 = SURFACE_SIDE_STYLE('',(#7286));
#7286 = SURFACE_STYLE_FILL_AREA(#7287);
#7287 = FILL_AREA_STYLE('',(#7288));
#7288 = FILL_AREA_STYLE_COLOUR('',#7225);
#7289 = STYLED_ITEM('color',(#7290),#307);
#7290 = PRESENTATION_STYLE_ASSIGNMENT((#7291));
#7291 = SURFACE_STYLE_USAGE(.BOTH.,#7292);
#7292 = SURFACE_SIDE_STYLE('',(#7293));
#7293 = SURFACE_STYLE_FILL_AREA(#7294);
#7294 = FILL_AREA_STYLE('',(#7295));
#7295 = FILL_AREA_STYLE_COLOUR('',#7225);
#7296 = STYLED_ITEM('color',(#7297),#327);
#7297 = PRESENTATION_STYLE_ASSIGNMENT((#7298));
#7298 = SURFACE_STYLE_USAGE(.BOTH.,#7299);
#7299 = SURFACE_SIDE_STYLE('',(#7300));
#7300 = SURFACE_STYLE_FILL_AREA(#7301);
#7301 = FILL_AREA_STYLE('',(#7302));
#7302 = FILL_AREA_STYLE_COLOUR('',#5805);
#7303 = STYLED_ITEM('color',(#7304),#352);
#7304 = PRESENTATION_STYLE_ASSIGNMENT((#7305));
#7305 = SURFACE_STYLE_USAGE(.BOTH.,#7306);
#7306 = SURFACE_SIDE_STYLE('',(#7307));
#7307 = SURFACE_STYLE_FILL_AREA(#7308);
#7308 = FILL_AREA_STYLE('',(#7309));
#7309 = FILL_AREA_STYLE_COLOUR('',#5805);
#7310 = STYLED_ITEM('color',(#7311),#378);
#7311 = PRESENTATION_STYLE_ASSIGNMENT((#7312));
#7312 = SURFACE_STYLE_USAGE(.BOTH.,#7313);
#7313 = SURFACE_SIDE_STYLE('',(#7314));
#7314 = SURFACE_STYLE_FILL_AREA(#7315);
#7315 = FILL_AREA_STYLE('',(#7316));
#7316 = FILL_AREA_STYLE_COLOUR('',#5805);
#7317 = STYLED_ITEM('color',(#7318),#403);
#7318 = PRESENTATION_STYLE_ASSIGNMENT((#7319));
#7319 = SURFACE_STYLE_USAGE(.BOTH.,#7320);
#7320 = SURFACE_SIDE_STYLE('',(#7321));
#7321 = SURFACE_STYLE_FILL_AREA(#7322);
#7322 = FILL_AREA_STYLE('',(#7323));
#7323 = FILL_AREA_STYLE_COLOUR('',#5805);
#7324 = STYLED_ITEM('color',(#7325),#429);
#7325 = PRESENTATION_STYLE_ASSIGNMENT((#7326));
#7326 = SURFACE_STYLE_USAGE(.BOTH.,#7327);
#7327 = SURFACE_SIDE_STYLE('',(#7328));
#7328 = SURFACE_STYLE_FILL_AREA(#7329);
#7329 = FILL_AREA_STYLE('',(#7330));
#7330 = FILL_AREA_STYLE_COLOUR('',#5805);
#7331 = STYLED_ITEM('color',(#7332),#454);
#7332 = PRESENTATION_STYLE_ASSIGNMENT((#7333));
#7333 = SURFACE_STYLE_USAGE(.BOTH.,#7334);
#7334 = SURFACE_SIDE_STYLE('',(#7335));
#7335 = SURFACE_STYLE_FILL_AREA(#7336);
#7336 = FILL_AREA_STYLE('',(#7337));
#7337 = FILL_AREA_STYLE_COLOUR('',#5805);
ENDSEC;
END-ISO-10303-21;
