999
DXF file: c-374144-e-1-2d.dxf
999
Pro/ENGINEER 2021072 by Parametric Technology Corporation
  0
SECTION
  2
HEADER
  9
$ACADVER
  1
AC1014
  9
$DWGCODEPAGE
  3
ANSI_1252
  9
$EXTMAX
 10
420.0
 20
297.0
 30
0.0
  9
$EXTMIN
 10
0.0
 20
0.0
 30
0.0
  9
$LIMMIN
 10
0.0
 20
0.0
  9
$LIMMAX
 10
420.0
 20
297.0
  9
$VIEWCTR
 10
210.0
 20
148.5
  9
$VIEWSIZE
 40
297.0
  9
$CLAYER
  8
0
  9
$LTSCALE
 40
23.1
  9
$CELTYPE
  6
BYLAYER
  9
$DIMSCALE
 40
1.0
  9
$DIMASZ
 40
4.5
  9
$DIMEXO
 40
1.5
  9
$DIMDLI
 40
15.96
  9
$DIMEXE
 40
3.0
  9
$DIMCEN
 40
3.78
  9
$DIMLFAC
 40
1.0
  9
$DIMBLK
  1
_CLOSED
  9
$DIMALT
 70
0
  9
$DIMALTF
 40
0.0393700787
  9
$DIMTXT
 40
3.0
  9
$DIMTOL
 70
1
  9
$DIMLIM
 70
0
  9
$DIMTFAC
 40
1.0
  9
$DIMTP
 40
0.01
  9
$DIMTM
 40
0.01
  9
$DIMGAP
 40
0.625
  9
$AUNITS
 70
0
  9
$PDMODE
 70
3
  9
$PDSIZE
 40
0.3125
  9
$HANDSEED
  5
7A2
  9
$TILEMODE
 70
1
  9
$MEASUREMENT
 70
1
  0
ENDSEC
  0
SECTION
  2
CLASSES
  0
ENDSEC
  0
SECTION
  2
TABLES
  0
TABLE
  2
VPORT
  5
8
100
AcDbSymbolTable
 70
2
  0
VPORT
  5
1F4
100
AcDbSymbolTableRecord
100
AcDbViewportTableRecord
  2
*ACTIVE
 70
0
 10
0.0
 20
0.0
 11
1.0
 21
1.0
 12
210.0
 22
148.5
 13
0.0
 23
0.0
 14
1.0
 24
1.0
 15
0.0
 25
0.0
 16
0.0
 26
0.0
 36
1.0
 17
0.0
 27
0.0
 37
0.0
 40
297.0
 41
1.4141414141
 42
50.0
 43
0.0
 44
0.0
 50
0.0
 51
0.0
 71
0
 72
100
 73
1
 74
1
 75
0
 76
0
 77
0
 78
0
  0
ENDTAB
  0
TABLE
  2
LTYPE
  5
5
100
AcDbSymbolTable
 70
6
  0
LTYPE
  5
14
100
AcDbSymbolTableRecord
100
AcDbLinetypeTableRecord
  2
BYBLOCK
 70
0
  3

 72
65
 73
0
 40
0.0
  0
LTYPE
  5
15
100
AcDbSymbolTableRecord
100
AcDbLinetypeTableRecord
  2
BYLAYER
 70
0
  3

 72
65
 73
0
 40
0.0
  0
LTYPE
  5
16
100
AcDbSymbolTableRecord
100
AcDbLinetypeTableRecord
  2
CONTINUOUS
 70
64
  3
Solid line
 72
65
 73
0
 40
0.0
  0
LTYPE
  5
1F5
100
AcDbSymbolTableRecord
100
AcDbLinetypeTableRecord
  2
CENTER
 70
64
  3
____ _ ____ _ ____ _ ____ _ ____ _ ____ _ ____
 72
65
 73
4
 40
0.6
 49
0.375
 74
0
 49
-0.075
 74
0
 49
0.075
 74
0
 49
-0.075
 74
0
  0
LTYPE
  5
1F6
100
AcDbSymbolTableRecord
100
AcDbLinetypeTableRecord
  2
HIDDEN
 70
64
  3
- - - - - - - - - - - - - - - - - - - -
 72
65
 73
2
 40
0.2
 49
0.1
 74
0
 49
-0.1
 74
0
  0
LTYPE
  5
1F7
100
AcDbSymbolTableRecord
100
AcDbLinetypeTableRecord
  2
PHANTOM
 70
64
  3
_____ _ _ _____ _ _ _____ _ _ _____
 72
65
 73
6
 40
0.8
 49
0.45
 74
0
 49
-0.05
 74
0
 49
0.1
 74
0
 49
-0.05
 74
0
 49
0.1
 74
0
 49
-0.05
 74
0
  0
LTYPE
  5
1F8
100
AcDbSymbolTableRecord
100
AcDbLinetypeTableRecord
  2
DOT
 70
64
  3
. . . . . . . . . . . . . . . . . . . .
 72
65
 73
2
 40
0.2
 49
0.1
 74
0
 49
-0.1
 74
0
  0
LTYPE
  5
1F9
100
AcDbSymbolTableRecord
100
AcDbLinetypeTableRecord
  2
DASHED
 70
64
  3
- - - - - - - - - - - - - - - - - - - -
 72
65
 73
2
 40
0.2
 49
0.1
 74
0
 49
-0.1
 74
0
  0
ENDTAB
  0
TABLE
  2
LAYER
  5
2
100
AcDbSymbolTable
 70
36
  0
LAYER
  5
10
100
AcDbSymbolTableRecord
100
AcDbLayerTableRecord
  2
0
 70
0
 62
7
  6
CONTINUOUS
  0
LAYER
  5
1FA
100
AcDbSymbolTableRecord
100
AcDbLayerTableRecord
  2
DEFAULT_1
 70
0
 62
7
  6
CENTER
  0
LAYER
  5
1FB
100
AcDbSymbolTableRecord
100
AcDbLayerTableRecord
  2
DEFAULT_2
 70
0
 62
8
  6
HIDDEN
  0
LAYER
  5
1FC
100
AcDbSymbolTableRecord
100
AcDbLayerTableRecord
  2
DEFAULT_3
 70
0
 62
7
  6
PHANTOM
  0
LAYER
  5
1FD
100
AcDbSymbolTableRecord
100
AcDbLayerTableRecord
  2
DRAFT_ENTITY
 70
0
 62
7
  6
CONTINUOUS
  0
LAYER
  5
1FE
100
AcDbSymbolTableRecord
100
AcDbLayerTableRecord
  2
DRAFT_GEOM
 70
0
 62
7
  6
CONTINUOUS
  0
LAYER
  5
1FF
100
AcDbSymbolTableRecord
100
AcDbLayerTableRecord
  2
DRAFT_GRP
 70
0
 62
7
  6
CONTINUOUS
  0
LAYER
  5
200
100
AcDbSymbolTableRecord
100
AcDbLayerTableRecord
  2
DRAFT_OTHER
 70
0
 62
7
  6
CONTINUOUS
  0
LAYER
  5
201
100
AcDbSymbolTableRecord
100
AcDbLayerTableRecord
  2
DTM_ALL
 70
0
 62
7
  6
CONTINUOUS
  0
LAYER
  5
202
100
AcDbSymbolTableRecord
100
AcDbLayerTableRecord
  2
DTM_AXIS
 70
0
 62
7
  6
CONTINUOUS
  0
LAYER
  5
203
100
AcDbSymbolTableRecord
100
AcDbLayerTableRecord
  2
DTM_MAJOR
 70
0
 62
7
  6
CONTINUOUS
  0
LAYER
  5
204
100
AcDbSymbolTableRecord
100
AcDbLayerTableRecord
  2
NOTE
 70
0
 62
7
  6
CONTINUOUS
  0
ENDTAB
  0
TABLE
  2
STYLE
  5
3
100
AcDbSymbolTable
 70
1
  0
STYLE
  5
11
100
AcDbSymbolTableRecord
100
AcDbTextStyleTableRecord
  2
STANDARD
 70
0
 40
0.0
 41
0.95
 50
0.0
 71
0
 42
0.2
  3
txt
  4

  0
STYLE
  5
205
100
AcDbSymbolTableRecord
100
AcDbTextStyleTableRecord
  2
TEXTSTYLE_1
 70
0
 40
0.0
 41
0.8
 50
0.0
 71
0
 42
0.2
  3
gdt
  4

  0
STYLE
  5
206
100
AcDbSymbolTableRecord
100
AcDbTextStyleTableRecord
  2
TEXTSTYLE_2
 70
0
 40
0.0
 41
0.8
 50
0.0
 71
0
 42
0.2
  3
txt
  4

  0
ENDTAB
  0
TABLE
  2
VIEW
  5
6
100
AcDbSymbolTable
 70
0
  0
ENDTAB
  0
TABLE
  2
UCS
  5
7
100
AcDbSymbolTable
 70
0
  0
ENDTAB
  0
TABLE
  2
APPID
  5
9
100
AcDbSymbolTable
 70
1
  0
APPID
  5
207
100
AcDbSymbolTableRecord
100
AcDbRegAppTableRecord
  2
ACAD
 70
0
  0
ENDTAB
  0
TABLE
  2
BLOCK_RECORD
  5
1
100
AcDbSymbolTable
 70
0
  0
BLOCK_RECORD
  5
1F
100
AcDbSymbolTableRecord
100
AcDbBlockTableRecord
  2
*MODEL_SPACE
  0
BLOCK_RECORD
  5
1B
100
AcDbSymbolTableRecord
100
AcDbBlockTableRecord
  2
*PAPER_SPACE
  0
BLOCK_RECORD
  5
208
100
AcDbSymbolTableRecord
100
AcDbBlockTableRecord
  2
_CLOSED
  0
BLOCK_RECORD
  5
209
100
AcDbSymbolTableRecord
100
AcDbBlockTableRecord
  2
TE_CONNECTIVITY_BL0
  0
ENDTAB
  0
TABLE
  2
DIMSTYLE
  5
A
100
AcDbSymbolTable
 70
1
  0
DIMSTYLE
105
20A
100
AcDbSymbolTableRecord
100
AcDbDimStyleTableRecord
  2
STANDARD
 70
0
  3

  4

  5
_CLOSED
  6
_CLOSED
  7
_CLOSED
 40
1.0
 41
4.5
 42
1.5
 43
0.38
 44
3.0
 45
0.0
 46
0.0
 47
0.01
 48
0.01
140
3.0
141
0.09
142
0.0
143
25.4
144
1.0
145
0.0
146
1.0
147
0.625
 71
1
 72
0
 73
1
 74
1
 75
0
 76
0
 77
0
 78
8
 79
2
170
0
171
1
172
0
173
0
174
0
175
0
176
0
177
0
178
0
270
2
271
2
272
2
273
2
274
2
275
0
280
0
281
0
282
0
283
1
284
8
285
0
286
0
287
3
288
0
340
11
  0
ENDTAB
  0
ENDSEC
  0
SECTION
  2
BLOCKS
  0
BLOCK
  5
20
100
AcDbEntity
  8
0
100
AcDbBlockBegin
  2
*MODEL_SPACE
 70
0
 10
0.0
 20
0.0
 30
0.0
  3
*MODEL_SPACE
  1

  0
ENDBLK
  5
21
100
AcDbEntity
  8
0
100
AcDbBlockEnd
  0
BLOCK
  5
1C
100
AcDbEntity
  8
0
100
AcDbBlockBegin
  2
*PAPER_SPACE
 70
0
 10
0.0
 20
0.0
 30
0.0
  3
*PAPER_SPACE
  1

  0
ENDBLK
  5
1D
100
AcDbEntity
  8
0
100
AcDbBlockEnd
  0
BLOCK
  5
20B
100
AcDbEntity
  8
0
100
AcDbBlockBegin
 62
2
  6
CONTINUOUS
  2
TE_CONNECTIVITY_BL0
 70
64
 10
315.0
 20
36.0
  3
TE_CONNECTIVITY_BL0
  1

  0
LINE
  5
20C
100
AcDbEntity
  8
0
100
AcDbLine
 62
2
  6
CONTINUOUS
 10
303.4442621268
 20
31.975
 11
311.2931594095
 21
31.975
  0
LINE
  5
20D
100
AcDbEntity
  8
0
100
AcDbLine
 62
2
  6
CONTINUOUS
 10
316.3319775183
 20
31.975
 11
318.4139164045
 21
31.975
  0
LINE
  5
20E
100
AcDbEntity
  8
0
100
AcDbLine
 62
2
  6
CONTINUOUS
 10
321.4865647769
 20
31.975
 11
327.8504615515
 21
31.975
  0
LINE
  5
20F
100
AcDbEntity
  8
0
100
AcDbLine
 62
2
  6
CONTINUOUS
 10
328.3338139487
 20
33.7788957044
 11
324.0176749741
 21
33.7788957044
  0
LINE
  5
210
100
AcDbEntity
  8
0
100
AcDbLine
 62
2
  6
CONTINUOUS
 10
311.2931594095
 20
34.2561326711
 11
303.4442621268
 21
34.2561326711
  0
LINE
  5
211
100
AcDbEntity
  8
0
100
AcDbLine
 62
2
  6
CONTINUOUS
 10
301.1331145522
 20
34.8594322328
 11
308.9820118349
 21
34.8594322328
  0
LINE
  5
212
100
AcDbEntity
  8
0
100
AcDbLine
 62
2
  6
CONTINUOUS
 10
316.0776474878
 20
40.0249971366
 11
315.5942950906
 21
38.2211014322
  0
LINE
  5
213
100
AcDbEntity
  8
0
100
AcDbLine
 62
2
  6
CONTINUOUS
 10
324.4045177413
 20
35.2226125659
 11
328.2576583666
 21
35.2226125659
  0
LINE
  5
214
100
AcDbEntity
  8
0
100
AcDbLine
 62
2
  6
CONTINUOUS
 10
328.6887347141
 20
36.8314113971
 11
324.8355940889
 21
36.8314113971
  0
LINE
  5
215
100
AcDbEntity
  8
0
100
AcDbLine
 62
2
  6
CONTINUOUS
 10
308.9820118349
 20
37.1405649038
 11
301.1331145522
 21
37.1405649038
  0
LINE
  5
216
100
AcDbEntity
  8
0
100
AcDbLine
 62
2
  6
CONTINUOUS
 10
304.9810251894
 20
37.7438644655
 11
312.8299224721
 21
37.7438644655
  0
LINE
  5
217
100
AcDbEntity
  8
0
100
AcDbLine
 62
2
  6
CONTINUOUS
 10
318.0056153529
 20
38.2211014322
 11
316.3319775183
 21
31.975
  0
LINE
  5
218
100
AcDbEntity
  8
0
100
AcDbLine
 62
2
  6
CONTINUOUS
 10
315.5942950906
 20
38.2211014322
 11
318.0056153529
 21
38.2211014322
  0
LINE
  5
219
100
AcDbEntity
  8
0
100
AcDbLine
 62
2
  6
CONTINUOUS
 10
320.0875542391
 20
38.2211014322
 11
322.4988745014
 21
38.2211014322
  0
LINE
  5
21A
100
AcDbEntity
  8
0
100
AcDbLine
 62
2
  6
CONTINUOUS
 10
325.2079604115
 20
38.2211014322
 11
329.5240993861
 21
38.2211014322
  0
LINE
  5
21B
100
AcDbEntity
  8
0
100
AcDbLine
 62
2
  6
CONTINUOUS
 10
330.0074517833
 20
40.0249971366
 11
323.6435550087
 21
40.0249971366
  0
LINE
  5
21C
100
AcDbEntity
  8
0
100
AcDbLine
 62
2
  6
CONTINUOUS
 10
322.9822268986
 20
40.0249971366
 11
316.0776474878
 21
40.0249971366
  0
LINE
  5
21D
100
AcDbEntity
  8
0
100
AcDbLine
 62
2
  6
CONTINUOUS
 10
312.8299224721
 20
40.0249971366
 11
304.9810251894
 21
40.0249971366
  0
LINE
  5
21E
100
AcDbEntity
  8
0
100
AcDbLine
 62
2
  6
CONTINUOUS
 10
318.4139164045
 20
31.975
 11
320.0875542391
 21
38.2211014322
  0
LINE
  5
21F
100
AcDbEntity
  8
0
100
AcDbLine
 62
2
  6
CONTINUOUS
 10
322.4988745014
 20
38.2211014322
 11
322.9822268986
 21
40.0249971366
  0
LINE
  5
220
100
AcDbEntity
  8
0
100
AcDbLine
 62
2
  6
CONTINUOUS
 10
323.6435550087
 20
40.0249971366
 11
321.4865647769
 21
31.975
  0
LINE
  5
221
100
AcDbEntity
  8
0
100
AcDbLine
 62
2
  6
CONTINUOUS
 10
324.0176749741
 20
33.7788957044
 11
324.4045177413
 21
35.2226125659
  0
LINE
  5
222
100
AcDbEntity
  8
0
100
AcDbLine
 62
2
  6
CONTINUOUS
 10
324.8355940889
 20
36.8314113971
 11
325.2079604115
 21
38.2211014322
  0
LINE
  5
223
100
AcDbEntity
  8
0
100
AcDbLine
 62
2
  6
CONTINUOUS
 10
328.2576583666
 20
35.2226125659
 11
328.6887347141
 21
36.8314113971
  0
LINE
  5
224
100
AcDbEntity
  8
0
100
AcDbLine
 62
2
  6
CONTINUOUS
 10
327.8504615515
 20
31.975
 11
328.3338139487
 21
33.7788957044
  0
LINE
  5
225
100
AcDbEntity
  8
0
100
AcDbLine
 62
2
  6
CONTINUOUS
 10
329.5240993861
 20
38.2211014322
 11
330.0074517833
 21
40.0249971366
  0
ARC
  5
226
100
AcDbEntity
  8
0
100
AcDbCircle
 62
2
  6
CONTINUOUS
 10
304.9810251894
 20
38.884430801
 40
1.1405663355
100
AcDbArc
 50
90.0
 51
270.0
  0
ARC
  5
227
100
AcDbEntity
  8
0
100
AcDbCircle
 62
2
  6
CONTINUOUS
 10
312.8299224721
 20
38.884430801
 40
1.1405663355
100
AcDbArc
 50
270.0
 51
90.0
  0
ARC
  5
228
100
AcDbEntity
  8
0
100
AcDbCircle
 62
2
  6
CONTINUOUS
 10
311.2931594095
 20
33.1155663355
 40
1.1405663355
100
AcDbArc
 50
270.0
 51
90.0
  0
ARC
  5
229
100
AcDbEntity
  8
0
100
AcDbCircle
 62
2
  6
CONTINUOUS
 10
303.4442621268
 20
33.1155663355
 40
1.1405663355
100
AcDbArc
 50
90.0
 51
270.0
  0
ARC
  5
22A
100
AcDbEntity
  8
0
100
AcDbCircle
 62
2
  6
CONTINUOUS
 10
308.9820118349
 20
35.9999985683
 40
1.1405663355
100
AcDbArc
 50
270.0
 51
90.0
  0
ARC
  5
22B
100
AcDbEntity
  8
0
100
AcDbCircle
 62
2
  6
CONTINUOUS
 10
301.1331145522
 20
35.9999985683
 40
1.1405663355
100
AcDbArc
 50
90.0
 51
270.0
  0
LWPOLYLINE
  5
22C
100
AcDbEntity
  8
0
100
AcDbPolyline
 62
2
  6
CONTINUOUS
 90
50
 70
0
 10
304.8321514087
 20
40.0152434035
 10
304.9810251894
 20
40.025
 10
312.8299224721
 20
40.025
 10
312.9787962529
 20
40.0152434035
 10
313.125122762
 20
39.9861346138
 10
313.2663983123
 20
39.9381727309
 10
313.4002056399
 20
39.8721869044
 10
313.5242552644
 20
39.7893041338
 10
313.6364246624
 20
39.6909331688
 10
313.7347945842
 20
39.5787645087
 10
313.8176818934
 20
39.4547140529
 10
313.883668365
 20
39.3209070004
 10
313.9316249522
 20
39.1796295507
 10
313.9607311046
 20
39.0333047528
 10
313.9704888077
 20
38.8844281057
 10
313.9607311046
 20
38.7355595087
 10
313.9316249522
 20
38.5892266607
 10
313.883668365
 20
38.447957261
 10
313.8176818934
 20
38.3141502086
 10
313.7347945842
 20
38.1900997527
 10
313.6364246624
 20
38.0779310926
 10
313.5242552644
 20
37.9795601276
 10
313.4002056399
 20
37.8966693071
 10
313.2663983123
 20
37.8306834805
 10
313.125122762
 20
37.7827296476
 10
312.9787962529
 20
37.7536208579
 10
304.9810251894
 20
37.7438642614
 10
304.8321514087
 20
37.7536208579
 10
304.6858248996
 20
37.7827296476
 10
304.5445493493
 20
37.8306834805
 10
304.4107420217
 20
37.8966693071
 10
304.2866923972
 20
37.9795601276
 10
304.1745229992
 20
38.0779310926
 10
304.0761530773
 20
38.1900997527
 10
303.9932657682
 20
38.3141502086
 10
303.9272792966
 20
38.447957261
 10
303.8793227094
 20
38.5892266607
 10
303.850216557
 20
38.7355595087
 10
303.8404588539
 20
38.8844281057
 10
303.850216557
 20
39.0333047528
 10
303.8793227094
 20
39.1796295507
 10
303.9272792966
 20
39.3209070004
 10
303.9932657682
 20
39.4547140529
 10
304.0761530773
 20
39.5787645087
 10
304.1745229992
 20
39.6909331688
 10
304.2866923972
 20
39.7893041338
 10
304.4107420217
 20
39.8721869044
 10
304.5445493493
 20
39.9381727309
 10
304.6858248996
 20
39.9861346138
 10
304.8321514087
 20
40.0152434035
  0
HATCH
  5
22D
100
AcDbEntity
  8
0
100
AcDbHatch
 62
2
  6
CONTINUOUS
 10
0.0
 20
0.0
 30
0.0
210
0.0
220
0.0
230
1.0
  2
SOLID
 70
1
 71
1
 91
1
 92
1
 93
49
 72
1
 10
304.8321514087
 20
40.0152434035
 11
304.9810251894
 21
40.025
 72
1
 10
304.9810251894
 20
40.025
 11
312.8299224721
 21
40.025
 72
1
 10
312.8299224721
 20
40.025
 11
312.9787962529
 21
40.0152434035
 72
1
 10
312.9787962529
 20
40.0152434035
 11
313.125122762
 21
39.9861346138
 72
1
 10
313.125122762
 20
39.9861346138
 11
313.2663983123
 21
39.9381727309
 72
1
 10
313.2663983123
 20
39.9381727309
 11
313.4002056399
 21
39.8721869044
 72
1
 10
313.4002056399
 20
39.8721869044
 11
313.5242552644
 21
39.7893041338
 72
1
 10
313.5242552644
 20
39.7893041338
 11
313.6364246624
 21
39.6909331688
 72
1
 10
313.6364246624
 20
39.6909331688
 11
313.7347945842
 21
39.5787645087
 72
1
 10
313.7347945842
 20
39.5787645087
 11
313.8176818934
 21
39.4547140529
 72
1
 10
313.8176818934
 20
39.4547140529
 11
313.883668365
 21
39.3209070004
 72
1
 10
313.883668365
 20
39.3209070004
 11
313.9316249522
 21
39.1796295507
 72
1
 10
313.9316249522
 20
39.1796295507
 11
313.9607311046
 21
39.0333047528
 72
1
 10
313.9607311046
 20
39.0333047528
 11
313.9704888077
 21
38.8844281057
 72
1
 10
313.9704888077
 20
38.8844281057
 11
313.9607311046
 21
38.7355595087
 72
1
 10
313.9607311046
 20
38.7355595087
 11
313.9316249522
 21
38.5892266607
 72
1
 10
313.9316249522
 20
38.5892266607
 11
313.883668365
 21
38.447957261
 72
1
 10
313.883668365
 20
38.447957261
 11
313.8176818934
 21
38.3141502086
 72
1
 10
313.8176818934
 20
38.3141502086
 11
313.7347945842
 21
38.1900997527
 72
1
 10
313.7347945842
 20
38.1900997527
 11
313.6364246624
 21
38.0779310926
 72
1
 10
313.6364246624
 20
38.0779310926
 11
313.5242552644
 21
37.9795601276
 72
1
 10
313.5242552644
 20
37.9795601276
 11
313.4002056399
 21
37.8966693071
 72
1
 10
313.4002056399
 20
37.8966693071
 11
313.2663983123
 21
37.8306834805
 72
1
 10
313.2663983123
 20
37.8306834805
 11
313.125122762
 21
37.7827296476
 72
1
 10
313.125122762
 20
37.7827296476
 11
312.9787962529
 21
37.7536208579
 72
1
 10
312.9787962529
 20
37.7536208579
 11
304.9810251894
 21
37.7438642614
 72
1
 10
304.9810251894
 20
37.7438642614
 11
304.8321514087
 21
37.7536208579
 72
1
 10
304.8321514087
 20
37.7536208579
 11
304.6858248996
 21
37.7827296476
 72
1
 10
304.6858248996
 20
37.7827296476
 11
304.5445493493
 21
37.8306834805
 72
1
 10
304.5445493493
 20
37.8306834805
 11
304.4107420217
 21
37.8966693071
 72
1
 10
304.4107420217
 20
37.8966693071
 11
304.2866923972
 21
37.9795601276
 72
1
 10
304.2866923972
 20
37.9795601276
 11
304.1745229992
 21
38.0779310926
 72
1
 10
304.1745229992
 20
38.0779310926
 11
304.0761530773
 21
38.1900997527
 72
1
 10
304.0761530773
 20
38.1900997527
 11
303.9932657682
 21
38.3141502086
 72
1
 10
303.9932657682
 20
38.3141502086
 11
303.9272792966
 21
38.447957261
 72
1
 10
303.9272792966
 20
38.447957261
 11
303.8793227094
 21
38.5892266607
 72
1
 10
303.8793227094
 20
38.5892266607
 11
303.850216557
 21
38.7355595087
 72
1
 10
303.850216557
 20
38.7355595087
 11
303.8404588539
 21
38.8844281057
 72
1
 10
303.8404588539
 20
38.8844281057
 11
303.850216557
 21
39.0333047528
 72
1
 10
303.850216557
 20
39.0333047528
 11
303.8793227094
 21
39.1796295507
 72
1
 10
303.8793227094
 20
39.1796295507
 11
303.9272792966
 21
39.3209070004
 72
1
 10
303.9272792966
 20
39.3209070004
 11
303.9932657682
 21
39.4547140529
 72
1
 10
303.9932657682
 20
39.4547140529
 11
304.0761530773
 21
39.5787645087
 72
1
 10
304.0761530773
 20
39.5787645087
 11
304.1745229992
 21
39.6909331688
 72
1
 10
304.1745229992
 20
39.6909331688
 11
304.2866923972
 21
39.7893041338
 72
1
 10
304.2866923972
 20
39.7893041338
 11
304.4107420217
 21
39.8721869044
 72
1
 10
304.4107420217
 20
39.8721869044
 11
304.5445493493
 21
39.9381727309
 72
1
 10
304.5445493493
 20
39.9381727309
 11
304.6858248996
 21
39.9861346138
 72
1
 10
304.6858248996
 20
39.9861346138
 11
304.8321514087
 21
40.0152434035
 97
1
330
22C
 75
0
 76
1
 98
1
 10
0.0
 20
0.0
  0
LWPOLYLINE
  5
22E
100
AcDbEntity
  8
0
100
AcDbPolyline
 62
2
  6
CONTINUOUS
 90
9
 70
0
 10
315.5942950906
 20
38.2211002917
 10
316.0776474878
 20
40.025
 10
322.9822268986
 20
40.025
 10
322.4988745014
 20
38.2211002917
 10
320.0875542391
 20
38.2211002917
 10
318.4139164045
 20
31.9750028634
 10
316.3319775183
 20
31.9750028634
 10
318.0056153529
 20
38.2211002917
 10
315.5942950906
 20
38.2211002917
  0
HATCH
  5
22F
100
AcDbEntity
  8
0
100
AcDbHatch
 62
2
  6
CONTINUOUS
 10
0.0
 20
0.0
 30
0.0
210
0.0
220
0.0
230
1.0
  2
SOLID
 70
1
 71
1
 91
1
 92
1
 93
8
 72
1
 10
315.5942950906
 20
38.2211002917
 11
316.0776474878
 21
40.025
 72
1
 10
316.0776474878
 20
40.025
 11
322.9822268986
 21
40.025
 72
1
 10
322.9822268986
 20
40.025
 11
322.4988745014
 21
38.2211002917
 72
1
 10
322.4988745014
 20
38.2211002917
 11
320.0875542391
 21
38.2211002917
 72
1
 10
320.0875542391
 20
38.2211002917
 11
318.4139164045
 21
31.9750028634
 72
1
 10
318.4139164045
 20
31.9750028634
 11
316.3319775183
 21
31.9750028634
 72
1
 10
316.3319775183
 20
31.9750028634
 11
318.0056153529
 21
38.2211002917
 72
1
 10
318.0056153529
 20
38.2211002917
 11
315.5942950906
 21
38.2211002917
 97
1
330
22E
 75
0
 76
1
 98
1
 10
0.0
 20
0.0
  0
LWPOLYLINE
  5
230
100
AcDbEntity
  8
0
100
AcDbPolyline
 62
2
  6
CONTINUOUS
 90
6
 70
0
 10
330.0074517833
 20
40.025
 10
329.5240993861
 20
38.2211002917
 10
325.2079604115
 20
38.2211002917
 10
321.4865647769
 20
31.9750028634
 10
323.6435550087
 20
40.025
 10
330.0074517833
 20
40.025
  0
HATCH
  5
231
100
AcDbEntity
  8
0
100
AcDbHatch
 62
2
  6
CONTINUOUS
 10
0.0
 20
0.0
 30
0.0
210
0.0
220
0.0
230
1.0
  2
SOLID
 70
1
 71
1
 91
1
 92
1
 93
5
 72
1
 10
330.0074517833
 20
40.025
 11
329.5240993861
 21
38.2211002917
 72
1
 10
329.5240993861
 20
38.2211002917
 11
325.2079604115
 21
38.2211002917
 72
1
 10
325.2079604115
 20
38.2211002917
 11
321.4865647769
 21
31.9750028634
 72
1
 10
321.4865647769
 20
31.9750028634
 11
323.6435550087
 21
40.025
 72
1
 10
323.6435550087
 20
40.025
 11
330.0074517833
 21
40.025
 97
1
330
230
 75
0
 76
1
 98
1
 10
0.0
 20
0.0
  0
SOLID
  5
232
100
AcDbEntity
  8
0
100
AcDbTrace
 62
2
  6
CONTINUOUS
 10
312.9787962529
 20
37.7536208579
 11
312.8299224721
 21
37.7438642614
 12
304.9810251894
 22
37.7438642614
 13
304.9810251894
 23
37.7438642614
  0
LWPOLYLINE
  5
233
100
AcDbEntity
  8
0
100
AcDbPolyline
 62
2
  6
CONTINUOUS
 90
50
 70
0
 10
300.9842407715
 20
37.1308086795
 10
301.1331145522
 20
37.140565276
 10
308.9820118349
 20
37.140565276
 10
309.1308856156
 20
37.1308086795
 10
309.2772121247
 20
37.1016998898
 10
309.418487675
 20
37.0537460569
 10
309.5522950027
 20
36.9877602304
 10
309.6763446272
 20
36.9048694098
 10
309.7885140251
 20
36.8064984448
 10
309.886883947
 20
36.6943297847
 10
309.9697712562
 20
36.5702793289
 10
310.0357577278
 20
36.4364722765
 10
310.083714315
 20
36.2952028767
 10
310.1128204673
 20
36.1488700288
 10
310.1225781704
 20
36.0000014317
 10
310.1128204673
 20
35.8511247847
 10
310.083714315
 20
35.7047999867
 10
310.0357577278
 20
35.563522537
 10
309.9697712562
 20
35.4297154846
 10
309.886883947
 20
35.3056650287
 10
309.7885140251
 20
35.1934963686
 10
309.6763446272
 20
35.0951254036
 10
309.5522950027
 20
35.0122426331
 10
309.418487675
 20
34.9462487565
 10
309.2772121247
 20
34.8982949236
 10
309.1308856156
 20
34.8691861339
 10
301.1331145522
 20
34.8594295374
 10
300.9842407715
 20
34.8691861339
 10
300.8379142624
 20
34.8982949236
 10
300.6966387121
 20
34.9462487565
 10
300.5628313844
 20
35.0122426331
 10
300.4387817599
 20
35.0951254036
 10
300.326612362
 20
35.1934963686
 10
300.2282424401
 20
35.3056650287
 10
300.1453551309
 20
35.4297154846
 10
300.0793686593
 20
35.563522537
 10
300.0314120721
 20
35.7047999867
 10
300.0023059198
 20
35.8511247847
 10
299.9925482167
 20
36.0000014317
 10
300.0023059198
 20
36.1488700288
 10
300.0314120721
 20
36.2952028767
 10
300.0793686593
 20
36.4364722765
 10
300.1453551309
 20
36.5702793289
 10
300.2282424401
 20
36.6943297847
 10
300.326612362
 20
36.8064984448
 10
300.4387817599
 20
36.9048694098
 10
300.5628313844
 20
36.9877602304
 10
300.6966387121
 20
37.0537460569
 10
300.8379142624
 20
37.1016998898
 10
300.9842407715
 20
37.1308086795
  0
HATCH
  5
234
100
AcDbEntity
  8
0
100
AcDbHatch
 62
2
  6
CONTINUOUS
 10
0.0
 20
0.0
 30
0.0
210
0.0
220
0.0
230
1.0
  2
SOLID
 70
1
 71
1
 91
1
 92
1
 93
49
 72
1
 10
300.9842407715
 20
37.1308086795
 11
301.1331145522
 21
37.140565276
 72
1
 10
301.1331145522
 20
37.140565276
 11
308.9820118349
 21
37.140565276
 72
1
 10
308.9820118349
 20
37.140565276
 11
309.1308856156
 21
37.1308086795
 72
1
 10
309.1308856156
 20
37.1308086795
 11
309.2772121247
 21
37.1016998898
 72
1
 10
309.2772121247
 20
37.1016998898
 11
309.418487675
 21
37.0537460569
 72
1
 10
309.418487675
 20
37.0537460569
 11
309.5522950027
 21
36.9877602304
 72
1
 10
309.5522950027
 20
36.9877602304
 11
309.6763446272
 21
36.9048694098
 72
1
 10
309.6763446272
 20
36.9048694098
 11
309.7885140251
 21
36.8064984448
 72
1
 10
309.7885140251
 20
36.8064984448
 11
309.886883947
 21
36.6943297847
 72
1
 10
309.886883947
 20
36.6943297847
 11
309.9697712562
 21
36.5702793289
 72
1
 10
309.9697712562
 20
36.5702793289
 11
310.0357577278
 21
36.4364722765
 72
1
 10
310.0357577278
 20
36.4364722765
 11
310.083714315
 21
36.2952028767
 72
1
 10
310.083714315
 20
36.2952028767
 11
310.1128204673
 21
36.1488700288
 72
1
 10
310.1128204673
 20
36.1488700288
 11
310.1225781704
 21
36.0000014317
 72
1
 10
310.1225781704
 20
36.0000014317
 11
310.1128204673
 21
35.8511247847
 72
1
 10
310.1128204673
 20
35.8511247847
 11
310.083714315
 21
35.7047999867
 72
1
 10
310.083714315
 20
35.7047999867
 11
310.0357577278
 21
35.563522537
 72
1
 10
310.0357577278
 20
35.563522537
 11
309.9697712562
 21
35.4297154846
 72
1
 10
309.9697712562
 20
35.4297154846
 11
309.886883947
 21
35.3056650287
 72
1
 10
309.886883947
 20
35.3056650287
 11
309.7885140251
 21
35.1934963686
 72
1
 10
309.7885140251
 20
35.1934963686
 11
309.6763446272
 21
35.0951254036
 72
1
 10
309.6763446272
 20
35.0951254036
 11
309.5522950027
 21
35.0122426331
 72
1
 10
309.5522950027
 20
35.0122426331
 11
309.418487675
 21
34.9462487565
 72
1
 10
309.418487675
 20
34.9462487565
 11
309.2772121247
 21
34.8982949236
 72
1
 10
309.2772121247
 20
34.8982949236
 11
309.1308856156
 21
34.8691861339
 72
1
 10
309.1308856156
 20
34.8691861339
 11
301.1331145522
 21
34.8594295374
 72
1
 10
301.1331145522
 20
34.8594295374
 11
300.9842407715
 21
34.8691861339
 72
1
 10
300.9842407715
 20
34.8691861339
 11
300.8379142624
 21
34.8982949236
 72
1
 10
300.8379142624
 20
34.8982949236
 11
300.6966387121
 21
34.9462487565
 72
1
 10
300.6966387121
 20
34.9462487565
 11
300.5628313844
 21
35.0122426331
 72
1
 10
300.5628313844
 20
35.0122426331
 11
300.4387817599
 21
35.0951254036
 72
1
 10
300.4387817599
 20
35.0951254036
 11
300.326612362
 21
35.1934963686
 72
1
 10
300.326612362
 20
35.1934963686
 11
300.2282424401
 21
35.3056650287
 72
1
 10
300.2282424401
 20
35.3056650287
 11
300.1453551309
 21
35.4297154846
 72
1
 10
300.1453551309
 20
35.4297154846
 11
300.0793686593
 21
35.563522537
 72
1
 10
300.0793686593
 20
35.563522537
 11
300.0314120721
 21
35.7047999867
 72
1
 10
300.0314120721
 20
35.7047999867
 11
300.0023059198
 21
35.8511247847
 72
1
 10
300.0023059198
 20
35.8511247847
 11
299.9925482167
 21
36.0000014317
 72
1
 10
299.9925482167
 20
36.0000014317
 11
300.0023059198
 21
36.1488700288
 72
1
 10
300.0023059198
 20
36.1488700288
 11
300.0314120721
 21
36.2952028767
 72
1
 10
300.0314120721
 20
36.2952028767
 11
300.0793686593
 21
36.4364722765
 72
1
 10
300.0793686593
 20
36.4364722765
 11
300.1453551309
 21
36.5702793289
 72
1
 10
300.1453551309
 20
36.5702793289
 11
300.2282424401
 21
36.6943297847
 72
1
 10
300.2282424401
 20
36.6943297847
 11
300.326612362
 21
36.8064984448
 72
1
 10
300.326612362
 20
36.8064984448
 11
300.4387817599
 21
36.9048694098
 72
1
 10
300.4387817599
 20
36.9048694098
 11
300.5628313844
 21
36.9877602304
 72
1
 10
300.5628313844
 20
36.9877602304
 11
300.6966387121
 21
37.0537460569
 72
1
 10
300.6966387121
 20
37.0537460569
 11
300.8379142624
 21
37.1016998898
 72
1
 10
300.8379142624
 20
37.1016998898
 11
300.9842407715
 21
37.1308086795
 97
1
330
233
 75
0
 76
1
 98
1
 10
0.0
 20
0.0
  0
LWPOLYLINE
  5
235
100
AcDbEntity
  8
0
100
AcDbPolyline
 62
2
  6
CONTINUOUS
 90
7
 70
0
 10
328.6887347141
 20
36.831413186
 10
328.2576583666
 20
35.2226132082
 10
324.4045177413
 20
35.2226132082
 10
321.4865647769
 20
31.9750028634
 10
325.2079604115
 20
38.2211002917
 10
324.8355940889
 20
36.831413186
 10
328.6887347141
 20
36.831413186
  0
HATCH
  5
236
100
AcDbEntity
  8
0
100
AcDbHatch
 62
2
  6
CONTINUOUS
 10
0.0
 20
0.0
 30
0.0
210
0.0
220
0.0
230
1.0
  2
SOLID
 70
1
 71
1
 91
1
 92
1
 93
6
 72
1
 10
328.6887347141
 20
36.831413186
 11
328.2576583666
 21
35.2226132082
 72
1
 10
328.2576583666
 20
35.2226132082
 11
324.4045177413
 21
35.2226132082
 72
1
 10
324.4045177413
 20
35.2226132082
 11
321.4865647769
 21
31.9750028634
 72
1
 10
321.4865647769
 20
31.9750028634
 11
325.2079604115
 21
38.2211002917
 72
1
 10
325.2079604115
 20
38.2211002917
 11
324.8355940889
 21
36.831413186
 72
1
 10
324.8355940889
 20
36.831413186
 11
328.6887347141
 21
36.831413186
 97
1
330
235
 75
0
 76
1
 98
1
 10
0.0
 20
0.0
  0
SOLID
  5
237
100
AcDbEntity
  8
0
100
AcDbTrace
 62
2
  6
CONTINUOUS
 10
309.1308856156
 20
34.8691861339
 11
308.9820118349
 21
34.8594295374
 12
301.1331145522
 22
34.8594295374
 13
301.1331145522
 23
34.8594295374
  0
LWPOLYLINE
  5
238
100
AcDbEntity
  8
0
100
AcDbPolyline
 62
2
  6
CONTINUOUS
 90
50
 70
0
 10
303.2953883461
 20
34.2463739555
 10
303.4442621268
 20
34.256130552
 10
311.2931594095
 20
34.256130552
 10
311.4420331903
 20
34.2463739555
 10
311.5883596994
 20
34.2172651658
 10
311.7296352496
 20
34.1693113329
 10
311.8634425773
 20
34.1033255064
 10
311.9874922018
 20
34.0204346859
 10
312.0996615998
 20
33.9220717708
 10
312.1980315216
 20
33.8099031107
 10
312.2809188308
 20
33.6858526549
 10
312.3469053024
 20
33.5520456025
 10
312.3948618896
 20
33.4107681527
 10
312.4239680419
 20
33.2644433548
 10
312.4337257451
 20
33.1155667077
 10
312.4239680419
 20
32.9666900607
 10
312.3948618896
 20
32.8203652627
 10
312.3469053024
 20
32.679087813
 10
312.2809188308
 20
32.5452807606
 10
312.1980315216
 20
32.4212303047
 10
312.0996615998
 20
32.3090616446
 10
311.9874922018
 20
32.2106906796
 10
311.8634425773
 20
32.1278079091
 10
311.7296352496
 20
32.0618220825
 10
311.5883596994
 20
32.0138601996
 10
311.4420331903
 20
31.98475946
 10
303.4442621268
 20
31.9750028634
 10
303.2953883461
 20
31.98475946
 10
303.149061837
 20
32.0138601996
 10
303.0077862867
 20
32.0618220825
 10
302.8739789591
 20
32.1278079091
 10
302.7499293345
 20
32.2106906796
 10
302.6377599366
 20
32.3090616446
 10
302.5393900147
 20
32.4212303047
 10
302.4565027056
 20
32.5452807606
 10
302.390516234
 20
32.679087813
 10
302.3425596467
 20
32.8203652627
 10
302.3134534944
 20
32.9666900607
 10
302.3036957913
 20
33.1155667077
 10
302.3134534944
 20
33.2644433548
 10
302.3425596467
 20
33.4107681527
 10
302.390516234
 20
33.5520456025
 10
302.4565027056
 20
33.6858526549
 10
302.5393900147
 20
33.8099031107
 10
302.6377599366
 20
33.9220717708
 10
302.7499293345
 20
34.0204346859
 10
302.8739789591
 20
34.1033255064
 10
303.0077862867
 20
34.1693113329
 10
303.149061837
 20
34.2172651658
 10
303.2953883461
 20
34.2463739555
  0
HATCH
  5
239
100
AcDbEntity
  8
0
100
AcDbHatch
 62
2
  6
CONTINUOUS
 10
0.0
 20
0.0
 30
0.0
210
0.0
220
0.0
230
1.0
  2
SOLID
 70
1
 71
1
 91
1
 92
1
 93
49
 72
1
 10
303.2953883461
 20
34.2463739555
 11
303.4442621268
 21
34.256130552
 72
1
 10
303.4442621268
 20
34.256130552
 11
311.2931594095
 21
34.256130552
 72
1
 10
311.2931594095
 20
34.256130552
 11
311.4420331903
 21
34.2463739555
 72
1
 10
311.4420331903
 20
34.2463739555
 11
311.5883596994
 21
34.2172651658
 72
1
 10
311.5883596994
 20
34.2172651658
 11
311.7296352496
 21
34.1693113329
 72
1
 10
311.7296352496
 20
34.1693113329
 11
311.8634425773
 21
34.1033255064
 72
1
 10
311.8634425773
 20
34.1033255064
 11
311.9874922018
 21
34.0204346859
 72
1
 10
311.9874922018
 20
34.0204346859
 11
312.0996615998
 21
33.9220717708
 72
1
 10
312.0996615998
 20
33.9220717708
 11
312.1980315216
 21
33.8099031107
 72
1
 10
312.1980315216
 20
33.8099031107
 11
312.2809188308
 21
33.6858526549
 72
1
 10
312.2809188308
 20
33.6858526549
 11
312.3469053024
 21
33.5520456025
 72
1
 10
312.3469053024
 20
33.5520456025
 11
312.3948618896
 21
33.4107681527
 72
1
 10
312.3948618896
 20
33.4107681527
 11
312.4239680419
 21
33.2644433548
 72
1
 10
312.4239680419
 20
33.2644433548
 11
312.4337257451
 21
33.1155667077
 72
1
 10
312.4337257451
 20
33.1155667077
 11
312.4239680419
 21
32.9666900607
 72
1
 10
312.4239680419
 20
32.9666900607
 11
312.3948618896
 21
32.8203652627
 72
1
 10
312.3948618896
 20
32.8203652627
 11
312.3469053024
 21
32.679087813
 72
1
 10
312.3469053024
 20
32.679087813
 11
312.2809188308
 21
32.5452807606
 72
1
 10
312.2809188308
 20
32.5452807606
 11
312.1980315216
 21
32.4212303047
 72
1
 10
312.1980315216
 20
32.4212303047
 11
312.0996615998
 21
32.3090616446
 72
1
 10
312.0996615998
 20
32.3090616446
 11
311.9874922018
 21
32.2106906796
 72
1
 10
311.9874922018
 20
32.2106906796
 11
311.8634425773
 21
32.1278079091
 72
1
 10
311.8634425773
 20
32.1278079091
 11
311.7296352496
 21
32.0618220825
 72
1
 10
311.7296352496
 20
32.0618220825
 11
311.5883596994
 21
32.0138601996
 72
1
 10
311.5883596994
 20
32.0138601996
 11
311.4420331903
 21
31.98475946
 72
1
 10
311.4420331903
 20
31.98475946
 11
303.4442621268
 21
31.9750028634
 72
1
 10
303.4442621268
 20
31.9750028634
 11
303.2953883461
 21
31.98475946
 72
1
 10
303.2953883461
 20
31.98475946
 11
303.149061837
 21
32.0138601996
 72
1
 10
303.149061837
 20
32.0138601996
 11
303.0077862867
 21
32.0618220825
 72
1
 10
303.0077862867
 20
32.0618220825
 11
302.8739789591
 21
32.1278079091
 72
1
 10
302.8739789591
 20
32.1278079091
 11
302.7499293345
 21
32.2106906796
 72
1
 10
302.7499293345
 20
32.2106906796
 11
302.6377599366
 21
32.3090616446
 72
1
 10
302.6377599366
 20
32.3090616446
 11
302.5393900147
 21
32.4212303047
 72
1
 10
302.5393900147
 20
32.4212303047
 11
302.4565027056
 21
32.5452807606
 72
1
 10
302.4565027056
 20
32.5452807606
 11
302.390516234
 21
32.679087813
 72
1
 10
302.390516234
 20
32.679087813
 11
302.3425596467
 21
32.8203652627
 72
1
 10
302.3425596467
 20
32.8203652627
 11
302.3134534944
 21
32.9666900607
 72
1
 10
302.3134534944
 20
32.9666900607
 11
302.3036957913
 21
33.1155667077
 72
1
 10
302.3036957913
 20
33.1155667077
 11
302.3134534944
 21
33.2644433548
 72
1
 10
302.3134534944
 20
33.2644433548
 11
302.3425596467
 21
33.4107681527
 72
1
 10
302.3425596467
 20
33.4107681527
 11
302.390516234
 21
33.5520456025
 72
1
 10
302.390516234
 20
33.5520456025
 11
302.4565027056
 21
33.6858526549
 72
1
 10
302.4565027056
 20
33.6858526549
 11
302.5393900147
 21
33.8099031107
 72
1
 10
302.5393900147
 20
33.8099031107
 11
302.6377599366
 21
33.9220717708
 72
1
 10
302.6377599366
 20
33.9220717708
 11
302.7499293345
 21
34.0204346859
 72
1
 10
302.7499293345
 20
34.0204346859
 11
302.8739789591
 21
34.1033255064
 72
1
 10
302.8739789591
 20
34.1033255064
 11
303.0077862867
 21
34.1693113329
 72
1
 10
303.0077862867
 20
34.1693113329
 11
303.149061837
 21
34.2172651658
 72
1
 10
303.149061837
 20
34.2172651658
 11
303.2953883461
 21
34.2463739555
 97
1
330
238
 75
0
 76
1
 98
1
 10
0.0
 20
0.0
  0
SOLID
  5
23A
100
AcDbEntity
  8
0
100
AcDbTrace
 62
2
  6
CONTINUOUS
 10
311.4420331903
 20
31.98475946
 11
311.2931594095
 21
31.9750028634
 12
303.4442621268
 22
31.9750028634
 13
303.4442621268
 23
31.9750028634
  0
LWPOLYLINE
  5
23B
100
AcDbEntity
  8
0
100
AcDbPolyline
 62
2
  6
CONTINUOUS
 90
6
 70
0
 10
328.3338139487
 20
33.7788945218
 10
327.8504615515
 20
31.9750028634
 10
321.4865647769
 20
31.9750028634
 10
324.4045177413
 20
35.2226132082
 10
324.0176749741
 20
33.7788945218
 10
328.3338139487
 20
33.7788945218
  0
HATCH
  5
23C
100
AcDbEntity
  8
0
100
AcDbHatch
 62
2
  6
CONTINUOUS
 10
0.0
 20
0.0
 30
0.0
210
0.0
220
0.0
230
1.0
  2
SOLID
 70
1
 71
1
 91
1
 92
1
 93
5
 72
1
 10
328.3338139487
 20
33.7788945218
 11
327.8504615515
 21
31.9750028634
 72
1
 10
327.8504615515
 20
31.9750028634
 11
321.4865647769
 21
31.9750028634
 72
1
 10
321.4865647769
 20
31.9750028634
 11
324.4045177413
 21
35.2226132082
 72
1
 10
324.4045177413
 20
35.2226132082
 11
324.0176749741
 21
33.7788945218
 72
1
 10
324.0176749741
 20
33.7788945218
 11
328.3338139487
 21
33.7788945218
 97
1
330
23B
 75
0
 76
1
 98
1
 10
0.0
 20
0.0
  0
ENDBLK
  5
23D
100
AcDbEntity
  8
0
  6
BYBLOCK
 62
0
100
AcDbBlockEnd
  0
BLOCK
  5
23E
100
AcDbEntity
  8
0
100
AcDbBlockBegin
  2
_CLOSED
 70
64
 10
0.0
 20
0.0
  3
_CLOSED
  1

  0
LINE
  5
23F
100
AcDbEntity
  8
0
  6
BYBLOCK
 62
0
100
AcDbLine
 10
0.0
 20
0.0
 11
-1.0
 21
0.1666666667
  0
LINE
  5
240
100
AcDbEntity
  8
0
  6
BYBLOCK
 62
0
100
AcDbLine
 10
-1.0
 20
0.1666666667
 11
-1.0
 21
-0.1666666667
  0
LINE
  5
241
100
AcDbEntity
  8
0
  6
BYBLOCK
 62
0
100
AcDbLine
 10
-1.0
 20
-0.1666666667
 11
0.0
 21
0.0
  0
LINE
  5
242
100
AcDbEntity
  8
0
  6
BYBLOCK
 62
0
100
AcDbLine
 10
-1.0
 20
0.0
 11
0.0
 21
0.0
  0
ENDBLK
  5
243
100
AcDbEntity
  8
0
  6
BYBLOCK
 62
0
100
AcDbBlockEnd
  0
ENDSEC
  0
SECTION
  2
ENTITIES
  0
TEXT
  5
244
100
AcDbEntity
  8
0
100
AcDbText
 62
2
  6
CONTINUOUS
 10
273.9447944556
 20
16.2331743479
  7
STANDARD
 40
1.5200002147
  1
SIZE
 41
0.95
 72
0
100
AcDbText
  0
TEXT
  5
245
100
AcDbEntity
  8
0
100
AcDbText
 62
2
  6
CONTINUOUS
 10
287.5144966041
 20
16.2331819773
  7
STANDARD
 40
1.5200002147
  1
DRAWING NO
 41
0.95
 72
0
100
AcDbText
  0
TEXT
  5
246
100
AcDbEntity
  8
0
100
AcDbText
 62
2
  6
CONTINUOUS
 10
354.2964949762
 20
16.2330905319
  7
STANDARD
 40
1.52
  1
VERSION
 41
0.95
 72
0
100
AcDbText
  0
TEXT
  5
247
100
AcDbEntity
  8
0
100
AcDbText
 62
2
  6
CONTINUOUS
 10
274.4447944556
 20
25.5657549143
  7
STANDARD
 40
1.5200002147
  1
NAME
 41
0.95
 72
0
100
AcDbText
  0
TEXT
  5
248
100
AcDbEntity
  8
0
100
AcDbText
 62
2
  6
CONTINUOUS
 10
276.2800492314
 20
10.3485471083
  7
STANDARD
 40
4.9999998868
  1
A3
 41
0.95
 72
0
100
AcDbText
  0
TEXT
  5
249
100
AcDbEntity
  8
0
100
AcDbText
 62
2
  6
CONTINUOUS
 10
297.3906714731
 20
21.1920805906
  7
TEXTSTYLE_2
 40
3.968
  1
CUSTOMER VIEW MODEL DRAWING
 41
0.8
 72
1
 11
340.2450714731
 21
21.1920805906
100
AcDbText
  0
TEXT
  5
24A
100
AcDbEntity
  8
0
100
AcDbText
 62
2
  6
CONTINUOUS
 10
347.0299084682
 20
34.4224093775
  7
TEXTSTYLE_2
 40
2.5
  1
TE Connectivity
 41
0.8
 72
0
100
AcDbText
  0
TEXT
  5
24B
100
AcDbEntity
  8
0
100
AcDbText
 62
2
  6
CONTINUOUS
 10
369.5635822821
 20
16.2739597356
  7
STANDARD
 40
1.52
  1
DATE
 41
0.95
 72
0
100
AcDbText
  0
TEXT
  5
24C
100
AcDbEntity
  8
0
100
AcDbText
 62
2
  6
CONTINUOUS
 10
174.6476862981
 20
23.8368677885
  7
TEXTSTYLE_2
 40
2.286
  1
THIS IS NOT A CONTROLLED DRAWING.
 41
0.8
 72
0
100
AcDbText
  0
TEXT
  5
24D
100
AcDbEntity
  8
0
100
AcDbText
 62
2
  6
CONTINUOUS
 10
174.6476862981
 20
20.4078677885
  7
TEXTSTYLE_2
 40
2.286
  1
THIS IS A REPRESENTATION OF THE CUSTOMER VIEW MODEL.
 41
0.8
 72
0
100
AcDbText
  0
TEXT
  5
24E
100
AcDbEntity
  8
0
100
AcDbText
 62
2
  6
CONTINUOUS
 10
174.6476862981
 20
16.9788677885
  7
TEXTSTYLE_2
 40
2.286
  1
    THIS IS NOT THE DOCUMENT OF SALE.
 41
0.8
 72
0
100
AcDbText
  0
TEXT
  5
24F
100
AcDbEntity
  8
0
100
AcDbText
 62
2
  6
CONTINUOUS
 10
174.6476862981
 20
13.5498677885
  7
TEXTSTYLE_2
 40
2.286
  1
SEE THE CUSTOMER DRAWING FOR DESIGN PURPOSES.
 41
0.8
 72
0
100
AcDbText
  0
TEXT
  5
250
100
AcDbEntity
  8
0
100
AcDbText
 62
2
  6
CONTINUOUS
 10
22.7512107444
 20
282.4829655254
  7
TEXTSTYLE_2
 40
2.5
  1
c
 41
0.8
 72
0
100
AcDbText
  0
INSERT
  5
251
100
AcDbEntity
  8
0
100
AcDbBlockReference
 62
2
  6
CONTINUOUS
  2
TE_CONNECTIVITY_BL0
 10
315.0
 20
36.0
  0
LINE
  5
252
100
AcDbEntity
  8
0
100
AcDbLine
 62
2
  6
CONTINUOUS
 10
287.2090159416
 20
18.7593422635
 11
409.2090159416
 21
18.7593422635
  0
LINE
  5
253
100
AcDbEntity
  8
0
100
AcDbLine
 62
2
  6
CONTINUOUS
 10
287.2090159416
 20
18.7593422635
 11
287.2090159416
 21
9.2342522635
  0
LINE
  5
254
100
AcDbEntity
  8
0
100
AcDbLine
 62
2
  6
CONTINUOUS
 10
287.2090159416
 20
9.2342522635
 11
409.2090159416
 21
9.2342522635
  0
LINE
  5
255
100
AcDbEntity
  8
0
100
AcDbLine
 62
2
  6
CONTINUOUS
 10
353.3340159416
 20
18.7593422635
 11
353.3340159416
 21
9.2342522635
  0
LINE
  5
256
100
AcDbEntity
  8
0
100
AcDbLine
 62
2
  6
CONTINUOUS
 10
367.9590159416
 20
18.7593422635
 11
367.9590159416
 21
9.2342522635
  0
LINE
  5
257
100
AcDbEntity
  8
0
100
AcDbLine
 62
2
  6
CONTINUOUS
 10
409.2090159416
 20
18.7593422635
 11
409.2090159416
 21
9.2342522635
  0
TEXT
  5
258
100
AcDbEntity
  8
0
100
AcDbText
 62
2
  6
CONTINUOUS
 10
307.5515159416
 20
12.4067972635
  7
TEXTSTYLE_2
 40
3.18
  1
C-374144-E
 41
0.8
 72
1
 11
320.2715159416
 21
12.4067972635
100
AcDbText
  0
TEXT
  5
259
100
AcDbEntity
  8
0
100
AcDbText
 62
2
  6
CONTINUOUS
 10
359.3745159416
 20
12.4067972635
  7
TEXTSTYLE_2
 40
3.18
  1
1
 41
0.8
 72
1
 11
360.6465159416
 21
12.4067972635
100
AcDbText
  0
TEXT
  5
25A
100
AcDbEntity
  8
0
100
AcDbText
 62
2
  6
CONTINUOUS
 10
377.1360159416
 20
12.4067972635
  7
TEXTSTYLE_2
 40
3.18
  1
15-Mar-24
 41
0.8
 72
1
 11
388.5840159416
 21
12.4067972635
100
AcDbText
  0
LINE
  5
25B
100
AcDbEntity
  8
0
100
AcDbLine
 62
2
  6
CONTINUOUS
 10
17.7838797455
 20
287.0843544705
 11
132.7838797455
 21
287.0843544705
  0
LINE
  5
25C
100
AcDbEntity
  8
0
100
AcDbLine
 62
2
  6
CONTINUOUS
 10
17.7838797455
 20
287.0843544705
 11
17.7838797455
 21
272.0843544705
  0
LINE
  5
25D
100
AcDbEntity
  8
0
100
AcDbLine
 62
2
  6
CONTINUOUS
 10
17.7838797455
 20
272.0843544705
 11
132.7838797455
 21
272.0843544705
  0
LINE
  5
25E
100
AcDbEntity
  8
0
100
AcDbLine
 62
2
  6
CONTINUOUS
 10
132.7838797455
 20
287.0843544705
 11
132.7838797455
 21
272.0843544705
  0
TEXT
  5
25F
100
AcDbEntity
  8
0
100
AcDbText
 62
2
  6
CONTINUOUS
 10
17.8463797455
 20
282.0843544705
  7
TEXTSTYLE_2
 40
2.5
  1
  
 41
0.8
 72
0
100
AcDbText
  0
TEXT
  5
260
100
AcDbEntity
  8
0
100
AcDbText
 62
2
  6
CONTINUOUS
 10
21.8463797455
 20
282.0843544705
  7
TEXTSTYLE_1
 40
2.5
  1
e
 41
1.0
 72
0
100
AcDbText
  0
TEXT
  5
261
100
AcDbEntity
  8
0
100
AcDbText
 62
2
  6
CONTINUOUS
 10
26.4297130788
 20
282.0843544705
  7
TEXTSTYLE_2
 40
2.5
  1
Copyright 
 41
0.8
 72
0
100
AcDbText
  0
TEXT
  5
262
100
AcDbEntity
  8
0
100
AcDbText
 62
2
  6
CONTINUOUS
 10
46.4297130788
 20
282.0843544705
  7
TEXTSTYLE_2
 40
2.5
  1
15-Mar-24
 41
0.8
 72
0
100
AcDbText
  0
TEXT
  5
263
100
AcDbEntity
  8
0
100
AcDbText
 62
2
  6
CONTINUOUS
 10
64.4297130788
 20
282.0843544705
  7
TEXTSTYLE_2
 40
2.5
  1
 Tyco Electronics Corporation,
 41
0.8
 72
0
100
AcDbText
  0
TEXT
  5
264
100
AcDbEntity
  8
0
100
AcDbText
 62
2
  6
CONTINUOUS
 10
17.8463797455
 20
278.3343544705
  7
TEXTSTYLE_2
 40
2.5
  1
 
 41
0.8
 72
0
100
AcDbText
  0
TEXT
  5
265
100
AcDbEntity
  8
0
100
AcDbText
 62
2
  6
CONTINUOUS
 10
17.8463797455
 20
274.5843544705
  7
TEXTSTYLE_2
 40
2.5
  1
  a TE Connectivity Ltd. Company.  All Rights Reserved.
 41
0.8
 72
0
100
AcDbText
  0
LINE
  5
266
100
AcDbEntity
  8
0
100
AcDbLine
 62
7
  6
CONTINUOUS
 10
0.0
 20
0.0
 11
0.0
 21
297.0
  0
LINE
  5
267
100
AcDbEntity
  8
0
100
AcDbLine
 62
7
  6
CONTINUOUS
 10
17.7838797455
 20
9.2342568143
 11
17.7838797455
 21
287.0843544705
  0
LINE
  5
268
100
AcDbEntity
  8
0
100
AcDbLine
 62
7
  6
CONTINUOUS
 10
0.0
 20
0.0
 11
420.0
 21
0.0
  0
LINE
  5
269
100
AcDbEntity
  8
0
100
AcDbLine
 62
7
  6
CONTINUOUS
 10
409.2090201263
 20
9.2342568143
 11
17.7838797455
 21
9.2342568143
  0
LINE
  5
26A
100
AcDbEntity
  8
0
100
AcDbLine
 62
7
  6
CONTINUOUS
 10
30.4841666107
 20
9.234348367
 11
17.784490097
 21
9.234348367
  0
LINE
  5
26B
100
AcDbEntity
  8
0
100
AcDbLine
 62
7
  6
CONTINUOUS
 10
409.2090159416
 20
18.7593422635
 11
273.4388174896
 21
18.7593422635
  0
LINE
  5
26C
100
AcDbEntity
  8
DRAFT_ENTITY
100
AcDbLine
 62
7
  6
CONTINUOUS
 10
409.2091421966
 20
28.2845192655
 11
273.4386343841
 21
28.2845192655
  0
LINE
  5
26D
100
AcDbEntity
  8
0
100
AcDbLine
 62
7
  6
CONTINUOUS
 10
409.2091421966
 20
44.1593056424
 11
273.4386343841
 21
44.1593056424
  0
LINE
  5
26E
100
AcDbEntity
  8
0
100
AcDbLine
 62
7
  6
CONTINUOUS
 10
273.4386343841
 20
44.1593056424
 11
273.4386343841
 21
9.2342568143
  0
LINE
  5
26F
100
AcDbEntity
  8
0
100
AcDbLine
 62
7
  6
CONTINUOUS
 10
287.2079097655
 20
18.7593422635
 11
287.2079097655
 21
9.2342568143
  0
LINE
  5
270
100
AcDbEntity
  8
0
100
AcDbLine
 62
7
  6
CONTINUOUS
 10
353.3344447689
 20
18.7593808926
 11
353.3344447689
 21
9.2342954434
  0
LINE
  5
271
100
AcDbEntity
  8
0
100
AcDbLine
 62
7
  6
CONTINUOUS
 10
17.7838797455
 20
287.0843544705
 11
409.208898056
 21
287.0843544705
  0
LINE
  5
272
100
AcDbEntity
  8
0
100
AcDbLine
 62
7
  6
CONTINUOUS
 10
0.0
 20
297.0
 11
420.0
 21
297.0
  0
LINE
  5
273
100
AcDbEntity
  8
0
100
AcDbLine
 62
7
  6
CONTINUOUS
 10
367.9586057154
 20
9.2337890544
 11
367.9586057154
 21
18.7587829509
  0
LINE
  5
274
100
AcDbEntity
  8
0
100
AcDbLine
 62
7
  6
CONTINUOUS
 10
409.208898056
 20
287.0843544705
 11
409.2090201263
 21
9.2342568143
  0
LINE
  5
275
100
AcDbEntity
  8
0
100
AcDbLine
 62
7
  6
CONTINUOUS
 10
420.0
 20
0.0
 11
420.0
 21
297.0
  0
LINE
  5
276
100
AcDbEntity
  8
0
100
AcDbLine
 62
7
  6
CONTINUOUS
 10
248.8566304414
 20
222.2251647984
 11
248.3724982266
 21
220.658510922
  0
LINE
  5
277
100
AcDbEntity
  8
0
100
AcDbLine
 62
7
  6
CONTINUOUS
 10
250.5344558416
 20
222.2251647984
 11
251.2175095963
 21
224.4355296116
  0
LINE
  5
278
100
AcDbEntity
  8
0
100
AcDbLine
 62
7
  6
CONTINUOUS
 10
250.1072030044
 20
216.5852108432
 11
251.365946763
 21
220.658510922
  0
LINE
  5
279
100
AcDbEntity
  8
0
100
AcDbLine
 62
7
  6
CONTINUOUS
 10
253.4626611391
 20
209.7475021563
 11
250.1072030044
 21
216.5852108432
  0
LINE
  5
27A
100
AcDbEntity
  8
0
100
AcDbLine
 62
7
  6
CONTINUOUS
 10
250.2092816357
 20
216.9155377218
 11
248.3724982266
 21
220.658510922
  0
LINE
  5
27B
100
AcDbEntity
  8
0
100
AcDbLine
 62
7
  6
CONTINUOUS
 10
251.5441636312
 20
214.6893007073
 11
253.8014718309
 21
210.0893875907
  0
LINE
  5
27C
100
AcDbEntity
  8
0
100
AcDbLine
 62
7
  6
CONTINUOUS
 10
255.5750669176
 20
215.0056497607
 11
255.5246864847
 21
216.1295992158
  0
LINE
  5
27D
100
AcDbEntity
  8
0
100
AcDbLine
 62
7
  6
CONTINUOUS
 10
254.3552203125
 20
224.9668090822
 11
253.828905721
 21
223.2636528581
  0
LINE
  5
27E
100
AcDbEntity
  8
0
100
AcDbLine
 62
7
  6
CONTINUOUS
 10
255.2003471808
 20
224.9668090822
 11
255.7936423234
 21
226.8867146504
  0
LINE
  5
27F
100
AcDbEntity
  8
0
100
AcDbLine
 62
7
  6
CONTINUOUS
 10
255.8208886186
 20
223.5518023305
 11
255.7842020895
 21
223.4330845688
  0
LINE
  5
280
100
AcDbEntity
  8
0
100
AcDbLine
 62
7
  6
CONTINUOUS
 10
255.8666448659
 20
223.4585608484
 11
255.8583465834
 21
223.4317075716
  0
LINE
  5
281
100
AcDbEntity
  8
0
100
AcDbLine
 62
7
  6
CONTINUOUS
 10
253.3461260258
 20
214.7863309418
 11
253.7963709516
 21
216.2433254088
  0
LINE
  5
282
100
AcDbEntity
  8
0
100
AcDbLine
 62
7
  6
CONTINUOUS
 10
256.2160666732
 20
223.1342828594
 11
256.1770170827
 21
223.0079182209
  0
LINE
  5
283
100
AcDbEntity
  8
0
100
AcDbLine
 62
7
  6
CONTINUOUS
 10
256.2618229205
 20
223.0410413773
 11
256.2515871005
 21
223.0079182209
  0
LINE
  5
284
100
AcDbEntity
  8
0
100
AcDbLine
 62
7
  6
CONTINUOUS
 10
251.7026205978
 20
216.2433254088
 11
252.4652247193
 21
214.6893007073
  0
LINE
  5
285
100
AcDbEntity
  8
0
100
AcDbLine
 62
7
  6
CONTINUOUS
 10
254.316323159
 20
210.932349682
 11
252.4722980953
 21
214.6900798313
  0
LINE
  5
286
100
AcDbEntity
  8
0
100
AcDbLine
 62
7
  6
CONTINUOUS
 10
253.3461260258
 20
214.7863309418
 11
252.6311374002
 21
216.2433254088
  0
LINE
  5
287
100
AcDbEntity
  8
0
100
AcDbLine
 62
7
  6
CONTINUOUS
 10
256.807542123
 20
223.0079182209
 11
256.8490138514
 21
223.142120908
  0
LINE
  5
288
100
AcDbEntity
  8
0
100
AcDbLine
 62
7
  6
CONTINUOUS
 10
255.5246864847
 20
216.1295992158
 11
255.5598305038
 21
216.2433254088
  0
LINE
  5
289
100
AcDbEntity
  8
0
100
AcDbLine
 62
7
  6
CONTINUOUS
 10
254.316323159
 20
210.932349682
 11
255.5750669176
 21
215.0056497607
  0
LINE
  5
28A
100
AcDbEntity
  8
0
100
AcDbLine
 62
7
  6
CONTINUOUS
 10
255.630088585
 20
223.241339134
 11
255.6439129028
 21
223.1939348197
  0
LINE
  5
28B
100
AcDbEntity
  8
0
100
AcDbLine
 62
7
  6
CONTINUOUS
 10
255.5173706243
 20
223.1480976519
 11
255.471614377
 21
223.241339134
  0
LINE
  5
28C
100
AcDbEntity
  8
0
100
AcDbLine
 62
7
  6
CONTINUOUS
 10
255.6442082013
 20
223.1940821126
 11
255.6899644486
 21
223.1008406306
  0
LINE
  5
28D
100
AcDbEntity
  8
0
100
AcDbLine
 62
7
  6
CONTINUOUS
 10
255.7615491576
 20
223.1342828594
 11
255.8073054049
 21
223.0410413773
  0
LINE
  5
28E
100
AcDbEntity
  8
0
100
AcDbLine
 62
7
  6
CONTINUOUS
 10
255.8208886186
 20
223.5518023305
 11
255.8666448659
 21
223.4585608484
  0
LINE
  5
28F
100
AcDbEntity
  8
0
100
AcDbLine
 62
7
  6
CONTINUOUS
 10
255.9753192944
 20
223.2833969562
 11
256.0210755417
 21
223.1901554741
  0
LINE
  5
290
100
AcDbEntity
  8
0
100
AcDbLine
 62
7
  6
CONTINUOUS
 10
255.8755116435
 20
223.5518023305
 11
255.9212678907
 21
223.4585608484
  0
LINE
  5
291
100
AcDbEntity
  8
0
100
AcDbLine
 62
7
  6
CONTINUOUS
 10
256.0193464123
 20
223.2791411492
 11
255.973590165
 21
223.3723826313
  0
LINE
  5
292
100
AcDbEntity
  8
0
100
AcDbLine
 62
7
  6
CONTINUOUS
 10
256.2160666732
 20
223.1342828594
 11
256.2618229205
 21
223.0410413773
  0
LINE
  5
293
100
AcDbEntity
  8
0
100
AcDbLine
 62
7
  6
CONTINUOUS
 10
256.0684017482
 20
223.4936860671
 11
256.1141579954
 21
223.400444585
  0
LINE
  5
294
100
AcDbEntity
  8
0
100
AcDbLine
 62
7
  6
CONTINUOUS
 10
256.0873597237
 20
223.68524033
 11
256.133115971
 21
223.5919988479
  0
LINE
  5
295
100
AcDbEntity
  8
0
100
AcDbLine
 62
7
  6
CONTINUOUS
 10
256.1303122517
 20
223.6667686477
 11
256.0845560044
 21
223.7600101298
  0
LINE
  5
296
100
AcDbEntity
  8
0
100
AcDbLine
 62
7
  6
CONTINUOUS
 10
256.0034398137
 20
223.9563221112
 11
256.049196061
 21
223.8630806291
  0
LINE
  5
297
100
AcDbEntity
  8
0
100
AcDbLine
 62
7
  6
CONTINUOUS
 10
256.4270903218
 20
223.142120908
 11
256.4728465691
 21
223.0488794259
  0
LINE
  5
298
100
AcDbEntity
  8
0
100
AcDbLine
 62
7
  6
CONTINUOUS
 10
256.7907523728
 20
223.5944336685
 11
256.8365086201
 21
223.5011921864
  0
LINE
  5
299
100
AcDbEntity
  8
0
100
AcDbLine
 62
7
  6
CONTINUOUS
 10
256.8598775129
 20
223.6879167369
 11
256.9056337602
 21
223.5946752548
  0
LINE
  5
29A
100
AcDbEntity
  8
0
100
AcDbLine
 62
7
  6
CONTINUOUS
 10
256.90019315
 20
223.6729573296
 11
256.8544369027
 21
223.7661988117
  0
LINE
  5
29B
100
AcDbEntity
  8
0
100
AcDbLine
 62
7
  6
CONTINUOUS
 10
256.7780527508
 20
223.9563221112
 11
256.8238089981
 21
223.8630806291
  0
LINE
  5
29C
100
AcDbEntity
  8
0
100
AcDbLine
 62
7
  6
CONTINUOUS
 10
253.8014718309
 20
210.0893875907
 11
254.316323159
 21
210.932349682
  0
LINE
  5
29D
100
AcDbEntity
  8
0
100
AcDbLine
 62
7
  6
CONTINUOUS
 10
266.5560186114
 20
216.3403556434
 11
266.6616691032
 21
216.6822410777
  0
LINE
  5
29E
100
AcDbEntity
  8
0
100
AcDbLine
 62
7
  6
CONTINUOUS
 10
256.9001345829
 20
223.5214059954
 11
256.4270903218
 21
223.142120908
  0
LINE
  5
29F
100
AcDbEntity
  8
0
100
AcDbLine
 62
7
  6
CONTINUOUS
 10
256.2160666732
 20
223.1342828594
 11
256.7907523728
 21
223.5944336685
  0
LINE
  5
2A0
100
AcDbEntity
  8
0
100
AcDbLine
 62
7
  6
CONTINUOUS
 10
256.8365086201
 20
223.5011921864
 11
256.2618229205
 21
223.0410413773
  0
LINE
  5
2A1
100
AcDbEntity
  8
0
100
AcDbLine
 62
7
  6
CONTINUOUS
 10
269.0995877342
 20
210.0893875907
 11
269.2673606409
 21
209.7475021563
  0
LINE
  5
2A2
100
AcDbEntity
  8
0
100
AcDbLine
 62
7
  6
CONTINUOUS
 10
266.079675413
 20
216.2433254088
 11
265.9119025062
 21
216.5852108432
  0
LINE
  5
2A3
100
AcDbEntity
  8
0
100
AcDbLine
 62
7
  6
CONTINUOUS
 10
269.2098809543
 20
210.932349682
 11
269.5606788502
 21
210.2174983193
  0
LINE
  5
2A4
100
AcDbEntity
  8
0
100
AcDbLine
 62
7
  6
CONTINUOUS
 10
266.5560186114
 20
216.3403556434
 11
266.2052207155
 21
217.0552070061
  0
LINE
  5
2A5
100
AcDbEntity
  8
0
100
AcDbLine
 62
7
  6
CONTINUOUS
 10
270.4308393882
 20
215.8486118521
 11
270.4686247129
 21
215.0056497607
  0
LINE
  5
2A6
100
AcDbEntity
  8
0
100
AcDbLine
 62
7
  6
CONTINUOUS
 10
270.442101721
 20
217.0552070061
 11
270.4449406014
 21
216.5852108432
  0
LINE
  5
2A7
100
AcDbEntity
  8
0
100
AcDbLine
 62
7
  6
CONTINUOUS
 10
269.0995877342
 20
210.0893875907
 11
269.2098809543
 21
210.932349682
  0
LINE
  5
2A8
100
AcDbEntity
  8
0
100
AcDbLine
 62
7
  6
CONTINUOUS
 10
265.9119025062
 20
216.5852108432
 11
266.2052207155
 21
217.0552070061
  0
LINE
  5
2A9
100
AcDbEntity
  8
0
100
AcDbLine
 62
7
  6
CONTINUOUS
 10
270.4308393882
 20
215.8486118521
 11
270.7816372841
 21
215.1337604893
  0
LINE
  5
2AA
100
AcDbEntity
  8
0
100
AcDbLine
 62
7
  6
CONTINUOUS
 10
270.4449406014
 20
216.5852108432
 11
270.6127135081
 21
216.2433254088
  0
LINE
  5
2AB
100
AcDbEntity
  8
0
100
AcDbLine
 62
7
  6
CONTINUOUS
 10
273.8003987361
 20
209.7475021563
 11
273.6326258293
 21
210.0893875907
  0
LINE
  5
2AC
100
AcDbEntity
  8
0
100
AcDbLine
 62
7
  6
CONTINUOUS
 10
273.4467619598
 20
210.932349682
 11
273.6326258293
 21
210.0893875907
  0
LINE
  5
2AD
100
AcDbEntity
  8
0
100
AcDbLine
 62
7
  6
CONTINUOUS
 10
274.7055057184
 20
215.0056497607
 11
274.6677203937
 21
215.8486118521
  0
LINE
  5
2AE
100
AcDbEntity
  8
0
100
AcDbLine
 62
7
  6
CONTINUOUS
 10
269.2098809543
 20
210.932349682
 11
270.4686247129
 21
215.0056497607
  0
LINE
  5
2AF
100
AcDbEntity
  8
0
100
AcDbLine
 62
7
  6
CONTINUOUS
 10
269.377653861
 20
210.5904642476
 11
270.7816372841
 21
215.1337604893
  0
LINE
  5
2B0
100
AcDbEntity
  8
0
100
AcDbLine
 62
7
  6
CONTINUOUS
 10
269.9302905139
 20
210.5904642476
 11
271.334273937
 21
215.1337604893
  0
LINE
  5
2B1
100
AcDbEntity
  8
0
100
AcDbLine
 62
7
  6
CONTINUOUS
 10
270.0534944018
 20
210.7147862238
 11
271.4574778249
 21
215.2580824655
  0
LINE
  5
2B2
100
AcDbEntity
  8
0
100
AcDbLine
 62
7
  6
CONTINUOUS
 10
253.828905721
 20
223.2636528581
 11
251.3930028826
 21
222.2251647984
  0
LINE
  5
2B3
100
AcDbEntity
  8
0
100
AcDbLine
 62
7
  6
CONTINUOUS
 10
272.8166776663
 20
210.7147862238
 11
274.2206610893
 21
215.2580824655
  0
LINE
  5
2B4
100
AcDbEntity
  8
0
100
AcDbLine
 62
7
  6
CONTINUOUS
 10
273.0618982136
 20
210.5904642476
 11
274.4658816367
 21
215.1337604893
  0
LINE
  5
2B5
100
AcDbEntity
  8
0
100
AcDbLine
 62
7
  6
CONTINUOUS
 10
274.7055057184
 20
215.0056497607
 11
273.4467619598
 21
210.932349682
  0
LINE
  5
2B6
100
AcDbEntity
  8
0
100
AcDbLine
 62
7
  6
CONTINUOUS
 10
269.5606788502
 20
210.2174983193
 11
269.2673606409
 21
209.7475021563
  0
LINE
  5
2B7
100
AcDbEntity
  8
0
100
AcDbLine
 62
7
  6
CONTINUOUS
 10
269.9492861694
 20
216.5579191016
 11
270.0724900573
 21
216.6822410777
  0
LINE
  5
2B8
100
AcDbEntity
  8
0
100
AcDbLine
 62
7
  6
CONTINUOUS
 10
273.0618982136
 20
210.5904642476
 11
272.8166776663
 21
210.7147862238
  0
LINE
  5
2B9
100
AcDbEntity
  8
0
100
AcDbLine
 62
7
  6
CONTINUOUS
 10
271.334273937
 20
215.1337604893
 11
271.4574778249
 21
215.2580824655
  0
LINE
  5
2BA
100
AcDbEntity
  8
0
100
AcDbLine
 62
7
  6
CONTINUOUS
 10
266.9408823576
 20
216.6822410777
 11
267.1861029049
 21
216.5579191016
  0
LINE
  5
2BB
100
AcDbEntity
  8
0
100
AcDbLine
 62
7
  6
CONTINUOUS
 10
274.2206610893
 20
215.2580824655
 11
274.4658816367
 21
215.1337604893
  0
LINE
  5
2BC
100
AcDbEntity
  8
0
100
AcDbLine
 62
7
  6
CONTINUOUS
 10
283.1365587175
 20
210.0893875907
 11
283.3043316242
 21
209.7475021563
  0
LINE
  5
2BD
100
AcDbEntity
  8
0
100
AcDbLine
 62
7
  6
CONTINUOUS
 10
280.1166463963
 20
216.2433254088
 11
279.9488734895
 21
216.5852108432
  0
LINE
  5
2BE
100
AcDbEntity
  8
0
100
AcDbLine
 62
7
  6
CONTINUOUS
 10
283.2468519376
 20
210.932349682
 11
283.5976498335
 21
210.2174983193
  0
LINE
  5
2BF
100
AcDbEntity
  8
0
100
AcDbLine
 62
7
  6
CONTINUOUS
 10
280.5929895947
 20
216.3403556434
 11
280.2421916988
 21
217.0552070061
  0
LINE
  5
2C0
100
AcDbEntity
  8
0
100
AcDbLine
 62
7
  6
CONTINUOUS
 10
284.4790727043
 20
217.0552070061
 11
284.4819115847
 21
216.5852108432
  0
LINE
  5
2C1
100
AcDbEntity
  8
0
100
AcDbLine
 62
7
  6
CONTINUOUS
 10
283.1365587175
 20
210.0893875907
 11
283.2468519376
 21
210.932349682
  0
LINE
  5
2C2
100
AcDbEntity
  8
0
100
AcDbLine
 62
7
  6
CONTINUOUS
 10
280.5929895947
 20
216.3403556434
 11
280.6986400866
 21
216.6822410777
  0
LINE
  5
2C3
100
AcDbEntity
  8
0
100
AcDbLine
 62
7
  6
CONTINUOUS
 10
283.7808727459
 20
224.9668090822
 11
284.3741678885
 21
226.8867146504
  0
LINE
  5
2C4
100
AcDbEntity
  8
0
100
AcDbLine
 62
7
  6
CONTINUOUS
 10
284.6029491249
 20
226.4205072399
 11
284.1537228348
 21
224.9668090822
  0
LINE
  5
2C5
100
AcDbEntity
  8
0
100
AcDbLine
 62
7
  6
CONTINUOUS
 10
285.713397379
 20
224.9668090822
 11
286.4805422294
 21
227.4492930336
  0
LINE
  5
2C6
100
AcDbEntity
  8
0
100
AcDbLine
 62
7
  6
CONTINUOUS
 10
286.6573109818
 20
227.8722895802
 11
286.5265952838
 21
227.4492930336
  0
LINE
  5
2C7
100
AcDbEntity
  8
0
100
AcDbLine
 62
7
  6
CONTINUOUS
 10
283.2253835819
 20
216.5579191016
 11
283.0738490191
 21
216.0675526211
  0
LINE
  5
2C8
100
AcDbEntity
  8
0
100
AcDbLine
 62
7
  6
CONTINUOUS
 10
283.8332839001
 20
216.5579191016
 11
283.6817493373
 21
216.0675526211
  0
LINE
  5
2C9
100
AcDbEntity
  8
0
100
AcDbLine
 62
7
  6
CONTINUOUS
 10
279.9488734895
 20
216.5852108432
 11
280.2421916988
 21
217.0552070061
  0
LINE
  5
2CA
100
AcDbEntity
  8
0
100
AcDbLine
 62
7
  6
CONTINUOUS
 10
270.0534944018
 20
210.7147862238
 11
269.9302905139
 21
210.5904642476
  0
LINE
  5
2CB
100
AcDbEntity
  8
0
100
AcDbLine
 62
7
  6
CONTINUOUS
 10
334.0555063517
 20
209.7475021563
 11
318.2508068499
 21
209.7475021563
  0
LINE
  5
2CC
100
AcDbEntity
  8
0
100
AcDbLine
 62
7
  6
CONTINUOUS
 10
313.7177687547
 20
209.7475021563
 11
304.2138358666
 21
209.7475021563
  0
LINE
  5
2CD
100
AcDbEntity
  8
0
100
AcDbLine
 62
7
  6
CONTINUOUS
 10
299.6807977714
 20
209.7475021563
 11
287.8373697194
 21
209.7475021563
  0
LINE
  5
2CE
100
AcDbEntity
  8
0
100
AcDbLine
 62
7
  6
CONTINUOUS
 10
283.3043316242
 20
209.7475021563
 11
273.8003987361
 21
209.7475021563
  0
LINE
  5
2CF
100
AcDbEntity
  8
0
100
AcDbLine
 62
7
  6
CONTINUOUS
 10
269.2673606409
 20
209.7475021563
 11
253.4626611391
 21
209.7475021563
  0
LINE
  5
2D0
100
AcDbEntity
  8
0
100
AcDbLine
 62
7
  6
CONTINUOUS
 10
253.8014718309
 20
210.0893875907
 11
269.0995877342
 21
210.0893875907
  0
LINE
  5
2D1
100
AcDbEntity
  8
0
100
AcDbLine
 62
7
  6
CONTINUOUS
 10
273.6326258293
 20
210.0893875907
 11
283.1365587175
 21
210.0893875907
  0
LINE
  5
2D2
100
AcDbEntity
  8
0
100
AcDbLine
 62
7
  6
CONTINUOUS
 10
287.6695968126
 20
210.0893875907
 11
299.5130248647
 21
210.0893875907
  0
LINE
  5
2D3
100
AcDbEntity
  8
0
100
AcDbLine
 62
7
  6
CONTINUOUS
 10
304.0460629598
 20
210.0893875907
 11
313.549995848
 21
210.0893875907
  0
LINE
  5
2D4
100
AcDbEntity
  8
0
100
AcDbLine
 62
7
  6
CONTINUOUS
 10
318.0830339432
 20
210.0893875907
 11
333.3811498465
 21
210.0893875907
  0
LINE
  5
2D5
100
AcDbEntity
  8
0
100
AcDbLine
 62
7
  6
CONTINUOUS
 10
287.0988691969
 20
210.5904642476
 11
286.8536486496
 21
210.7147862238
  0
LINE
  5
2D6
100
AcDbEntity
  8
0
100
AcDbLine
 62
7
  6
CONTINUOUS
 10
283.0738490191
 20
216.0675526211
 11
283.2568740083
 21
215.6945866928
  0
LINE
  5
2D7
100
AcDbEntity
  8
0
100
AcDbLine
 62
7
  6
CONTINUOUS
 10
283.8486548066
 20
214.4886635244
 11
284.0316797957
 21
214.115697596
  0
LINE
  5
2D8
100
AcDbEntity
  8
0
100
AcDbLine
 62
7
  6
CONTINUOUS
 10
284.623460594
 20
212.9097744276
 11
284.8064855832
 21
212.5368084992
  0
LINE
  5
2D9
100
AcDbEntity
  8
0
100
AcDbLine
 62
7
  6
CONTINUOUS
 10
285.4143859014
 20
212.5368084992
 11
285.2313609122
 21
212.9097744276
  0
LINE
  5
2DA
100
AcDbEntity
  8
0
100
AcDbLine
 62
7
  6
CONTINUOUS
 10
284.6395801139
 20
214.115697596
 11
284.4565551247
 21
214.4886635244
  0
LINE
  5
2DB
100
AcDbEntity
  8
0
100
AcDbLine
 62
7
  6
CONTINUOUS
 10
283.8647743264
 20
215.6945866928
 11
283.6817493373
 21
216.0675526211
  0
LINE
  5
2DC
100
AcDbEntity
  8
0
100
AcDbLine
 62
7
  6
CONTINUOUS
 10
284.4819115847
 20
216.5852108432
 11
284.6496844914
 21
216.2433254088
  0
LINE
  5
2DD
100
AcDbEntity
  8
0
100
AcDbLine
 62
7
  6
CONTINUOUS
 10
287.8373697194
 20
209.7475021563
 11
287.6695968126
 21
210.0893875907
  0
LINE
  5
2DE
100
AcDbEntity
  8
0
100
AcDbLine
 62
7
  6
CONTINUOUS
 10
285.517820012
 20
215.8486118521
 11
285.324122843
 21
216.2433254088
  0
LINE
  5
2DF
100
AcDbEntity
  8
0
100
AcDbLine
 62
7
  6
CONTINUOUS
 10
285.413344183
 20
216.0675526211
 11
285.5963691721
 21
215.6945866928
  0
LINE
  5
2E0
100
AcDbEntity
  8
0
100
AcDbLine
 62
7
  6
CONTINUOUS
 10
286.1881499704
 20
214.4886635244
 11
286.3711749596
 21
214.115697596
  0
LINE
  5
2E1
100
AcDbEntity
  8
0
100
AcDbLine
 62
7
  6
CONTINUOUS
 10
286.9629557579
 20
212.9097744276
 11
287.1459807471
 21
212.5368084992
  0
LINE
  5
2E2
100
AcDbEntity
  8
0
100
AcDbLine
 62
7
  6
CONTINUOUS
 10
287.2634441543
 20
227.4492930336
 11
287.3941598523
 21
227.8722895802
  0
LINE
  5
2E3
100
AcDbEntity
  8
0
100
AcDbLine
 62
7
  6
CONTINUOUS
 10
287.3094972087
 20
227.4492930336
 11
286.5423523583
 21
224.9668090822
  0
LINE
  5
2E4
100
AcDbEntity
  8
0
100
AcDbLine
 62
7
  6
CONTINUOUS
 10
284.1699823319
 20
216.6822410777
 11
283.8647743264
 21
215.6945866928
  0
LINE
  5
2E5
100
AcDbEntity
  8
0
100
AcDbLine
 62
7
  6
CONTINUOUS
 10
287.5771848415
 20
227.4993236518
 11
287.4642639916
 21
227.1339113083
  0
LINE
  5
2E6
100
AcDbEntity
  8
0
100
AcDbLine
 62
7
  6
CONTINUOUS
 10
287.4925221979
 20
227.0763271052
 11
286.8406324294
 21
224.9668090822
  0
LINE
  5
2E7
100
AcDbEntity
  8
0
100
AcDbLine
 62
7
  6
CONTINUOUS
 10
284.4908853437
 20
216.5669242345
 11
283.8486548066
 21
214.4886635244
  0
LINE
  5
2E8
100
AcDbEntity
  8
0
100
AcDbLine
 62
7
  6
CONTINUOUS
 10
288.2890150877
 20
227.3253713739
 11
288.4342547522
 21
227.7953675369
  0
LINE
  5
2E9
100
AcDbEntity
  8
0
100
AcDbLine
 62
7
  6
CONTINUOUS
 10
283.2468519376
 20
210.932349682
 11
284.2305799323
 21
214.115697596
  0
LINE
  5
2EA
100
AcDbEntity
  8
0
100
AcDbLine
 62
7
  6
CONTINUOUS
 10
288.3350681422
 20
227.3253713739
 11
288.4803078066
 21
227.7953675369
  0
LINE
  5
2EB
100
AcDbEntity
  8
0
100
AcDbLine
 62
7
  6
CONTINUOUS
 10
284.9987861543
 20
216.2433254088
 11
284.4565551247
 21
214.4886635244
  0
LINE
  5
2EC
100
AcDbEntity
  8
0
100
AcDbLine
 62
7
  6
CONTINUOUS
 10
283.4146248444
 20
210.5904642476
 11
284.5040033309
 21
214.115697596
  0
LINE
  5
2ED
100
AcDbEntity
  8
0
100
AcDbLine
 62
7
  6
CONTINUOUS
 10
285.2970662255
 20
216.2433254088
 11
284.6395801139
 21
214.115697596
  0
LINE
  5
2EE
100
AcDbEntity
  8
0
100
AcDbLine
 62
7
  6
CONTINUOUS
 10
288.8200373933
 20
227.4492930336
 11
288.0528925428
 21
224.9668090822
  0
LINE
  5
2EF
100
AcDbEntity
  8
0
100
AcDbLine
 62
7
  6
CONTINUOUS
 10
288.9968061457
 20
227.8722895802
 11
288.8660904477
 21
227.4492930336
  0
LINE
  5
2F0
100
AcDbEntity
  8
0
100
AcDbLine
 62
7
  6
CONTINUOUS
 10
285.4676620322
 20
216.2433254088
 11
285.413344183
 21
216.0675526211
  0
LINE
  5
2F1
100
AcDbEntity
  8
0
100
AcDbLine
 62
7
  6
CONTINUOUS
 10
285.5274388782
 20
215.835051944
 11
284.623460594
 21
212.9097744276
  0
LINE
  5
2F2
100
AcDbEntity
  8
0
100
AcDbLine
 62
7
  6
CONTINUOUS
 10
283.9672614972
 20
210.5904642476
 11
284.6605965269
 21
212.8340993095
  0
LINE
  5
2F3
100
AcDbEntity
  8
0
100
AcDbLine
 62
7
  6
CONTINUOUS
 10
284.0904653852
 20
210.7147862238
 11
284.7126210223
 21
212.7280844733
  0
LINE
  5
2F4
100
AcDbEntity
  8
0
100
AcDbLine
 62
7
  6
CONTINUOUS
 10
286.0755623503
 20
216.2433254088
 11
286.0212445011
 21
216.0675526211
  0
LINE
  5
2F5
100
AcDbEntity
  8
0
100
AcDbLine
 62
7
  6
CONTINUOUS
 10
289.7336550162
 20
227.8722895802
 11
289.6029393182
 21
227.4492930336
  0
LINE
  5
2F6
100
AcDbEntity
  8
0
100
AcDbLine
 62
7
  6
CONTINUOUS
 10
289.6489923726
 20
227.4492930336
 11
288.8818475222
 21
224.9668090822
  0
LINE
  5
2F7
100
AcDbEntity
  8
0
100
AcDbLine
 62
7
  6
CONTINUOUS
 10
286.091932191
 20
215.6945866928
 11
285.2313609122
 21
212.9097744276
  0
LINE
  5
2F8
100
AcDbEntity
  8
0
100
AcDbLine
 62
7
  6
CONTINUOUS
 10
286.3738424215
 20
216.2433254088
 11
286.2042694903
 21
215.6945866928
  0
LINE
  5
2F9
100
AcDbEntity
  8
0
100
AcDbLine
 62
7
  6
CONTINUOUS
 10
289.8037591555
 20
227.1339113083
 11
289.9166800054
 21
227.4993236518
  0
LINE
  5
2FA
100
AcDbEntity
  8
0
100
AcDbLine
 62
7
  6
CONTINUOUS
 10
289.1801275933
 20
224.9668090822
 11
289.8320173618
 21
227.0763271052
  0
LINE
  5
2FB
100
AcDbEntity
  8
0
100
AcDbLine
 62
7
  6
CONTINUOUS
 10
286.5597851933
 20
216.2433254088
 11
285.4143859014
 21
212.5368084992
  0
LINE
  5
2FC
100
AcDbEntity
  8
0
100
AcDbLine
 62
7
  6
CONTINUOUS
 10
286.730381
 20
216.2433254088
 11
286.1881499704
 21
214.4886635244
  0
LINE
  5
2FD
100
AcDbEntity
  8
0
100
AcDbLine
 62
7
  6
CONTINUOUS
 10
289.6544077672
 20
224.9668090822
 11
289.7370793989
 21
225.2343348287
  0
LINE
  5
2FE
100
AcDbEntity
  8
0
100
AcDbLine
 62
7
  6
CONTINUOUS
 10
311.0064267252
 20
216.3403556434
 11
310.5300835268
 21
216.2433254088
  0
LINE
  5
2FF
100
AcDbEntity
  8
0
100
AcDbLine
 62
7
  6
CONTINUOUS
 10
318.0547869366
 20
210.2174983193
 11
314.011086964
 21
210.2174983193
  0
LINE
  5
300
100
AcDbEntity
  8
0
100
AcDbLine
 62
7
  6
CONTINUOUS
 10
304.0178159533
 20
210.2174983193
 11
299.9741159807
 21
210.2174983193
  0
LINE
  5
301
100
AcDbEntity
  8
0
100
AcDbLine
 62
7
  6
CONTINUOUS
 10
269.5606788502
 20
210.2174983193
 11
273.6043788227
 21
210.2174983193
  0
LINE
  5
302
100
AcDbEntity
  8
0
100
AcDbLine
 62
7
  6
CONTINUOUS
 10
283.5976498335
 20
210.2174983193
 11
287.6413498061
 21
210.2174983193
  0
LINE
  5
303
100
AcDbEntity
  8
0
100
AcDbLine
 62
7
  6
CONTINUOUS
 10
269.377653861
 20
210.5904642476
 11
269.9302905139
 21
210.5904642476
  0
LINE
  5
304
100
AcDbEntity
  8
0
100
AcDbLine
 62
7
  6
CONTINUOUS
 10
273.0618982136
 20
210.5904642476
 11
273.5221439377
 21
210.5904642476
  0
LINE
  5
305
100
AcDbEntity
  8
0
100
AcDbLine
 62
7
  6
CONTINUOUS
 10
283.4146248444
 20
210.5904642476
 11
283.9672614972
 21
210.5904642476
  0
LINE
  5
306
100
AcDbEntity
  8
0
100
AcDbLine
 62
7
  6
CONTINUOUS
 10
287.0988691969
 20
210.5904642476
 11
287.559114921
 21
210.5904642476
  0
LINE
  5
307
100
AcDbEntity
  8
0
100
AcDbLine
 62
7
  6
CONTINUOUS
 10
299.7910909916
 20
210.5904642476
 11
300.3437276444
 21
210.5904642476
  0
LINE
  5
308
100
AcDbEntity
  8
0
100
AcDbLine
 62
7
  6
CONTINUOUS
 10
303.4753353441
 20
210.5904642476
 11
303.9355810682
 21
210.5904642476
  0
LINE
  5
309
100
AcDbEntity
  8
0
100
AcDbLine
 62
7
  6
CONTINUOUS
 10
313.8280619749
 20
210.5904642476
 11
314.3806986278
 21
210.5904642476
  0
LINE
  5
30A
100
AcDbEntity
  8
0
100
AcDbLine
 62
7
  6
CONTINUOUS
 10
317.5123063274
 20
210.5904642476
 11
317.9725520515
 21
210.5904642476
  0
LINE
  5
30B
100
AcDbEntity
  8
0
100
AcDbLine
 62
7
  6
CONTINUOUS
 10
270.0534944018
 20
210.7147862238
 11
272.8166776663
 21
210.7147862238
  0
LINE
  5
30C
100
AcDbEntity
  8
0
100
AcDbLine
 62
7
  6
CONTINUOUS
 10
284.0904653852
 20
210.7147862238
 11
286.8536486496
 21
210.7147862238
  0
LINE
  5
30D
100
AcDbEntity
  8
0
100
AcDbLine
 62
7
  6
CONTINUOUS
 10
300.4669315323
 20
210.7147862238
 11
303.2301147968
 21
210.7147862238
  0
LINE
  5
30E
100
AcDbEntity
  8
0
100
AcDbLine
 62
7
  6
CONTINUOUS
 10
314.5039025157
 20
210.7147862238
 11
317.2670857801
 21
210.7147862238
  0
LINE
  5
30F
100
AcDbEntity
  8
0
100
AcDbLine
 62
7
  6
CONTINUOUS
 10
332.7907278689
 20
210.932349682
 11
317.8971700736
 21
210.932349682
  0
LINE
  5
310
100
AcDbEntity
  8
0
100
AcDbLine
 62
7
  6
CONTINUOUS
 10
313.6602890681
 20
210.932349682
 11
303.8601990903
 21
210.932349682
  0
LINE
  5
311
100
AcDbEntity
  8
0
100
AcDbLine
 62
7
  6
CONTINUOUS
 10
299.6233180848
 20
210.932349682
 11
287.4837329431
 21
210.932349682
  0
LINE
  5
312
100
AcDbEntity
  8
0
100
AcDbLine
 62
7
  6
CONTINUOUS
 10
283.2468519376
 20
210.932349682
 11
273.4467619598
 21
210.932349682
  0
LINE
  5
313
100
AcDbEntity
  8
0
100
AcDbLine
 62
7
  6
CONTINUOUS
 10
269.2098809543
 20
210.932349682
 11
254.316323159
 21
210.932349682
  0
LINE
  5
314
100
AcDbEntity
  8
0
100
AcDbLine
 62
7
  6
CONTINUOUS
 10
284.8064855832
 20
212.5368084992
 11
285.4143859014
 21
212.5368084992
  0
LINE
  5
315
100
AcDbEntity
  8
0
100
AcDbLine
 62
7
  6
CONTINUOUS
 10
287.1459807471
 20
212.5368084992
 11
287.7538810652
 21
212.5368084992
  0
LINE
  5
316
100
AcDbEntity
  8
0
100
AcDbLine
 62
7
  6
CONTINUOUS
 10
289.4854759109
 20
212.5368084992
 11
290.0933762291
 21
212.5368084992
  0
LINE
  5
317
100
AcDbEntity
  8
0
100
AcDbLine
 62
7
  6
CONTINUOUS
 10
291.8249710748
 20
212.5368084992
 11
292.432871393
 21
212.5368084992
  0
LINE
  5
318
100
AcDbEntity
  8
0
100
AcDbLine
 62
7
  6
CONTINUOUS
 10
294.1644662387
 20
212.5368084992
 11
294.7723665569
 21
212.5368084992
  0
LINE
  5
319
100
AcDbEntity
  8
0
100
AcDbLine
 62
7
  6
CONTINUOUS
 10
296.5039614026
 20
212.5368084992
 11
297.1118617208
 21
212.5368084992
  0
LINE
  5
31A
100
AcDbEntity
  8
0
100
AcDbLine
 62
7
  6
CONTINUOUS
 10
298.8434565665
 20
212.5368084992
 11
299.4513568847
 21
212.5368084992
  0
LINE
  5
31B
100
AcDbEntity
  8
0
100
AcDbLine
 62
7
  6
CONTINUOUS
 10
301.1829517304
 20
212.5368084992
 11
301.7908520485
 21
212.5368084992
  0
LINE
  5
31C
100
AcDbEntity
  8
0
100
AcDbLine
 62
7
  6
CONTINUOUS
 10
301.6078270594
 20
212.9097744276
 11
300.9999267412
 21
212.9097744276
  0
LINE
  5
31D
100
AcDbEntity
  8
0
100
AcDbLine
 62
7
  6
CONTINUOUS
 10
299.2683318955
 20
212.9097744276
 11
298.6604315773
 21
212.9097744276
  0
LINE
  5
31E
100
AcDbEntity
  8
0
100
AcDbLine
 62
7
  6
CONTINUOUS
 10
296.9288367316
 20
212.9097744276
 11
296.3209364134
 21
212.9097744276
  0
LINE
  5
31F
100
AcDbEntity
  8
0
100
AcDbLine
 62
7
  6
CONTINUOUS
 10
294.5893415677
 20
212.9097744276
 11
293.9814412496
 21
212.9097744276
  0
LINE
  5
320
100
AcDbEntity
  8
0
100
AcDbLine
 62
7
  6
CONTINUOUS
 10
292.2498464038
 20
212.9097744276
 11
291.6419460857
 21
212.9097744276
  0
LINE
  5
321
100
AcDbEntity
  8
0
100
AcDbLine
 62
7
  6
CONTINUOUS
 10
289.91035124
 20
212.9097744276
 11
289.3024509218
 21
212.9097744276
  0
LINE
  5
322
100
AcDbEntity
  8
0
100
AcDbLine
 62
7
  6
CONTINUOUS
 10
287.5708560761
 20
212.9097744276
 11
286.9629557579
 21
212.9097744276
  0
LINE
  5
323
100
AcDbEntity
  8
0
100
AcDbLine
 62
7
  6
CONTINUOUS
 10
285.2313609122
 20
212.9097744276
 11
284.623460594
 21
212.9097744276
  0
LINE
  5
324
100
AcDbEntity
  8
0
100
AcDbLine
 62
7
  6
CONTINUOUS
 10
280.9778533409
 20
216.6822410777
 11
281.2230738882
 21
216.5579191016
  0
LINE
  5
325
100
AcDbEntity
  8
0
100
AcDbLine
 62
7
  6
CONTINUOUS
 10
287.7538810652
 20
212.5368084992
 11
287.5708560761
 21
212.9097744276
  0
LINE
  5
326
100
AcDbEntity
  8
0
100
AcDbLine
 62
7
  6
CONTINUOUS
 10
286.9790752778
 20
214.115697596
 11
286.7960502886
 21
214.4886635244
  0
LINE
  5
327
100
AcDbEntity
  8
0
100
AcDbLine
 62
7
  6
CONTINUOUS
 10
286.2042694903
 20
215.6945866928
 11
286.0212445011
 21
216.0675526211
  0
LINE
  5
328
100
AcDbEntity
  8
0
100
AcDbLine
 62
7
  6
CONTINUOUS
 10
287.7528393469
 20
216.0675526211
 11
287.935864336
 21
215.6945866928
  0
LINE
  5
329
100
AcDbEntity
  8
0
100
AcDbLine
 62
7
  6
CONTINUOUS
 10
288.5276451343
 20
214.4886635244
 11
288.7106701235
 21
214.115697596
  0
LINE
  5
32A
100
AcDbEntity
  8
0
100
AcDbLine
 62
7
  6
CONTINUOUS
 10
289.3024509218
 20
212.9097744276
 11
289.4854759109
 21
212.5368084992
  0
LINE
  5
32B
100
AcDbEntity
  8
0
100
AcDbLine
 62
7
  6
CONTINUOUS
 10
290.0933762291
 20
212.5368084992
 11
289.91035124
 21
212.9097744276
  0
LINE
  5
32C
100
AcDbEntity
  8
0
100
AcDbLine
 62
7
  6
CONTINUOUS
 10
289.3185704417
 20
214.115697596
 11
289.1355454525
 21
214.4886635244
  0
LINE
  5
32D
100
AcDbEntity
  8
0
100
AcDbLine
 62
7
  6
CONTINUOUS
 10
288.5437646542
 20
215.6945866928
 11
288.360739665
 21
216.0675526211
  0
LINE
  5
32E
100
AcDbEntity
  8
0
100
AcDbLine
 62
7
  6
CONTINUOUS
 10
287.4837329431
 20
210.932349682
 11
287.6695968126
 21
210.0893875907
  0
LINE
  5
32F
100
AcDbEntity
  8
0
100
AcDbLine
 62
7
  6
CONTINUOUS
 10
288.7355004686
 20
215.1612842574
 11
288.7138898464
 21
215.6434009387
  0
LINE
  5
330
100
AcDbEntity
  8
0
100
AcDbLine
 62
7
  6
CONTINUOUS
 10
290.7737499161
 20
227.7953675369
 11
290.6285102516
 21
227.3253713739
  0
LINE
  5
331
100
AcDbEntity
  8
0
100
AcDbLine
 62
7
  6
CONTINUOUS
 10
290.8198029705
 20
227.7953675369
 11
290.674563306
 21
227.3253713739
  0
LINE
  5
332
100
AcDbEntity
  8
0
100
AcDbLine
 62
7
  6
CONTINUOUS
 10
287.3382813182
 20
216.2433254088
 11
286.7960502886
 21
214.4886635244
  0
LINE
  5
333
100
AcDbEntity
  8
0
100
AcDbLine
 62
7
  6
CONTINUOUS
 10
287.6365613893
 20
216.2433254088
 11
286.9790752778
 21
214.115697596
  0
LINE
  5
334
100
AcDbEntity
  8
0
100
AcDbLine
 62
7
  6
CONTINUOUS
 10
291.1595325571
 20
227.4492930336
 11
290.3923877067
 21
224.9668090822
  0
LINE
  5
335
100
AcDbEntity
  8
0
100
AcDbLine
 62
7
  6
CONTINUOUS
 10
291.3363013096
 20
227.8722895802
 11
291.2055856115
 21
227.4492930336
  0
LINE
  5
336
100
AcDbEntity
  8
0
100
AcDbLine
 62
7
  6
CONTINUOUS
 10
287.8071571961
 20
216.2433254088
 11
287.7528393469
 21
216.0675526211
  0
LINE
  5
337
100
AcDbEntity
  8
0
100
AcDbLine
 62
7
  6
CONTINUOUS
 10
287.866934042
 20
215.835051944
 11
286.9629557579
 21
212.9097744276
  0
LINE
  5
338
100
AcDbEntity
  8
0
100
AcDbLine
 62
7
  6
CONTINUOUS
 10
288.4150575142
 20
216.2433254088
 11
288.360739665
 21
216.0675526211
  0
LINE
  5
339
100
AcDbEntity
  8
0
100
AcDbLine
 62
7
  6
CONTINUOUS
 10
292.0731501801
 20
227.8722895802
 11
291.9424344821
 21
227.4492930336
  0
LINE
  5
33A
100
AcDbEntity
  8
0
100
AcDbLine
 62
7
  6
CONTINUOUS
 10
291.9884875365
 20
227.4492930336
 11
291.2213426861
 21
224.9668090822
  0
LINE
  5
33B
100
AcDbEntity
  8
0
100
AcDbLine
 62
7
  6
CONTINUOUS
 10
286.8536486496
 20
210.7147862238
 11
287.416695595
 21
212.5368084992
  0
LINE
  5
33C
100
AcDbEntity
  8
0
100
AcDbLine
 62
7
  6
CONTINUOUS
 10
288.4314273549
 20
215.6945866928
 11
287.5708560761
 21
212.9097744276
  0
LINE
  5
33D
100
AcDbEntity
  8
0
100
AcDbLine
 62
7
  6
CONTINUOUS
 10
288.7133375854
 20
216.2433254088
 11
288.5437646542
 21
215.6945866928
  0
LINE
  5
33E
100
AcDbEntity
  8
0
100
AcDbLine
 62
7
  6
CONTINUOUS
 10
292.1432543193
 20
227.1339113083
 11
292.2561751692
 21
227.4993236518
  0
LINE
  5
33F
100
AcDbEntity
  8
0
100
AcDbLine
 62
7
  6
CONTINUOUS
 10
291.5196227572
 20
224.9668090822
 11
292.1715125256
 21
227.0763271052
  0
LINE
  5
340
100
AcDbEntity
  8
0
100
AcDbLine
 62
7
  6
CONTINUOUS
 10
287.0988691969
 20
210.5904642476
 11
287.700334503
 21
212.5368084992
  0
LINE
  5
341
100
AcDbEntity
  8
0
100
AcDbLine
 62
7
  6
CONTINUOUS
 10
288.8992803572
 20
216.2433254088
 11
287.7538810652
 21
212.5368084992
  0
LINE
  5
342
100
AcDbEntity
  8
0
100
AcDbLine
 62
7
  6
CONTINUOUS
 10
289.0698761639
 20
216.2433254088
 11
288.5276451343
 21
214.4886635244
  0
LINE
  5
343
100
AcDbEntity
  8
0
100
AcDbLine
 62
7
  6
CONTINUOUS
 10
288.5614366919
 20
214.4198035304
 11
287.4837329431
 21
210.932349682
  0
LINE
  5
344
100
AcDbEntity
  8
0
100
AcDbLine
 62
7
  6
CONTINUOUS
 10
291.9939029311
 20
224.9668090822
 11
292.0765745628
 21
225.2343348287
  0
LINE
  5
345
100
AcDbEntity
  8
0
100
AcDbLine
 62
7
  6
CONTINUOUS
 10
293.11324508
 20
227.7953675369
 11
292.9680054155
 21
227.3253713739
  0
LINE
  5
346
100
AcDbEntity
  8
0
100
AcDbLine
 62
7
  6
CONTINUOUS
 10
293.1592981344
 20
227.7953675369
 11
293.0140584699
 21
227.3253713739
  0
LINE
  5
347
100
AcDbEntity
  8
0
100
AcDbLine
 62
7
  6
CONTINUOUS
 10
289.6777764821
 20
216.2433254088
 11
289.1355454525
 21
214.4886635244
  0
LINE
  5
348
100
AcDbEntity
  8
0
100
AcDbLine
 62
7
  6
CONTINUOUS
 10
289.9760565532
 20
216.2433254088
 11
289.3185704417
 21
214.115697596
  0
LINE
  5
349
100
AcDbEntity
  8
0
100
AcDbLine
 62
7
  6
CONTINUOUS
 10
293.499027721
 20
227.4492930336
 11
292.7318828706
 21
224.9668090822
  0
LINE
  5
34A
100
AcDbEntity
  8
0
100
AcDbLine
 62
7
  6
CONTINUOUS
 10
293.6757964734
 20
227.8722895802
 11
293.5450807754
 21
227.4492930336
  0
LINE
  5
34B
100
AcDbEntity
  8
0
100
AcDbLine
 62
7
  6
CONTINUOUS
 10
290.1466523599
 20
216.2433254088
 11
290.0923345107
 21
216.0675526211
  0
LINE
  5
34C
100
AcDbEntity
  8
0
100
AcDbLine
 62
7
  6
CONTINUOUS
 10
283.5976498335
 20
210.2174983193
 11
283.3043316242
 21
209.7475021563
  0
LINE
  5
34D
100
AcDbEntity
  8
0
100
AcDbLine
 62
7
  6
CONTINUOUS
 10
283.9862571527
 20
216.5579191016
 11
284.1094610406
 21
216.6822410777
  0
LINE
  5
34E
100
AcDbEntity
  8
0
100
AcDbLine
 62
7
  6
CONTINUOUS
 10
296.9694557419
 20
216.3403556434
 11
296.4931125435
 21
216.2433254088
  0
LINE
  5
34F
100
AcDbEntity
  8
0
100
AcDbLine
 62
7
  6
CONTINUOUS
 10
338.3076986468
 20
213.8208022351
 11
335.3142501103
 21
213.8208022351
  0
LINE
  5
350
100
AcDbEntity
  8
0
100
AcDbLine
 62
7
  6
CONTINUOUS
 10
284.0316797957
 20
214.115697596
 11
284.6395801139
 21
214.115697596
  0
LINE
  5
351
100
AcDbEntity
  8
0
100
AcDbLine
 62
7
  6
CONTINUOUS
 10
286.3711749596
 20
214.115697596
 11
286.9790752778
 21
214.115697596
  0
LINE
  5
352
100
AcDbEntity
  8
0
100
AcDbLine
 62
7
  6
CONTINUOUS
 10
288.7106701235
 20
214.115697596
 11
289.3185704417
 21
214.115697596
  0
LINE
  5
353
100
AcDbEntity
  8
0
100
AcDbLine
 62
7
  6
CONTINUOUS
 10
291.0501652874
 20
214.115697596
 11
291.6580656055
 21
214.115697596
  0
LINE
  5
354
100
AcDbEntity
  8
0
100
AcDbLine
 62
7
  6
CONTINUOUS
 10
293.3896604513
 20
214.115697596
 11
293.9975607694
 21
214.115697596
  0
LINE
  5
355
100
AcDbEntity
  8
0
100
AcDbLine
 62
7
  6
CONTINUOUS
 10
295.7291556151
 20
214.115697596
 11
296.3370559333
 21
214.115697596
  0
LINE
  5
356
100
AcDbEntity
  8
0
100
AcDbLine
 62
7
  6
CONTINUOUS
 10
298.068650779
 20
214.115697596
 11
298.6765510972
 21
214.115697596
  0
LINE
  5
357
100
AcDbEntity
  8
0
100
AcDbLine
 62
7
  6
CONTINUOUS
 10
300.4081459429
 20
214.115697596
 11
301.0160462611
 21
214.115697596
  0
LINE
  5
358
100
AcDbEntity
  8
0
100
AcDbLine
 62
7
  6
CONTINUOUS
 10
300.8330212719
 20
214.4886635244
 11
300.2251209537
 21
214.4886635244
  0
LINE
  5
359
100
AcDbEntity
  8
0
100
AcDbLine
 62
7
  6
CONTINUOUS
 10
298.493526108
 20
214.4886635244
 11
297.8856257899
 21
214.4886635244
  0
LINE
  5
35A
100
AcDbEntity
  8
0
100
AcDbLine
 62
7
  6
CONTINUOUS
 10
296.1540309442
 20
214.4886635244
 11
295.546130626
 21
214.4886635244
  0
LINE
  5
35B
100
AcDbEntity
  8
0
100
AcDbLine
 62
7
  6
CONTINUOUS
 10
293.8145357803
 20
214.4886635244
 11
293.2066354621
 21
214.4886635244
  0
LINE
  5
35C
100
AcDbEntity
  8
0
100
AcDbLine
 62
7
  6
CONTINUOUS
 10
291.4750406164
 20
214.4886635244
 11
290.8671402982
 21
214.4886635244
  0
LINE
  5
35D
100
AcDbEntity
  8
0
100
AcDbLine
 62
7
  6
CONTINUOUS
 10
289.1355454525
 20
214.4886635244
 11
288.5276451343
 21
214.4886635244
  0
LINE
  5
35E
100
AcDbEntity
  8
0
100
AcDbLine
 62
7
  6
CONTINUOUS
 10
286.7960502886
 20
214.4886635244
 11
286.1881499704
 21
214.4886635244
  0
LINE
  5
35F
100
AcDbEntity
  8
0
100
AcDbLine
 62
7
  6
CONTINUOUS
 10
284.4565551247
 20
214.4886635244
 11
283.8486548066
 21
214.4886635244
  0
LINE
  5
360
100
AcDbEntity
  8
0
100
AcDbLine
 62
7
  6
CONTINUOUS
 10
331.1238416468
 20
214.6893007073
 11
330.2027805586
 21
214.6893007073
  0
LINE
  5
361
100
AcDbEntity
  8
0
100
AcDbLine
 62
7
  6
CONTINUOUS
 10
252.4652247193
 20
214.6893007073
 11
251.5441636312
 21
214.6893007073
  0
LINE
  5
362
100
AcDbEntity
  8
0
100
AcDbLine
 62
7
  6
CONTINUOUS
 10
329.8707825769
 20
215.0056497607
 11
319.1559138322
 21
215.0056497607
  0
LINE
  5
363
100
AcDbEntity
  8
0
100
AcDbLine
 62
7
  6
CONTINUOUS
 10
314.9190328267
 20
215.0056497607
 11
305.1189428489
 21
215.0056497607
  0
LINE
  5
364
100
AcDbEntity
  8
0
100
AcDbLine
 62
7
  6
CONTINUOUS
 10
300.3848816357
 20
215.0056497607
 11
300.214285829
 21
215.0056497607
  0
LINE
  5
365
100
AcDbEntity
  8
0
100
AcDbLine
 62
7
  6
CONTINUOUS
 10
299.3081054397
 20
215.0056497607
 11
298.9515668611
 21
215.0056497607
  0
LINE
  5
366
100
AcDbEntity
  8
0
100
AcDbLine
 62
7
  6
CONTINUOUS
 10
298.0453864718
 20
215.0056497607
 11
297.8747906651
 21
215.0056497607
  0
LINE
  5
367
100
AcDbEntity
  8
0
100
AcDbLine
 62
7
  6
CONTINUOUS
 10
296.9686102758
 20
215.0056497607
 11
296.6120716972
 21
215.0056497607
  0
LINE
  5
368
100
AcDbEntity
  8
0
100
AcDbLine
 62
7
  6
CONTINUOUS
 10
295.7058913079
 20
215.0056497607
 11
295.5352955012
 21
215.0056497607
  0
LINE
  5
369
100
AcDbEntity
  8
0
100
AcDbLine
 62
7
  6
CONTINUOUS
 10
294.6291151119
 20
215.0056497607
 11
294.2725765334
 21
215.0056497607
  0
LINE
  5
36A
100
AcDbEntity
  8
0
100
AcDbLine
 62
7
  6
CONTINUOUS
 10
293.366396144
 20
215.0056497607
 11
293.1958003373
 21
215.0056497607
  0
LINE
  5
36B
100
AcDbEntity
  8
0
100
AcDbLine
 62
7
  6
CONTINUOUS
 10
292.289619948
 20
215.0056497607
 11
291.9330813695
 21
215.0056497607
  0
LINE
  5
36C
100
AcDbEntity
  8
0
100
AcDbLine
 62
7
  6
CONTINUOUS
 10
291.0269009801
 20
215.0056497607
 11
290.8563051734
 21
215.0056497607
  0
LINE
  5
36D
100
AcDbEntity
  8
0
100
AcDbLine
 62
7
  6
CONTINUOUS
 10
289.9501247841
 20
215.0056497607
 11
289.5935862056
 21
215.0056497607
  0
LINE
  5
36E
100
AcDbEntity
  8
0
100
AcDbLine
 62
7
  6
CONTINUOUS
 10
284.0084154885
 20
215.0056497607
 11
274.7055057184
 21
215.0056497607
  0
LINE
  5
36F
100
AcDbEntity
  8
0
100
AcDbLine
 62
7
  6
CONTINUOUS
 10
270.4686247129
 20
215.0056497607
 11
255.5750669176
 21
215.0056497607
  0
LINE
  5
370
100
AcDbEntity
  8
0
100
AcDbLine
 62
7
  6
CONTINUOUS
 10
319.1501713373
 20
215.1337604893
 11
318.9162897505
 21
215.1337604893
  0
LINE
  5
371
100
AcDbEntity
  8
0
100
AcDbLine
 62
7
  6
CONTINUOUS
 10
315.7846820508
 20
215.1337604893
 11
315.2320453979
 21
215.1337604893
  0
LINE
  5
372
100
AcDbEntity
  8
0
100
AcDbLine
 62
7
  6
CONTINUOUS
 10
305.113200354
 20
215.1337604893
 11
304.8793187672
 21
215.1337604893
  0
LINE
  5
373
100
AcDbEntity
  8
0
100
AcDbLine
 62
7
  6
CONTINUOUS
 10
301.6871897762
 20
215.1337604893
 11
301.3306511976
 21
215.1337604893
  0
LINE
  5
374
100
AcDbEntity
  8
0
100
AcDbLine
 62
7
  6
CONTINUOUS
 10
270.7816372841
 20
215.1337604893
 11
271.334273937
 21
215.1337604893
  0
LINE
  5
375
100
AcDbEntity
  8
0
100
AcDbLine
 62
7
  6
CONTINUOUS
 10
274.4658816367
 20
215.1337604893
 11
274.6997632235
 21
215.1337604893
  0
LINE
  5
376
100
AcDbEntity
  8
0
100
AcDbLine
 62
7
  6
CONTINUOUS
 10
284.9541850504
 20
215.1337604893
 11
285.310723629
 21
215.1337604893
  0
LINE
  5
377
100
AcDbEntity
  8
0
100
AcDbLine
 62
7
  6
CONTINUOUS
 10
288.5563991822
 20
215.1337604893
 11
288.7269949889
 21
215.1337604893
  0
LINE
  5
378
100
AcDbEntity
  8
0
100
AcDbLine
 62
7
  6
CONTINUOUS
 10
318.6710692031
 20
215.2580824655
 11
315.9078859387
 21
215.2580824655
  0
LINE
  5
379
100
AcDbEntity
  8
0
100
AcDbLine
 62
7
  6
CONTINUOUS
 10
304.6340982198
 20
215.2580824655
 11
302.6317885262
 21
215.2580824655
  0
LINE
  5
37A
100
AcDbEntity
  8
0
100
AcDbLine
 62
7
  6
CONTINUOUS
 10
271.4574778249
 20
215.2580824655
 11
274.2206610893
 21
215.2580824655
  0
LINE
  5
37B
100
AcDbEntity
  8
0
100
AcDbLine
 62
7
  6
CONTINUOUS
 10
286.255322379
 20
215.2580824655
 11
286.4259181857
 21
215.2580824655
  0
LINE
  5
37C
100
AcDbEntity
  8
0
100
AcDbLine
 62
7
  6
CONTINUOUS
 10
287.332098575
 20
215.2580824655
 11
287.6886371535
 21
215.2580824655
  0
LINE
  5
37D
100
AcDbEntity
  8
0
100
AcDbLine
 62
7
  6
CONTINUOUS
 10
283.2568740083
 20
215.6945866928
 11
283.8647743264
 21
215.6945866928
  0
LINE
  5
37E
100
AcDbEntity
  8
0
100
AcDbLine
 62
7
  6
CONTINUOUS
 10
285.5963691721
 20
215.6945866928
 11
286.2042694903
 21
215.6945866928
  0
LINE
  5
37F
100
AcDbEntity
  8
0
100
AcDbLine
 62
7
  6
CONTINUOUS
 10
287.935864336
 20
215.6945866928
 11
288.5437646542
 21
215.6945866928
  0
LINE
  5
380
100
AcDbEntity
  8
0
100
AcDbLine
 62
7
  6
CONTINUOUS
 10
290.2753594999
 20
215.6945866928
 11
290.8832598181
 21
215.6945866928
  0
LINE
  5
381
100
AcDbEntity
  8
0
100
AcDbLine
 62
7
  6
CONTINUOUS
 10
292.6148546638
 20
215.6945866928
 11
293.222754982
 21
215.6945866928
  0
LINE
  5
382
100
AcDbEntity
  8
0
100
AcDbLine
 62
7
  6
CONTINUOUS
 10
294.9543498277
 20
215.6945866928
 11
295.5622501459
 21
215.6945866928
  0
LINE
  5
383
100
AcDbEntity
  8
0
100
AcDbLine
 62
7
  6
CONTINUOUS
 10
297.2938449916
 20
215.6945866928
 11
297.9017453097
 21
215.6945866928
  0
LINE
  5
384
100
AcDbEntity
  8
0
100
AcDbLine
 62
7
  6
CONTINUOUS
 10
299.6333401554
 20
215.6945866928
 11
300.2412404736
 21
215.6945866928
  0
LINE
  5
385
100
AcDbEntity
  8
0
100
AcDbLine
 62
7
  6
CONTINUOUS
 10
270.4308393882
 20
215.8486118521
 11
274.6677203937
 21
215.8486118521
  0
LINE
  5
386
100
AcDbEntity
  8
0
100
AcDbLine
 62
7
  6
CONTINUOUS
 10
285.1750906242
 20
215.8486118521
 11
285.517820012
 21
215.8486118521
  0
LINE
  5
387
100
AcDbEntity
  8
0
100
AcDbLine
 62
7
  6
CONTINUOUS
 10
288.777304756
 20
215.8486118521
 11
288.9479005627
 21
215.8486118521
  0
LINE
  5
388
100
AcDbEntity
  8
0
100
AcDbLine
 62
7
  6
CONTINUOUS
 10
289.854080952
 20
215.8486118521
 11
290.1997749734
 21
215.8486118521
  0
LINE
  5
389
100
AcDbEntity
  8
0
100
AcDbLine
 62
7
  6
CONTINUOUS
 10
291.1167999199
 20
215.8486118521
 11
291.2873957266
 21
215.8486118521
  0
LINE
  5
38A
100
AcDbEntity
  8
0
100
AcDbLine
 62
7
  6
CONTINUOUS
 10
292.1935761159
 20
215.8486118521
 11
292.5392701373
 21
215.8486118521
  0
LINE
  5
38B
100
AcDbEntity
  8
0
100
AcDbLine
 62
7
  6
CONTINUOUS
 10
293.4562950838
 20
215.8486118521
 11
293.6268908905
 21
215.8486118521
  0
LINE
  5
38C
100
AcDbEntity
  8
0
100
AcDbLine
 62
7
  6
CONTINUOUS
 10
294.5330712798
 20
215.8486118521
 11
294.8787653011
 21
215.8486118521
  0
LINE
  5
38D
100
AcDbEntity
  8
0
100
AcDbLine
 62
7
  6
CONTINUOUS
 10
295.7957902476
 20
215.8486118521
 11
295.9663860544
 21
215.8486118521
  0
LINE
  5
38E
100
AcDbEntity
  8
0
100
AcDbLine
 62
7
  6
CONTINUOUS
 10
296.8725664437
 20
215.8486118521
 11
297.218260465
 21
215.8486118521
  0
LINE
  5
38F
100
AcDbEntity
  8
0
100
AcDbLine
 62
7
  6
CONTINUOUS
 10
298.1352854115
 20
215.8486118521
 11
298.3058812182
 21
215.8486118521
  0
LINE
  5
390
100
AcDbEntity
  8
0
100
AcDbLine
 62
7
  6
CONTINUOUS
 10
299.2120616076
 20
215.8486118521
 11
299.5577556289
 21
215.8486118521
  0
LINE
  5
391
100
AcDbEntity
  8
0
100
AcDbLine
 62
7
  6
CONTINUOUS
 10
300.4747805754
 20
215.8486118521
 11
300.6453763821
 21
215.8486118521
  0
LINE
  5
392
100
AcDbEntity
  8
0
100
AcDbLine
 62
7
  6
CONTINUOUS
 10
304.0311478837
 20
215.8486118521
 11
305.0811575242
 21
215.8486118521
  0
LINE
  5
393
100
AcDbEntity
  8
0
100
AcDbLine
 62
7
  6
CONTINUOUS
 10
314.881247502
 20
215.8486118521
 11
319.1181285075
 21
215.8486118521
  0
LINE
  5
394
100
AcDbEntity
  8
0
100
AcDbLine
 62
7
  6
CONTINUOUS
 10
300.0582154845
 20
216.0675526211
 11
299.4503151663
 21
216.0675526211
  0
LINE
  5
395
100
AcDbEntity
  8
0
100
AcDbLine
 62
7
  6
CONTINUOUS
 10
297.7187203206
 20
216.0675526211
 11
297.1108200024
 21
216.0675526211
  0
LINE
  5
396
100
AcDbEntity
  8
0
100
AcDbLine
 62
7
  6
CONTINUOUS
 10
295.3792251567
 20
216.0675526211
 11
294.7713248385
 21
216.0675526211
  0
LINE
  5
397
100
AcDbEntity
  8
0
100
AcDbLine
 62
7
  6
CONTINUOUS
 10
293.0397299928
 20
216.0675526211
 11
292.4318296746
 21
216.0675526211
  0
LINE
  5
398
100
AcDbEntity
  8
0
100
AcDbLine
 62
7
  6
CONTINUOUS
 10
290.7002348289
 20
216.0675526211
 11
290.0923345107
 21
216.0675526211
  0
LINE
  5
399
100
AcDbEntity
  8
0
100
AcDbLine
 62
7
  6
CONTINUOUS
 10
288.360739665
 20
216.0675526211
 11
287.7528393469
 21
216.0675526211
  0
LINE
  5
39A
100
AcDbEntity
  8
0
100
AcDbLine
 62
7
  6
CONTINUOUS
 10
286.0212445011
 20
216.0675526211
 11
285.413344183
 21
216.0675526211
  0
LINE
  5
39B
100
AcDbEntity
  8
0
100
AcDbLine
 62
7
  6
CONTINUOUS
 10
283.6817493373
 20
216.0675526211
 11
283.0738490191
 21
216.0675526211
  0
LINE
  5
39C
100
AcDbEntity
  8
0
100
AcDbLine
 62
7
  6
CONTINUOUS
 10
285.3799315206
 20
216.1295992158
 11
285.2619222064
 21
216.1295992158
  0
LINE
  5
39D
100
AcDbEntity
  8
0
100
AcDbLine
 62
7
  6
CONTINUOUS
 10
284.3557418171
 20
216.1295992158
 11
283.9992032385
 21
216.1295992158
  0
LINE
  5
39E
100
AcDbEntity
  8
0
100
AcDbLine
 62
7
  6
CONTINUOUS
 10
283.0930228492
 20
216.1295992158
 11
255.5246864847
 21
216.1295992158
  0
LINE
  5
39F
100
AcDbEntity
  8
0
100
AcDbLine
 62
7
  6
CONTINUOUS
 10
304.0185527755
 20
216.1295992158
 11
329.3192286113
 21
216.1295992158
  0
LINE
  5
3A0
100
AcDbEntity
  8
0
100
AcDbLine
 62
7
  6
CONTINUOUS
 10
329.4401764371
 20
216.2433254088
 11
315.0631216219
 21
216.2433254088
  0
LINE
  5
3A1
100
AcDbEntity
  8
0
100
AcDbLine
 62
7
  6
CONTINUOUS
 10
310.5300835268
 20
216.2433254088
 11
301.0261506386
 21
216.2433254088
  0
LINE
  5
3A2
100
AcDbEntity
  8
0
100
AcDbLine
 62
7
  6
CONTINUOUS
 10
296.4931125435
 20
216.2433254088
 11
284.6496844914
 21
216.2433254088
  0
LINE
  5
3A3
100
AcDbEntity
  8
0
100
AcDbLine
 62
7
  6
CONTINUOUS
 10
280.1166463963
 20
216.2433254088
 11
270.6127135081
 21
216.2433254088
  0
LINE
  5
3A4
100
AcDbEntity
  8
0
100
AcDbLine
 62
7
  6
CONTINUOUS
 10
266.079675413
 20
216.2433254088
 11
251.7026205978
 21
216.2433254088
  0
LINE
  5
3A5
100
AcDbEntity
  8
0
100
AcDbLine
 62
7
  6
CONTINUOUS
 10
303.4753353441
 20
210.5904642476
 11
303.2301147968
 21
210.7147862238
  0
LINE
  5
3A6
100
AcDbEntity
  8
0
100
AcDbLine
 62
7
  6
CONTINUOUS
 10
284.3741678885
 20
226.8867146504
 11
284.6029491249
 21
226.4205072399
  0
LINE
  5
3A7
100
AcDbEntity
  8
0
100
AcDbLine
 62
7
  6
CONTINUOUS
 10
290.0923345107
 20
216.0675526211
 11
290.2753594999
 21
215.6945866928
  0
LINE
  5
3A8
100
AcDbEntity
  8
0
100
AcDbLine
 62
7
  6
CONTINUOUS
 10
290.8671402982
 20
214.4886635244
 11
291.0501652874
 21
214.115697596
  0
LINE
  5
3A9
100
AcDbEntity
  8
0
100
AcDbLine
 62
7
  6
CONTINUOUS
 10
291.6419460857
 20
212.9097744276
 11
291.8249710748
 21
212.5368084992
  0
LINE
  5
3AA
100
AcDbEntity
  8
0
100
AcDbLine
 62
7
  6
CONTINUOUS
 10
292.432871393
 20
212.5368084992
 11
292.2498464038
 21
212.9097744276
  0
LINE
  5
3AB
100
AcDbEntity
  8
0
100
AcDbLine
 62
7
  6
CONTINUOUS
 10
291.6580656055
 20
214.115697596
 11
291.4750406164
 21
214.4886635244
  0
LINE
  5
3AC
100
AcDbEntity
  8
0
100
AcDbLine
 62
7
  6
CONTINUOUS
 10
290.8832598181
 20
215.6945866928
 11
290.7002348289
 21
216.0675526211
  0
LINE
  5
3AD
100
AcDbEntity
  8
0
100
AcDbLine
 62
7
  6
CONTINUOUS
 10
292.4318296746
 20
216.0675526211
 11
292.6148546638
 21
215.6945866928
  0
LINE
  5
3AE
100
AcDbEntity
  8
0
100
AcDbLine
 62
7
  6
CONTINUOUS
 10
293.2066354621
 20
214.4886635244
 11
293.3896604513
 21
214.115697596
  0
LINE
  5
3AF
100
AcDbEntity
  8
0
100
AcDbLine
 62
7
  6
CONTINUOUS
 10
293.9814412496
 20
212.9097744276
 11
294.1644662387
 21
212.5368084992
  0
LINE
  5
3B0
100
AcDbEntity
  8
0
100
AcDbLine
 62
7
  6
CONTINUOUS
 10
290.2064292059
 20
215.835051944
 11
289.3024509218
 21
212.9097744276
  0
LINE
  5
3B1
100
AcDbEntity
  8
0
100
AcDbLine
 62
7
  6
CONTINUOUS
 10
290.7545526781
 20
216.2433254088
 11
290.7002348289
 21
216.0675526211
  0
LINE
  5
3B2
100
AcDbEntity
  8
0
100
AcDbLine
 62
7
  6
CONTINUOUS
 10
294.412645344
 20
227.8722895802
 11
294.2819296459
 21
227.4492930336
  0
LINE
  5
3B3
100
AcDbEntity
  8
0
100
AcDbLine
 62
7
  6
CONTINUOUS
 10
294.3279827004
 20
227.4492930336
 11
293.5608378499
 21
224.9668090822
  0
LINE
  5
3B4
100
AcDbEntity
  8
0
100
AcDbLine
 62
7
  6
CONTINUOUS
 10
290.7709225188
 20
215.6945866928
 11
289.91035124
 21
212.9097744276
  0
LINE
  5
3B5
100
AcDbEntity
  8
0
100
AcDbLine
 62
7
  6
CONTINUOUS
 10
291.0528327493
 20
216.2433254088
 11
290.8832598181
 21
215.6945866928
  0
LINE
  5
3B6
100
AcDbEntity
  8
0
100
AcDbLine
 62
7
  6
CONTINUOUS
 10
294.4827494832
 20
227.1339113083
 11
294.5956703331
 21
227.4993236518
  0
LINE
  5
3B7
100
AcDbEntity
  8
0
100
AcDbLine
 62
7
  6
CONTINUOUS
 10
293.8591179211
 20
224.9668090822
 11
294.5110076895
 21
227.0763271052
  0
LINE
  5
3B8
100
AcDbEntity
  8
0
100
AcDbLine
 62
7
  6
CONTINUOUS
 10
291.2387755211
 20
216.2433254088
 11
290.0933762291
 21
212.5368084992
  0
LINE
  5
3B9
100
AcDbEntity
  8
0
100
AcDbLine
 62
7
  6
CONTINUOUS
 10
291.4093713278
 20
216.2433254088
 11
290.8671402982
 21
214.4886635244
  0
LINE
  5
3BA
100
AcDbEntity
  8
0
100
AcDbLine
 62
7
  6
CONTINUOUS
 10
294.333398095
 20
224.9668090822
 11
294.4160697266
 21
225.2343348287
  0
LINE
  5
3BB
100
AcDbEntity
  8
0
100
AcDbLine
 62
7
  6
CONTINUOUS
 10
295.4527402439
 20
227.7953675369
 11
295.3075005794
 21
227.3253713739
  0
LINE
  5
3BC
100
AcDbEntity
  8
0
100
AcDbLine
 62
7
  6
CONTINUOUS
 10
295.4987932983
 20
227.7953675369
 11
295.3535536338
 21
227.3253713739
  0
LINE
  5
3BD
100
AcDbEntity
  8
0
100
AcDbLine
 62
7
  6
CONTINUOUS
 10
292.017271646
 20
216.2433254088
 11
291.4750406164
 21
214.4886635244
  0
LINE
  5
3BE
100
AcDbEntity
  8
0
100
AcDbLine
 62
7
  6
CONTINUOUS
 10
292.3155517171
 20
216.2433254088
 11
291.6580656055
 21
214.115697596
  0
LINE
  5
3BF
100
AcDbEntity
  8
0
100
AcDbLine
 62
7
  6
CONTINUOUS
 10
295.8385228849
 20
227.4492930336
 11
295.0713780345
 21
224.9668090822
  0
LINE
  5
3C0
100
AcDbEntity
  8
0
100
AcDbLine
 62
7
  6
CONTINUOUS
 10
296.0152916373
 20
227.8722895802
 11
295.8845759393
 21
227.4492930336
  0
LINE
  5
3C1
100
AcDbEntity
  8
0
100
AcDbLine
 62
7
  6
CONTINUOUS
 10
292.4861475238
 20
216.2433254088
 11
292.4318296746
 21
216.0675526211
  0
LINE
  5
3C2
100
AcDbEntity
  8
0
100
AcDbLine
 62
7
  6
CONTINUOUS
 10
292.5459243698
 20
215.835051944
 11
291.6419460857
 21
212.9097744276
  0
LINE
  5
3C3
100
AcDbEntity
  8
0
100
AcDbLine
 62
7
  6
CONTINUOUS
 10
293.094047842
 20
216.2433254088
 11
293.0397299928
 21
216.0675526211
  0
LINE
  5
3C4
100
AcDbEntity
  8
0
100
AcDbLine
 62
7
  6
CONTINUOUS
 10
296.7521405078
 20
227.8722895802
 11
296.6214248098
 21
227.4492930336
  0
LINE
  5
3C5
100
AcDbEntity
  8
0
100
AcDbLine
 62
7
  6
CONTINUOUS
 10
296.6674778642
 20
227.4492930336
 11
295.9003330138
 21
224.9668090822
  0
LINE
  5
3C6
100
AcDbEntity
  8
0
100
AcDbLine
 62
7
  6
CONTINUOUS
 10
293.1104176826
 20
215.6945866928
 11
292.2498464038
 21
212.9097744276
  0
LINE
  5
3C7
100
AcDbEntity
  8
0
100
AcDbLine
 62
7
  6
CONTINUOUS
 10
293.3923279131
 20
216.2433254088
 11
293.222754982
 21
215.6945866928
  0
LINE
  5
3C8
100
AcDbEntity
  8
0
100
AcDbLine
 62
7
  6
CONTINUOUS
 10
296.8222446471
 20
227.1339113083
 11
296.935165497
 21
227.4993236518
  0
LINE
  5
3C9
100
AcDbEntity
  8
0
100
AcDbLine
 62
7
  6
CONTINUOUS
 10
296.198613085
 20
224.9668090822
 11
296.8505028534
 21
227.0763271052
  0
LINE
  5
3CA
100
AcDbEntity
  8
0
100
AcDbLine
 62
7
  6
CONTINUOUS
 10
284.0904653852
 20
210.7147862238
 11
283.9672614972
 21
210.5904642476
  0
LINE
  5
3CB
100
AcDbEntity
  8
0
100
AcDbLine
 62
7
  6
CONTINUOUS
 10
280.5929895947
 20
216.3403556434
 11
280.1166463963
 21
216.2433254088
  0
LINE
  5
3CC
100
AcDbEntity
  8
0
100
AcDbLine
 62
7
  6
CONTINUOUS
 10
252.4652247193
 20
214.6893007073
 11
253.3461260258
 21
214.7863309418
  0
LINE
  5
3CD
100
AcDbEntity
  8
0
100
AcDbLine
 62
7
  6
CONTINUOUS
 10
314.3996942832
 20
216.5579191016
 11
311.6365110187
 21
216.5579191016
  0
LINE
  5
3CE
100
AcDbEntity
  8
0
100
AcDbLine
 62
7
  6
CONTINUOUS
 10
300.3627232999
 20
216.5579191016
 11
297.5995400354
 21
216.5579191016
  0
LINE
  5
3CF
100
AcDbEntity
  8
0
100
AcDbLine
 62
7
  6
CONTINUOUS
 10
283.9862571527
 20
216.5579191016
 11
281.2230738882
 21
216.5579191016
  0
LINE
  5
3D0
100
AcDbEntity
  8
0
100
AcDbLine
 62
7
  6
CONTINUOUS
 10
269.9492861694
 20
216.5579191016
 11
267.1861029049
 21
216.5579191016
  0
LINE
  5
3D1
100
AcDbEntity
  8
0
100
AcDbLine
 62
7
  6
CONTINUOUS
 10
330.700048217
 20
216.5852108432
 11
314.8953487152
 21
216.5852108432
  0
LINE
  5
3D2
100
AcDbEntity
  8
0
100
AcDbLine
 62
7
  6
CONTINUOUS
 10
310.36231062
 20
216.5852108432
 11
300.8583777319
 21
216.5852108432
  0
LINE
  5
3D3
100
AcDbEntity
  8
0
100
AcDbLine
 62
7
  6
CONTINUOUS
 10
296.3253396367
 20
216.5852108432
 11
284.4819115847
 21
216.5852108432
  0
LINE
  5
3D4
100
AcDbEntity
  8
0
100
AcDbLine
 62
7
  6
CONTINUOUS
 10
279.9488734895
 20
216.5852108432
 11
270.4449406014
 21
216.5852108432
  0
LINE
  5
3D5
100
AcDbEntity
  8
0
100
AcDbLine
 62
7
  6
CONTINUOUS
 10
265.9119025062
 20
216.5852108432
 11
250.1072030044
 21
216.5852108432
  0
LINE
  5
3D6
100
AcDbEntity
  8
0
100
AcDbLine
 62
7
  6
CONTINUOUS
 10
314.8947626312
 20
216.6822410777
 11
314.5228981711
 21
216.6822410777
  0
LINE
  5
3D7
100
AcDbEntity
  8
0
100
AcDbLine
 62
7
  6
CONTINUOUS
 10
311.3912904714
 20
216.6822410777
 11
310.8386538185
 21
216.6822410777
  0
LINE
  5
3D8
100
AcDbEntity
  8
0
100
AcDbLine
 62
7
  6
CONTINUOUS
 10
300.8577916479
 20
216.6822410777
 11
300.4859271878
 21
216.6822410777
  0
LINE
  5
3D9
100
AcDbEntity
  8
0
100
AcDbLine
 62
7
  6
CONTINUOUS
 10
297.3543194881
 20
216.6822410777
 11
296.8016828352
 21
216.6822410777
  0
LINE
  5
3DA
100
AcDbEntity
  8
0
100
AcDbLine
 62
7
  6
CONTINUOUS
 10
284.4813255007
 20
216.6822410777
 11
284.1094610406
 21
216.6822410777
  0
LINE
  5
3DB
100
AcDbEntity
  8
0
100
AcDbLine
 62
7
  6
CONTINUOUS
 10
280.9778533409
 20
216.6822410777
 11
280.425216688
 21
216.6822410777
  0
LINE
  5
3DC
100
AcDbEntity
  8
0
100
AcDbLine
 62
7
  6
CONTINUOUS
 10
270.4443545174
 20
216.6822410777
 11
270.0724900573
 21
216.6822410777
  0
LINE
  5
3DD
100
AcDbEntity
  8
0
100
AcDbLine
 62
7
  6
CONTINUOUS
 10
266.9408823576
 20
216.6822410777
 11
266.3882457047
 21
216.6822410777
  0
LINE
  5
3DE
100
AcDbEntity
  8
0
100
AcDbLine
 62
7
  6
CONTINUOUS
 10
314.8925098348
 20
217.0552070061
 11
310.6556288293
 21
217.0552070061
  0
LINE
  5
3DF
100
AcDbEntity
  8
0
100
AcDbLine
 62
7
  6
CONTINUOUS
 10
300.8555388515
 20
217.0552070061
 11
296.618657846
 21
217.0552070061
  0
LINE
  5
3E0
100
AcDbEntity
  8
0
100
AcDbLine
 62
7
  6
CONTINUOUS
 10
266.2052207155
 20
217.0552070061
 11
270.442101721
 21
217.0552070061
  0
LINE
  5
3E1
100
AcDbEntity
  8
0
100
AcDbLine
 62
7
  6
CONTINUOUS
 10
280.2421916988
 20
217.0552070061
 11
284.4790727043
 21
217.0552070061
  0
LINE
  5
3E2
100
AcDbEntity
  8
0
100
AcDbLine
 62
7
  6
CONTINUOUS
 10
297.3543194881
 20
216.6822410777
 11
297.5995400354
 21
216.5579191016
  0
LINE
  5
3E3
100
AcDbEntity
  8
0
100
AcDbLine
 62
7
  6
CONTINUOUS
 10
287.3094972087
 20
227.4492930336
 11
287.4925221979
 21
227.0763271052
  0
LINE
  5
3E4
100
AcDbEntity
  8
0
100
AcDbLine
 62
7
  6
CONTINUOUS
 10
287.516738531
 20
227.3037191377
 11
288.2888409145
 21
225.730339002
  0
LINE
  5
3E5
100
AcDbEntity
  8
0
100
AcDbLine
 62
7
  6
CONTINUOUS
 10
294.7723665569
 20
212.5368084992
 11
294.5893415677
 21
212.9097744276
  0
LINE
  5
3E6
100
AcDbEntity
  8
0
100
AcDbLine
 62
7
  6
CONTINUOUS
 10
293.9975607694
 20
214.115697596
 11
293.8145357803
 21
214.4886635244
  0
LINE
  5
3E7
100
AcDbEntity
  8
0
100
AcDbLine
 62
7
  6
CONTINUOUS
 10
293.222754982
 20
215.6945866928
 11
293.0397299928
 21
216.0675526211
  0
LINE
  5
3E8
100
AcDbEntity
  8
0
100
AcDbLine
 62
7
  6
CONTINUOUS
 10
287.5521662172
 20
227.3253713739
 11
287.5345333791
 21
227.3613033408
  0
LINE
  5
3E9
100
AcDbEntity
  8
0
100
AcDbLine
 62
7
  6
CONTINUOUS
 10
288.1242925975
 20
227.6610407095
 11
288.2890150877
 21
227.3253713739
  0
LINE
  5
3EA
100
AcDbEntity
  8
0
100
AcDbLine
 62
7
  6
CONTINUOUS
 10
288.3350681422
 20
227.3253713739
 11
288.6091481806
 21
226.7668546574
  0
LINE
  5
3EB
100
AcDbEntity
  8
0
100
AcDbLine
 62
7
  6
CONTINUOUS
 10
289.300820883
 20
225.3573730736
 11
289.4924817423
 21
224.9668090822
  0
LINE
  5
3EC
100
AcDbEntity
  8
0
100
AcDbLine
 62
7
  6
CONTINUOUS
 10
289.7532292558
 20
224.9668090822
 11
289.6925922786
 21
225.090374321
  0
LINE
  5
3ED
100
AcDbEntity
  8
0
100
AcDbLine
 62
7
  6
CONTINUOUS
 10
288.4342547522
 20
227.7953675369
 11
288.269532262
 21
228.1310368724
  0
LINE
  5
3EE
100
AcDbEntity
  8
0
100
AcDbLine
 62
7
  6
CONTINUOUS
 10
289.7370793989
 20
225.2343348287
 11
289.4460605475
 21
225.8273692366
  0
LINE
  5
3EF
100
AcDbEntity
  8
0
100
AcDbLine
 62
7
  6
CONTINUOUS
 10
288.754387845
 20
227.2368508204
 11
288.4803078066
 21
227.7953675369
  0
LINE
  5
3F0
100
AcDbEntity
  8
0
100
AcDbLine
 62
7
  6
CONTINUOUS
 10
294.7713248385
 20
216.0675526211
 11
294.9543498277
 21
215.6945866928
  0
LINE
  5
3F1
100
AcDbEntity
  8
0
100
AcDbLine
 62
7
  6
CONTINUOUS
 10
295.546130626
 20
214.4886635244
 11
295.7291556151
 21
214.115697596
  0
LINE
  5
3F2
100
AcDbEntity
  8
0
100
AcDbLine
 62
7
  6
CONTINUOUS
 10
296.3209364134
 20
212.9097744276
 11
296.5039614026
 21
212.5368084992
  0
LINE
  5
3F3
100
AcDbEntity
  8
0
100
AcDbLine
 62
7
  6
CONTINUOUS
 10
289.8320173618
 20
227.0763271052
 11
289.6489923726
 21
227.4492930336
  0
LINE
  5
3F4
100
AcDbEntity
  8
0
100
AcDbLine
 62
7
  6
CONTINUOUS
 10
289.8562336949
 20
227.3037191377
 11
290.6283360784
 21
225.730339002
  0
LINE
  5
3F5
100
AcDbEntity
  8
0
100
AcDbLine
 62
7
  6
CONTINUOUS
 10
297.1118617208
 20
212.5368084992
 11
296.9288367316
 21
212.9097744276
  0
LINE
  5
3F6
100
AcDbEntity
  8
0
100
AcDbLine
 62
7
  6
CONTINUOUS
 10
296.3370559333
 20
214.115697596
 11
296.1540309442
 21
214.4886635244
  0
LINE
  5
3F7
100
AcDbEntity
  8
0
100
AcDbLine
 62
7
  6
CONTINUOUS
 10
295.5622501459
 20
215.6945866928
 11
295.3792251567
 21
216.0675526211
  0
LINE
  5
3F8
100
AcDbEntity
  8
0
100
AcDbLine
 62
7
  6
CONTINUOUS
 10
289.874028543
 20
227.3613033408
 11
289.8916613811
 21
227.3253713739
  0
LINE
  5
3F9
100
AcDbEntity
  8
0
100
AcDbLine
 62
7
  6
CONTINUOUS
 10
293.578270685
 20
216.2433254088
 11
292.432871393
 21
212.5368084992
  0
LINE
  5
3FA
100
AcDbEntity
  8
0
100
AcDbLine
 62
7
  6
CONTINUOUS
 10
293.7488664917
 20
216.2433254088
 11
293.2066354621
 21
214.4886635244
  0
LINE
  5
3FB
100
AcDbEntity
  8
0
100
AcDbLine
 62
7
  6
CONTINUOUS
 10
296.6728932589
 20
224.9668090822
 11
296.7555648905
 21
225.2343348287
  0
LINE
  5
3FC
100
AcDbEntity
  8
0
100
AcDbLine
 62
7
  6
CONTINUOUS
 10
297.7922354077
 20
227.7953675369
 11
297.6469957433
 21
227.3253713739
  0
LINE
  5
3FD
100
AcDbEntity
  8
0
100
AcDbLine
 62
7
  6
CONTINUOUS
 10
297.8382884621
 20
227.7953675369
 11
297.6930487977
 21
227.3253713739
  0
LINE
  5
3FE
100
AcDbEntity
  8
0
100
AcDbLine
 62
7
  6
CONTINUOUS
 10
294.3567668099
 20
216.2433254088
 11
293.8145357803
 21
214.4886635244
  0
LINE
  5
3FF
100
AcDbEntity
  8
0
100
AcDbLine
 62
7
  6
CONTINUOUS
 10
294.655046881
 20
216.2433254088
 11
293.9975607694
 21
214.115697596
  0
LINE
  5
400
100
AcDbEntity
  8
0
100
AcDbLine
 62
7
  6
CONTINUOUS
 10
298.1780180488
 20
227.4492930336
 11
297.4108731984
 21
224.9668090822
  0
LINE
  5
401
100
AcDbEntity
  8
0
100
AcDbLine
 62
7
  6
CONTINUOUS
 10
298.3547868012
 20
227.8722895802
 11
298.2240711032
 21
227.4492930336
  0
LINE
  5
402
100
AcDbEntity
  8
0
100
AcDbLine
 62
7
  6
CONTINUOUS
 10
294.8256426877
 20
216.2433254088
 11
294.7713248385
 21
216.0675526211
  0
LINE
  5
403
100
AcDbEntity
  8
0
100
AcDbLine
 62
7
  6
CONTINUOUS
 10
294.8854195337
 20
215.835051944
 11
293.9814412496
 21
212.9097744276
  0
LINE
  5
404
100
AcDbEntity
  8
0
100
AcDbLine
 62
7
  6
CONTINUOUS
 10
295.4335430059
 20
216.2433254088
 11
295.3792251567
 21
216.0675526211
  0
LINE
  5
405
100
AcDbEntity
  8
0
100
AcDbLine
 62
7
  6
CONTINUOUS
 10
299.0916356717
 20
227.8722895802
 11
298.9609199737
 21
227.4492930336
  0
LINE
  5
406
100
AcDbEntity
  8
0
100
AcDbLine
 62
7
  6
CONTINUOUS
 10
299.0069730281
 20
227.4492930336
 11
298.2398281777
 21
224.9668090822
  0
LINE
  5
407
100
AcDbEntity
  8
0
100
AcDbLine
 62
7
  6
CONTINUOUS
 10
295.4499128465
 20
215.6945866928
 11
294.5893415677
 21
212.9097744276
  0
LINE
  5
408
100
AcDbEntity
  8
0
100
AcDbLine
 62
7
  6
CONTINUOUS
 10
295.731823077
 20
216.2433254088
 11
295.5622501459
 21
215.6945866928
  0
LINE
  5
409
100
AcDbEntity
  8
0
100
AcDbLine
 62
7
  6
CONTINUOUS
 10
299.161739811
 20
227.1339113083
 11
299.2746606609
 21
227.4993236518
  0
LINE
  5
40A
100
AcDbEntity
  8
0
100
AcDbLine
 62
7
  6
CONTINUOUS
 10
298.5381082489
 20
224.9668090822
 11
299.1899980173
 21
227.0763271052
  0
LINE
  5
40B
100
AcDbEntity
  8
0
100
AcDbLine
 62
7
  6
CONTINUOUS
 10
295.9177658488
 20
216.2433254088
 11
294.7723665569
 21
212.5368084992
  0
LINE
  5
40C
100
AcDbEntity
  8
0
100
AcDbLine
 62
7
  6
CONTINUOUS
 10
296.0883616556
 20
216.2433254088
 11
295.546130626
 21
214.4886635244
  0
LINE
  5
40D
100
AcDbEntity
  8
0
100
AcDbLine
 62
7
  6
CONTINUOUS
 10
299.0123884228
 20
224.9668090822
 11
299.0950600544
 21
225.2343348287
  0
LINE
  5
40E
100
AcDbEntity
  8
0
100
AcDbLine
 62
7
  6
CONTINUOUS
 10
300.1317305716
 20
227.7953675369
 11
299.9864909072
 21
227.3253713739
  0
LINE
  5
40F
100
AcDbEntity
  8
0
100
AcDbLine
 62
7
  6
CONTINUOUS
 10
300.177783626
 20
227.7953675369
 11
300.0325439616
 21
227.3253713739
  0
LINE
  5
410
100
AcDbEntity
  8
0
100
AcDbLine
 62
7
  6
CONTINUOUS
 10
296.7099087381
 20
216.2874863955
 11
296.1540309442
 21
214.4886635244
  0
LINE
  5
411
100
AcDbEntity
  8
0
100
AcDbLine
 62
7
  6
CONTINUOUS
 10
296.3253396367
 20
216.5852108432
 11
296.618657846
 21
217.0552070061
  0
LINE
  5
412
100
AcDbEntity
  8
0
100
AcDbLine
 62
7
  6
CONTINUOUS
 10
266.5560186114
 20
216.3403556434
 11
266.079675413
 21
216.2433254088
  0
LINE
  5
413
100
AcDbEntity
  8
0
100
AcDbLine
 62
7
  6
CONTINUOUS
 10
251.365946763
 20
220.658510922
 11
248.3724982266
 21
220.658510922
  0
LINE
  5
414
100
AcDbEntity
  8
0
100
AcDbLine
 62
7
  6
CONTINUOUS
 10
331.9587919756
 20
220.658510922
 11
334.9522405121
 21
220.658510922
  0
LINE
  5
415
100
AcDbEntity
  8
0
100
AcDbLine
 62
7
  6
CONTINUOUS
 10
251.3930028826
 20
222.2251647984
 11
248.8566304414
 21
222.2251647984
  0
LINE
  5
416
100
AcDbEntity
  8
0
100
AcDbLine
 62
7
  6
CONTINUOUS
 10
332.9000002857
 20
222.2251647984
 11
335.4363727269
 21
222.2251647984
  0
LINE
  5
417
100
AcDbEntity
  8
0
100
AcDbLine
 62
7
  6
CONTINUOUS
 10
304.6340982198
 20
215.2580824655
 11
304.8793187672
 21
215.1337604893
  0
LINE
  5
418
100
AcDbEntity
  8
0
100
AcDbLine
 62
7
  6
CONTINUOUS
 10
317.5123063274
 20
210.5904642476
 11
317.2670857801
 21
210.7147862238
  0
LINE
  5
419
100
AcDbEntity
  8
0
100
AcDbLine
 62
7
  6
CONTINUOUS
 10
290.4637877614
 20
227.6610407095
 11
290.6285102516
 21
227.3253713739
  0
LINE
  5
41A
100
AcDbEntity
  8
0
100
AcDbLine
 62
7
  6
CONTINUOUS
 10
290.674563306
 20
227.3253713739
 11
290.9486433445
 21
226.7668546574
  0
LINE
  5
41B
100
AcDbEntity
  8
0
100
AcDbLine
 62
7
  6
CONTINUOUS
 10
291.6403160469
 20
225.3573730736
 11
291.8319769062
 21
224.9668090822
  0
LINE
  5
41C
100
AcDbEntity
  8
0
100
AcDbLine
 62
7
  6
CONTINUOUS
 10
292.0927244197
 20
224.9668090822
 11
292.0320874425
 21
225.090374321
  0
LINE
  5
41D
100
AcDbEntity
  8
0
100
AcDbLine
 62
7
  6
CONTINUOUS
 10
290.7737499161
 20
227.7953675369
 11
290.6090274258
 21
228.1310368724
  0
LINE
  5
41E
100
AcDbEntity
  8
0
100
AcDbLine
 62
7
  6
CONTINUOUS
 10
292.0765745628
 20
225.2343348287
 11
291.7855557114
 21
225.8273692366
  0
LINE
  5
41F
100
AcDbEntity
  8
0
100
AcDbLine
 62
7
  6
CONTINUOUS
 10
291.0938830089
 20
227.2368508204
 11
290.8198029705
 21
227.7953675369
  0
LINE
  5
420
100
AcDbEntity
  8
0
100
AcDbLine
 62
7
  6
CONTINUOUS
 10
296.3253396367
 20
216.5852108432
 11
296.4931125435
 21
216.2433254088
  0
LINE
  5
421
100
AcDbEntity
  8
0
100
AcDbLine
 62
7
  6
CONTINUOUS
 10
299.6807977714
 20
209.7475021563
 11
299.5130248647
 21
210.0893875907
  0
LINE
  5
422
100
AcDbEntity
  8
0
100
AcDbLine
 62
7
  6
CONTINUOUS
 10
299.6233180848
 20
210.932349682
 11
299.9741159807
 21
210.2174983193
  0
LINE
  5
423
100
AcDbEntity
  8
0
100
AcDbLine
 62
7
  6
CONTINUOUS
 10
296.9694557419
 20
216.3403556434
 11
296.618657846
 21
217.0552070061
  0
LINE
  5
424
100
AcDbEntity
  8
0
100
AcDbLine
 62
7
  6
CONTINUOUS
 10
297.1108200024
 20
216.0675526211
 11
297.2938449916
 21
215.6945866928
  0
LINE
  5
425
100
AcDbEntity
  8
0
100
AcDbLine
 62
7
  6
CONTINUOUS
 10
297.8856257899
 20
214.4886635244
 11
298.068650779
 21
214.115697596
  0
LINE
  5
426
100
AcDbEntity
  8
0
100
AcDbLine
 62
7
  6
CONTINUOUS
 10
298.6604315773
 20
212.9097744276
 11
298.8434565665
 21
212.5368084992
  0
LINE
  5
427
100
AcDbEntity
  8
0
100
AcDbLine
 62
7
  6
CONTINUOUS
 10
292.1715125256
 20
227.0763271052
 11
291.9884875365
 21
227.4492930336
  0
LINE
  5
428
100
AcDbEntity
  8
0
100
AcDbLine
 62
7
  6
CONTINUOUS
 10
292.1957288587
 20
227.3037191377
 11
292.9678312423
 21
225.730339002
  0
LINE
  5
429
100
AcDbEntity
  8
0
100
AcDbLine
 62
7
  6
CONTINUOUS
 10
299.4513568847
 20
212.5368084992
 11
299.2683318955
 21
212.9097744276
  0
LINE
  5
42A
100
AcDbEntity
  8
0
100
AcDbLine
 62
7
  6
CONTINUOUS
 10
298.6765510972
 20
214.115697596
 11
298.493526108
 21
214.4886635244
  0
LINE
  5
42B
100
AcDbEntity
  8
0
100
AcDbLine
 62
7
  6
CONTINUOUS
 10
297.9017453097
 20
215.6945866928
 11
297.7187203206
 21
216.0675526211
  0
LINE
  5
42C
100
AcDbEntity
  8
0
100
AcDbLine
 62
7
  6
CONTINUOUS
 10
292.2135237069
 20
227.3613033408
 11
292.231156545
 21
227.3253713739
  0
LINE
  5
42D
100
AcDbEntity
  8
0
100
AcDbLine
 62
7
  6
CONTINUOUS
 10
298.3100889525
 20
216.4142768434
 11
298.2395996109
 21
216.5579191016
  0
LINE
  5
42E
100
AcDbEntity
  8
0
100
AcDbLine
 62
7
  6
CONTINUOUS
 10
292.8032829253
 20
227.6610407095
 11
292.9680054155
 21
227.3253713739
  0
LINE
  5
42F
100
AcDbEntity
  8
0
100
AcDbLine
 62
7
  6
CONTINUOUS
 10
293.0140584699
 20
227.3253713739
 11
293.2881385084
 21
226.7668546574
  0
LINE
  5
430
100
AcDbEntity
  8
0
100
AcDbLine
 62
7
  6
CONTINUOUS
 10
293.9798112108
 20
225.3573730736
 11
294.1714720701
 21
224.9668090822
  0
LINE
  5
431
100
AcDbEntity
  8
0
100
AcDbLine
 62
7
  6
CONTINUOUS
 10
294.4322195835
 20
224.9668090822
 11
294.3715826064
 21
225.090374321
  0
LINE
  5
432
100
AcDbEntity
  8
0
100
AcDbLine
 62
7
  6
CONTINUOUS
 10
293.11324508
 20
227.7953675369
 11
292.9485225897
 21
228.1310368724
  0
LINE
  5
433
100
AcDbEntity
  8
0
100
AcDbLine
 62
7
  6
CONTINUOUS
 10
294.4160697266
 20
225.2343348287
 11
294.1250508753
 21
225.8273692366
  0
LINE
  5
434
100
AcDbEntity
  8
0
100
AcDbLine
 62
7
  6
CONTINUOUS
 10
293.4333781728
 20
227.2368508204
 11
293.1592981344
 21
227.7953675369
  0
LINE
  5
435
100
AcDbEntity
  8
0
100
AcDbLine
 62
7
  6
CONTINUOUS
 10
297.0751062337
 20
216.6822410777
 11
296.9694557419
 21
216.3403556434
  0
LINE
  5
436
100
AcDbEntity
  8
0
100
AcDbLine
 62
7
  6
CONTINUOUS
 10
297.1301771192
 20
216.6822410777
 11
296.3370559333
 21
214.115697596
  0
LINE
  5
437
100
AcDbEntity
  8
0
100
AcDbLine
 62
7
  6
CONTINUOUS
 10
300.5175132127
 20
227.4492930336
 11
299.7503683623
 21
224.9668090822
  0
LINE
  5
438
100
AcDbEntity
  8
0
100
AcDbLine
 62
7
  6
CONTINUOUS
 10
300.6942819651
 20
227.8722895802
 11
300.5635662671
 21
227.4492930336
  0
LINE
  5
439
100
AcDbEntity
  8
0
100
AcDbLine
 62
7
  6
CONTINUOUS
 10
297.3007729259
 20
216.6822410777
 11
297.1108200024
 21
216.0675526211
  0
LINE
  5
43A
100
AcDbEntity
  8
0
100
AcDbLine
 62
7
  6
CONTINUOUS
 10
297.2249146976
 20
215.835051944
 11
296.3209364134
 21
212.9097744276
  0
LINE
  5
43B
100
AcDbEntity
  8
0
100
AcDbLine
 62
7
  6
CONTINUOUS
 10
297.8702548834
 20
216.5579191016
 11
297.7187203206
 21
216.0675526211
  0
LINE
  5
43C
100
AcDbEntity
  8
0
100
AcDbLine
 62
7
  6
CONTINUOUS
 10
301.4311308356
 20
227.8722895802
 11
301.3004151376
 21
227.4492930336
  0
LINE
  5
43D
100
AcDbEntity
  8
0
100
AcDbLine
 62
7
  6
CONTINUOUS
 10
301.346468192
 20
227.4492930336
 11
300.5793233416
 21
224.9668090822
  0
LINE
  5
43E
100
AcDbEntity
  8
0
100
AcDbLine
 62
7
  6
CONTINUOUS
 10
297.7894080104
 20
215.6945866928
 11
296.9288367316
 21
212.9097744276
  0
LINE
  5
43F
100
AcDbEntity
  8
0
100
AcDbLine
 62
7
  6
CONTINUOUS
 10
298.1685349545
 20
216.5579191016
 11
297.9017453097
 21
215.6945866928
  0
LINE
  5
440
100
AcDbEntity
  8
0
100
AcDbLine
 62
7
  6
CONTINUOUS
 10
301.5012349749
 20
227.1339113083
 11
301.6141558248
 21
227.4993236518
  0
LINE
  5
441
100
AcDbEntity
  8
0
100
AcDbLine
 62
7
  6
CONTINUOUS
 10
300.8776034127
 20
224.9668090822
 11
301.5294931812
 21
227.0763271052
  0
LINE
  5
442
100
AcDbEntity
  8
0
100
AcDbLine
 62
7
  6
CONTINUOUS
 10
298.3100889525
 20
216.4142768434
 11
297.1118617208
 21
212.5368084992
  0
LINE
  5
443
100
AcDbEntity
  8
0
100
AcDbLine
 62
7
  6
CONTINUOUS
 10
298.5250735331
 20
216.5579191016
 11
297.8856257899
 21
214.4886635244
  0
LINE
  5
444
100
AcDbEntity
  8
0
100
AcDbLine
 62
7
  6
CONTINUOUS
 10
301.3518835867
 20
224.9668090822
 11
301.4345552183
 21
225.2343348287
  0
LINE
  5
445
100
AcDbEntity
  8
0
100
AcDbLine
 62
7
  6
CONTINUOUS
 10
302.4712257355
 20
227.7953675369
 11
302.3259860711
 21
227.3253713739
  0
LINE
  5
446
100
AcDbEntity
  8
0
100
AcDbLine
 62
7
  6
CONTINUOUS
 10
302.5172787899
 20
227.7953675369
 11
302.3720391255
 21
227.3253713739
  0
LINE
  5
447
100
AcDbEntity
  8
0
100
AcDbLine
 62
7
  6
CONTINUOUS
 10
299.1329738513
 20
216.5579191016
 11
298.493526108
 21
214.4886635244
  0
LINE
  5
448
100
AcDbEntity
  8
0
100
AcDbLine
 62
7
  6
CONTINUOUS
 10
299.4312539224
 20
216.5579191016
 11
298.6765510972
 21
214.115697596
  0
LINE
  5
449
100
AcDbEntity
  8
0
100
AcDbLine
 62
7
  6
CONTINUOUS
 10
302.8570083766
 20
227.4492930336
 11
302.0898635262
 21
224.9668090822
  0
LINE
  5
44A
100
AcDbEntity
  8
0
100
AcDbLine
 62
7
  6
CONTINUOUS
 10
303.033777129
 20
227.8722895802
 11
302.903061431
 21
227.4492930336
  0
LINE
  5
44B
100
AcDbEntity
  8
0
100
AcDbLine
 62
7
  6
CONTINUOUS
 10
299.6018497291
 20
216.5579191016
 11
299.4503151663
 21
216.0675526211
  0
LINE
  5
44C
100
AcDbEntity
  8
0
100
AcDbLine
 62
7
  6
CONTINUOUS
 10
299.5644098615
 20
215.835051944
 11
298.6604315773
 21
212.9097744276
  0
LINE
  5
44D
100
AcDbEntity
  8
0
100
AcDbLine
 62
7
  6
CONTINUOUS
 10
300.3627232999
 20
216.5579191016
 11
300.4859271878
 21
216.6822410777
  0
LINE
  5
44E
100
AcDbEntity
  8
0
100
AcDbLine
 62
7
  6
CONTINUOUS
 10
328.6519978118
 20
223.0060065017
 11
328.8113711642
 21
223.0060065017
  0
LINE
  5
44F
100
AcDbEntity
  8
0
100
AcDbLine
 62
7
  6
CONTINUOUS
 10
256.1770170827
 20
223.0079182209
 11
256.807542123
 21
223.0079182209
  0
LINE
  5
450
100
AcDbEntity
  8
0
100
AcDbLine
 62
7
  6
CONTINUOUS
 10
256.8202000809
 20
223.0488794259
 11
256.4728465691
 21
223.0488794259
  0
LINE
  5
451
100
AcDbEntity
  8
0
100
AcDbLine
 62
7
  6
CONTINUOUS
 10
256.8490138514
 20
223.142120908
 11
256.4270903218
 21
223.142120908
  0
LINE
  5
452
100
AcDbEntity
  8
0
100
AcDbLine
 62
7
  6
CONTINUOUS
 10
255.6667740841
 20
223.1480976519
 11
255.5173706243
 21
223.1480976519
  0
LINE
  5
453
100
AcDbEntity
  8
0
100
AcDbLine
 62
7
  6
CONTINUOUS
 10
255.630088585
 20
223.241339134
 11
255.471614377
 21
223.241339134
  0
LINE
  5
454
100
AcDbEntity
  8
0
100
AcDbLine
 62
7
  6
CONTINUOUS
 10
255.7842020895
 20
223.4330845688
 11
255.8509635644
 21
223.4330845688
  0
LINE
  5
455
100
AcDbEntity
  8
0
100
AcDbLine
 62
7
  6
CONTINUOUS
 10
255.9212678907
 20
223.4585608484
 11
255.8666448659
 21
223.4585608484
  0
LINE
  5
456
100
AcDbEntity
  8
0
100
AcDbLine
 62
7
  6
CONTINUOUS
 10
255.8755116435
 20
223.5518023305
 11
255.8208886186
 21
223.5518023305
  0
LINE
  5
457
100
AcDbEntity
  8
0
100
AcDbLine
 62
7
  6
CONTINUOUS
 10
256.3863252508
 20
223.68524033
 11
256.5450242449
 21
223.68524033
  0
LINE
  5
458
100
AcDbEntity
  8
0
100
AcDbLine
 62
7
  6
CONTINUOUS
 10
255.6218894271
 20
223.7079897884
 11
255.780363635
 21
223.7079897884
  0
LINE
  5
459
100
AcDbEntity
  8
0
100
AcDbLine
 62
7
  6
CONTINUOUS
 10
329.073627488
 20
223.8546690647
 11
328.9888241534
 21
223.8546690647
  0
LINE
  5
45A
100
AcDbEntity
  8
0
100
AcDbLine
 62
7
  6
CONTINUOUS
 10
329.1024412585
 20
223.9479105468
 11
328.9430679061
 21
223.9479105468
  0
LINE
  5
45B
100
AcDbEntity
  8
0
100
AcDbLine
 62
7
  6
CONTINUOUS
 10
254.1910426912
 20
224.4355296116
 11
251.2175095963
 21
224.4355296116
  0
LINE
  5
45C
100
AcDbEntity
  8
0
100
AcDbLine
 62
7
  6
CONTINUOUS
 10
333.1458933867
 20
224.4355296116
 11
337.7972518818
 21
224.4355296116
  0
LINE
  5
45D
100
AcDbEntity
  8
0
100
AcDbLine
 62
7
  6
CONTINUOUS
 10
331.6322456078
 20
224.9668090822
 11
254.3552203125
 21
224.9668090822
  0
LINE
  5
45E
100
AcDbEntity
  8
0
100
AcDbLine
 62
7
  6
CONTINUOUS
 10
311.3912904714
 20
216.6822410777
 11
311.6365110187
 21
216.5579191016
  0
LINE
  5
45F
100
AcDbEntity
  8
0
100
AcDbLine
 62
7
  6
CONTINUOUS
 10
299.4503151663
 20
216.0675526211
 11
299.6333401554
 21
215.6945866928
  0
LINE
  5
460
100
AcDbEntity
  8
0
100
AcDbLine
 62
7
  6
CONTINUOUS
 10
300.2251209537
 20
214.4886635244
 11
300.4081459429
 21
214.115697596
  0
LINE
  5
461
100
AcDbEntity
  8
0
100
AcDbLine
 62
7
  6
CONTINUOUS
 10
300.9999267412
 20
212.9097744276
 11
301.1829517304
 21
212.5368084992
  0
LINE
  5
462
100
AcDbEntity
  8
0
100
AcDbLine
 62
7
  6
CONTINUOUS
 10
294.5110076895
 20
227.0763271052
 11
294.3279827004
 21
227.4492930336
  0
LINE
  5
463
100
AcDbEntity
  8
0
100
AcDbLine
 62
7
  6
CONTINUOUS
 10
294.5352240226
 20
227.3037191377
 11
295.3073264062
 21
225.730339002
  0
LINE
  5
464
100
AcDbEntity
  8
0
100
AcDbLine
 62
7
  6
CONTINUOUS
 10
301.7908520485
 20
212.5368084992
 11
301.6078270594
 21
212.9097744276
  0
LINE
  5
465
100
AcDbEntity
  8
0
100
AcDbLine
 62
7
  6
CONTINUOUS
 10
301.0160462611
 20
214.115697596
 11
300.8330212719
 21
214.4886635244
  0
LINE
  5
466
100
AcDbEntity
  8
0
100
AcDbLine
 62
7
  6
CONTINUOUS
 10
300.2412404736
 20
215.6945866928
 11
300.0582154845
 21
216.0675526211
  0
LINE
  5
467
100
AcDbEntity
  8
0
100
AcDbLine
 62
7
  6
CONTINUOUS
 10
294.5530188707
 20
227.3613033408
 11
294.5706517089
 21
227.3253713739
  0
LINE
  5
468
100
AcDbEntity
  8
0
100
AcDbLine
 62
7
  6
CONTINUOUS
 10
300.6495841164
 20
216.4142768434
 11
300.5354894212
 21
216.6467775206
  0
LINE
  5
469
100
AcDbEntity
  8
0
100
AcDbLine
 62
7
  6
CONTINUOUS
 10
295.1427780892
 20
227.6610407095
 11
295.3075005794
 21
227.3253713739
  0
LINE
  5
46A
100
AcDbEntity
  8
0
100
AcDbLine
 62
7
  6
CONTINUOUS
 10
295.3535536338
 20
227.3253713739
 11
295.6276336722
 21
226.7668546574
  0
LINE
  5
46B
100
AcDbEntity
  8
0
100
AcDbLine
 62
7
  6
CONTINUOUS
 10
296.3193063747
 20
225.3573730736
 11
296.5109672339
 21
224.9668090822
  0
LINE
  5
46C
100
AcDbEntity
  8
0
100
AcDbLine
 62
7
  6
CONTINUOUS
 10
304.0460629598
 20
210.0893875907
 11
304.2138358666
 21
209.7475021563
  0
LINE
  5
46D
100
AcDbEntity
  8
0
100
AcDbLine
 62
7
  6
CONTINUOUS
 10
301.0261506386
 20
216.2433254088
 11
300.8583777319
 21
216.5852108432
  0
LINE
  5
46E
100
AcDbEntity
  8
0
100
AcDbLine
 62
7
  6
CONTINUOUS
 10
296.7717147474
 20
224.9668090822
 11
296.7110777702
 21
225.090374321
  0
LINE
  5
46F
100
AcDbEntity
  8
0
100
AcDbLine
 62
7
  6
CONTINUOUS
 10
295.4527402439
 20
227.7953675369
 11
295.2880177536
 21
228.1310368724
  0
LINE
  5
470
100
AcDbEntity
  8
0
100
AcDbLine
 62
7
  6
CONTINUOUS
 10
296.7555648905
 20
225.2343348287
 11
296.4645460392
 21
225.8273692366
  0
LINE
  5
471
100
AcDbEntity
  8
0
100
AcDbLine
 62
7
  6
CONTINUOUS
 10
295.7728733367
 20
227.2368508204
 11
295.4987932983
 21
227.7953675369
  0
LINE
  5
472
100
AcDbEntity
  8
0
100
AcDbLine
 62
7
  6
CONTINUOUS
 10
296.8505028534
 20
227.0763271052
 11
296.6674778642
 21
227.4492930336
  0
LINE
  5
473
100
AcDbEntity
  8
0
100
AcDbLine
 62
7
  6
CONTINUOUS
 10
296.8747191865
 20
227.3037191377
 11
297.6468215701
 21
225.730339002
  0
LINE
  5
474
100
AcDbEntity
  8
0
100
AcDbLine
 62
7
  6
CONTINUOUS
 10
296.8925140346
 20
227.3613033408
 11
296.9101468728
 21
227.3253713739
  0
LINE
  5
475
100
AcDbEntity
  8
0
100
AcDbLine
 62
7
  6
CONTINUOUS
 10
300.8555388515
 20
217.0552070061
 11
300.8583777319
 21
216.5852108432
  0
LINE
  5
476
100
AcDbEntity
  8
0
100
AcDbLine
 62
7
  6
CONTINUOUS
 10
299.5130248647
 20
210.0893875907
 11
299.6233180848
 21
210.932349682
  0
LINE
  5
477
100
AcDbEntity
  8
0
100
AcDbLine
 62
7
  6
CONTINUOUS
 10
300.2097500473
 20
216.5579191016
 11
300.0582154845
 21
216.0675526211
  0
LINE
  5
478
100
AcDbEntity
  8
0
100
AcDbLine
 62
7
  6
CONTINUOUS
 10
303.7706259995
 20
227.8722895802
 11
303.6399103015
 21
227.4492930336
  0
LINE
  5
479
100
AcDbEntity
  8
0
100
AcDbLine
 62
7
  6
CONTINUOUS
 10
303.6859633559
 20
227.4492930336
 11
302.9188185055
 21
224.9668090822
  0
LINE
  5
47A
100
AcDbEntity
  8
0
100
AcDbLine
 62
7
  6
CONTINUOUS
 10
300.1289031743
 20
215.6945866928
 11
299.2683318955
 21
212.9097744276
  0
LINE
  5
47B
100
AcDbEntity
  8
0
100
AcDbLine
 62
7
  6
CONTINUOUS
 10
300.5464484791
 20
216.6822410777
 11
300.2412404736
 21
215.6945866928
  0
LINE
  5
47C
100
AcDbEntity
  8
0
100
AcDbLine
 62
7
  6
CONTINUOUS
 10
303.8407301388
 20
227.1339113083
 11
303.9536509887
 21
227.4993236518
  0
LINE
  5
47D
100
AcDbEntity
  8
0
100
AcDbLine
 62
7
  6
CONTINUOUS
 10
303.2170985766
 20
224.9668090822
 11
303.8689883451
 21
227.0763271052
  0
LINE
  5
47E
100
AcDbEntity
  8
0
100
AcDbLine
 62
7
  6
CONTINUOUS
 10
300.6495841164
 20
216.4142768434
 11
299.4513568847
 21
212.5368084992
  0
LINE
  5
47F
100
AcDbEntity
  8
0
100
AcDbLine
 62
7
  6
CONTINUOUS
 10
300.8673514909
 20
216.5669242345
 11
300.2251209537
 21
214.4886635244
  0
LINE
  5
480
100
AcDbEntity
  8
0
100
AcDbLine
 62
7
  6
CONTINUOUS
 10
303.6913787505
 20
224.9668090822
 11
303.7740503822
 21
225.2343348287
  0
LINE
  5
481
100
AcDbEntity
  8
0
100
AcDbLine
 62
7
  6
CONTINUOUS
 10
303.8968469109
 20
224.9668090822
 11
304.4901420535
 21
226.8867146504
  0
LINE
  5
482
100
AcDbEntity
  8
0
100
AcDbLine
 62
7
  6
CONTINUOUS
 10
304.8107208994
 20
227.7953675369
 11
304.6654812349
 21
227.3253713739
  0
LINE
  5
483
100
AcDbEntity
  8
0
100
AcDbLine
 62
7
  6
CONTINUOUS
 10
300.6070460795
 20
214.115697596
 11
299.6233180848
 21
210.932349682
  0
LINE
  5
484
100
AcDbEntity
  8
0
100
AcDbLine
 62
7
  6
CONTINUOUS
 10
304.8567739538
 20
227.7953675369
 11
304.7115342893
 21
227.3253713739
  0
LINE
  5
485
100
AcDbEntity
  8
0
100
AcDbLine
 62
7
  6
CONTINUOUS
 10
301.3752523015
 20
216.2433254088
 11
300.8330212719
 21
214.4886635244
  0
LINE
  5
486
100
AcDbEntity
  8
0
100
AcDbLine
 62
7
  6
CONTINUOUS
 10
299.7910909916
 20
210.5904642476
 11
300.8804694781
 21
214.115697596
  0
LINE
  5
487
100
AcDbEntity
  8
0
100
AcDbLine
 62
7
  6
CONTINUOUS
 10
301.6735323727
 20
216.2433254088
 11
301.0160462611
 21
214.115697596
  0
LINE
  5
488
100
AcDbEntity
  8
0
100
AcDbLine
 62
7
  6
CONTINUOUS
 10
302.0300709512
 20
216.2433254088
 11
300.9999267412
 21
212.9097744276
  0
LINE
  5
489
100
AcDbEntity
  8
0
100
AcDbLine
 62
7
  6
CONTINUOUS
 10
300.3437276444
 20
210.5904642476
 11
301.037062674
 21
212.8340993095
  0
LINE
  5
48A
100
AcDbEntity
  8
0
100
AcDbLine
 62
7
  6
CONTINUOUS
 10
300.4669315323
 20
210.7147862238
 11
301.0890871695
 21
212.7280844733
  0
LINE
  5
48B
100
AcDbEntity
  8
0
100
AcDbLine
 62
7
  6
CONTINUOUS
 10
302.6379712694
 20
216.2433254088
 11
301.6078270594
 21
212.9097744276
  0
LINE
  5
48C
100
AcDbEntity
  8
0
100
AcDbLine
 62
7
  6
CONTINUOUS
 10
302.9362513405
 20
216.2433254088
 11
301.7908520485
 21
212.5368084992
  0
LINE
  5
48D
100
AcDbEntity
  8
0
100
AcDbLine
 62
7
  6
CONTINUOUS
 10
284.3741678885
 20
226.8867146504
 11
255.7936423234
 21
226.8867146504
  0
LINE
  5
48E
100
AcDbEntity
  8
0
100
AcDbLine
 62
7
  6
CONTINUOUS
 10
304.4901420535
 20
226.8867146504
 11
333.0706676186
 21
226.8867146504
  0
LINE
  5
48F
100
AcDbEntity
  8
0
100
AcDbLine
 62
7
  6
CONTINUOUS
 10
304.7115342893
 20
227.3253713739
 11
304.6654812349
 21
227.3253713739
  0
LINE
  5
490
100
AcDbEntity
  8
0
100
AcDbLine
 62
7
  6
CONTINUOUS
 10
303.9286323644
 20
227.3253713739
 11
303.899895719
 21
227.3253713739
  0
LINE
  5
491
100
AcDbEntity
  8
0
100
AcDbLine
 62
7
  6
CONTINUOUS
 10
302.3720391255
 20
227.3253713739
 11
302.3259860711
 21
227.3253713739
  0
LINE
  5
492
100
AcDbEntity
  8
0
100
AcDbLine
 62
7
  6
CONTINUOUS
 10
301.5891372005
 20
227.3253713739
 11
301.5604005551
 21
227.3253713739
  0
LINE
  5
493
100
AcDbEntity
  8
0
100
AcDbLine
 62
7
  6
CONTINUOUS
 10
300.0325439616
 20
227.3253713739
 11
299.9864909072
 21
227.3253713739
  0
LINE
  5
494
100
AcDbEntity
  8
0
100
AcDbLine
 62
7
  6
CONTINUOUS
 10
299.2496420367
 20
227.3253713739
 11
299.2209053912
 21
227.3253713739
  0
LINE
  5
495
100
AcDbEntity
  8
0
100
AcDbLine
 62
7
  6
CONTINUOUS
 10
297.6930487977
 20
227.3253713739
 11
297.6469957433
 21
227.3253713739
  0
LINE
  5
496
100
AcDbEntity
  8
0
100
AcDbLine
 62
7
  6
CONTINUOUS
 10
296.9101468728
 20
227.3253713739
 11
296.8814102273
 21
227.3253713739
  0
LINE
  5
497
100
AcDbEntity
  8
0
100
AcDbLine
 62
7
  6
CONTINUOUS
 10
295.3535536338
 20
227.3253713739
 11
295.3075005794
 21
227.3253713739
  0
LINE
  5
498
100
AcDbEntity
  8
0
100
AcDbLine
 62
7
  6
CONTINUOUS
 10
294.5706517089
 20
227.3253713739
 11
294.5419150635
 21
227.3253713739
  0
LINE
  5
499
100
AcDbEntity
  8
0
100
AcDbLine
 62
7
  6
CONTINUOUS
 10
293.0140584699
 20
227.3253713739
 11
292.9680054155
 21
227.3253713739
  0
LINE
  5
49A
100
AcDbEntity
  8
0
100
AcDbLine
 62
7
  6
CONTINUOUS
 10
292.231156545
 20
227.3253713739
 11
292.2024198996
 21
227.3253713739
  0
LINE
  5
49B
100
AcDbEntity
  8
0
100
AcDbLine
 62
7
  6
CONTINUOUS
 10
290.674563306
 20
227.3253713739
 11
290.6285102516
 21
227.3253713739
  0
LINE
  5
49C
100
AcDbEntity
  8
0
100
AcDbLine
 62
7
  6
CONTINUOUS
 10
289.8916613811
 20
227.3253713739
 11
289.8629247357
 21
227.3253713739
  0
LINE
  5
49D
100
AcDbEntity
  8
0
100
AcDbLine
 62
7
  6
CONTINUOUS
 10
287.5234295718
 20
227.3253713739
 11
287.5521662172
 21
227.3253713739
  0
LINE
  5
49E
100
AcDbEntity
  8
0
100
AcDbLine
 62
7
  6
CONTINUOUS
 10
288.2890150877
 20
227.3253713739
 11
288.3350681422
 21
227.3253713739
  0
LINE
  5
49F
100
AcDbEntity
  8
0
100
AcDbLine
 62
7
  6
CONTINUOUS
 10
303.6859633559
 20
227.4492930336
 11
303.6399103015
 21
227.4492930336
  0
LINE
  5
4A0
100
AcDbEntity
  8
0
100
AcDbLine
 62
7
  6
CONTINUOUS
 10
302.903061431
 20
227.4492930336
 11
302.8570083766
 21
227.4492930336
  0
LINE
  5
4A1
100
AcDbEntity
  8
0
100
AcDbLine
 62
7
  6
CONTINUOUS
 10
301.346468192
 20
227.4492930336
 11
301.3004151376
 21
227.4492930336
  0
LINE
  5
4A2
100
AcDbEntity
  8
0
100
AcDbLine
 62
7
  6
CONTINUOUS
 10
300.5635662671
 20
227.4492930336
 11
300.5175132127
 21
227.4492930336
  0
LINE
  5
4A3
100
AcDbEntity
  8
0
100
AcDbLine
 62
7
  6
CONTINUOUS
 10
299.0069730281
 20
227.4492930336
 11
298.9609199737
 21
227.4492930336
  0
LINE
  5
4A4
100
AcDbEntity
  8
0
100
AcDbLine
 62
7
  6
CONTINUOUS
 10
298.2240711032
 20
227.4492930336
 11
298.1780180488
 21
227.4492930336
  0
LINE
  5
4A5
100
AcDbEntity
  8
0
100
AcDbLine
 62
7
  6
CONTINUOUS
 10
296.6674778642
 20
227.4492930336
 11
296.6214248098
 21
227.4492930336
  0
LINE
  5
4A6
100
AcDbEntity
  8
0
100
AcDbLine
 62
7
  6
CONTINUOUS
 10
295.8845759393
 20
227.4492930336
 11
295.8385228849
 21
227.4492930336
  0
LINE
  5
4A7
100
AcDbEntity
  8
0
100
AcDbLine
 62
7
  6
CONTINUOUS
 10
294.3279827004
 20
227.4492930336
 11
294.2819296459
 21
227.4492930336
  0
LINE
  5
4A8
100
AcDbEntity
  8
0
100
AcDbLine
 62
7
  6
CONTINUOUS
 10
293.5450807754
 20
227.4492930336
 11
293.499027721
 21
227.4492930336
  0
LINE
  5
4A9
100
AcDbEntity
  8
0
100
AcDbLine
 62
7
  6
CONTINUOUS
 10
291.9884875365
 20
227.4492930336
 11
291.9424344821
 21
227.4492930336
  0
LINE
  5
4AA
100
AcDbEntity
  8
0
100
AcDbLine
 62
7
  6
CONTINUOUS
 10
291.2055856115
 20
227.4492930336
 11
291.1595325571
 21
227.4492930336
  0
LINE
  5
4AB
100
AcDbEntity
  8
0
100
AcDbLine
 62
7
  6
CONTINUOUS
 10
289.6489923726
 20
227.4492930336
 11
289.6029393182
 21
227.4492930336
  0
LINE
  5
4AC
100
AcDbEntity
  8
0
100
AcDbLine
 62
7
  6
CONTINUOUS
 10
288.8660904477
 20
227.4492930336
 11
288.8200373933
 21
227.4492930336
  0
LINE
  5
4AD
100
AcDbEntity
  8
0
100
AcDbLine
 62
7
  6
CONTINUOUS
 10
287.3094972087
 20
227.4492930336
 11
287.2634441543
 21
227.4492930336
  0
LINE
  5
4AE
100
AcDbEntity
  8
0
100
AcDbLine
 62
7
  6
CONTINUOUS
 10
286.5265952838
 20
227.4492930336
 11
286.4805422294
 21
227.4492930336
  0
LINE
  5
4AF
100
AcDbEntity
  8
0
100
AcDbLine
 62
7
  6
CONTINUOUS
 10
304.5007587447
 20
227.6610407095
 11
304.0167994718
 21
227.6610407095
  0
LINE
  5
4B0
100
AcDbEntity
  8
0
100
AcDbLine
 62
7
  6
CONTINUOUS
 10
302.1612635808
 20
227.6610407095
 11
301.6773043079
 21
227.6610407095
  0
LINE
  5
4B1
100
AcDbEntity
  8
0
100
AcDbLine
 62
7
  6
CONTINUOUS
 10
299.8217684169
 20
227.6610407095
 11
299.3378091441
 21
227.6610407095
  0
LINE
  5
4B2
100
AcDbEntity
  8
0
100
AcDbLine
 62
7
  6
CONTINUOUS
 10
297.482273253
 20
227.6610407095
 11
296.9983139802
 21
227.6610407095
  0
LINE
  5
4B3
100
AcDbEntity
  8
0
100
AcDbLine
 62
7
  6
CONTINUOUS
 10
295.1427780892
 20
227.6610407095
 11
294.6588188163
 21
227.6610407095
  0
LINE
  5
4B4
100
AcDbEntity
  8
0
100
AcDbLine
 62
7
  6
CONTINUOUS
 10
292.8032829253
 20
227.6610407095
 11
292.3193236524
 21
227.6610407095
  0
LINE
  5
4B5
100
AcDbEntity
  8
0
100
AcDbLine
 62
7
  6
CONTINUOUS
 10
290.4637877614
 20
227.6610407095
 11
289.9798284885
 21
227.6610407095
  0
LINE
  5
4B6
100
AcDbEntity
  8
0
100
AcDbLine
 62
7
  6
CONTINUOUS
 10
287.6419808614
 20
227.6610407095
 11
288.1242925975
 21
227.6610407095
  0
LINE
  5
4B7
100
AcDbEntity
  8
0
100
AcDbLine
 62
7
  6
CONTINUOUS
 10
304.8567739538
 20
227.7953675369
 11
304.8107208994
 21
227.7953675369
  0
LINE
  5
4B8
100
AcDbEntity
  8
0
100
AcDbLine
 62
7
  6
CONTINUOUS
 10
302.5172787899
 20
227.7953675369
 11
302.4712257355
 21
227.7953675369
  0
LINE
  5
4B9
100
AcDbEntity
  8
0
100
AcDbLine
 62
7
  6
CONTINUOUS
 10
300.177783626
 20
227.7953675369
 11
300.1317305716
 21
227.7953675369
  0
LINE
  5
4BA
100
AcDbEntity
  8
0
100
AcDbLine
 62
7
  6
CONTINUOUS
 10
297.8382884621
 20
227.7953675369
 11
297.7922354077
 21
227.7953675369
  0
LINE
  5
4BB
100
AcDbEntity
  8
0
100
AcDbLine
 62
7
  6
CONTINUOUS
 10
295.4987932983
 20
227.7953675369
 11
295.4527402439
 21
227.7953675369
  0
LINE
  5
4BC
100
AcDbEntity
  8
0
100
AcDbLine
 62
7
  6
CONTINUOUS
 10
293.1592981344
 20
227.7953675369
 11
293.11324508
 21
227.7953675369
  0
LINE
  5
4BD
100
AcDbEntity
  8
0
100
AcDbLine
 62
7
  6
CONTINUOUS
 10
290.8198029705
 20
227.7953675369
 11
290.7737499161
 21
227.7953675369
  0
LINE
  5
4BE
100
AcDbEntity
  8
0
100
AcDbLine
 62
7
  6
CONTINUOUS
 10
288.4803078066
 20
227.7953675369
 11
288.4342547522
 21
227.7953675369
  0
LINE
  5
4BF
100
AcDbEntity
  8
0
100
AcDbLine
 62
7
  6
CONTINUOUS
 10
303.7706259995
 20
227.8722895802
 11
303.033777129
 21
227.8722895802
  0
LINE
  5
4C0
100
AcDbEntity
  8
0
100
AcDbLine
 62
7
  6
CONTINUOUS
 10
301.4311308356
 20
227.8722895802
 11
300.6942819651
 21
227.8722895802
  0
LINE
  5
4C1
100
AcDbEntity
  8
0
100
AcDbLine
 62
7
  6
CONTINUOUS
 10
299.0916356717
 20
227.8722895802
 11
298.3547868012
 21
227.8722895802
  0
LINE
  5
4C2
100
AcDbEntity
  8
0
100
AcDbLine
 62
7
  6
CONTINUOUS
 10
296.7521405078
 20
227.8722895802
 11
296.0152916373
 21
227.8722895802
  0
LINE
  5
4C3
100
AcDbEntity
  8
0
100
AcDbLine
 62
7
  6
CONTINUOUS
 10
294.412645344
 20
227.8722895802
 11
293.6757964734
 21
227.8722895802
  0
LINE
  5
4C4
100
AcDbEntity
  8
0
100
AcDbLine
 62
7
  6
CONTINUOUS
 10
292.0731501801
 20
227.8722895802
 11
291.3363013096
 21
227.8722895802
  0
LINE
  5
4C5
100
AcDbEntity
  8
0
100
AcDbLine
 62
7
  6
CONTINUOUS
 10
289.7336550162
 20
227.8722895802
 11
288.9968061457
 21
227.8722895802
  0
LINE
  5
4C6
100
AcDbEntity
  8
0
100
AcDbLine
 62
7
  6
CONTINUOUS
 10
286.6573109818
 20
227.8722895802
 11
287.3941598523
 21
227.8722895802
  0
LINE
  5
4C7
100
AcDbEntity
  8
0
100
AcDbLine
 62
7
  6
CONTINUOUS
 10
287.8822264901
 20
228.4777137199
 11
287.1453776196
 21
228.4777137199
  0
LINE
  5
4C8
100
AcDbEntity
  8
0
100
AcDbLine
 62
7
  6
CONTINUOUS
 10
289.4848727834
 20
228.4777137199
 11
290.221721654
 21
228.4777137199
  0
LINE
  5
4C9
100
AcDbEntity
  8
0
100
AcDbLine
 62
7
  6
CONTINUOUS
 10
291.8243679473
 20
228.4777137199
 11
292.5612168178
 21
228.4777137199
  0
LINE
  5
4CA
100
AcDbEntity
  8
0
100
AcDbLine
 62
7
  6
CONTINUOUS
 10
294.1638631112
 20
228.4777137199
 11
294.9007119817
 21
228.4777137199
  0
LINE
  5
4CB
100
AcDbEntity
  8
0
100
AcDbLine
 62
7
  6
CONTINUOUS
 10
296.5033582751
 20
228.4777137199
 11
297.2402071456
 21
228.4777137199
  0
LINE
  5
4CC
100
AcDbEntity
  8
0
100
AcDbLine
 62
7
  6
CONTINUOUS
 10
298.842853439
 20
228.4777137199
 11
299.5797023095
 21
228.4777137199
  0
LINE
  5
4CD
100
AcDbEntity
  8
0
100
AcDbLine
 62
7
  6
CONTINUOUS
 10
301.1823486029
 20
228.4777137199
 11
301.9191974734
 21
228.4777137199
  0
LINE
  5
4CE
100
AcDbEntity
  8
0
100
AcDbLine
 62
7
  6
CONTINUOUS
 10
303.5218437668
 20
228.4777137199
 11
304.2586926373
 21
228.4777137199
  0
LINE
  5
4CF
100
AcDbEntity
  8
0
100
AcDbLine
 62
7
  6
CONTINUOUS
 10
318.6710692031
 20
215.2580824655
 11
318.9162897505
 21
215.1337604893
  0
LINE
  5
4D0
100
AcDbEntity
  8
0
100
AcDbLine
 62
7
  6
CONTINUOUS
 10
297.482273253
 20
227.6610407095
 11
297.6469957433
 21
227.3253713739
  0
LINE
  5
4D1
100
AcDbEntity
  8
0
100
AcDbLine
 62
7
  6
CONTINUOUS
 10
297.6930487977
 20
227.3253713739
 11
297.9671288361
 21
226.7668546574
  0
LINE
  5
4D2
100
AcDbEntity
  8
0
100
AcDbLine
 62
7
  6
CONTINUOUS
 10
298.6588015386
 20
225.3573730736
 11
298.8504623978
 21
224.9668090822
  0
LINE
  5
4D3
100
AcDbEntity
  8
0
100
AcDbLine
 62
7
  6
CONTINUOUS
 10
299.1112099113
 20
224.9668090822
 11
299.0505729341
 21
225.090374321
  0
LINE
  5
4D4
100
AcDbEntity
  8
0
100
AcDbLine
 62
7
  6
CONTINUOUS
 10
297.7922354077
 20
227.7953675369
 11
297.6275129175
 21
228.1310368724
  0
LINE
  5
4D5
100
AcDbEntity
  8
0
100
AcDbLine
 62
7
  6
CONTINUOUS
 10
299.0950600544
 20
225.2343348287
 11
298.804041203
 21
225.8273692366
  0
LINE
  5
4D6
100
AcDbEntity
  8
0
100
AcDbLine
 62
7
  6
CONTINUOUS
 10
298.1123685006
 20
227.2368508204
 11
297.8382884621
 21
227.7953675369
  0
LINE
  5
4D7
100
AcDbEntity
  8
0
100
AcDbLine
 62
7
  6
CONTINUOUS
 10
304.0311478837
 20
215.8486118521
 11
303.8374507147
 21
216.2433254088
  0
LINE
  5
4D8
100
AcDbEntity
  8
0
100
AcDbLine
 62
7
  6
CONTINUOUS
 10
299.1899980173
 20
227.0763271052
 11
299.0069730281
 21
227.4492930336
  0
LINE
  5
4D9
100
AcDbEntity
  8
0
100
AcDbLine
 62
7
  6
CONTINUOUS
 10
299.2142143504
 20
227.3037191377
 11
299.986316734
 21
225.730339002
  0
LINE
  5
4DA
100
AcDbEntity
  8
0
100
AcDbLine
 62
7
  6
CONTINUOUS
 10
299.2320091985
 20
227.3613033408
 11
299.2496420367
 21
227.3253713739
  0
LINE
  5
4DB
100
AcDbEntity
  8
0
100
AcDbLine
 62
7
  6
CONTINUOUS
 10
299.8217684169
 20
227.6610407095
 11
299.9864909072
 21
227.3253713739
  0
LINE
  5
4DC
100
AcDbEntity
  8
0
100
AcDbLine
 62
7
  6
CONTINUOUS
 10
300.0325439616
 20
227.3253713739
 11
300.306624
 21
226.7668546574
  0
LINE
  5
4DD
100
AcDbEntity
  8
0
100
AcDbLine
 62
7
  6
CONTINUOUS
 10
300.9982967025
 20
225.3573730736
 11
301.1899575617
 21
224.9668090822
  0
LINE
  5
4DE
100
AcDbEntity
  8
0
100
AcDbLine
 62
7
  6
CONTINUOUS
 10
301.4507050752
 20
224.9668090822
 11
301.390068098
 21
225.090374321
  0
LINE
  5
4DF
100
AcDbEntity
  8
0
100
AcDbLine
 62
7
  6
CONTINUOUS
 10
300.1317305716
 20
227.7953675369
 11
299.9670080814
 21
228.1310368724
  0
LINE
  5
4E0
100
AcDbEntity
  8
0
100
AcDbLine
 62
7
  6
CONTINUOUS
 10
301.4345552183
 20
225.2343348287
 11
301.1435363669
 21
225.8273692366
  0
LINE
  5
4E1
100
AcDbEntity
  8
0
100
AcDbLine
 62
7
  6
CONTINUOUS
 10
300.4518636645
 20
227.2368508204
 11
300.177783626
 21
227.7953675369
  0
LINE
  5
4E2
100
AcDbEntity
  8
0
100
AcDbLine
 62
7
  6
CONTINUOUS
 10
303.8601990903
 20
210.932349682
 11
304.0460629598
 21
210.0893875907
  0
LINE
  5
4E3
100
AcDbEntity
  8
0
100
AcDbLine
 62
7
  6
CONTINUOUS
 10
304.0311478837
 20
215.8486118521
 11
304.0185527755
 21
216.1295992158
  0
LINE
  5
4E4
100
AcDbEntity
  8
0
100
AcDbLine
 62
7
  6
CONTINUOUS
 10
305.1189428489
 20
215.0056497607
 11
305.0811575242
 21
215.8486118521
  0
LINE
  5
4E5
100
AcDbEntity
  8
0
100
AcDbLine
 62
7
  6
CONTINUOUS
 10
304.0536967945
 20
216.2433254088
 11
304.0185527755
 21
216.1295992158
  0
LINE
  5
4E6
100
AcDbEntity
  8
0
100
AcDbLine
 62
7
  6
CONTINUOUS
 10
303.2301147968
 20
210.7147862238
 11
304.6340982198
 21
215.2580824655
  0
LINE
  5
4E7
100
AcDbEntity
  8
0
100
AcDbLine
 62
7
  6
CONTINUOUS
 10
303.4753353441
 20
210.5904642476
 11
304.8793187672
 21
215.1337604893
  0
LINE
  5
4E8
100
AcDbEntity
  8
0
100
AcDbLine
 62
7
  6
CONTINUOUS
 10
303.8601990903
 20
210.932349682
 11
305.1189428489
 21
215.0056497607
  0
LINE
  5
4E9
100
AcDbEntity
  8
0
100
AcDbLine
 62
7
  6
CONTINUOUS
 10
299.9741159807
 20
210.2174983193
 11
299.6807977714
 21
209.7475021563
  0
LINE
  5
4EA
100
AcDbEntity
  8
0
100
AcDbLine
 62
7
  6
CONTINUOUS
 10
300.4669315323
 20
210.7147862238
 11
300.3437276444
 21
210.5904642476
  0
LINE
  5
4EB
100
AcDbEntity
  8
0
100
AcDbLine
 62
7
  6
CONTINUOUS
 10
328.89899681
 20
223.8052962952
 11
328.7108906973
 21
223.7072251007
  0
LINE
  5
4EC
100
AcDbEntity
  8
0
100
AcDbLine
 62
7
  6
CONTINUOUS
 10
328.755139023
 20
223.850412868
 11
328.9430679061
 21
223.9479105468
  0
LINE
  5
4ED
100
AcDbEntity
  8
0
100
AcDbLine
 62
7
  6
CONTINUOUS
 10
328.9888241534
 20
223.8546690647
 11
328.8008952702
 21
223.757171386
  0
LINE
  5
4EE
100
AcDbEntity
  8
0
100
AcDbLine
 62
7
  6
CONTINUOUS
 10
329.9784085594
 20
214.7863309418
 11
330.2027805586
 21
214.6893007073
  0
LINE
  5
4EF
100
AcDbEntity
  8
0
100
AcDbLine
 62
7
  6
CONTINUOUS
 10
301.5294931812
 20
227.0763271052
 11
301.346468192
 21
227.4492930336
  0
LINE
  5
4F0
100
AcDbEntity
  8
0
100
AcDbLine
 62
7
  6
CONTINUOUS
 10
301.5537095143
 20
227.3037191377
 11
302.3258118979
 21
225.730339002
  0
LINE
  5
4F1
100
AcDbEntity
  8
0
100
AcDbLine
 62
7
  6
CONTINUOUS
 10
301.5715043624
 20
227.3613033408
 11
301.5891372005
 21
227.3253713739
  0
LINE
  5
4F2
100
AcDbEntity
  8
0
100
AcDbLine
 62
7
  6
CONTINUOUS
 10
302.1612635808
 20
227.6610407095
 11
302.3259860711
 21
227.3253713739
  0
LINE
  5
4F3
100
AcDbEntity
  8
0
100
AcDbLine
 62
7
  6
CONTINUOUS
 10
302.3720391255
 20
227.3253713739
 11
302.6461191639
 21
226.7668546574
  0
LINE
  5
4F4
100
AcDbEntity
  8
0
100
AcDbLine
 62
7
  6
CONTINUOUS
 10
303.3377918664
 20
225.3573730736
 11
303.5294527256
 21
224.9668090822
  0
LINE
  5
4F5
100
AcDbEntity
  8
0
100
AcDbLine
 62
7
  6
CONTINUOUS
 10
303.7902002391
 20
224.9668090822
 11
303.7295632619
 21
225.090374321
  0
LINE
  5
4F6
100
AcDbEntity
  8
0
100
AcDbLine
 62
7
  6
CONTINUOUS
 10
302.4712257355
 20
227.7953675369
 11
302.3065032453
 21
228.1310368724
  0
LINE
  5
4F7
100
AcDbEntity
  8
0
100
AcDbLine
 62
7
  6
CONTINUOUS
 10
303.7740503822
 20
225.2343348287
 11
303.4830315308
 21
225.8273692366
  0
LINE
  5
4F8
100
AcDbEntity
  8
0
100
AcDbLine
 62
7
  6
CONTINUOUS
 10
302.7913588283
 20
227.2368508204
 11
302.5172787899
 21
227.7953675369
  0
LINE
  5
4F9
100
AcDbEntity
  8
0
100
AcDbLine
 62
7
  6
CONTINUOUS
 10
303.8689883451
 20
227.0763271052
 11
303.6859633559
 21
227.4492930336
  0
LINE
  5
4FA
100
AcDbEntity
  8
0
100
AcDbLine
 62
7
  6
CONTINUOUS
 10
303.8932046782
 20
227.3037191377
 11
304.3385572315
 21
226.3961855311
  0
LINE
  5
4FB
100
AcDbEntity
  8
0
100
AcDbLine
 62
7
  6
CONTINUOUS
 10
303.9109995263
 20
227.3613033408
 11
303.9286323644
 21
227.3253713739
  0
LINE
  5
4FC
100
AcDbEntity
  8
0
100
AcDbLine
 62
7
  6
CONTINUOUS
 10
310.36231062
 20
216.5852108432
 11
310.6556288293
 21
217.0552070061
  0
LINE
  5
4FD
100
AcDbEntity
  8
0
100
AcDbLine
 62
7
  6
CONTINUOUS
 10
304.5007587447
 20
227.6610407095
 11
304.6654812349
 21
227.3253713739
  0
LINE
  5
4FE
100
AcDbEntity
  8
0
100
AcDbLine
 62
7
  6
CONTINUOUS
 10
304.7115342893
 20
227.3253713739
 11
304.9267956201
 21
226.8867146504
  0
LINE
  5
4FF
100
AcDbEntity
  8
0
100
AcDbLine
 62
7
  6
CONTINUOUS
 10
304.8107208994
 20
227.7953675369
 11
304.6459984091
 21
228.1310368724
  0
LINE
  5
500
100
AcDbEntity
  8
0
100
AcDbLine
 62
7
  6
CONTINUOUS
 10
305.3026757696
 20
226.8867146504
 11
304.8567739538
 21
227.7953675369
  0
LINE
  5
501
100
AcDbEntity
  8
0
100
AcDbLine
 62
7
  6
CONTINUOUS
 10
310.36231062
 20
216.5852108432
 11
310.5300835268
 21
216.2433254088
  0
LINE
  5
502
100
AcDbEntity
  8
0
100
AcDbLine
 62
7
  6
CONTINUOUS
 10
313.7177687547
 20
209.7475021563
 11
313.549995848
 21
210.0893875907
  0
LINE
  5
503
100
AcDbEntity
  8
0
100
AcDbLine
 62
7
  6
CONTINUOUS
 10
313.6602890681
 20
210.932349682
 11
314.011086964
 21
210.2174983193
  0
LINE
  5
504
100
AcDbEntity
  8
0
100
AcDbLine
 62
7
  6
CONTINUOUS
 10
311.0064267252
 20
216.3403556434
 11
310.6556288293
 21
217.0552070061
  0
LINE
  5
505
100
AcDbEntity
  8
0
100
AcDbLine
 62
7
  6
CONTINUOUS
 10
311.1120772171
 20
216.6822410777
 11
311.0064267252
 21
216.3403556434
  0
LINE
  5
506
100
AcDbEntity
  8
0
100
AcDbLine
 62
7
  6
CONTINUOUS
 10
314.3996942832
 20
216.5579191016
 11
314.5228981711
 21
216.6822410777
  0
LINE
  5
507
100
AcDbEntity
  8
0
100
AcDbLine
 62
7
  6
CONTINUOUS
 10
315.7846820508
 20
215.1337604893
 11
315.9078859387
 21
215.2580824655
  0
LINE
  5
508
100
AcDbEntity
  8
0
100
AcDbLine
 62
7
  6
CONTINUOUS
 10
315.2320453979
 20
215.1337604893
 11
314.881247502
 21
215.8486118521
  0
LINE
  5
509
100
AcDbEntity
  8
0
100
AcDbLine
 62
7
  6
CONTINUOUS
 10
318.0830339432
 20
210.0893875907
 11
318.2508068499
 21
209.7475021563
  0
LINE
  5
50A
100
AcDbEntity
  8
0
100
AcDbLine
 62
7
  6
CONTINUOUS
 10
315.0631216219
 20
216.2433254088
 11
314.8953487152
 21
216.5852108432
  0
LINE
  5
50B
100
AcDbEntity
  8
0
100
AcDbLine
 62
7
  6
CONTINUOUS
 10
314.881247502
 20
215.8486118521
 11
314.9190328267
 21
215.0056497607
  0
LINE
  5
50C
100
AcDbEntity
  8
0
100
AcDbLine
 62
7
  6
CONTINUOUS
 10
314.8925098348
 20
217.0552070061
 11
314.8953487152
 21
216.5852108432
  0
LINE
  5
50D
100
AcDbEntity
  8
0
100
AcDbLine
 62
7
  6
CONTINUOUS
 10
313.549995848
 20
210.0893875907
 11
313.6602890681
 21
210.932349682
  0
LINE
  5
50E
100
AcDbEntity
  8
0
100
AcDbLine
 62
7
  6
CONTINUOUS
 10
314.9190328267
 20
215.0056497607
 11
313.6602890681
 21
210.932349682
  0
LINE
  5
50F
100
AcDbEntity
  8
0
100
AcDbLine
 62
7
  6
CONTINUOUS
 10
313.8280619749
 20
210.5904642476
 11
315.2320453979
 21
215.1337604893
  0
LINE
  5
510
100
AcDbEntity
  8
0
100
AcDbLine
 62
7
  6
CONTINUOUS
 10
314.3806986278
 20
210.5904642476
 11
315.7846820508
 21
215.1337604893
  0
LINE
  5
511
100
AcDbEntity
  8
0
100
AcDbLine
 62
7
  6
CONTINUOUS
 10
314.5039025157
 20
210.7147862238
 11
315.9078859387
 21
215.2580824655
  0
LINE
  5
512
100
AcDbEntity
  8
0
100
AcDbLine
 62
7
  6
CONTINUOUS
 10
314.011086964
 20
210.2174983193
 11
313.7177687547
 21
209.7475021563
  0
LINE
  5
513
100
AcDbEntity
  8
0
100
AcDbLine
 62
7
  6
CONTINUOUS
 10
314.5039025157
 20
210.7147862238
 11
314.3806986278
 21
210.5904642476
  0
LINE
  5
514
100
AcDbEntity
  8
0
100
AcDbLine
 62
7
  6
CONTINUOUS
 10
317.8971700736
 20
210.932349682
 11
318.0830339432
 21
210.0893875907
  0
LINE
  5
515
100
AcDbEntity
  8
0
100
AcDbLine
 62
7
  6
CONTINUOUS
 10
319.1559138322
 20
215.0056497607
 11
319.1181285075
 21
215.8486118521
  0
LINE
  5
516
100
AcDbEntity
  8
0
100
AcDbLine
 62
7
  6
CONTINUOUS
 10
317.2670857801
 20
210.7147862238
 11
318.6710692031
 21
215.2580824655
  0
LINE
  5
517
100
AcDbEntity
  8
0
100
AcDbLine
 62
7
  6
CONTINUOUS
 10
317.5123063274
 20
210.5904642476
 11
318.9162897505
 21
215.1337604893
  0
LINE
  5
518
100
AcDbEntity
  8
0
100
AcDbLine
 62
7
  6
CONTINUOUS
 10
317.8971700736
 20
210.932349682
 11
319.1559138322
 21
215.0056497607
  0
LINE
  5
519
100
AcDbEntity
  8
0
100
AcDbLine
 62
7
  6
CONTINUOUS
 10
332.9000002857
 20
222.2251647984
 11
331.1059310163
 21
223.2636528581
  0
LINE
  5
51A
100
AcDbEntity
  8
0
100
AcDbLine
 62
7
  6
CONTINUOUS
 10
332.7907278689
 20
210.932349682
 11
333.3811498465
 21
210.0893875907
  0
LINE
  5
51B
100
AcDbEntity
  8
0
100
AcDbLine
 62
7
  6
CONTINUOUS
 10
329.2634199337
 20
216.2433254088
 11
329.9784085594
 21
214.7863309418
  0
LINE
  5
51C
100
AcDbEntity
  8
0
100
AcDbLine
 62
7
  6
CONTINUOUS
 10
330.2027805586
 20
214.6893007073
 11
329.4401764371
 21
216.2433254088
  0
LINE
  5
51D
100
AcDbEntity
  8
0
100
AcDbLine
 62
7
  6
CONTINUOUS
 10
330.9470851434
 20
214.6893007073
 11
332.7907278689
 21
210.932349682
  0
LINE
  5
51E
100
AcDbEntity
  8
0
100
AcDbLine
 62
7
  6
CONTINUOUS
 10
333.3811498465
 20
210.0893875907
 11
331.1238416468
 21
214.6893007073
  0
LINE
  5
51F
100
AcDbEntity
  8
0
100
AcDbLine
 62
7
  6
CONTINUOUS
 10
328.755139023
 20
223.850412868
 11
328.7108906973
 21
223.7072251007
  0
LINE
  5
520
100
AcDbEntity
  8
0
100
AcDbLine
 62
7
  6
CONTINUOUS
 10
328.8008952702
 20
223.757171386
 11
328.799782266
 21
223.7535696995
  0
LINE
  5
521
100
AcDbEntity
  8
0
100
AcDbLine
 62
7
  6
CONTINUOUS
 10
328.89899681
 20
223.8052962952
 11
328.6519978118
 21
223.0060065017
  0
LINE
  5
522
100
AcDbEntity
  8
0
100
AcDbLine
 62
7
  6
CONTINUOUS
 10
328.9447530573
 20
223.7120548131
 11
328.7265678296
 21
223.0060065017
  0
LINE
  5
523
100
AcDbEntity
  8
0
100
AcDbLine
 62
7
  6
CONTINUOUS
 10
328.8113711642
 20
223.0060065017
 11
329.1024412585
 21
223.9479105468
  0
LINE
  5
524
100
AcDbEntity
  8
0
100
AcDbLine
 62
7
  6
CONTINUOUS
 10
331.6322456078
 20
224.9668090822
 11
331.1059310163
 21
223.2636528581
  0
LINE
  5
525
100
AcDbEntity
  8
0
100
AcDbLine
 62
7
  6
CONTINUOUS
 10
334.0555063517
 20
209.7475021563
 11
330.700048217
 21
216.5852108432
  0
LINE
  5
526
100
AcDbEntity
  8
0
100
AcDbLine
 62
7
  6
CONTINUOUS
 10
328.755139023
 20
223.850412868
 11
328.8008952702
 21
223.757171386
  0
LINE
  5
527
100
AcDbEntity
  8
0
100
AcDbLine
 62
7
  6
CONTINUOUS
 10
328.89899681
 20
223.8052962952
 11
328.9447530573
 21
223.7120548131
  0
LINE
  5
528
100
AcDbEntity
  8
0
100
AcDbLine
 62
7
  6
CONTINUOUS
 10
328.9430679061
 20
223.9479105468
 11
328.9888241534
 21
223.8546690647
  0
LINE
  5
529
100
AcDbEntity
  8
0
100
AcDbLine
 62
7
  6
CONTINUOUS
 10
332.1508164104
 20
223.9100722851
 11
333.0706676186
 21
226.8867146504
  0
LINE
  5
52A
100
AcDbEntity
  8
0
100
AcDbLine
 62
7
  6
CONTINUOUS
 10
330.700048217
 20
216.5852108432
 11
331.9587919756
 21
220.658510922
  0
LINE
  5
52B
100
AcDbEntity
  8
0
100
AcDbLine
 62
7
  6
CONTINUOUS
 10
333.1458933867
 20
224.4355296116
 11
332.5291720747
 21
222.4398168611
  0
LINE
  5
52C
100
AcDbEntity
  8
0
100
AcDbLine
 62
7
  6
CONTINUOUS
 10
331.9587919756
 20
220.658510922
 11
335.3142501103
 21
213.8208022351
  0
LINE
  5
52D
100
AcDbEntity
  8
0
100
AcDbLine
 62
7
  6
CONTINUOUS
 10
331.6322456078
 20
224.9668090822
 11
332.1508164104
 21
223.9100722851
  0
LINE
  5
52E
100
AcDbEntity
  8
0
100
AcDbLine
 62
7
  6
CONTINUOUS
 10
338.3076986468
 20
213.8208022351
 11
334.9522405121
 21
220.658510922
  0
LINE
  5
52F
100
AcDbEntity
  8
0
100
AcDbLine
 62
7
  6
CONTINUOUS
 10
335.4363727269
 20
222.2251647984
 11
334.9522405121
 21
220.658510922
  0
LINE
  5
530
100
AcDbEntity
  8
0
100
AcDbLine
 62
7
  6
CONTINUOUS
 10
337.7972518818
 20
224.4355296116
 11
336.465888291
 21
220.1272314513
  0
LINE
  5
531
100
AcDbEntity
  8
0
100
AcDbLine
 62
7
  6
CONTINUOUS
 10
334.2735338352
 20
224.4355296116
 11
333.0706676186
 21
226.8867146504
  0
LINE
  5
532
100
AcDbEntity
  8
0
100
AcDbLine
 62
7
  6
CONTINUOUS
 10
338.7676242509
 20
215.3091234177
 11
338.2719315719
 21
216.3192394737
  0
LINE
  5
533
100
AcDbEntity
  8
0
100
AcDbLine
 62
7
  6
CONTINUOUS
 10
335.4363727269
 20
222.2251647984
 11
336.465888291
 21
220.1272314513
  0
LINE
  5
534
100
AcDbEntity
  8
0
100
AcDbLine
 62
7
  6
CONTINUOUS
 10
335.3142501103
 20
213.8208022351
 11
334.0555063517
 21
209.7475021563
  0
LINE
  5
535
100
AcDbEntity
  8
0
100
AcDbLine
 62
7
  6
CONTINUOUS
 10
338.2719315719
 20
216.3192394737
 11
339.6275017734
 21
220.7058703278
  0
LINE
  5
536
100
AcDbEntity
  8
0
100
AcDbLine
 62
7
  6
CONTINUOUS
 10
338.3076986468
 20
213.8208022351
 11
338.7676242509
 21
215.3091234177
  0
LINE
  5
537
100
AcDbEntity
  8
0
100
AcDbLine
 62
7
  6
CONTINUOUS
 10
337.7972518818
 20
224.4355296116
 11
339.6275017734
 21
220.7058703278
  0
LINE
  5
538
100
AcDbEntity
  8
0
100
AcDbLine
 62
7
  6
CONTINUOUS
 10
68.5
 20
92.4725
 11
68.5
 21
103.4725
  0
LINE
  5
539
100
AcDbEntity
  8
0
100
AcDbLine
 62
7
  6
CONTINUOUS
 10
71.75
 20
92.4725
 11
71.75
 21
103.4725
  0
LINE
  5
53A
100
AcDbEntity
  8
0
100
AcDbLine
 62
7
  6
CONTINUOUS
 10
72.3
 20
100.4225
 11
72.3
 21
93.0225
  0
LINE
  5
53B
100
AcDbEntity
  8
0
100
AcDbLine
 62
7
  6
CONTINUOUS
 10
72.9
 20
93.6225
 11
72.9
 21
99.8225
  0
LINE
  5
53C
100
AcDbEntity
  8
0
100
AcDbLine
 62
7
  6
CONTINUOUS
 10
73.3
 20
102.9225
 11
73.3
 21
100.4225
  0
LINE
  5
53D
100
AcDbEntity
  8
0
100
AcDbLine
 62
7
  6
CONTINUOUS
 10
73.5
 20
94.4225
 11
73.5
 21
99.8225
  0
LINE
  5
53E
100
AcDbEntity
  8
0
100
AcDbLine
 62
7
  6
CONTINUOUS
 10
73.9
 20
99.8225
 11
73.9
 21
102.3225
  0
LINE
  5
53F
100
AcDbEntity
  8
0
100
AcDbLine
 62
7
  6
CONTINUOUS
 10
72.3
 20
100.4225
 11
72.9
 21
99.8225
  0
LINE
  5
540
100
AcDbEntity
  8
0
100
AcDbLine
 62
7
  6
CONTINUOUS
 10
88.9092304845
 20
93.0225
 11
88.9092304845
 21
92.4725
  0
LINE
  5
541
100
AcDbEntity
  8
0
100
AcDbLine
 62
7
  6
CONTINUOUS
 10
88.9092304845
 20
102.9225
 11
88.9092304845
 21
103.4725
  0
LINE
  5
542
100
AcDbEntity
  8
0
100
AcDbLine
 62
7
  6
CONTINUOUS
 10
89.07
 20
94.2225
 11
89.07
 21
92.4725
  0
LINE
  5
543
100
AcDbEntity
  8
0
100
AcDbLine
 62
7
  6
CONTINUOUS
 10
89.07
 20
101.7225
 11
89.07
 21
103.4725
  0
LINE
  5
544
100
AcDbEntity
  8
0
100
AcDbLine
 62
7
  6
CONTINUOUS
 10
72.3
 20
93.0225
 11
72.9
 21
93.6225
  0
LINE
  5
545
100
AcDbEntity
  8
0
100
AcDbLine
 62
7
  6
CONTINUOUS
 10
73.3
 20
100.4225
 11
73.9
 21
99.8225
  0
LINE
  5
546
100
AcDbEntity
  8
0
100
AcDbLine
 62
7
  6
CONTINUOUS
 10
73.3
 20
102.9225
 11
73.9
 21
102.3225
  0
LINE
  5
547
100
AcDbEntity
  8
0
100
AcDbLine
 62
7
  6
CONTINUOUS
 10
93.67
 20
92.4725
 11
93.67
 21
94.2225
  0
LINE
  5
548
100
AcDbEntity
  8
0
100
AcDbLine
 62
7
  6
CONTINUOUS
 10
93.67
 20
101.7225
 11
93.67
 21
103.4725
  0
LINE
  5
549
100
AcDbEntity
  8
0
100
AcDbLine
 62
7
  6
CONTINUOUS
 10
88.9092304845
 20
93.0225
 11
89.07
 21
93.6225
  0
LINE
  5
54A
100
AcDbEntity
  8
0
100
AcDbLine
 62
7
  6
CONTINUOUS
 10
93.8307695155
 20
102.9225
 11
93.67
 21
102.3225
  0
LINE
  5
54B
100
AcDbEntity
  8
0
100
AcDbLine
 62
7
  6
CONTINUOUS
 10
89.07
 20
102.3225
 11
88.9092304845
 21
102.9225
  0
LINE
  5
54C
100
AcDbEntity
  8
0
100
AcDbLine
 62
7
  6
CONTINUOUS
 10
93.67
 20
93.6225
 11
93.8307695155
 21
93.0225
  0
LINE
  5
54D
100
AcDbEntity
  8
0
100
AcDbLine
 62
7
  6
CONTINUOUS
 10
93.8307695155
 20
103.4725
 11
93.8307695155
 21
102.9225
  0
LINE
  5
54E
100
AcDbEntity
  8
0
100
AcDbLine
 62
7
  6
CONTINUOUS
 10
93.8307695155
 20
92.4725
 11
93.8307695155
 21
93.0225
  0
LINE
  5
54F
100
AcDbEntity
  8
0
100
AcDbLine
 62
7
  6
CONTINUOUS
 10
92.87
 20
102.6725
 11
93.07
 21
102.8725
  0
LINE
  5
550
100
AcDbEntity
  8
0
100
AcDbLine
 62
7
  6
CONTINUOUS
 10
93.07
 20
93.0725
 11
92.87
 21
93.2725
  0
LINE
  5
551
100
AcDbEntity
  8
0
100
AcDbLine
 62
7
  6
CONTINUOUS
 10
89.87
 20
93.2725
 11
89.67
 21
93.0725
  0
LINE
  5
552
100
AcDbEntity
  8
0
100
AcDbLine
 62
7
  6
CONTINUOUS
 10
89.67
 20
102.8725
 11
89.87
 21
102.6725
  0
LINE
  5
553
100
AcDbEntity
  8
0
100
AcDbLine
 62
7
  6
CONTINUOUS
 10
104.1492304845
 20
93.0225
 11
104.1492304845
 21
92.4725
  0
LINE
  5
554
100
AcDbEntity
  8
0
100
AcDbLine
 62
7
  6
CONTINUOUS
 10
104.1492304845
 20
102.9225
 11
104.1492304845
 21
103.4725
  0
LINE
  5
555
100
AcDbEntity
  8
0
100
AcDbLine
 62
7
  6
CONTINUOUS
 10
104.31
 20
94.2225
 11
104.31
 21
92.4725
  0
LINE
  5
556
100
AcDbEntity
  8
0
100
AcDbLine
 62
7
  6
CONTINUOUS
 10
104.31
 20
101.7225
 11
104.31
 21
103.4725
  0
LINE
  5
557
100
AcDbEntity
  8
0
100
AcDbLine
 62
7
  6
CONTINUOUS
 10
105.45
 20
94.2225
 11
105.45
 21
101.7225
  0
LINE
  5
558
100
AcDbEntity
  8
0
100
AcDbLine
 62
7
  6
CONTINUOUS
 10
106.28
 20
100.8125
 11
106.28
 21
100.2125
  0
LINE
  5
559
100
AcDbEntity
  8
0
100
AcDbLine
 62
7
  6
CONTINUOUS
 10
106.28
 20
98.2725
 11
106.28
 21
97.6725
  0
LINE
  5
55A
100
AcDbEntity
  8
0
100
AcDbLine
 62
7
  6
CONTINUOUS
 10
106.28
 20
95.7325
 11
106.28
 21
95.1325
  0
LINE
  5
55B
100
AcDbEntity
  8
0
100
AcDbLine
 62
7
  6
CONTINUOUS
 10
106.285
 20
92.4725
 11
106.285
 21
91.1525
  0
LINE
  5
55C
100
AcDbEntity
  8
0
100
AcDbLine
 62
7
  6
CONTINUOUS
 10
104.1492304845
 20
93.0225
 11
104.31
 21
93.6225
  0
LINE
  5
55D
100
AcDbEntity
  8
0
100
AcDbLine
 62
7
  6
CONTINUOUS
 10
104.31
 20
102.3225
 11
104.1492304845
 21
102.9225
  0
LINE
  5
55E
100
AcDbEntity
  8
0
100
AcDbLine
 62
7
  6
CONTINUOUS
 10
106.935
 20
92.4725
 11
106.935
 21
91.1525
  0
LINE
  5
55F
100
AcDbEntity
  8
0
100
AcDbLine
 62
7
  6
CONTINUOUS
 10
106.94
 20
95.1325
 11
106.94
 21
95.7325
  0
LINE
  5
560
100
AcDbEntity
  8
0
100
AcDbLine
 62
7
  6
CONTINUOUS
 10
106.94
 20
97.6725
 11
106.94
 21
98.2725
  0
LINE
  5
561
100
AcDbEntity
  8
0
100
AcDbLine
 62
7
  6
CONTINUOUS
 10
106.94
 20
100.2125
 11
106.94
 21
100.8125
  0
LINE
  5
562
100
AcDbEntity
  8
0
100
AcDbLine
 62
7
  6
CONTINUOUS
 10
108.82
 20
100.8125
 11
108.82
 21
100.2125
  0
LINE
  5
563
100
AcDbEntity
  8
0
100
AcDbLine
 62
7
  6
CONTINUOUS
 10
108.82
 20
98.2725
 11
108.82
 21
97.6725
  0
LINE
  5
564
100
AcDbEntity
  8
0
100
AcDbLine
 62
7
  6
CONTINUOUS
 10
108.82
 20
95.7325
 11
108.82
 21
95.1325
  0
LINE
  5
565
100
AcDbEntity
  8
0
100
AcDbLine
 62
7
  6
CONTINUOUS
 10
108.825
 20
92.4725
 11
108.825
 21
91.1525
  0
LINE
  5
566
100
AcDbEntity
  8
0
100
AcDbLine
 62
7
  6
CONTINUOUS
 10
108.91
 20
92.4725
 11
108.91
 21
94.2225
  0
LINE
  5
567
100
AcDbEntity
  8
0
100
AcDbLine
 62
7
  6
CONTINUOUS
 10
108.91
 20
101.7225
 11
108.91
 21
103.4725
  0
LINE
  5
568
100
AcDbEntity
  8
0
100
AcDbLine
 62
7
  6
CONTINUOUS
 10
109.0707695155
 20
103.4725
 11
109.0707695155
 21
102.9225
  0
LINE
  5
569
100
AcDbEntity
  8
0
100
AcDbLine
 62
7
  6
CONTINUOUS
 10
109.0707695155
 20
92.4725
 11
109.0707695155
 21
93.0225
  0
LINE
  5
56A
100
AcDbEntity
  8
0
100
AcDbLine
 62
7
  6
CONTINUOUS
 10
109.475
 20
92.4725
 11
109.475
 21
91.1525
  0
LINE
  5
56B
100
AcDbEntity
  8
0
100
AcDbLine
 62
7
  6
CONTINUOUS
 10
109.48
 20
95.1325
 11
109.48
 21
95.7325
  0
LINE
  5
56C
100
AcDbEntity
  8
0
100
AcDbLine
 62
7
  6
CONTINUOUS
 10
109.48
 20
97.6725
 11
109.48
 21
98.2725
  0
LINE
  5
56D
100
AcDbEntity
  8
0
100
AcDbLine
 62
7
  6
CONTINUOUS
 10
109.48
 20
100.2125
 11
109.48
 21
100.8125
  0
LINE
  5
56E
100
AcDbEntity
  8
0
100
AcDbLine
 62
7
  6
CONTINUOUS
 10
109.0707695155
 20
102.9225
 11
108.91
 21
102.3225
  0
LINE
  5
56F
100
AcDbEntity
  8
0
100
AcDbLine
 62
7
  6
CONTINUOUS
 10
108.11
 20
102.6725
 11
108.31
 21
102.8725
  0
LINE
  5
570
100
AcDbEntity
  8
0
100
AcDbLine
 62
7
  6
CONTINUOUS
 10
124.715
 20
91.1525
 11
124.065
 21
91.1525
  0
LINE
  5
571
100
AcDbEntity
  8
0
100
AcDbLine
 62
7
  6
CONTINUOUS
 10
122.175
 20
91.1525
 11
121.525
 21
91.1525
  0
LINE
  5
572
100
AcDbEntity
  8
0
100
AcDbLine
 62
7
  6
CONTINUOUS
 10
119.635
 20
91.1525
 11
118.985
 21
91.1525
  0
LINE
  5
573
100
AcDbEntity
  8
0
100
AcDbLine
 62
7
  6
CONTINUOUS
 10
117.095
 20
91.1525
 11
116.445
 21
91.1525
  0
LINE
  5
574
100
AcDbEntity
  8
0
100
AcDbLine
 62
7
  6
CONTINUOUS
 10
114.555
 20
91.1525
 11
113.905
 21
91.1525
  0
LINE
  5
575
100
AcDbEntity
  8
0
100
AcDbLine
 62
7
  6
CONTINUOUS
 10
112.015
 20
91.1525
 11
111.365
 21
91.1525
  0
LINE
  5
576
100
AcDbEntity
  8
0
100
AcDbLine
 62
7
  6
CONTINUOUS
 10
109.475
 20
91.1525
 11
108.825
 21
91.1525
  0
LINE
  5
577
100
AcDbEntity
  8
0
100
AcDbLine
 62
7
  6
CONTINUOUS
 10
106.935
 20
91.1525
 11
106.285
 21
91.1525
  0
LINE
  5
578
100
AcDbEntity
  8
0
100
AcDbLine
 62
7
  6
CONTINUOUS
 10
108.31
 20
93.0725
 11
108.11
 21
93.2725
  0
LINE
  5
579
100
AcDbEntity
  8
0
100
AcDbLine
 62
7
  6
CONTINUOUS
 10
108.91
 20
93.6225
 11
109.0707695155
 21
93.0225
  0
LINE
  5
57A
100
AcDbEntity
  8
0
100
AcDbLine
 62
7
  6
CONTINUOUS
 10
111.36
 20
100.8125
 11
111.36
 21
100.2125
  0
LINE
  5
57B
100
AcDbEntity
  8
0
100
AcDbLine
 62
7
  6
CONTINUOUS
 10
111.36
 20
98.2725
 11
111.36
 21
97.6725
  0
LINE
  5
57C
100
AcDbEntity
  8
0
100
AcDbLine
 62
7
  6
CONTINUOUS
 10
111.36
 20
95.7325
 11
111.36
 21
95.1325
  0
LINE
  5
57D
100
AcDbEntity
  8
0
100
AcDbLine
 62
7
  6
CONTINUOUS
 10
111.365
 20
92.4725
 11
111.365
 21
91.1525
  0
LINE
  5
57E
100
AcDbEntity
  8
0
100
AcDbLine
 62
7
  6
CONTINUOUS
 10
112.015
 20
92.4725
 11
112.015
 21
91.1525
  0
LINE
  5
57F
100
AcDbEntity
  8
0
100
AcDbLine
 62
7
  6
CONTINUOUS
 10
112.02
 20
95.1325
 11
112.02
 21
95.7325
  0
LINE
  5
580
100
AcDbEntity
  8
0
100
AcDbLine
 62
7
  6
CONTINUOUS
 10
112.02
 20
97.6725
 11
112.02
 21
98.2725
  0
LINE
  5
581
100
AcDbEntity
  8
0
100
AcDbLine
 62
7
  6
CONTINUOUS
 10
112.02
 20
100.2125
 11
112.02
 21
100.8125
  0
LINE
  5
582
100
AcDbEntity
  8
0
100
AcDbLine
 62
7
  6
CONTINUOUS
 10
105.11
 20
93.2725
 11
104.91
 21
93.0725
  0
LINE
  5
583
100
AcDbEntity
  8
0
100
AcDbLine
 62
7
  6
CONTINUOUS
 10
68.5
 20
92.4725
 11
162.5
 21
92.4725
  0
LINE
  5
584
100
AcDbEntity
  8
0
100
AcDbLine
 62
7
  6
CONTINUOUS
 10
72.3
 20
93.0225
 11
88.9092304845
 21
93.0225
  0
LINE
  5
585
100
AcDbEntity
  8
0
100
AcDbLine
 62
7
  6
CONTINUOUS
 10
93.8307695155
 20
93.0225
 11
104.1492304845
 21
93.0225
  0
LINE
  5
586
100
AcDbEntity
  8
0
100
AcDbLine
 62
7
  6
CONTINUOUS
 10
109.0707695155
 20
93.0225
 11
121.9292304845
 21
93.0225
  0
LINE
  5
587
100
AcDbEntity
  8
0
100
AcDbLine
 62
7
  6
CONTINUOUS
 10
126.8507695155
 20
93.0225
 11
137.1692304845
 21
93.0225
  0
LINE
  5
588
100
AcDbEntity
  8
0
100
AcDbLine
 62
7
  6
CONTINUOUS
 10
142.0907695155
 20
93.0225
 11
158.7
 21
93.0225
  0
LINE
  5
589
100
AcDbEntity
  8
0
100
AcDbLine
 62
7
  6
CONTINUOUS
 10
89.07
 20
93.0725
 11
89.67
 21
93.0725
  0
LINE
  5
58A
100
AcDbEntity
  8
0
100
AcDbLine
 62
7
  6
CONTINUOUS
 10
93.07
 20
93.0725
 11
93.67
 21
93.0725
  0
LINE
  5
58B
100
AcDbEntity
  8
0
100
AcDbLine
 62
7
  6
CONTINUOUS
 10
104.31
 20
93.0725
 11
104.91
 21
93.0725
  0
LINE
  5
58C
100
AcDbEntity
  8
0
100
AcDbLine
 62
7
  6
CONTINUOUS
 10
108.31
 20
93.0725
 11
108.91
 21
93.0725
  0
LINE
  5
58D
100
AcDbEntity
  8
0
100
AcDbLine
 62
7
  6
CONTINUOUS
 10
122.09
 20
93.0725
 11
122.69
 21
93.0725
  0
LINE
  5
58E
100
AcDbEntity
  8
0
100
AcDbLine
 62
7
  6
CONTINUOUS
 10
126.09
 20
93.0725
 11
126.69
 21
93.0725
  0
LINE
  5
58F
100
AcDbEntity
  8
0
100
AcDbLine
 62
7
  6
CONTINUOUS
 10
137.33
 20
93.0725
 11
137.93
 21
93.0725
  0
LINE
  5
590
100
AcDbEntity
  8
0
100
AcDbLine
 62
7
  6
CONTINUOUS
 10
141.33
 20
93.0725
 11
141.93
 21
93.0725
  0
LINE
  5
591
100
AcDbEntity
  8
0
100
AcDbLine
 62
7
  6
CONTINUOUS
 10
89.87
 20
93.2725
 11
92.87
 21
93.2725
  0
LINE
  5
592
100
AcDbEntity
  8
0
100
AcDbLine
 62
7
  6
CONTINUOUS
 10
105.11
 20
93.2725
 11
108.11
 21
93.2725
  0
LINE
  5
593
100
AcDbEntity
  8
0
100
AcDbLine
 62
7
  6
CONTINUOUS
 10
122.89
 20
93.2725
 11
125.89
 21
93.2725
  0
LINE
  5
594
100
AcDbEntity
  8
0
100
AcDbLine
 62
7
  6
CONTINUOUS
 10
138.13
 20
93.2725
 11
141.13
 21
93.2725
  0
LINE
  5
595
100
AcDbEntity
  8
0
100
AcDbLine
 62
7
  6
CONTINUOUS
 10
158.1
 20
93.6225
 11
141.93
 21
93.6225
  0
LINE
  5
596
100
AcDbEntity
  8
0
100
AcDbLine
 62
7
  6
CONTINUOUS
 10
137.33
 20
93.6225
 11
126.69
 21
93.6225
  0
LINE
  5
597
100
AcDbEntity
  8
0
100
AcDbLine
 62
7
  6
CONTINUOUS
 10
122.09
 20
93.6225
 11
108.91
 21
93.6225
  0
LINE
  5
598
100
AcDbEntity
  8
0
100
AcDbLine
 62
7
  6
CONTINUOUS
 10
104.31
 20
93.6225
 11
93.67
 21
93.6225
  0
LINE
  5
599
100
AcDbEntity
  8
0
100
AcDbLine
 62
7
  6
CONTINUOUS
 10
89.07
 20
93.6225
 11
72.9
 21
93.6225
  0
LINE
  5
59A
100
AcDbEntity
  8
0
100
AcDbLine
 62
7
  6
CONTINUOUS
 10
89.07
 20
94.2225
 11
93.67
 21
94.2225
  0
LINE
  5
59B
100
AcDbEntity
  8
0
100
AcDbLine
 62
7
  6
CONTINUOUS
 10
104.31
 20
94.2225
 11
105.45
 21
94.2225
  0
LINE
  5
59C
100
AcDbEntity
  8
0
100
AcDbLine
 62
7
  6
CONTINUOUS
 10
108.91
 20
94.2225
 11
122.09
 21
94.2225
  0
LINE
  5
59D
100
AcDbEntity
  8
0
100
AcDbLine
 62
7
  6
CONTINUOUS
 10
125.55
 20
94.2225
 11
126.69
 21
94.2225
  0
LINE
  5
59E
100
AcDbEntity
  8
0
100
AcDbLine
 62
7
  6
CONTINUOUS
 10
137.33
 20
94.2225
 11
141.93
 21
94.2225
  0
LINE
  5
59F
100
AcDbEntity
  8
0
100
AcDbLine
 62
7
  6
CONTINUOUS
 10
105.45
 20
94.4225
 11
72.9
 21
94.4225
  0
LINE
  5
5A0
100
AcDbEntity
  8
0
100
AcDbLine
 62
7
  6
CONTINUOUS
 10
125.55
 20
94.4225
 11
158.1
 21
94.4225
  0
LINE
  5
5A1
100
AcDbEntity
  8
0
100
AcDbLine
 62
7
  6
CONTINUOUS
 10
104.91
 20
102.8725
 11
105.11
 21
102.6725
  0
LINE
  5
5A2
100
AcDbEntity
  8
0
100
AcDbLine
 62
7
  6
CONTINUOUS
 10
113.9
 20
100.8125
 11
113.9
 21
100.2125
  0
LINE
  5
5A3
100
AcDbEntity
  8
0
100
AcDbLine
 62
7
  6
CONTINUOUS
 10
113.9
 20
98.2725
 11
113.9
 21
97.6725
  0
LINE
  5
5A4
100
AcDbEntity
  8
0
100
AcDbLine
 62
7
  6
CONTINUOUS
 10
113.9
 20
95.7325
 11
113.9
 21
95.1325
  0
LINE
  5
5A5
100
AcDbEntity
  8
0
100
AcDbLine
 62
7
  6
CONTINUOUS
 10
113.905
 20
92.4725
 11
113.905
 21
91.1525
  0
LINE
  5
5A6
100
AcDbEntity
  8
0
100
AcDbLine
 62
7
  6
CONTINUOUS
 10
114.555
 20
92.4725
 11
114.555
 21
91.1525
  0
LINE
  5
5A7
100
AcDbEntity
  8
0
100
AcDbLine
 62
7
  6
CONTINUOUS
 10
114.56
 20
95.1325
 11
114.56
 21
95.7325
  0
LINE
  5
5A8
100
AcDbEntity
  8
0
100
AcDbLine
 62
7
  6
CONTINUOUS
 10
114.56
 20
97.6725
 11
114.56
 21
98.2725
  0
LINE
  5
5A9
100
AcDbEntity
  8
0
100
AcDbLine
 62
7
  6
CONTINUOUS
 10
114.56
 20
100.2125
 11
114.56
 21
100.8125
  0
LINE
  5
5AA
100
AcDbEntity
  8
0
100
AcDbLine
 62
7
  6
CONTINUOUS
 10
106.28
 20
95.1325
 11
106.94
 21
95.1325
  0
LINE
  5
5AB
100
AcDbEntity
  8
0
100
AcDbLine
 62
7
  6
CONTINUOUS
 10
108.82
 20
95.1325
 11
109.48
 21
95.1325
  0
LINE
  5
5AC
100
AcDbEntity
  8
0
100
AcDbLine
 62
7
  6
CONTINUOUS
 10
111.36
 20
95.1325
 11
112.02
 21
95.1325
  0
LINE
  5
5AD
100
AcDbEntity
  8
0
100
AcDbLine
 62
7
  6
CONTINUOUS
 10
113.9
 20
95.1325
 11
114.56
 21
95.1325
  0
LINE
  5
5AE
100
AcDbEntity
  8
0
100
AcDbLine
 62
7
  6
CONTINUOUS
 10
116.44
 20
95.1325
 11
117.1
 21
95.1325
  0
LINE
  5
5AF
100
AcDbEntity
  8
0
100
AcDbLine
 62
7
  6
CONTINUOUS
 10
118.98
 20
95.1325
 11
119.64
 21
95.1325
  0
LINE
  5
5B0
100
AcDbEntity
  8
0
100
AcDbLine
 62
7
  6
CONTINUOUS
 10
121.52
 20
95.1325
 11
122.18
 21
95.1325
  0
LINE
  5
5B1
100
AcDbEntity
  8
0
100
AcDbLine
 62
7
  6
CONTINUOUS
 10
124.06
 20
95.1325
 11
124.72
 21
95.1325
  0
LINE
  5
5B2
100
AcDbEntity
  8
0
100
AcDbLine
 62
7
  6
CONTINUOUS
 10
124.72
 20
95.7325
 11
124.06
 21
95.7325
  0
LINE
  5
5B3
100
AcDbEntity
  8
0
100
AcDbLine
 62
7
  6
CONTINUOUS
 10
122.18
 20
95.7325
 11
121.52
 21
95.7325
  0
LINE
  5
5B4
100
AcDbEntity
  8
0
100
AcDbLine
 62
7
  6
CONTINUOUS
 10
119.64
 20
95.7325
 11
118.98
 21
95.7325
  0
LINE
  5
5B5
100
AcDbEntity
  8
0
100
AcDbLine
 62
7
  6
CONTINUOUS
 10
117.1
 20
95.7325
 11
116.44
 21
95.7325
  0
LINE
  5
5B6
100
AcDbEntity
  8
0
100
AcDbLine
 62
7
  6
CONTINUOUS
 10
114.56
 20
95.7325
 11
113.9
 21
95.7325
  0
LINE
  5
5B7
100
AcDbEntity
  8
0
100
AcDbLine
 62
7
  6
CONTINUOUS
 10
112.02
 20
95.7325
 11
111.36
 21
95.7325
  0
LINE
  5
5B8
100
AcDbEntity
  8
0
100
AcDbLine
 62
7
  6
CONTINUOUS
 10
109.48
 20
95.7325
 11
108.82
 21
95.7325
  0
LINE
  5
5B9
100
AcDbEntity
  8
0
100
AcDbLine
 62
7
  6
CONTINUOUS
 10
106.94
 20
95.7325
 11
106.28
 21
95.7325
  0
LINE
  5
5BA
100
AcDbEntity
  8
0
100
AcDbLine
 62
7
  6
CONTINUOUS
 10
106.28
 20
97.6725
 11
106.94
 21
97.6725
  0
LINE
  5
5BB
100
AcDbEntity
  8
0
100
AcDbLine
 62
7
  6
CONTINUOUS
 10
108.82
 20
97.6725
 11
109.48
 21
97.6725
  0
LINE
  5
5BC
100
AcDbEntity
  8
0
100
AcDbLine
 62
7
  6
CONTINUOUS
 10
111.36
 20
97.6725
 11
112.02
 21
97.6725
  0
LINE
  5
5BD
100
AcDbEntity
  8
0
100
AcDbLine
 62
7
  6
CONTINUOUS
 10
113.9
 20
97.6725
 11
114.56
 21
97.6725
  0
LINE
  5
5BE
100
AcDbEntity
  8
0
100
AcDbLine
 62
7
  6
CONTINUOUS
 10
116.44
 20
97.6725
 11
117.1
 21
97.6725
  0
LINE
  5
5BF
100
AcDbEntity
  8
0
100
AcDbLine
 62
7
  6
CONTINUOUS
 10
118.98
 20
97.6725
 11
119.64
 21
97.6725
  0
LINE
  5
5C0
100
AcDbEntity
  8
0
100
AcDbLine
 62
7
  6
CONTINUOUS
 10
121.52
 20
97.6725
 11
122.18
 21
97.6725
  0
LINE
  5
5C1
100
AcDbEntity
  8
0
100
AcDbLine
 62
7
  6
CONTINUOUS
 10
124.06
 20
97.6725
 11
124.72
 21
97.6725
  0
LINE
  5
5C2
100
AcDbEntity
  8
0
100
AcDbLine
 62
7
  6
CONTINUOUS
 10
116.44
 20
100.8125
 11
116.44
 21
100.2125
  0
LINE
  5
5C3
100
AcDbEntity
  8
0
100
AcDbLine
 62
7
  6
CONTINUOUS
 10
116.44
 20
98.2725
 11
116.44
 21
97.6725
  0
LINE
  5
5C4
100
AcDbEntity
  8
0
100
AcDbLine
 62
7
  6
CONTINUOUS
 10
116.44
 20
95.7325
 11
116.44
 21
95.1325
  0
LINE
  5
5C5
100
AcDbEntity
  8
0
100
AcDbLine
 62
7
  6
CONTINUOUS
 10
116.445
 20
92.4725
 11
116.445
 21
91.1525
  0
LINE
  5
5C6
100
AcDbEntity
  8
0
100
AcDbLine
 62
7
  6
CONTINUOUS
 10
117.095
 20
92.4725
 11
117.095
 21
91.1525
  0
LINE
  5
5C7
100
AcDbEntity
  8
0
100
AcDbLine
 62
7
  6
CONTINUOUS
 10
117.1
 20
95.1325
 11
117.1
 21
95.7325
  0
LINE
  5
5C8
100
AcDbEntity
  8
0
100
AcDbLine
 62
7
  6
CONTINUOUS
 10
117.1
 20
97.6725
 11
117.1
 21
98.2725
  0
LINE
  5
5C9
100
AcDbEntity
  8
0
100
AcDbLine
 62
7
  6
CONTINUOUS
 10
117.1
 20
100.2125
 11
117.1
 21
100.8125
  0
LINE
  5
5CA
100
AcDbEntity
  8
0
100
AcDbLine
 62
7
  6
CONTINUOUS
 10
118.98
 20
100.8125
 11
118.98
 21
100.2125
  0
LINE
  5
5CB
100
AcDbEntity
  8
0
100
AcDbLine
 62
7
  6
CONTINUOUS
 10
118.98
 20
98.2725
 11
118.98
 21
97.6725
  0
LINE
  5
5CC
100
AcDbEntity
  8
0
100
AcDbLine
 62
7
  6
CONTINUOUS
 10
118.98
 20
95.7325
 11
118.98
 21
95.1325
  0
LINE
  5
5CD
100
AcDbEntity
  8
0
100
AcDbLine
 62
7
  6
CONTINUOUS
 10
118.985
 20
92.4725
 11
118.985
 21
91.1525
  0
LINE
  5
5CE
100
AcDbEntity
  8
0
100
AcDbLine
 62
7
  6
CONTINUOUS
 10
125.89
 20
102.6725
 11
126.09
 21
102.8725
  0
LINE
  5
5CF
100
AcDbEntity
  8
0
100
AcDbLine
 62
7
  6
CONTINUOUS
 10
124.72
 20
98.2725
 11
124.06
 21
98.2725
  0
LINE
  5
5D0
100
AcDbEntity
  8
0
100
AcDbLine
 62
7
  6
CONTINUOUS
 10
122.18
 20
98.2725
 11
121.52
 21
98.2725
  0
LINE
  5
5D1
100
AcDbEntity
  8
0
100
AcDbLine
 62
7
  6
CONTINUOUS
 10
119.64
 20
98.2725
 11
118.98
 21
98.2725
  0
LINE
  5
5D2
100
AcDbEntity
  8
0
100
AcDbLine
 62
7
  6
CONTINUOUS
 10
117.1
 20
98.2725
 11
116.44
 21
98.2725
  0
LINE
  5
5D3
100
AcDbEntity
  8
0
100
AcDbLine
 62
7
  6
CONTINUOUS
 10
114.56
 20
98.2725
 11
113.9
 21
98.2725
  0
LINE
  5
5D4
100
AcDbEntity
  8
0
100
AcDbLine
 62
7
  6
CONTINUOUS
 10
112.02
 20
98.2725
 11
111.36
 21
98.2725
  0
LINE
  5
5D5
100
AcDbEntity
  8
0
100
AcDbLine
 62
7
  6
CONTINUOUS
 10
109.48
 20
98.2725
 11
108.82
 21
98.2725
  0
LINE
  5
5D6
100
AcDbEntity
  8
0
100
AcDbLine
 62
7
  6
CONTINUOUS
 10
106.94
 20
98.2725
 11
106.28
 21
98.2725
  0
LINE
  5
5D7
100
AcDbEntity
  8
0
100
AcDbLine
 62
7
  6
CONTINUOUS
 10
72.9
 20
99.8225
 11
73.9
 21
99.8225
  0
LINE
  5
5D8
100
AcDbEntity
  8
0
100
AcDbLine
 62
7
  6
CONTINUOUS
 10
157.1
 20
99.8225
 11
158.1
 21
99.8225
  0
LINE
  5
5D9
100
AcDbEntity
  8
0
100
AcDbLine
 62
7
  6
CONTINUOUS
 10
106.28
 20
100.2125
 11
106.94
 21
100.2125
  0
LINE
  5
5DA
100
AcDbEntity
  8
0
100
AcDbLine
 62
7
  6
CONTINUOUS
 10
108.82
 20
100.2125
 11
109.48
 21
100.2125
  0
LINE
  5
5DB
100
AcDbEntity
  8
0
100
AcDbLine
 62
7
  6
CONTINUOUS
 10
111.36
 20
100.2125
 11
112.02
 21
100.2125
  0
LINE
  5
5DC
100
AcDbEntity
  8
0
100
AcDbLine
 62
7
  6
CONTINUOUS
 10
113.9
 20
100.2125
 11
114.56
 21
100.2125
  0
LINE
  5
5DD
100
AcDbEntity
  8
0
100
AcDbLine
 62
7
  6
CONTINUOUS
 10
116.44
 20
100.2125
 11
117.1
 21
100.2125
  0
LINE
  5
5DE
100
AcDbEntity
  8
0
100
AcDbLine
 62
7
  6
CONTINUOUS
 10
118.98
 20
100.2125
 11
119.64
 21
100.2125
  0
LINE
  5
5DF
100
AcDbEntity
  8
0
100
AcDbLine
 62
7
  6
CONTINUOUS
 10
121.52
 20
100.2125
 11
122.18
 21
100.2125
  0
LINE
  5
5E0
100
AcDbEntity
  8
0
100
AcDbLine
 62
7
  6
CONTINUOUS
 10
124.06
 20
100.2125
 11
124.72
 21
100.2125
  0
LINE
  5
5E1
100
AcDbEntity
  8
0
100
AcDbLine
 62
7
  6
CONTINUOUS
 10
158.7
 20
100.4225
 11
157.7
 21
100.4225
  0
LINE
  5
5E2
100
AcDbEntity
  8
0
100
AcDbLine
 62
7
  6
CONTINUOUS
 10
73.3
 20
100.4225
 11
72.3
 21
100.4225
  0
LINE
  5
5E3
100
AcDbEntity
  8
0
100
AcDbLine
 62
7
  6
CONTINUOUS
 10
124.72
 20
100.8125
 11
124.06
 21
100.8125
  0
LINE
  5
5E4
100
AcDbEntity
  8
0
100
AcDbLine
 62
7
  6
CONTINUOUS
 10
122.18
 20
100.8125
 11
121.52
 21
100.8125
  0
LINE
  5
5E5
100
AcDbEntity
  8
0
100
AcDbLine
 62
7
  6
CONTINUOUS
 10
119.64
 20
100.8125
 11
118.98
 21
100.8125
  0
LINE
  5
5E6
100
AcDbEntity
  8
0
100
AcDbLine
 62
7
  6
CONTINUOUS
 10
117.1
 20
100.8125
 11
116.44
 21
100.8125
  0
LINE
  5
5E7
100
AcDbEntity
  8
0
100
AcDbLine
 62
7
  6
CONTINUOUS
 10
114.56
 20
100.8125
 11
113.9
 21
100.8125
  0
LINE
  5
5E8
100
AcDbEntity
  8
0
100
AcDbLine
 62
7
  6
CONTINUOUS
 10
112.02
 20
100.8125
 11
111.36
 21
100.8125
  0
LINE
  5
5E9
100
AcDbEntity
  8
0
100
AcDbLine
 62
7
  6
CONTINUOUS
 10
109.48
 20
100.8125
 11
108.82
 21
100.8125
  0
LINE
  5
5EA
100
AcDbEntity
  8
0
100
AcDbLine
 62
7
  6
CONTINUOUS
 10
106.94
 20
100.8125
 11
106.28
 21
100.8125
  0
LINE
  5
5EB
100
AcDbEntity
  8
0
100
AcDbLine
 62
7
  6
CONTINUOUS
 10
119.635
 20
92.4725
 11
119.635
 21
91.1525
  0
LINE
  5
5EC
100
AcDbEntity
  8
0
100
AcDbLine
 62
7
  6
CONTINUOUS
 10
119.64
 20
95.1325
 11
119.64
 21
95.7325
  0
LINE
  5
5ED
100
AcDbEntity
  8
0
100
AcDbLine
 62
7
  6
CONTINUOUS
 10
119.64
 20
97.6725
 11
119.64
 21
98.2725
  0
LINE
  5
5EE
100
AcDbEntity
  8
0
100
AcDbLine
 62
7
  6
CONTINUOUS
 10
119.64
 20
100.2125
 11
119.64
 21
100.8125
  0
LINE
  5
5EF
100
AcDbEntity
  8
0
100
AcDbLine
 62
7
  6
CONTINUOUS
 10
121.52
 20
100.8125
 11
121.52
 21
100.2125
  0
LINE
  5
5F0
100
AcDbEntity
  8
0
100
AcDbLine
 62
7
  6
CONTINUOUS
 10
121.52
 20
98.2725
 11
121.52
 21
97.6725
  0
LINE
  5
5F1
100
AcDbEntity
  8
0
100
AcDbLine
 62
7
  6
CONTINUOUS
 10
121.52
 20
95.7325
 11
121.52
 21
95.1325
  0
LINE
  5
5F2
100
AcDbEntity
  8
0
100
AcDbLine
 62
7
  6
CONTINUOUS
 10
121.525
 20
92.4725
 11
121.525
 21
91.1525
  0
LINE
  5
5F3
100
AcDbEntity
  8
0
100
AcDbLine
 62
7
  6
CONTINUOUS
 10
121.9292304845
 20
103.4725
 11
121.9292304845
 21
102.9225
  0
LINE
  5
5F4
100
AcDbEntity
  8
0
100
AcDbLine
 62
7
  6
CONTINUOUS
 10
121.9292304845
 20
92.4725
 11
121.9292304845
 21
93.0225
  0
LINE
  5
5F5
100
AcDbEntity
  8
0
100
AcDbLine
 62
7
  6
CONTINUOUS
 10
122.09
 20
94.2225
 11
122.09
 21
92.4725
  0
LINE
  5
5F6
100
AcDbEntity
  8
0
100
AcDbLine
 62
7
  6
CONTINUOUS
 10
122.09
 20
101.7225
 11
122.09
 21
103.4725
  0
LINE
  5
5F7
100
AcDbEntity
  8
0
100
AcDbLine
 62
7
  6
CONTINUOUS
 10
122.175
 20
92.4725
 11
122.175
 21
91.1525
  0
LINE
  5
5F8
100
AcDbEntity
  8
0
100
AcDbLine
 62
7
  6
CONTINUOUS
 10
122.18
 20
95.1325
 11
122.18
 21
95.7325
  0
LINE
  5
5F9
100
AcDbEntity
  8
0
100
AcDbLine
 62
7
  6
CONTINUOUS
 10
122.18
 20
97.6725
 11
122.18
 21
98.2725
  0
LINE
  5
5FA
100
AcDbEntity
  8
0
100
AcDbLine
 62
7
  6
CONTINUOUS
 10
122.18
 20
100.2125
 11
122.18
 21
100.8125
  0
LINE
  5
5FB
100
AcDbEntity
  8
0
100
AcDbLine
 62
7
  6
CONTINUOUS
 10
105.45
 20
101.5225
 11
73.9
 21
101.5225
  0
LINE
  5
5FC
100
AcDbEntity
  8
0
100
AcDbLine
 62
7
  6
CONTINUOUS
 10
125.55
 20
101.5225
 11
157.1
 21
101.5225
  0
LINE
  5
5FD
100
AcDbEntity
  8
0
100
AcDbLine
 62
7
  6
CONTINUOUS
 10
141.93
 20
101.7225
 11
137.33
 21
101.7225
  0
LINE
  5
5FE
100
AcDbEntity
  8
0
100
AcDbLine
 62
7
  6
CONTINUOUS
 10
126.69
 20
101.7225
 11
125.55
 21
101.7225
  0
LINE
  5
5FF
100
AcDbEntity
  8
0
100
AcDbLine
 62
7
  6
CONTINUOUS
 10
122.09
 20
101.7225
 11
108.91
 21
101.7225
  0
LINE
  5
600
100
AcDbEntity
  8
0
100
AcDbLine
 62
7
  6
CONTINUOUS
 10
105.45
 20
101.7225
 11
104.31
 21
101.7225
  0
LINE
  5
601
100
AcDbEntity
  8
0
100
AcDbLine
 62
7
  6
CONTINUOUS
 10
93.67
 20
101.7225
 11
89.07
 21
101.7225
  0
LINE
  5
602
100
AcDbEntity
  8
0
100
AcDbLine
 62
7
  6
CONTINUOUS
 10
73.9
 20
102.3225
 11
89.07
 21
102.3225
  0
LINE
  5
603
100
AcDbEntity
  8
0
100
AcDbLine
 62
7
  6
CONTINUOUS
 10
93.67
 20
102.3225
 11
104.31
 21
102.3225
  0
LINE
  5
604
100
AcDbEntity
  8
0
100
AcDbLine
 62
7
  6
CONTINUOUS
 10
108.91
 20
102.3225
 11
122.09
 21
102.3225
  0
LINE
  5
605
100
AcDbEntity
  8
0
100
AcDbLine
 62
7
  6
CONTINUOUS
 10
126.69
 20
102.3225
 11
137.33
 21
102.3225
  0
LINE
  5
606
100
AcDbEntity
  8
0
100
AcDbLine
 62
7
  6
CONTINUOUS
 10
141.93
 20
102.3225
 11
157.1
 21
102.3225
  0
LINE
  5
607
100
AcDbEntity
  8
0
100
AcDbLine
 62
7
  6
CONTINUOUS
 10
141.13
 20
102.6725
 11
138.13
 21
102.6725
  0
LINE
  5
608
100
AcDbEntity
  8
0
100
AcDbLine
 62
7
  6
CONTINUOUS
 10
125.89
 20
102.6725
 11
122.89
 21
102.6725
  0
LINE
  5
609
100
AcDbEntity
  8
0
100
AcDbLine
 62
7
  6
CONTINUOUS
 10
108.11
 20
102.6725
 11
105.11
 21
102.6725
  0
LINE
  5
60A
100
AcDbEntity
  8
0
100
AcDbLine
 62
7
  6
CONTINUOUS
 10
92.87
 20
102.6725
 11
89.87
 21
102.6725
  0
LINE
  5
60B
100
AcDbEntity
  8
0
100
AcDbLine
 62
7
  6
CONTINUOUS
 10
141.93
 20
102.8725
 11
141.33
 21
102.8725
  0
LINE
  5
60C
100
AcDbEntity
  8
0
100
AcDbLine
 62
7
  6
CONTINUOUS
 10
137.93
 20
102.8725
 11
137.33
 21
102.8725
  0
LINE
  5
60D
100
AcDbEntity
  8
0
100
AcDbLine
 62
7
  6
CONTINUOUS
 10
126.69
 20
102.8725
 11
126.09
 21
102.8725
  0
LINE
  5
60E
100
AcDbEntity
  8
0
100
AcDbLine
 62
7
  6
CONTINUOUS
 10
122.69
 20
102.8725
 11
122.09
 21
102.8725
  0
LINE
  5
60F
100
AcDbEntity
  8
0
100
AcDbLine
 62
7
  6
CONTINUOUS
 10
108.91
 20
102.8725
 11
108.31
 21
102.8725
  0
LINE
  5
610
100
AcDbEntity
  8
0
100
AcDbLine
 62
7
  6
CONTINUOUS
 10
104.91
 20
102.8725
 11
104.31
 21
102.8725
  0
LINE
  5
611
100
AcDbEntity
  8
0
100
AcDbLine
 62
7
  6
CONTINUOUS
 10
93.67
 20
102.8725
 11
93.07
 21
102.8725
  0
LINE
  5
612
100
AcDbEntity
  8
0
100
AcDbLine
 62
7
  6
CONTINUOUS
 10
89.67
 20
102.8725
 11
89.07
 21
102.8725
  0
LINE
  5
613
100
AcDbEntity
  8
0
100
AcDbLine
 62
7
  6
CONTINUOUS
 10
157.7
 20
102.9225
 11
142.0907695155
 21
102.9225
  0
LINE
  5
614
100
AcDbEntity
  8
0
100
AcDbLine
 62
7
  6
CONTINUOUS
 10
137.1692304845
 20
102.9225
 11
126.8507695155
 21
102.9225
  0
LINE
  5
615
100
AcDbEntity
  8
0
100
AcDbLine
 62
7
  6
CONTINUOUS
 10
121.9292304845
 20
102.9225
 11
109.0707695155
 21
102.9225
  0
LINE
  5
616
100
AcDbEntity
  8
0
100
AcDbLine
 62
7
  6
CONTINUOUS
 10
104.1492304845
 20
102.9225
 11
93.8307695155
 21
102.9225
  0
LINE
  5
617
100
AcDbEntity
  8
0
100
AcDbLine
 62
7
  6
CONTINUOUS
 10
88.9092304845
 20
102.9225
 11
73.3
 21
102.9225
  0
LINE
  5
618
100
AcDbEntity
  8
0
100
AcDbLine
 62
7
  6
CONTINUOUS
 10
68.5
 20
103.4725
 11
162.5
 21
103.4725
  0
LINE
  5
619
100
AcDbEntity
  8
0
100
AcDbLine
 62
7
  6
CONTINUOUS
 10
126.09
 20
93.0725
 11
125.89
 21
93.2725
  0
LINE
  5
61A
100
AcDbEntity
  8
0
100
AcDbLine
 62
7
  6
CONTINUOUS
 10
124.06
 20
100.8125
 11
124.06
 21
100.2125
  0
LINE
  5
61B
100
AcDbEntity
  8
0
100
AcDbLine
 62
7
  6
CONTINUOUS
 10
124.06
 20
98.2725
 11
124.06
 21
97.6725
  0
LINE
  5
61C
100
AcDbEntity
  8
0
100
AcDbLine
 62
7
  6
CONTINUOUS
 10
124.06
 20
95.7325
 11
124.06
 21
95.1325
  0
LINE
  5
61D
100
AcDbEntity
  8
0
100
AcDbLine
 62
7
  6
CONTINUOUS
 10
124.065
 20
92.4725
 11
124.065
 21
91.1525
  0
LINE
  5
61E
100
AcDbEntity
  8
0
100
AcDbLine
 62
7
  6
CONTINUOUS
 10
124.715
 20
92.4725
 11
124.715
 21
91.1525
  0
LINE
  5
61F
100
AcDbEntity
  8
0
100
AcDbLine
 62
7
  6
CONTINUOUS
 10
124.72
 20
95.1325
 11
124.72
 21
95.7325
  0
LINE
  5
620
100
AcDbEntity
  8
0
100
AcDbLine
 62
7
  6
CONTINUOUS
 10
124.72
 20
97.6725
 11
124.72
 21
98.2725
  0
LINE
  5
621
100
AcDbEntity
  8
0
100
AcDbLine
 62
7
  6
CONTINUOUS
 10
124.72
 20
100.2125
 11
124.72
 21
100.8125
  0
LINE
  5
622
100
AcDbEntity
  8
0
100
AcDbLine
 62
7
  6
CONTINUOUS
 10
121.9292304845
 20
93.0225
 11
122.09
 21
93.6225
  0
LINE
  5
623
100
AcDbEntity
  8
0
100
AcDbLine
 62
7
  6
CONTINUOUS
 10
126.8507695155
 20
102.9225
 11
126.69
 21
102.3225
  0
LINE
  5
624
100
AcDbEntity
  8
0
100
AcDbLine
 62
7
  6
CONTINUOUS
 10
122.89
 20
93.2725
 11
122.69
 21
93.0725
  0
LINE
  5
625
100
AcDbEntity
  8
0
100
AcDbLine
 62
7
  6
CONTINUOUS
 10
122.69
 20
102.8725
 11
122.89
 21
102.6725
  0
LINE
  5
626
100
AcDbEntity
  8
0
100
AcDbLine
 62
7
  6
CONTINUOUS
 10
122.09
 20
102.3225
 11
121.9292304845
 21
102.9225
  0
LINE
  5
627
100
AcDbEntity
  8
0
100
AcDbLine
 62
7
  6
CONTINUOUS
 10
126.69
 20
93.6225
 11
126.8507695155
 21
93.0225
  0
LINE
  5
628
100
AcDbEntity
  8
0
100
AcDbLine
 62
7
  6
CONTINUOUS
 10
125.55
 20
94.2225
 11
125.55
 21
101.7225
  0
LINE
  5
629
100
AcDbEntity
  8
0
100
AcDbLine
 62
7
  6
CONTINUOUS
 10
126.69
 20
92.4725
 11
126.69
 21
94.2225
  0
LINE
  5
62A
100
AcDbEntity
  8
0
100
AcDbLine
 62
7
  6
CONTINUOUS
 10
126.69
 20
101.7225
 11
126.69
 21
103.4725
  0
LINE
  5
62B
100
AcDbEntity
  8
0
100
AcDbLine
 62
7
  6
CONTINUOUS
 10
126.8507695155
 20
93.0225
 11
126.8507695155
 21
92.4725
  0
LINE
  5
62C
100
AcDbEntity
  8
0
100
AcDbLine
 62
7
  6
CONTINUOUS
 10
126.8507695155
 20
102.9225
 11
126.8507695155
 21
103.4725
  0
LINE
  5
62D
100
AcDbEntity
  8
0
100
AcDbLine
 62
7
  6
CONTINUOUS
 10
141.13
 20
102.6725
 11
141.33
 21
102.8725
  0
LINE
  5
62E
100
AcDbEntity
  8
0
100
AcDbLine
 62
7
  6
CONTINUOUS
 10
141.33
 20
93.0725
 11
141.13
 21
93.2725
  0
LINE
  5
62F
100
AcDbEntity
  8
0
100
AcDbLine
 62
7
  6
CONTINUOUS
 10
138.13
 20
93.2725
 11
137.93
 21
93.0725
  0
LINE
  5
630
100
AcDbEntity
  8
0
100
AcDbLine
 62
7
  6
CONTINUOUS
 10
137.1692304845
 20
103.4725
 11
137.1692304845
 21
102.9225
  0
LINE
  5
631
100
AcDbEntity
  8
0
100
AcDbLine
 62
7
  6
CONTINUOUS
 10
137.1692304845
 20
92.4725
 11
137.1692304845
 21
93.0225
  0
LINE
  5
632
100
AcDbEntity
  8
0
100
AcDbLine
 62
7
  6
CONTINUOUS
 10
137.33
 20
94.2225
 11
137.33
 21
92.4725
  0
LINE
  5
633
100
AcDbEntity
  8
0
100
AcDbLine
 62
7
  6
CONTINUOUS
 10
137.33
 20
101.7225
 11
137.33
 21
103.4725
  0
LINE
  5
634
100
AcDbEntity
  8
0
100
AcDbLine
 62
7
  6
CONTINUOUS
 10
137.1692304845
 20
93.0225
 11
137.33
 21
93.6225
  0
LINE
  5
635
100
AcDbEntity
  8
0
100
AcDbLine
 62
7
  6
CONTINUOUS
 10
137.93
 20
102.8725
 11
138.13
 21
102.6725
  0
LINE
  5
636
100
AcDbEntity
  8
0
100
AcDbLine
 62
7
  6
CONTINUOUS
 10
137.33
 20
102.3225
 11
137.1692304845
 21
102.9225
  0
LINE
  5
637
100
AcDbEntity
  8
0
100
AcDbLine
 62
7
  6
CONTINUOUS
 10
142.0907695155
 20
102.9225
 11
141.93
 21
102.3225
  0
LINE
  5
638
100
AcDbEntity
  8
0
100
AcDbLine
 62
7
  6
CONTINUOUS
 10
141.93
 20
93.6225
 11
142.0907695155
 21
93.0225
  0
LINE
  5
639
100
AcDbEntity
  8
0
100
AcDbLine
 62
7
  6
CONTINUOUS
 10
141.93
 20
92.4725
 11
141.93
 21
94.2225
  0
LINE
  5
63A
100
AcDbEntity
  8
0
100
AcDbLine
 62
7
  6
CONTINUOUS
 10
141.93
 20
101.7225
 11
141.93
 21
103.4725
  0
LINE
  5
63B
100
AcDbEntity
  8
0
100
AcDbLine
 62
7
  6
CONTINUOUS
 10
142.0907695155
 20
93.0225
 11
142.0907695155
 21
92.4725
  0
LINE
  5
63C
100
AcDbEntity
  8
0
100
AcDbLine
 62
7
  6
CONTINUOUS
 10
142.0907695155
 20
102.9225
 11
142.0907695155
 21
103.4725
  0
LINE
  5
63D
100
AcDbEntity
  8
0
100
AcDbLine
 62
7
  6
CONTINUOUS
 10
157.1
 20
102.3225
 11
157.7
 21
102.9225
  0
LINE
  5
63E
100
AcDbEntity
  8
0
100
AcDbLine
 62
7
  6
CONTINUOUS
 10
157.1
 20
99.8225
 11
157.7
 21
100.4225
  0
LINE
  5
63F
100
AcDbEntity
  8
0
100
AcDbLine
 62
7
  6
CONTINUOUS
 10
158.1
 20
99.8225
 11
158.7
 21
100.4225
  0
LINE
  5
640
100
AcDbEntity
  8
0
100
AcDbLine
 62
7
  6
CONTINUOUS
 10
158.1
 20
93.6225
 11
158.7
 21
93.0225
  0
LINE
  5
641
100
AcDbEntity
  8
0
100
AcDbLine
 62
7
  6
CONTINUOUS
 10
157.1
 20
102.3225
 11
157.1
 21
99.8225
  0
LINE
  5
642
100
AcDbEntity
  8
0
100
AcDbLine
 62
7
  6
CONTINUOUS
 10
157.5
 20
99.8225
 11
157.5
 21
94.4225
  0
LINE
  5
643
100
AcDbEntity
  8
0
100
AcDbLine
 62
7
  6
CONTINUOUS
 10
157.7
 20
100.4225
 11
157.7
 21
102.9225
  0
LINE
  5
644
100
AcDbEntity
  8
0
100
AcDbLine
 62
7
  6
CONTINUOUS
 10
158.1
 20
99.8225
 11
158.1
 21
93.6225
  0
LINE
  5
645
100
AcDbEntity
  8
0
100
AcDbLine
 62
7
  6
CONTINUOUS
 10
158.7
 20
93.0225
 11
158.7
 21
100.4225
  0
LINE
  5
646
100
AcDbEntity
  8
0
100
AcDbLine
 62
7
  6
CONTINUOUS
 10
159.25
 20
92.4725
 11
159.25
 21
103.4725
  0
LINE
  5
647
100
AcDbEntity
  8
0
100
AcDbLine
 62
7
  6
CONTINUOUS
 10
162.5
 20
92.4725
 11
162.5
 21
103.4725
  0
LINE
  5
648
100
AcDbEntity
  8
0
100
AcDbLine
 62
7
  6
CONTINUOUS
 10
68.5
 20
194.2525
 11
68.5
 21
201.7525
  0
LINE
  5
649
100
AcDbEntity
  8
0
100
AcDbLine
 62
7
  6
CONTINUOUS
 10
71.75
 20
189.0525
 11
71.75
 21
194.2525
  0
LINE
  5
64A
100
AcDbEntity
  8
0
100
AcDbLine
 62
7
  6
CONTINUOUS
 10
73.55
 20
197.5782402612
 11
73.55
 21
203.5525
  0
LINE
  5
64B
100
AcDbEntity
  8
0
100
AcDbLine
 62
7
  6
CONTINUOUS
 10
75.6160280659
 20
197.9460936547
 11
75.6160280659
 21
197.7945378279
  0
LINE
  5
64C
100
AcDbEntity
  8
0
100
AcDbLine
 62
7
  6
CONTINUOUS
 10
76.1851555827
 20
197.413085723
 11
76.1851555827
 21
197.2517678462
  0
LINE
  5
64D
100
AcDbEntity
  8
0
100
AcDbLine
 62
7
  6
CONTINUOUS
 10
76.8697193411
 20
197.2517678462
 11
76.8697193411
 21
197.4230918243
  0
LINE
  5
64E
100
AcDbEntity
  8
0
100
AcDbLine
 62
7
  6
CONTINUOUS
 10
76.7979682733
 20
197.9072895058
 11
76.4116351434
 21
197.4230918243
  0
LINE
  5
64F
100
AcDbEntity
  8
0
100
AcDbLine
 62
7
  6
CONTINUOUS
 10
76.1851555827
 20
197.413085723
 11
76.6547101891
 21
198.0005170836
  0
LINE
  5
650
100
AcDbEntity
  8
0
100
AcDbLine
 62
7
  6
CONTINUOUS
 10
88.9092304845
 20
189.0525
 11
89.07
 21
189.6525
  0
LINE
  5
651
100
AcDbEntity
  8
0
100
AcDbLine
 62
7
  6
CONTINUOUS
 10
93.67
 20
189.6525
 11
93.8307695155
 21
189.0525
  0
LINE
  5
652
100
AcDbEntity
  8
0
100
AcDbLine
 62
7
  6
CONTINUOUS
 10
73.55
 20
197.5782402612
 11
71.25375051
 21
196.2525
  0
LINE
  5
653
100
AcDbEntity
  8
0
100
AcDbLine
 62
7
  6
CONTINUOUS
 10
104.58
 20
199.9525
 11
104.58
 21
203.5525
  0
LINE
  5
654
100
AcDbEntity
  8
0
100
AcDbLine
 62
7
  6
CONTINUOUS
 10
106.16
 20
207.1725
 11
106.16
 21
206.5725
  0
LINE
  5
655
100
AcDbEntity
  8
0
100
AcDbLine
 62
7
  6
CONTINUOUS
 10
106.16
 20
199.9525
 11
106.16
 21
205.0325
  0
LINE
  5
656
100
AcDbEntity
  8
0
100
AcDbLine
 62
7
  6
CONTINUOUS
 10
106.21
 20
205.0325
 11
106.21
 21
207.1725
  0
LINE
  5
657
100
AcDbEntity
  8
0
100
AcDbLine
 62
7
  6
CONTINUOUS
 10
108.1032093742
 20
199.9525
 11
108.098518004
 21
200.3536693439
  0
LINE
  5
658
100
AcDbEntity
  8
0
100
AcDbLine
 62
7
  6
CONTINUOUS
 10
107.01
 20
205.0325
 11
107.01
 21
207.1725
  0
LINE
  5
659
100
AcDbEntity
  8
0
100
AcDbLine
 62
7
  6
CONTINUOUS
 10
107.06
 20
205.0325
 11
107.06
 21
199.9525
  0
LINE
  5
65A
100
AcDbEntity
  8
0
100
AcDbLine
 62
7
  6
CONTINUOUS
 10
107.06
 20
206.5725
 11
107.06
 21
207.1725
  0
LINE
  5
65B
100
AcDbEntity
  8
0
100
AcDbLine
 62
7
  6
CONTINUOUS
 10
108.7
 20
207.1725
 11
108.7
 21
206.5725
  0
LINE
  5
65C
100
AcDbEntity
  8
0
100
AcDbLine
 62
7
  6
CONTINUOUS
 10
108.7
 20
205.0325
 11
108.7
 21
199.9525
  0
LINE
  5
65D
100
AcDbEntity
  8
0
100
AcDbLine
 62
7
  6
CONTINUOUS
 10
108.75
 20
207.1725
 11
108.75
 21
205.0325
  0
LINE
  5
65E
100
AcDbEntity
  8
0
100
AcDbLine
 62
7
  6
CONTINUOUS
 10
107.661481996
 20
200.3536693439
 11
107.6567906258
 21
199.9525
  0
LINE
  5
65F
100
AcDbEntity
  8
0
100
AcDbLine
 62
7
  6
CONTINUOUS
 10
104.1492304845
 20
189.0525
 11
104.31
 21
189.6525
  0
LINE
  5
660
100
AcDbEntity
  8
0
100
AcDbLine
 62
7
  6
CONTINUOUS
 10
159.25
 20
189.0525
 11
142.0907695155
 21
189.0525
  0
LINE
  5
661
100
AcDbEntity
  8
0
100
AcDbLine
 62
7
  6
CONTINUOUS
 10
137.1692304845
 20
189.0525
 11
126.8507695155
 21
189.0525
  0
LINE
  5
662
100
AcDbEntity
  8
0
100
AcDbLine
 62
7
  6
CONTINUOUS
 10
121.9292304845
 20
189.0525
 11
109.0707695155
 21
189.0525
  0
LINE
  5
663
100
AcDbEntity
  8
0
100
AcDbLine
 62
7
  6
CONTINUOUS
 10
104.1492304845
 20
189.0525
 11
93.8307695155
 21
189.0525
  0
LINE
  5
664
100
AcDbEntity
  8
0
100
AcDbLine
 62
7
  6
CONTINUOUS
 10
88.9092304845
 20
189.0525
 11
71.75
 21
189.0525
  0
LINE
  5
665
100
AcDbEntity
  8
0
100
AcDbLine
 62
7
  6
CONTINUOUS
 10
141.93
 20
189.6525
 11
137.33
 21
189.6525
  0
LINE
  5
666
100
AcDbEntity
  8
0
100
AcDbLine
 62
7
  6
CONTINUOUS
 10
126.69
 20
189.6525
 11
122.09
 21
189.6525
  0
LINE
  5
667
100
AcDbEntity
  8
0
100
AcDbLine
 62
7
  6
CONTINUOUS
 10
89.07
 20
189.6525
 11
93.67
 21
189.6525
  0
LINE
  5
668
100
AcDbEntity
  8
0
100
AcDbLine
 62
7
  6
CONTINUOUS
 10
104.31
 20
189.6525
 11
108.91
 21
189.6525
  0
LINE
  5
669
100
AcDbEntity
  8
0
100
AcDbLine
 62
7
  6
CONTINUOUS
 10
108.91
 20
189.6525
 11
109.0707695155
 21
189.0525
  0
LINE
  5
66A
100
AcDbEntity
  8
0
100
AcDbLine
 62
7
  6
CONTINUOUS
 10
110.6432093742
 20
199.9525
 11
110.638518004
 21
200.3536693439
  0
LINE
  5
66B
100
AcDbEntity
  8
0
100
AcDbLine
 62
7
  6
CONTINUOUS
 10
109.55
 20
207.1725
 11
109.55
 21
205.0325
  0
LINE
  5
66C
100
AcDbEntity
  8
0
100
AcDbLine
 62
7
  6
CONTINUOUS
 10
109.6
 20
207.1725
 11
109.6
 21
206.5725
  0
LINE
  5
66D
100
AcDbEntity
  8
0
100
AcDbLine
 62
7
  6
CONTINUOUS
 10
109.6
 20
205.0325
 11
109.6
 21
199.9525
  0
LINE
  5
66E
100
AcDbEntity
  8
0
100
AcDbLine
 62
7
  6
CONTINUOUS
 10
111.24
 20
207.1725
 11
111.24
 21
206.5725
  0
LINE
  5
66F
100
AcDbEntity
  8
0
100
AcDbLine
 62
7
  6
CONTINUOUS
 10
111.24
 20
205.0325
 11
111.24
 21
199.9525
  0
LINE
  5
670
100
AcDbEntity
  8
0
100
AcDbLine
 62
7
  6
CONTINUOUS
 10
111.29
 20
207.1725
 11
111.29
 21
205.0325
  0
LINE
  5
671
100
AcDbEntity
  8
0
100
AcDbLine
 62
7
  6
CONTINUOUS
 10
112.09
 20
207.1725
 11
112.09
 21
205.0325
  0
LINE
  5
672
100
AcDbEntity
  8
0
100
AcDbLine
 62
7
  6
CONTINUOUS
 10
112.14
 20
207.1725
 11
112.14
 21
206.5725
  0
LINE
  5
673
100
AcDbEntity
  8
0
100
AcDbLine
 62
7
  6
CONTINUOUS
 10
112.14
 20
205.0325
 11
112.14
 21
199.9525
  0
LINE
  5
674
100
AcDbEntity
  8
0
100
AcDbLine
 62
7
  6
CONTINUOUS
 10
110.201481996
 20
200.3536693439
 11
110.1967906258
 21
199.9525
  0
LINE
  5
675
100
AcDbEntity
  8
0
100
AcDbLine
 62
7
  6
CONTINUOUS
 10
112.741481996
 20
200.3536693439
 11
112.7367906258
 21
199.9525
  0
LINE
  5
676
100
AcDbEntity
  8
0
100
AcDbLine
 62
7
  6
CONTINUOUS
 10
71.75
 20
194.2525
 11
68.5
 21
194.2525
  0
LINE
  5
677
100
AcDbEntity
  8
0
100
AcDbLine
 62
7
  6
CONTINUOUS
 10
159.25
 20
194.2525
 11
162.5
 21
194.2525
  0
LINE
  5
678
100
AcDbEntity
  8
0
100
AcDbLine
 62
7
  6
CONTINUOUS
 10
113.1832093742
 20
199.9525
 11
113.178518004
 21
200.3536693439
  0
LINE
  5
679
100
AcDbEntity
  8
0
100
AcDbLine
 62
7
  6
CONTINUOUS
 10
115.7232093742
 20
199.9525
 11
115.718518004
 21
200.3536693439
  0
LINE
  5
67A
100
AcDbEntity
  8
0
100
AcDbLine
 62
7
  6
CONTINUOUS
 10
113.78
 20
207.1725
 11
113.78
 21
206.5725
  0
LINE
  5
67B
100
AcDbEntity
  8
0
100
AcDbLine
 62
7
  6
CONTINUOUS
 10
113.78
 20
205.0325
 11
113.78
 21
199.9525
  0
LINE
  5
67C
100
AcDbEntity
  8
0
100
AcDbLine
 62
7
  6
CONTINUOUS
 10
113.83
 20
207.1725
 11
113.83
 21
205.0325
  0
LINE
  5
67D
100
AcDbEntity
  8
0
100
AcDbLine
 62
7
  6
CONTINUOUS
 10
114.63
 20
207.1725
 11
114.63
 21
205.0325
  0
LINE
  5
67E
100
AcDbEntity
  8
0
100
AcDbLine
 62
7
  6
CONTINUOUS
 10
114.68
 20
207.1725
 11
114.68
 21
206.5725
  0
LINE
  5
67F
100
AcDbEntity
  8
0
100
AcDbLine
 62
7
  6
CONTINUOUS
 10
114.68
 20
205.0325
 11
114.68
 21
199.9525
  0
LINE
  5
680
100
AcDbEntity
  8
0
100
AcDbLine
 62
7
  6
CONTINUOUS
 10
115.281481996
 20
200.3536693439
 11
115.2767906258
 21
199.9525
  0
LINE
  5
681
100
AcDbEntity
  8
0
100
AcDbLine
 62
7
  6
CONTINUOUS
 10
71.25375051
 20
196.2525
 11
68.5
 21
196.2525
  0
LINE
  5
682
100
AcDbEntity
  8
0
100
AcDbLine
 62
7
  6
CONTINUOUS
 10
159.74624949
 20
196.2525
 11
162.5
 21
196.2525
  0
LINE
  5
683
100
AcDbEntity
  8
0
100
AcDbLine
 62
7
  6
CONTINUOUS
 10
154.8721964613
 20
197.2493273337
 11
155.045228798
 21
197.2493273337
  0
LINE
  5
684
100
AcDbEntity
  8
0
100
AcDbLine
 62
7
  6
CONTINUOUS
 10
76.1851555827
 20
197.2517678462
 11
76.8697193411
 21
197.2517678462
  0
LINE
  5
685
100
AcDbEntity
  8
0
100
AcDbLine
 62
7
  6
CONTINUOUS
 10
76.8697193411
 20
197.4230918243
 11
76.4116351434
 21
197.4230918243
  0
LINE
  5
686
100
AcDbEntity
  8
0
100
AcDbLine
 62
7
  6
CONTINUOUS
 10
75.5130384381
 20
197.5497544234
 11
75.3409823063
 21
197.5497544234
  0
LINE
  5
687
100
AcDbEntity
  8
0
100
AcDbLine
 62
7
  6
CONTINUOUS
 10
75.6160280659
 20
197.7945378279
 11
75.6885112874
 21
197.7945378279
  0
LINE
  5
688
100
AcDbEntity
  8
0
100
AcDbLine
 62
7
  6
CONTINUOUS
 10
75.6753325198
 20
197.9460936547
 11
75.6160280659
 21
197.9460936547
  0
LINE
  5
689
100
AcDbEntity
  8
0
100
AcDbLine
 62
7
  6
CONTINUOUS
 10
76.1851555827
 20
198.1164414277
 11
76.3574557657
 21
198.1164414277
  0
LINE
  5
68A
100
AcDbEntity
  8
0
100
AcDbLine
 62
7
  6
CONTINUOUS
 10
75.3475716901
 20
198.1454835265
 11
75.5196278218
 21
198.1454835265
  0
LINE
  5
68B
100
AcDbEntity
  8
0
100
AcDbLine
 62
7
  6
CONTINUOUS
 10
155.045228798
 20
198.4517678462
 11
154.8721964613
 21
198.4517678462
  0
LINE
  5
68C
100
AcDbEntity
  8
0
100
AcDbLine
 62
7
  6
CONTINUOUS
 10
118.2632093742
 20
199.9525
 11
118.258518004
 21
200.3536693439
  0
LINE
  5
68D
100
AcDbEntity
  8
0
100
AcDbLine
 62
7
  6
CONTINUOUS
 10
116.32
 20
207.1725
 11
116.32
 21
206.5725
  0
LINE
  5
68E
100
AcDbEntity
  8
0
100
AcDbLine
 62
7
  6
CONTINUOUS
 10
116.32
 20
205.0325
 11
116.32
 21
199.9525
  0
LINE
  5
68F
100
AcDbEntity
  8
0
100
AcDbLine
 62
7
  6
CONTINUOUS
 10
116.37
 20
207.1725
 11
116.37
 21
205.0325
  0
LINE
  5
690
100
AcDbEntity
  8
0
100
AcDbLine
 62
7
  6
CONTINUOUS
 10
117.17
 20
207.1725
 11
117.17
 21
205.0325
  0
LINE
  5
691
100
AcDbEntity
  8
0
100
AcDbLine
 62
7
  6
CONTINUOUS
 10
117.22
 20
207.1725
 11
117.22
 21
206.5725
  0
LINE
  5
692
100
AcDbEntity
  8
0
100
AcDbLine
 62
7
  6
CONTINUOUS
 10
117.22
 20
205.0325
 11
117.22
 21
199.9525
  0
LINE
  5
693
100
AcDbEntity
  8
0
100
AcDbLine
 62
7
  6
CONTINUOUS
 10
118.86
 20
207.1725
 11
118.86
 21
206.5725
  0
LINE
  5
694
100
AcDbEntity
  8
0
100
AcDbLine
 62
7
  6
CONTINUOUS
 10
118.86
 20
205.0325
 11
118.86
 21
199.9525
  0
LINE
  5
695
100
AcDbEntity
  8
0
100
AcDbLine
 62
7
  6
CONTINUOUS
 10
118.91
 20
207.1725
 11
118.91
 21
205.0325
  0
LINE
  5
696
100
AcDbEntity
  8
0
100
AcDbLine
 62
7
  6
CONTINUOUS
 10
117.821481996
 20
200.3536693439
 11
117.8167906258
 21
199.9525
  0
LINE
  5
697
100
AcDbEntity
  8
0
100
AcDbLine
 62
7
  6
CONTINUOUS
 10
157.45
 20
199.7525
 11
73.55
 21
199.7525
  0
LINE
  5
698
100
AcDbEntity
  8
0
100
AcDbLine
 62
7
  6
CONTINUOUS
 10
126.42
 20
199.9525
 11
123.3432093742
 21
199.9525
  0
LINE
  5
699
100
AcDbEntity
  8
0
100
AcDbLine
 62
7
  6
CONTINUOUS
 10
122.8967906258
 20
199.9525
 11
120.8032093742
 21
199.9525
  0
LINE
  5
69A
100
AcDbEntity
  8
0
100
AcDbLine
 62
7
  6
CONTINUOUS
 10
120.3567906258
 20
199.9525
 11
118.2632093742
 21
199.9525
  0
LINE
  5
69B
100
AcDbEntity
  8
0
100
AcDbLine
 62
7
  6
CONTINUOUS
 10
117.8167906258
 20
199.9525
 11
115.7232093742
 21
199.9525
  0
LINE
  5
69C
100
AcDbEntity
  8
0
100
AcDbLine
 62
7
  6
CONTINUOUS
 10
115.2767906258
 20
199.9525
 11
113.1832093742
 21
199.9525
  0
LINE
  5
69D
100
AcDbEntity
  8
0
100
AcDbLine
 62
7
  6
CONTINUOUS
 10
112.7367906258
 20
199.9525
 11
110.6432093742
 21
199.9525
  0
LINE
  5
69E
100
AcDbEntity
  8
0
100
AcDbLine
 62
7
  6
CONTINUOUS
 10
110.1967906258
 20
199.9525
 11
108.1032093742
 21
199.9525
  0
LINE
  5
69F
100
AcDbEntity
  8
0
100
AcDbLine
 62
7
  6
CONTINUOUS
 10
107.6567906258
 20
199.9525
 11
104.58
 21
199.9525
  0
LINE
  5
6A0
100
AcDbEntity
  8
0
100
AcDbLine
 62
7
  6
CONTINUOUS
 10
123.238524841
 20
200.4525
 11
123.001475159
 21
200.4525
  0
LINE
  5
6A1
100
AcDbEntity
  8
0
100
AcDbLine
 62
7
  6
CONTINUOUS
 10
120.698524841
 20
200.4525
 11
120.461475159
 21
200.4525
  0
LINE
  5
6A2
100
AcDbEntity
  8
0
100
AcDbLine
 62
7
  6
CONTINUOUS
 10
118.158524841
 20
200.4525
 11
117.921475159
 21
200.4525
  0
LINE
  5
6A3
100
AcDbEntity
  8
0
100
AcDbLine
 62
7
  6
CONTINUOUS
 10
115.618524841
 20
200.4525
 11
115.381475159
 21
200.4525
  0
LINE
  5
6A4
100
AcDbEntity
  8
0
100
AcDbLine
 62
7
  6
CONTINUOUS
 10
113.078524841
 20
200.4525
 11
112.841475159
 21
200.4525
  0
LINE
  5
6A5
100
AcDbEntity
  8
0
100
AcDbLine
 62
7
  6
CONTINUOUS
 10
110.538524841
 20
200.4525
 11
110.301475159
 21
200.4525
  0
LINE
  5
6A6
100
AcDbEntity
  8
0
100
AcDbLine
 62
7
  6
CONTINUOUS
 10
107.998524841
 20
200.4525
 11
107.761475159
 21
200.4525
  0
LINE
  5
6A7
100
AcDbEntity
  8
0
100
AcDbLine
 62
7
  6
CONTINUOUS
 10
120.8032093742
 20
199.9525
 11
120.798518004
 21
200.3536693439
  0
LINE
  5
6A8
100
AcDbEntity
  8
0
100
AcDbLine
 62
7
  6
CONTINUOUS
 10
119.71
 20
207.1725
 11
119.71
 21
205.0325
  0
LINE
  5
6A9
100
AcDbEntity
  8
0
100
AcDbLine
 62
7
  6
CONTINUOUS
 10
119.76
 20
207.1725
 11
119.76
 21
206.5725
  0
LINE
  5
6AA
100
AcDbEntity
  8
0
100
AcDbLine
 62
7
  6
CONTINUOUS
 10
119.76
 20
205.0325
 11
119.76
 21
199.9525
  0
LINE
  5
6AB
100
AcDbEntity
  8
0
100
AcDbLine
 62
7
  6
CONTINUOUS
 10
121.4
 20
207.1725
 11
121.4
 21
206.5725
  0
LINE
  5
6AC
100
AcDbEntity
  8
0
100
AcDbLine
 62
7
  6
CONTINUOUS
 10
121.4
 20
205.0325
 11
121.4
 21
199.9525
  0
LINE
  5
6AD
100
AcDbEntity
  8
0
100
AcDbLine
 62
7
  6
CONTINUOUS
 10
121.45
 20
207.1725
 11
121.45
 21
205.0325
  0
LINE
  5
6AE
100
AcDbEntity
  8
0
100
AcDbLine
 62
7
  6
CONTINUOUS
 10
122.25
 20
207.1725
 11
122.25
 21
205.0325
  0
LINE
  5
6AF
100
AcDbEntity
  8
0
100
AcDbLine
 62
7
  6
CONTINUOUS
 10
122.3
 20
207.1725
 11
122.3
 21
206.5725
  0
LINE
  5
6B0
100
AcDbEntity
  8
0
100
AcDbLine
 62
7
  6
CONTINUOUS
 10
122.3
 20
205.0325
 11
122.3
 21
199.9525
  0
LINE
  5
6B1
100
AcDbEntity
  8
0
100
AcDbLine
 62
7
  6
CONTINUOUS
 10
120.361481996
 20
200.3536693439
 11
120.3567906258
 21
199.9525
  0
LINE
  5
6B2
100
AcDbEntity
  8
0
100
AcDbLine
 62
7
  6
CONTINUOUS
 10
73.55
 20
201.7525
 11
68.5
 21
201.7525
  0
LINE
  5
6B3
100
AcDbEntity
  8
0
100
AcDbLine
 62
7
  6
CONTINUOUS
 10
157.45
 20
201.7525
 11
162.5
 21
201.7525
  0
LINE
  5
6B4
100
AcDbEntity
  8
0
100
AcDbLine
 62
7
  6
CONTINUOUS
 10
104.58
 20
203.5525
 11
73.55
 21
203.5525
  0
LINE
  5
6B5
100
AcDbEntity
  8
0
100
AcDbLine
 62
7
  6
CONTINUOUS
 10
126.42
 20
203.5525
 11
157.45
 21
203.5525
  0
LINE
  5
6B6
100
AcDbEntity
  8
0
100
AcDbLine
 62
7
  6
CONTINUOUS
 10
123.3432093742
 20
199.9525
 11
123.338518004
 21
200.3536693439
  0
LINE
  5
6B7
100
AcDbEntity
  8
0
100
AcDbLine
 62
7
  6
CONTINUOUS
 10
123.94
 20
207.1725
 11
123.94
 21
206.5725
  0
LINE
  5
6B8
100
AcDbEntity
  8
0
100
AcDbLine
 62
7
  6
CONTINUOUS
 10
123.94
 20
205.0325
 11
123.94
 21
199.9525
  0
LINE
  5
6B9
100
AcDbEntity
  8
0
100
AcDbLine
 62
7
  6
CONTINUOUS
 10
123.99
 20
207.1725
 11
123.99
 21
205.0325
  0
LINE
  5
6BA
100
AcDbEntity
  8
0
100
AcDbLine
 62
7
  6
CONTINUOUS
 10
124.79
 20
207.1725
 11
124.79
 21
205.0325
  0
LINE
  5
6BB
100
AcDbEntity
  8
0
100
AcDbLine
 62
7
  6
CONTINUOUS
 10
124.84
 20
207.1725
 11
124.84
 21
206.5725
  0
LINE
  5
6BC
100
AcDbEntity
  8
0
100
AcDbLine
 62
7
  6
CONTINUOUS
 10
124.84
 20
205.0325
 11
124.84
 21
199.9525
  0
LINE
  5
6BD
100
AcDbEntity
  8
0
100
AcDbLine
 62
7
  6
CONTINUOUS
 10
122.901481996
 20
200.3536693439
 11
122.8967906258
 21
199.9525
  0
LINE
  5
6BE
100
AcDbEntity
  8
0
100
AcDbLine
 62
7
  6
CONTINUOUS
 10
121.9292304845
 20
189.0525
 11
122.09
 21
189.6525
  0
LINE
  5
6BF
100
AcDbEntity
  8
0
100
AcDbLine
 62
7
  6
CONTINUOUS
 10
124.84
 20
205.0325
 11
124.79
 21
205.0325
  0
LINE
  5
6C0
100
AcDbEntity
  8
0
100
AcDbLine
 62
7
  6
CONTINUOUS
 10
123.99
 20
205.0325
 11
123.94
 21
205.0325
  0
LINE
  5
6C1
100
AcDbEntity
  8
0
100
AcDbLine
 62
7
  6
CONTINUOUS
 10
122.3
 20
205.0325
 11
122.25
 21
205.0325
  0
LINE
  5
6C2
100
AcDbEntity
  8
0
100
AcDbLine
 62
7
  6
CONTINUOUS
 10
121.45
 20
205.0325
 11
121.4
 21
205.0325
  0
LINE
  5
6C3
100
AcDbEntity
  8
0
100
AcDbLine
 62
7
  6
CONTINUOUS
 10
119.76
 20
205.0325
 11
119.71
 21
205.0325
  0
LINE
  5
6C4
100
AcDbEntity
  8
0
100
AcDbLine
 62
7
  6
CONTINUOUS
 10
118.91
 20
205.0325
 11
118.86
 21
205.0325
  0
LINE
  5
6C5
100
AcDbEntity
  8
0
100
AcDbLine
 62
7
  6
CONTINUOUS
 10
117.22
 20
205.0325
 11
117.17
 21
205.0325
  0
LINE
  5
6C6
100
AcDbEntity
  8
0
100
AcDbLine
 62
7
  6
CONTINUOUS
 10
116.37
 20
205.0325
 11
116.32
 21
205.0325
  0
LINE
  5
6C7
100
AcDbEntity
  8
0
100
AcDbLine
 62
7
  6
CONTINUOUS
 10
114.68
 20
205.0325
 11
114.63
 21
205.0325
  0
LINE
  5
6C8
100
AcDbEntity
  8
0
100
AcDbLine
 62
7
  6
CONTINUOUS
 10
113.83
 20
205.0325
 11
113.78
 21
205.0325
  0
LINE
  5
6C9
100
AcDbEntity
  8
0
100
AcDbLine
 62
7
  6
CONTINUOUS
 10
112.14
 20
205.0325
 11
112.09
 21
205.0325
  0
LINE
  5
6CA
100
AcDbEntity
  8
0
100
AcDbLine
 62
7
  6
CONTINUOUS
 10
111.29
 20
205.0325
 11
111.24
 21
205.0325
  0
LINE
  5
6CB
100
AcDbEntity
  8
0
100
AcDbLine
 62
7
  6
CONTINUOUS
 10
109.6
 20
205.0325
 11
109.55
 21
205.0325
  0
LINE
  5
6CC
100
AcDbEntity
  8
0
100
AcDbLine
 62
7
  6
CONTINUOUS
 10
108.75
 20
205.0325
 11
108.7
 21
205.0325
  0
LINE
  5
6CD
100
AcDbEntity
  8
0
100
AcDbLine
 62
7
  6
CONTINUOUS
 10
107.06
 20
205.0325
 11
107.01
 21
205.0325
  0
LINE
  5
6CE
100
AcDbEntity
  8
0
100
AcDbLine
 62
7
  6
CONTINUOUS
 10
106.21
 20
205.0325
 11
106.16
 21
205.0325
  0
LINE
  5
6CF
100
AcDbEntity
  8
0
100
AcDbLine
 62
7
  6
CONTINUOUS
 10
124.79
 20
205.5725
 11
123.99
 21
205.5725
  0
LINE
  5
6D0
100
AcDbEntity
  8
0
100
AcDbLine
 62
7
  6
CONTINUOUS
 10
122.25
 20
205.5725
 11
121.45
 21
205.5725
  0
LINE
  5
6D1
100
AcDbEntity
  8
0
100
AcDbLine
 62
7
  6
CONTINUOUS
 10
119.71
 20
205.5725
 11
118.91
 21
205.5725
  0
LINE
  5
6D2
100
AcDbEntity
  8
0
100
AcDbLine
 62
7
  6
CONTINUOUS
 10
117.17
 20
205.5725
 11
116.37
 21
205.5725
  0
LINE
  5
6D3
100
AcDbEntity
  8
0
100
AcDbLine
 62
7
  6
CONTINUOUS
 10
114.63
 20
205.5725
 11
113.83
 21
205.5725
  0
LINE
  5
6D4
100
AcDbEntity
  8
0
100
AcDbLine
 62
7
  6
CONTINUOUS
 10
112.09
 20
205.5725
 11
111.29
 21
205.5725
  0
LINE
  5
6D5
100
AcDbEntity
  8
0
100
AcDbLine
 62
7
  6
CONTINUOUS
 10
109.55
 20
205.5725
 11
108.75
 21
205.5725
  0
LINE
  5
6D6
100
AcDbEntity
  8
0
100
AcDbLine
 62
7
  6
CONTINUOUS
 10
106.21
 20
205.5725
 11
107.01
 21
205.5725
  0
LINE
  5
6D7
100
AcDbEntity
  8
0
100
AcDbLine
 62
7
  6
CONTINUOUS
 10
124.84
 20
206.5725
 11
124.79
 21
206.5725
  0
LINE
  5
6D8
100
AcDbEntity
  8
0
100
AcDbLine
 62
7
  6
CONTINUOUS
 10
123.99
 20
206.5725
 11
123.94
 21
206.5725
  0
LINE
  5
6D9
100
AcDbEntity
  8
0
100
AcDbLine
 62
7
  6
CONTINUOUS
 10
122.3
 20
206.5725
 11
122.25
 21
206.5725
  0
LINE
  5
6DA
100
AcDbEntity
  8
0
100
AcDbLine
 62
7
  6
CONTINUOUS
 10
121.45
 20
206.5725
 11
121.4
 21
206.5725
  0
LINE
  5
6DB
100
AcDbEntity
  8
0
100
AcDbLine
 62
7
  6
CONTINUOUS
 10
119.76
 20
206.5725
 11
119.71
 21
206.5725
  0
LINE
  5
6DC
100
AcDbEntity
  8
0
100
AcDbLine
 62
7
  6
CONTINUOUS
 10
118.91
 20
206.5725
 11
118.86
 21
206.5725
  0
LINE
  5
6DD
100
AcDbEntity
  8
0
100
AcDbLine
 62
7
  6
CONTINUOUS
 10
117.22
 20
206.5725
 11
117.17
 21
206.5725
  0
LINE
  5
6DE
100
AcDbEntity
  8
0
100
AcDbLine
 62
7
  6
CONTINUOUS
 10
116.37
 20
206.5725
 11
116.32
 21
206.5725
  0
LINE
  5
6DF
100
AcDbEntity
  8
0
100
AcDbLine
 62
7
  6
CONTINUOUS
 10
114.68
 20
206.5725
 11
114.63
 21
206.5725
  0
LINE
  5
6E0
100
AcDbEntity
  8
0
100
AcDbLine
 62
7
  6
CONTINUOUS
 10
113.83
 20
206.5725
 11
113.78
 21
206.5725
  0
LINE
  5
6E1
100
AcDbEntity
  8
0
100
AcDbLine
 62
7
  6
CONTINUOUS
 10
112.14
 20
206.5725
 11
112.09
 21
206.5725
  0
LINE
  5
6E2
100
AcDbEntity
  8
0
100
AcDbLine
 62
7
  6
CONTINUOUS
 10
111.29
 20
206.5725
 11
111.24
 21
206.5725
  0
LINE
  5
6E3
100
AcDbEntity
  8
0
100
AcDbLine
 62
7
  6
CONTINUOUS
 10
109.6
 20
206.5725
 11
109.55
 21
206.5725
  0
LINE
  5
6E4
100
AcDbEntity
  8
0
100
AcDbLine
 62
7
  6
CONTINUOUS
 10
108.75
 20
206.5725
 11
108.7
 21
206.5725
  0
LINE
  5
6E5
100
AcDbEntity
  8
0
100
AcDbLine
 62
7
  6
CONTINUOUS
 10
106.16
 20
206.5725
 11
106.21
 21
206.5725
  0
LINE
  5
6E6
100
AcDbEntity
  8
0
100
AcDbLine
 62
7
  6
CONTINUOUS
 10
107.01
 20
206.5725
 11
107.06
 21
206.5725
  0
LINE
  5
6E7
100
AcDbEntity
  8
0
100
AcDbLine
 62
7
  6
CONTINUOUS
 10
124.84
 20
207.1725
 11
123.94
 21
207.1725
  0
LINE
  5
6E8
100
AcDbEntity
  8
0
100
AcDbLine
 62
7
  6
CONTINUOUS
 10
122.3
 20
207.1725
 11
121.4
 21
207.1725
  0
LINE
  5
6E9
100
AcDbEntity
  8
0
100
AcDbLine
 62
7
  6
CONTINUOUS
 10
119.76
 20
207.1725
 11
118.86
 21
207.1725
  0
LINE
  5
6EA
100
AcDbEntity
  8
0
100
AcDbLine
 62
7
  6
CONTINUOUS
 10
117.22
 20
207.1725
 11
116.32
 21
207.1725
  0
LINE
  5
6EB
100
AcDbEntity
  8
0
100
AcDbLine
 62
7
  6
CONTINUOUS
 10
114.68
 20
207.1725
 11
113.78
 21
207.1725
  0
LINE
  5
6EC
100
AcDbEntity
  8
0
100
AcDbLine
 62
7
  6
CONTINUOUS
 10
112.14
 20
207.1725
 11
111.24
 21
207.1725
  0
LINE
  5
6ED
100
AcDbEntity
  8
0
100
AcDbLine
 62
7
  6
CONTINUOUS
 10
109.6
 20
207.1725
 11
108.7
 21
207.1725
  0
LINE
  5
6EE
100
AcDbEntity
  8
0
100
AcDbLine
 62
7
  6
CONTINUOUS
 10
107.06
 20
207.1725
 11
106.16
 21
207.1725
  0
LINE
  5
6EF
100
AcDbEntity
  8
0
100
AcDbLine
 62
7
  6
CONTINUOUS
 10
126.69
 20
189.6525
 11
126.8507695155
 21
189.0525
  0
LINE
  5
6F0
100
AcDbEntity
  8
0
100
AcDbLine
 62
7
  6
CONTINUOUS
 10
126.42
 20
199.9525
 11
126.42
 21
203.5525
  0
LINE
  5
6F1
100
AcDbEntity
  8
0
100
AcDbLine
 62
7
  6
CONTINUOUS
 10
159.74624949
 20
196.2525
 11
157.45
 21
197.5782402612
  0
LINE
  5
6F2
100
AcDbEntity
  8
0
100
AcDbLine
 62
7
  6
CONTINUOUS
 10
137.1692304845
 20
189.0525
 11
137.33
 21
189.6525
  0
LINE
  5
6F3
100
AcDbEntity
  8
0
100
AcDbLine
 62
7
  6
CONTINUOUS
 10
154.8721964613
 20
198.2697056132
 11
154.7008724832
 21
198.1445073215
  0
LINE
  5
6F4
100
AcDbEntity
  8
0
100
AcDbLine
 62
7
  6
CONTINUOUS
 10
154.7008724832
 20
198.3273017084
 11
154.8721964613
 21
198.4517678462
  0
LINE
  5
6F5
100
AcDbEntity
  8
0
100
AcDbLine
 62
7
  6
CONTINUOUS
 10
141.93
 20
189.6525
 11
142.0907695155
 21
189.0525
  0
LINE
  5
6F6
100
AcDbEntity
  8
0
100
AcDbLine
 62
7
  6
CONTINUOUS
 10
154.7008724832
 20
198.3273017084
 11
154.7008724832
 21
198.1445073215
  0
LINE
  5
6F7
100
AcDbEntity
  8
0
100
AcDbLine
 62
7
  6
CONTINUOUS
 10
154.8721964613
 20
198.2697056132
 11
154.8721964613
 21
197.2493273337
  0
LINE
  5
6F8
100
AcDbEntity
  8
0
100
AcDbLine
 62
7
  6
CONTINUOUS
 10
155.045228798
 20
197.2493273337
 11
155.045228798
 21
198.4517678462
  0
LINE
  5
6F9
100
AcDbEntity
  8
0
100
AcDbLine
 62
7
  6
CONTINUOUS
 10
157.45
 20
197.5782402612
 11
157.45
 21
203.5525
  0
LINE
  5
6FA
100
AcDbEntity
  8
0
100
AcDbLine
 62
7
  6
CONTINUOUS
 10
159.25
 20
189.0525
 11
159.25
 21
194.2525
  0
LINE
  5
6FB
100
AcDbEntity
  8
0
100
AcDbLine
 62
7
  6
CONTINUOUS
 10
162.5
 20
201.7525
 11
162.5
 21
194.2525
  0
LINE
  5
6FC
100
AcDbEntity
  8
0
100
AcDbLine
 62
7
  6
CONTINUOUS
 10
242.94
 20
92.4725
 11
242.94
 21
103.4725
  0
LINE
  5
6FD
100
AcDbEntity
  8
0
100
AcDbLine
 62
7
  6
CONTINUOUS
 10
255.38
 20
91.1525
 11
255.98
 21
91.1525
  0
LINE
  5
6FE
100
AcDbEntity
  8
0
100
AcDbLine
 62
7
  6
CONTINUOUS
 10
257.92
 20
91.1525
 11
258.52
 21
91.1525
  0
LINE
  5
6FF
100
AcDbEntity
  8
0
100
AcDbLine
 62
7
  6
CONTINUOUS
 10
260.46
 20
91.1525
 11
261.06
 21
91.1525
  0
LINE
  5
700
100
AcDbEntity
  8
0
100
AcDbLine
 62
7
  6
CONTINUOUS
 10
242.94
 20
92.4725
 11
250.04
 21
92.4725
  0
LINE
  5
701
100
AcDbEntity
  8
0
100
AcDbLine
 62
7
  6
CONTINUOUS
 10
248.14
 20
92.4725
 11
248.14
 21
103.4725
  0
LINE
  5
702
100
AcDbEntity
  8
0
100
AcDbLine
 62
7
  6
CONTINUOUS
 10
250.04
 20
94.0975
 11
255.64
 21
94.0975
  0
LINE
  5
703
100
AcDbEntity
  8
0
100
AcDbLine
 62
7
  6
CONTINUOUS
 10
255.64
 20
94.5225
 11
257.44
 21
94.5225
  0
LINE
  5
704
100
AcDbEntity
  8
0
100
AcDbLine
 62
7
  6
CONTINUOUS
 10
257.92
 20
94.5525
 11
258.52
 21
94.5525
  0
LINE
  5
705
100
AcDbEntity
  8
0
100
AcDbLine
 62
7
  6
CONTINUOUS
 10
260.46
 20
94.5525
 11
261.06
 21
94.5525
  0
LINE
  5
706
100
AcDbEntity
  8
0
100
AcDbLine
 62
7
  6
CONTINUOUS
 10
250.04
 20
92.4725
 11
250.04
 21
94.0975
  0
LINE
  5
707
100
AcDbEntity
  8
0
100
AcDbLine
 62
7
  6
CONTINUOUS
 10
250.14
 20
103.4725
 11
250.14
 21
100.0975
  0
LINE
  5
708
100
AcDbEntity
  8
0
100
AcDbLine
 62
7
  6
CONTINUOUS
 10
258.52
 20
96.1325
 11
257.92
 21
96.1325
  0
LINE
  5
709
100
AcDbEntity
  8
0
100
AcDbLine
 62
7
  6
CONTINUOUS
 10
251.4657402612
 20
103.4725
 11
251.4657402612
 21
100.0975
  0
LINE
  5
70A
100
AcDbEntity
  8
0
100
AcDbLine
 62
7
  6
CONTINUOUS
 10
261.06
 20
98.6725
 11
260.46
 21
98.6725
  0
LINE
  5
70B
100
AcDbEntity
  8
0
100
AcDbLine
 62
7
  6
CONTINUOUS
 10
253.64
 20
103.4725
 11
253.64
 21
101.7725
  0
LINE
  5
70C
100
AcDbEntity
  8
0
100
AcDbLine
 62
7
  6
CONTINUOUS
 10
255.64
 20
100.0975
 11
250.14
 21
100.0975
  0
LINE
  5
70D
100
AcDbEntity
  8
0
100
AcDbLine
 62
7
  6
CONTINUOUS
 10
257.44
 20
100.2125
 11
259.46
 21
100.2125
  0
LINE
  5
70E
100
AcDbEntity
  8
0
100
AcDbLine
 62
7
  6
CONTINUOUS
 10
255.38
 20
94.0975
 11
255.38
 21
91.1525
  0
LINE
  5
70F
100
AcDbEntity
  8
0
100
AcDbLine
 62
7
  6
CONTINUOUS
 10
255.64
 20
100.0975
 11
255.64
 21
94.0975
  0
LINE
  5
710
100
AcDbEntity
  8
0
100
AcDbLine
 62
7
  6
CONTINUOUS
 10
259.46
 20
100.8125
 11
257.44
 21
100.8125
  0
LINE
  5
711
100
AcDbEntity
  8
0
100
AcDbLine
 62
7
  6
CONTINUOUS
 10
255.98
 20
91.1525
 11
255.98
 21
94.5225
  0
LINE
  5
712
100
AcDbEntity
  8
0
100
AcDbLine
 62
7
  6
CONTINUOUS
 10
253.64
 20
101.7725
 11
257.44
 21
101.7725
  0
LINE
  5
713
100
AcDbEntity
  8
0
100
AcDbLine
 62
7
  6
CONTINUOUS
 10
257.44
 20
94.5225
 11
257.44
 21
101.7725
  0
LINE
  5
714
100
AcDbEntity
  8
0
100
AcDbLine
 62
7
  6
CONTINUOUS
 10
257.92
 20
96.6725
 11
257.92
 21
91.1525
  0
LINE
  5
715
100
AcDbEntity
  8
0
100
AcDbLine
 62
7
  6
CONTINUOUS
 10
258.52
 20
91.1525
 11
258.52
 21
96.6725
  0
LINE
  5
716
100
AcDbEntity
  8
0
100
AcDbLine
 62
7
  6
CONTINUOUS
 10
242.94
 20
103.4725
 11
253.64
 21
103.4725
  0
LINE
  5
717
100
AcDbEntity
  8
0
100
AcDbLine
 62
7
  6
CONTINUOUS
 10
258.92
 20
100.2125
 11
258.92
 21
100.8125
  0
LINE
  5
718
100
AcDbEntity
  8
0
100
AcDbLine
 62
7
  6
CONTINUOUS
 10
260.46
 20
99.2125
 11
260.46
 21
91.1525
  0
LINE
  5
719
100
AcDbEntity
  8
0
100
AcDbLine
 62
7
  6
CONTINUOUS
 10
261.06
 20
91.1525
 11
261.06
 21
99.2125
  0
ARC
  5
71A
100
AcDbEntity
  8
0
100
AcDbCircle
 62
7
  6
CONTINUOUS
 10
252.6672715109
 20
222.2042293008
 40
0.9219169104
100
AcDbArc
 50
162.7762709479
 51
168.5709381421
  0
CIRCLE
  5
71B
100
AcDbEntity
  8
0
100
AcDbCircle
 62
7
  6
CONTINUOUS
 10
152.33
 20
97.9725
 40
2.675
  0
CIRCLE
  5
71C
100
AcDbEntity
  8
0
100
AcDbCircle
 62
7
  6
CONTINUOUS
 10
144.71
 20
97.9725
 40
2.675
  0
CIRCLE
  5
71D
100
AcDbEntity
  8
0
100
AcDbCircle
 62
7
  6
CONTINUOUS
 10
137.09
 20
97.9725
 40
2.675
  0
CIRCLE
  5
71E
100
AcDbEntity
  8
0
100
AcDbCircle
 62
7
  6
CONTINUOUS
 10
129.47
 20
97.9725
 40
2.675
  0
CIRCLE
  5
71F
100
AcDbEntity
  8
0
100
AcDbCircle
 62
7
  6
CONTINUOUS
 10
101.53
 20
97.9725
 40
2.675
  0
CIRCLE
  5
720
100
AcDbEntity
  8
0
100
AcDbCircle
 62
7
  6
CONTINUOUS
 10
93.91
 20
97.9725
 40
2.675
  0
CIRCLE
  5
721
100
AcDbEntity
  8
0
100
AcDbCircle
 62
7
  6
CONTINUOUS
 10
86.29
 20
97.9725
 40
2.675
  0
CIRCLE
  5
722
100
AcDbEntity
  8
0
100
AcDbCircle
 62
7
  6
CONTINUOUS
 10
78.67
 20
97.9725
 40
2.675
  0
CIRCLE
  5
723
100
AcDbEntity
  8
0
100
AcDbCircle
 62
7
  6
CONTINUOUS
 10
71.05
 20
199.2525
 40
1.275
  0
CIRCLE
  5
724
100
AcDbEntity
  8
0
100
AcDbCircle
 62
7
  6
CONTINUOUS
 10
159.95
 20
199.2525
 40
1.275
  0
ARC
  5
725
100
AcDbEntity
  8
0
100
AcDbCircle
 62
7
  6
CONTINUOUS
 10
107.761475159
 20
200.3525
 40
0.1
100
AcDbArc
 50
90.0
 51
179.33
  0
ARC
  5
726
100
AcDbEntity
  8
0
100
AcDbCircle
 62
7
  6
CONTINUOUS
 10
107.998524841
 20
200.3525
 40
0.1
100
AcDbArc
 50
0.67
 51
90.0
  0
ARC
  5
727
100
AcDbEntity
  8
0
100
AcDbCircle
 62
7
  6
CONTINUOUS
 10
110.301475159
 20
200.3525
 40
0.1
100
AcDbArc
 50
90.0
 51
179.33
  0
ARC
  5
728
100
AcDbEntity
  8
0
100
AcDbCircle
 62
7
  6
CONTINUOUS
 10
110.538524841
 20
200.3525
 40
0.1
100
AcDbArc
 50
0.67
 51
90.0
  0
ARC
  5
729
100
AcDbEntity
  8
0
100
AcDbCircle
 62
7
  6
CONTINUOUS
 10
112.841475159
 20
200.3525
 40
0.1
100
AcDbArc
 50
90.0
 51
179.33
  0
ARC
  5
72A
100
AcDbEntity
  8
0
100
AcDbCircle
 62
7
  6
CONTINUOUS
 10
113.078524841
 20
200.3525
 40
0.1
100
AcDbArc
 50
0.67
 51
90.0
  0
ARC
  5
72B
100
AcDbEntity
  8
0
100
AcDbCircle
 62
7
  6
CONTINUOUS
 10
115.381475159
 20
200.3525
 40
0.1
100
AcDbArc
 50
90.0
 51
179.33
  0
ARC
  5
72C
100
AcDbEntity
  8
0
100
AcDbCircle
 62
7
  6
CONTINUOUS
 10
115.618524841
 20
200.3525
 40
0.1
100
AcDbArc
 50
0.67
 51
90.0
  0
ARC
  5
72D
100
AcDbEntity
  8
0
100
AcDbCircle
 62
7
  6
CONTINUOUS
 10
117.921475159
 20
200.3525
 40
0.1
100
AcDbArc
 50
90.0
 51
179.33
  0
ARC
  5
72E
100
AcDbEntity
  8
0
100
AcDbCircle
 62
7
  6
CONTINUOUS
 10
118.158524841
 20
200.3525
 40
0.1
100
AcDbArc
 50
0.67
 51
90.0
  0
ARC
  5
72F
100
AcDbEntity
  8
0
100
AcDbCircle
 62
7
  6
CONTINUOUS
 10
120.461475159
 20
200.3525
 40
0.1
100
AcDbArc
 50
90.0
 51
179.33
  0
ARC
  5
730
100
AcDbEntity
  8
0
100
AcDbCircle
 62
7
  6
CONTINUOUS
 10
120.698524841
 20
200.3525
 40
0.1
100
AcDbArc
 50
0.67
 51
90.0
  0
ARC
  5
731
100
AcDbEntity
  8
0
100
AcDbCircle
 62
7
  6
CONTINUOUS
 10
123.001475159
 20
200.3525
 40
0.1
100
AcDbArc
 50
90.0
 51
179.33
  0
ARC
  5
732
100
AcDbEntity
  8
0
100
AcDbCircle
 62
7
  6
CONTINUOUS
 10
123.238524841
 20
200.3525
 40
0.1
100
AcDbArc
 50
0.67
 51
90.0
  0
ARC
  5
733
100
AcDbEntity
  8
0
100
AcDbCircle
 62
7
  6
CONTINUOUS
 10
256.92
 20
96.6725
 40
1.6
100
AcDbArc
 50
0.0
 51
71.0121471894
  0
ARC
  5
734
100
AcDbEntity
  8
0
100
AcDbCircle
 62
7
  6
CONTINUOUS
 10
259.46
 20
99.2125
 40
1.6
100
AcDbArc
 50
0.0
 51
90.0
  0
ARC
  5
735
100
AcDbEntity
  8
0
100
AcDbCircle
 62
7
  6
CONTINUOUS
 10
256.92
 20
96.6725
 40
1.0
100
AcDbArc
 50
0.0
 51
58.6441308447
  0
ARC
  5
736
100
AcDbEntity
  8
0
100
AcDbCircle
 62
7
  6
CONTINUOUS
 10
259.46
 20
99.2125
 40
1.0
100
AcDbArc
 50
0.0
 51
90.0
  0
SPLINE
  5
737
100
AcDbEntity
  8
0
100
AcDbSpline
 62
7
  6
CONTINUOUS
 70
0
 71
3
 72
15
 73
11
 74
0
 42
0.0000001
 43
0.0000001
 44
0.0000000001
 40
0.0
 40
0.0
 40
0.0
 40
0.0
 40
0.0858512638
 40
0.1774215127
 40
0.2792225434
 40
0.3941390496
 40
0.5236332618
 40
0.6681080902
 40
0.8271993208
 40
1.0
 40
1.0
 40
1.0
 40
1.0
 10
303.5218545667
 20
228.477713536
 30
0.0
 10
303.4982959049
 20
228.4777142116
 30
0.0
 10
303.4493635932
 20
228.4703929735
 30
0.0
 10
303.37883972
 20
228.4385241134
 30
0.0
 10
303.3110510325
 20
228.3869640185
 30
0.0
 10
303.2464990948
 20
228.3167431859
 30
0.0
 10
303.1856358447
 20
228.2287628687
 30
0.0
 10
303.1290560659
 20
228.1240406378
 30
0.0
 10
303.0773903378
 20
228.003810988
 30
0.0
 10
303.0477773548
 20
227.9175943698
 30
0.0
 10
303.033777129
 20
227.8722895802
 30
0.0
  0
SPLINE
  5
738
100
AcDbEntity
  8
0
100
AcDbSpline
 62
7
  6
CONTINUOUS
 70
0
 71
3
 72
15
 73
11
 74
0
 42
0.0000001
 43
0.0000001
 44
0.0000000001
 40
0.0
 40
0.0
 40
0.0
 40
0.0
 40
0.0858512638
 40
0.1774215127
 40
0.2792225434
 40
0.3941390496
 40
0.5236332618
 40
0.6681080902
 40
0.8271993208
 40
1.0
 40
1.0
 40
1.0
 40
1.0
 10
301.1823594029
 20
228.477713536
 30
0.0
 10
301.158800741
 20
228.4777142116
 30
0.0
 10
301.1098684293
 20
228.4703929735
 30
0.0
 10
301.0393445561
 20
228.4385241134
 30
0.0
 10
300.9715558686
 20
228.3869640185
 30
0.0
 10
300.907003931
 20
228.3167431859
 30
0.0
 10
300.8461406808
 20
228.2287628687
 30
0.0
 10
300.789560902
 20
228.1240406378
 30
0.0
 10
300.7378951739
 20
228.003810988
 30
0.0
 10
300.708282191
 20
227.9175943698
 30
0.0
 10
300.6942819651
 20
227.8722895802
 30
0.0
  0
SPLINE
  5
739
100
AcDbEntity
  8
0
100
AcDbSpline
 62
7
  6
CONTINUOUS
 70
0
 71
3
 72
15
 73
11
 74
0
 42
0.0000001
 43
0.0000001
 44
0.0000000001
 40
0.0
 40
0.0
 40
0.0
 40
0.0
 40
0.0858512638
 40
0.1774215127
 40
0.2792225434
 40
0.3941390496
 40
0.5236332618
 40
0.6681080902
 40
0.8271993208
 40
1.0
 40
1.0
 40
1.0
 40
1.0
 10
298.842864239
 20
228.477713536
 30
0.0
 10
298.8193055772
 20
228.4777142116
 30
0.0
 10
298.7703732654
 20
228.4703929735
 30
0.0
 10
298.6998493922
 20
228.4385241134
 30
0.0
 10
298.6320607047
 20
228.3869640185
 30
0.0
 10
298.5675087671
 20
228.3167431859
 30
0.0
 10
298.5066455169
 20
228.2287628687
 30
0.0
 10
298.4500657381
 20
228.1240406378
 30
0.0
 10
298.39840001
 20
228.003810988
 30
0.0
 10
298.3687870271
 20
227.9175943698
 30
0.0
 10
298.3547868012
 20
227.8722895802
 30
0.0
  0
SPLINE
  5
73A
100
AcDbEntity
  8
0
100
AcDbSpline
 62
7
  6
CONTINUOUS
 70
0
 71
3
 72
15
 73
11
 74
0
 42
0.0000001
 43
0.0000001
 44
0.0000000001
 40
0.0
 40
0.0
 40
0.0
 40
0.0
 40
0.0858512638
 40
0.1774215127
 40
0.2792225434
 40
0.3941390496
 40
0.5236332618
 40
0.6681080902
 40
0.8271993208
 40
1.0
 40
1.0
 40
1.0
 40
1.0
 10
296.5033690751
 20
228.477713536
 30
0.0
 10
296.4798104133
 20
228.4777142116
 30
0.0
 10
296.4308781015
 20
228.4703929735
 30
0.0
 10
296.3603542283
 20
228.4385241134
 30
0.0
 10
296.2925655408
 20
228.3869640185
 30
0.0
 10
296.2280136032
 20
228.3167431859
 30
0.0
 10
296.167150353
 20
228.2287628687
 30
0.0
 10
296.1105705742
 20
228.1240406378
 30
0.0
 10
296.0589048461
 20
228.003810988
 30
0.0
 10
296.0292918632
 20
227.9175943698
 30
0.0
 10
296.0152916373
 20
227.8722895802
 30
0.0
  0
SPLINE
  5
73B
100
AcDbEntity
  8
0
100
AcDbSpline
 62
7
  6
CONTINUOUS
 70
0
 71
3
 72
15
 73
11
 74
0
 42
0.0000001
 43
0.0000001
 44
0.0000000001
 40
0.0
 40
0.0
 40
0.0
 40
0.0
 40
0.0858512638
 40
0.1774215127
 40
0.2792225434
 40
0.3941390496
 40
0.5236332618
 40
0.6681080902
 40
0.8271993208
 40
1.0
 40
1.0
 40
1.0
 40
1.0
 10
294.1638739112
 20
228.477713536
 30
0.0
 10
294.1403152494
 20
228.4777142116
 30
0.0
 10
294.0913829376
 20
228.4703929735
 30
0.0
 10
294.0208590644
 20
228.4385241134
 30
0.0
 10
293.953070377
 20
228.3869640185
 30
0.0
 10
293.8885184393
 20
228.3167431859
 30
0.0
 10
293.8276551891
 20
228.2287628687
 30
0.0
 10
293.7710754103
 20
228.1240406378
 30
0.0
 10
293.7194096823
 20
228.003810988
 30
0.0
 10
293.6897966993
 20
227.9175943698
 30
0.0
 10
293.6757964734
 20
227.8722895802
 30
0.0
  0
SPLINE
  5
73C
100
AcDbEntity
  8
0
100
AcDbSpline
 62
7
  6
CONTINUOUS
 70
0
 71
3
 72
15
 73
11
 74
0
 42
0.0000001
 43
0.0000001
 44
0.0000000001
 40
0.0
 40
0.0
 40
0.0
 40
0.0
 40
0.0858512638
 40
0.1774215127
 40
0.2792225434
 40
0.3941390496
 40
0.5236332618
 40
0.6681080902
 40
0.8271993208
 40
1.0
 40
1.0
 40
1.0
 40
1.0
 10
291.8243787473
 20
228.477713536
 30
0.0
 10
291.8008200855
 20
228.4777142116
 30
0.0
 10
291.7518877738
 20
228.4703929735
 30
0.0
 10
291.6813639006
 20
228.4385241134
 30
0.0
 10
291.6135752131
 20
228.3869640185
 30
0.0
 10
291.5490232754
 20
228.3167431859
 30
0.0
 10
291.4881600252
 20
228.2287628687
 30
0.0
 10
291.4315802464
 20
228.1240406378
 30
0.0
 10
291.3799145184
 20
228.003810988
 30
0.0
 10
291.3503015354
 20
227.9175943698
 30
0.0
 10
291.3363013096
 20
227.8722895802
 30
0.0
  0
SPLINE
  5
73D
100
AcDbEntity
  8
0
100
AcDbSpline
 62
7
  6
CONTINUOUS
 70
0
 71
3
 72
15
 73
11
 74
0
 42
0.0000001
 43
0.0000001
 44
0.0000000001
 40
0.0
 40
0.0
 40
0.0
 40
0.0
 40
0.0858512638
 40
0.1774215127
 40
0.2792225434
 40
0.3941390496
 40
0.5236332618
 40
0.6681080902
 40
0.8271993208
 40
1.0
 40
1.0
 40
1.0
 40
1.0
 10
289.4848835834
 20
228.477713536
 30
0.0
 10
289.4613249216
 20
228.4777142116
 30
0.0
 10
289.4123926099
 20
228.4703929735
 30
0.0
 10
289.3418687367
 20
228.4385241134
 30
0.0
 10
289.2740800492
 20
228.3869640185
 30
0.0
 10
289.2095281115
 20
228.3167431859
 30
0.0
 10
289.1486648614
 20
228.2287628687
 30
0.0
 10
289.0920850826
 20
228.1240406378
 30
0.0
 10
289.0404193545
 20
228.003810988
 30
0.0
 10
289.0108063715
 20
227.9175943698
 30
0.0
 10
288.9968061457
 20
227.8722895802
 30
0.0
  0
SPLINE
  5
73E
100
AcDbEntity
  8
0
100
AcDbSpline
 62
7
  6
CONTINUOUS
 70
0
 71
3
 72
16
 73
12
 74
0
 42
0.0000001
 43
0.0000001
 44
0.0000000001
 40
0.0
 40
0.0
 40
0.0
 40
0.0
 40
0.1126116726
 40
0.22615283
 40
0.3422330313
 40
0.4020607083
 40
0.4629720285
 40
0.5889463895
 40
0.7211896864
 40
0.8581732405
 40
1.0
 40
1.0
 40
1.0
 40
1.0
 10
256.8544383767
 20
223.766195808
 30
0.0
 10
256.8523418421
 20
223.7704684422
 30
0.0
 10
256.8475348906
 20
223.7787689784
 30
0.0
 10
256.8386624776
 20
223.7902443295
 30
0.0
 10
256.8296492055
 20
223.7986411937
 30
0.0
 10
256.82132337
 20
223.804216191
 30
0.0
 10
256.8123324328
 20
223.8095076544
 30
0.0
 10
256.7998271924
 20
223.8147746565
 30
0.0
 10
256.7835497294
 20
223.8186673463
 30
0.0
 10
256.7663417661
 20
223.8213117827
 30
0.0
 10
256.7545357595
 20
223.8214693951
 30
0.0
 10
256.7485422427
 20
223.8215459083
 30
0.0
  0
SPLINE
  5
73F
100
AcDbEntity
  8
0
100
AcDbSpline
 62
7
  6
CONTINUOUS
 70
0
 71
3
 72
14
 73
10
 74
0
 42
0.0000001
 43
0.0000001
 44
0.0000000001
 40
0.0
 40
0.0
 40
0.0
 40
0.0
 40
0.2389519185
 40
0.3603171951
 40
0.4833401096
 40
0.6084422677
 40
0.7357994458
 40
0.8663624949
 40
1.0
 40
1.0
 40
1.0
 40
1.0
 10
256.1297497609
 20
223.4282208085
 30
0.0
 10
256.1347869096
 20
223.4179566268
 30
0.0
 10
256.1399939741
 20
223.4012980962
 30
0.0
 10
256.1439946436
 20
223.3785195608
 30
0.0
 10
256.1453963263
 20
223.3608629612
 30
0.0
 10
256.1453201728
 20
223.3428859592
 30
0.0
 10
256.1439998206
 20
223.3245783569
 30
0.0
 10
256.1404875808
 20
223.3061346265
 30
0.0
 10
256.1370824704
 20
223.2939566854
 30
0.0
 10
256.1353770488
 20
223.2877939103
 30
0.0
  0
SPLINE
  5
740
100
AcDbEntity
  8
0
100
AcDbSpline
 62
7
  6
CONTINUOUS
 70
0
 71
3
 72
11
 73
7
 74
0
 42
0.0000001
 43
0.0000001
 44
0.0000000001
 40
0.0
 40
0.0
 40
0.0
 40
0.0
 40
0.2390237279
 40
0.4829068647
 40
0.735859943
 40
1.0
 40
1.0
 40
1.0
 40
1.0
 10
335.9880461358
 20
223.0387647363
 30
0.0
 10
336.0082429883
 20
222.9976170892
 30
0.0
 10
336.0403993826
 20
222.9099437452
 30
0.0
 10
336.061280049
 20
222.7694727487
 30
0.0
 10
336.0545398491
 20
222.6228839986
 30
0.0
 10
336.0326890648
 20
222.5256078056
 30
0.0
 10
336.0177337259
 20
222.477212266
 30
0.0
  0
SPLINE
  5
741
100
AcDbEntity
  8
0
100
AcDbSpline
 62
7
  6
CONTINUOUS
 70
0
 71
3
 72
13
 73
9
 74
0
 42
0.0000001
 43
0.0000001
 44
0.0000000001
 40
0.0
 40
0.0
 40
0.0
 40
0.0
 40
0.2389897822
 40
0.4825341686
 40
0.607599722
 40
0.7352339897
 40
0.866028036
 40
1.0
 40
1.0
 40
1.0
 40
1.0
 10
256.2386626781
 20
223.8354227785
 30
0.0
 10
256.2439729045
 20
223.8246011687
 30
0.0
 10
256.2526023435
 20
223.8016485395
 30
0.0
 10
256.2573861846
 20
223.7711462012
 30
0.0
 10
256.2574653774
 20
223.7460889997
 30
0.0
 10
256.2559493286
 20
223.7267793302
 30
0.0
 10
256.2523845354
 20
223.7072707808
 30
0.0
 10
256.2487182197
 20
223.6944208807
 30
0.0
 10
256.2468857893
 20
223.6879167369
 30
0.0
  0
SPLINE
  5
742
100
AcDbEntity
  8
0
100
AcDbSpline
 62
7
  6
CONTINUOUS
 70
0
 71
3
 72
14
 73
10
 74
0
 42
0.0000001
 43
0.0000001
 44
0.0000000001
 40
0.0
 40
0.0
 40
0.0
 40
0.0
 40
0.2383231246
 40
0.359285096
 40
0.4823251209
 40
0.6076380824
 40
0.735399202
 40
0.8662054896
 40
1.0
 40
1.0
 40
1.0
 40
1.0
 10
257.0110791397
 20
223.836386764
 30
0.0
 10
257.0164561422
 20
223.8254296907
 30
0.0
 10
257.0229492817
 20
223.8080216714
 30
0.0
 10
257.027613217
 20
223.7837209408
 30
0.0
 10
257.0290099755
 20
223.7648187802
 30
0.0
 10
257.0286196602
 20
223.7455426847
 30
0.0
 10
257.0267847742
 20
223.7259447015
 30
0.0
 10
257.022916254
 20
223.7061895156
 30
0.0
 10
257.0191479152
 20
223.6931664688
 30
0.0
 10
257.0172638268
 20
223.6865785334
 30
0.0
  0
SPLINE
  5
743
100
AcDbEntity
  8
0
100
AcDbSpline
 62
7
  6
CONTINUOUS
 70
0
 71
3
 72
15
 73
11
 74
0
 42
0.0000001
 43
0.0000001
 44
0.0000000001
 40
0.0
 40
0.0
 40
0.0
 40
0.0
 40
0.1121582502
 40
0.1691202468
 40
0.226724962
 40
0.3438448505
 40
0.464942831
 40
0.5911279528
 40
0.7225801635
 40
1.0
 40
1.0
 40
1.0
 40
1.0
 10
255.9735901637
 20
223.3723826339
 30
0.0
 10
255.9712208061
 20
223.3772108795
 30
0.0
 10
255.9670167362
 20
223.3842471306
 30
0.0
 10
255.9597497155
 20
223.3923552419
 30
0.0
 10
255.9518628784
 20
223.400183036
 30
0.0
 10
255.9408393839
 20
223.4091960788
 30
0.0
 10
255.9257063513
 20
223.4180690822
 30
0.0
 10
255.9088577896
 20
223.4249716484
 30
0.0
 10
255.8839997396
 20
223.4316974553
 30
0.0
 10
255.8642557561
 20
223.4325488318
 30
0.0
 10
255.8509635644
 20
223.4330845688
 30
0.0
  0
SPLINE
  5
744
100
AcDbEntity
  8
0
100
AcDbSpline
 62
7
  6
CONTINUOUS
 70
0
 71
3
 72
12
 73
8
 74
0
 42
0.0000001
 43
0.0000001
 44
0.0000000001
 40
0.0
 40
0.0
 40
0.0
 40
0.0
 40
0.112925668
 40
0.2274045858
 40
0.4645650028
 40
0.7212549659
 40
1.0
 40
1.0
 40
1.0
 40
1.0
 10
256.0845559887
 20
223.7600101619
 30
0.0
 10
256.0822514925
 20
223.7647062298
 30
0.0
 10
256.07684951
 20
223.7738261475
 30
0.0
 10
256.0627170894
 20
223.7901491044
 30
0.0
 10
256.0399800929
 20
223.8074745213
 30
0.0
 10
256.0057025245
 20
223.8197545756
 30
0.0
 10
255.9807591775
 20
223.8209629764
 30
0.0
 10
255.9678600806
 20
223.8215459083
 30
0.0
  0
SPLINE
  5
745
100
AcDbEntity
  8
0
100
AcDbSpline
 62
7
  6
CONTINUOUS
 70
0
 71
3
 72
15
 73
11
 74
0
 42
0.0000001
 43
0.0000001
 44
0.0000000001
 40
0.0
 40
0.0
 40
0.0
 40
0.0
 40
0.1147393299
 40
0.2319618245
 40
0.3525653894
 40
0.4763216341
 40
0.6034241694
 40
0.7331225815
 40
0.8654998814
 40
1.0
 40
1.0
 40
1.0
 40
1.0
 10
257.0172638268
 20
223.6865785334
 30
0.0
 10
257.0147263759
 20
223.6791355138
 30
0.0
 10
257.0095939691
 20
223.6640837616
 30
0.0
 10
257.0000544407
 20
223.6418452414
 30
0.0
 10
256.9882115474
 20
223.6200483222
 30
0.0
 10
256.9745001316
 20
223.5985625305
 30
0.0
 10
256.9584613995
 20
223.5779604618
 30
0.0
 10
256.9408722387
 20
223.5578894698
 30
0.0
 10
256.9213867719
 20
223.5388872617
 30
0.0
 10
256.9072523501
 20
223.5272633285
 30
0.0
 10
256.9001345829
 20
223.5214059954
 30
0.0
  0
SPLINE
  5
746
100
AcDbEntity
  8
0
100
AcDbSpline
 62
7
  6
CONTINUOUS
 70
0
 71
3
 72
15
 73
11
 74
0
 42
0.0000001
 43
0.0000001
 44
0.0000000001
 40
0.0
 40
0.0
 40
0.0
 40
0.0
 40
0.1239635457
 40
0.2525976291
 40
0.3838677404
 40
0.5153447644
 40
0.6444189804
 40
0.7687216021
 40
0.8869532979
 40
1.0
 40
1.0
 40
1.0
 40
1.0
 10
256.7485422427
 20
223.8215459083
 30
0.0
 10
256.7378123374
 20
223.821123341
 30
0.0
 10
256.715879136
 20
223.8201841506
 30
0.0
 10
256.683359592
 20
223.8124156688
 30
0.0
 10
256.6517205231
 20
223.7999468672
 30
0.0
 10
256.6222384552
 20
223.7829042879
 30
0.0
 10
256.5957974002
 20
223.7623759605
 30
0.0
 10
256.5740445541
 20
223.7384505799
 30
0.0
 10
256.557027777
 20
223.7125948334
 30
0.0
 10
256.5489617122
 20
223.6942064115
 30
0.0
 10
256.5450242449
 20
223.68524033
 30
0.0
  0
SPLINE
  5
747
100
AcDbEntity
  8
0
100
AcDbSpline
 62
7
  6
CONTINUOUS
 70
0
 71
3
 72
20
 73
16
 74
0
 42
0.0000001
 43
0.0000001
 44
0.0000000001
 40
0.0
 40
0.0
 40
0.0
 40
0.0
 40
0.0710820421
 40
0.1411923396
 40
0.2100343715
 40
0.2776184227
 40
0.3437162114
 40
0.4084783526
 40
0.4720928165
 40
0.5345304032
 40
0.5956312088
 40
0.655598114
 40
0.7732197149
 40
0.8875480455
 40
1.0
 40
1.0
 40
1.0
 40
1.0
 10
255.7110859847
 20
223.0000801722
 30
0.0
 10
255.7048694453
 20
223.0002034764
 30
0.0
 10
255.6925199491
 20
223.0004328398
 30
0.0
 10
255.674175158
 20
223.0016269691
 30
0.0
 10
255.6562474856
 20
223.0039327243
 30
0.0
 10
255.638799419
 20
223.0070566329
 30
0.0
 10
255.6219556357
 20
223.0113153866
 30
0.0
 10
255.6057644667
 20
223.0165632507
 30
0.0
 10
255.5901712461
 20
223.0225400672
 30
0.0
 10
255.575266376
 20
223.0293417719
 30
0.0
 10
255.561208765
 20
223.0371361056
 30
0.0
 10
255.5438469643
 20
223.0487417717
 30
0.0
 10
255.5234638631
 20
223.0642612777
 30
0.0
 10
255.5030954133
 20
223.0867130085
 30
0.0
 10
255.4927275945
 20
223.1037793474
 30
0.0
 10
255.4883942785
 20
223.1126099409
 30
0.0
  0
SPLINE
  5
748
100
AcDbEntity
  8
0
100
AcDbSpline
 62
7
  6
CONTINUOUS
 70
0
 71
3
 72
21
 73
17
 74
0
 42
0.0000001
 43
0.0000001
 44
0.0000000001
 40
0.0
 40
0.0
 40
0.0
 40
0.0
 40
0.0549604451
 40
0.1112323149
 40
0.1691972557
 40
0.2288478818
 40
0.3531135672
 40
0.4827144919
 40
0.5486313231
 40
0.6148043093
 40
0.6809259716
 40
0.7466235426
 40
0.8116132697
 40
0.8755497192
 40
0.9384424644
 40
1.0
 40
1.0
 40
1.0
 40
1.0
 10
256.1353770488
 20
223.2877939103
 30
0.0
 10
256.1321634219
 20
223.2782823994
 30
0.0
 10
256.1256675253
 20
223.2590179917
 30
0.0
 10
256.113243451
 20
223.230665506
 30
0.0
 10
256.0978850923
 20
223.2028143842
 30
0.0
 10
256.0733306055
 20
223.1660248129
 30
0.0
 10
256.0349393219
 20
223.1230277652
 30
0.0
 10
255.9885402577
 20
223.0870984034
 30
0.0
 10
255.9478458008
 20
223.0619517271
 30
0.0
 10
255.9155785836
 20
223.0454552139
 30
0.0
 10
255.882394697
 20
223.0309876422
 30
0.0
 10
255.8483033108
 20
223.0194650986
 30
0.0
 10
255.8138836147
 20
223.0103951727
 30
0.0
 10
255.7793026501
 20
223.0045838534
 30
0.0
 10
255.7450846124
 20
223.0005831833
 30
0.0
 10
255.7223295951
 20
223.0002462295
 30
0.0
 10
255.7110859847
 20
223.0000801722
 30
0.0
  0
SPLINE
  5
749
100
AcDbEntity
  8
0
100
AcDbSpline
 62
7
  6
CONTINUOUS
 70
0
 71
3
 72
15
 73
11
 74
0
 42
0.0000001
 43
0.0000001
 44
0.0000000001
 40
0.0
 40
0.0
 40
0.0
 40
0.0
 40
0.1121219419
 40
0.2282819784
 40
0.3482535599
 40
0.4719304261
 40
0.6000394764
 40
0.7317944781
 40
0.8655942413
 40
1.0
 40
1.0
 40
1.0
 40
1.0
 10
256.2468857893
 20
223.6879167369
 30
0.0
 10
256.2435915302
 20
223.6783002721
 30
0.0
 10
256.2368087041
 20
223.6587082091
 30
0.0
 10
256.222425727
 20
223.6305053268
 30
0.0
 10
256.2050615439
 20
223.6028607707
 30
0.0
 10
256.1846392331
 20
223.5759594837
 30
0.0
 10
256.1601386315
 20
223.5511411292
 30
0.0
 10
256.1320171067
 20
223.5290244481
 30
0.0
 10
256.1010635951
 20
223.5100045988
 30
0.0
 10
256.0792985371
 20
223.4991397206
 30
0.0
 10
256.0684017482
 20
223.4936860671
 30
0.0
  0
SPLINE
  5
74A
100
AcDbEntity
  8
0
100
AcDbSpline
 62
7
  6
CONTINUOUS
 70
0
 71
3
 72
16
 73
12
 74
0
 42
0.0000001
 43
0.0000001
 44
0.0000000001
 40
0.0
 40
0.0
 40
0.0
 40
0.0
 40
0.1225560431
 40
0.249848656
 40
0.3793687873
 40
0.5096330675
 40
0.5744793693
 40
0.6385135046
 40
0.7638269928
 40
0.8842336486
 40
1.0
 40
1.0
 40
1.0
 40
1.0
 10
255.9678600806
 20
223.8215459083
 30
0.0
 10
255.9584817074
 20
223.8212019991
 30
0.0
 10
255.9392933789
 20
223.8203271894
 30
0.0
 10
255.910968708
 20
223.8132364172
 30
0.0
 10
255.8831512874
 20
223.8029016533
 30
0.0
 10
255.8609045537
 20
223.7916678789
 30
0.0
 10
255.8440476762
 20
223.7811680695
 30
0.0
 10
255.8284681975
 20
223.7694560231
 30
0.0
 10
255.8113052437
 20
223.7529748543
 30
0.0
 10
255.7937860947
 20
223.7314072206
 30
0.0
 10
255.7847816505
 20
223.71567517
 30
0.0
 10
255.780363635
 20
223.7079897884
 30
0.0
  0
SPLINE
  5
74B
100
AcDbEntity
  8
0
100
AcDbSpline
 62
7
  6
CONTINUOUS
 70
0
 71
3
 72
14
 73
10
 74
0
 42
0.0000001
 43
0.0000001
 44
0.0000000001
 40
0.0
 40
0.0
 40
0.0
 40
0.0
 40
0.3317307854
 40
0.4762392276
 40
0.6057646721
 40
0.7207092543
 40
0.8225355827
 40
0.9141283529
 40
1.0
 40
1.0
 40
1.0
 40
1.0
 10
303.9536509887
 20
227.4993236518
 30
0.0
 10
303.9704446096
 20
227.5536678796
 30
0.0
 10
303.9991365812
 20
227.6305899968
 30
0.0
 10
304.0485557853
 20
227.7221145202
 30
0.0
 10
304.0865994723
 20
227.7771025687
 30
0.0
 10
304.1269420708
 20
227.8209904777
 30
0.0
 10
304.169308889
 20
227.8532165373
 30
0.0
 10
304.213384889
 20
227.8731359344
 30
0.0
 10
304.2439669054
 20
227.8777136429
 30
0.0
 10
304.2586907997
 20
227.8777137365
 30
0.0
  0
SPLINE
  5
74C
100
AcDbEntity
  8
0
100
AcDbSpline
 62
7
  6
CONTINUOUS
 70
0
 71
3
 72
14
 73
10
 74
0
 42
0.0000001
 43
0.0000001
 44
0.0000000001
 40
0.0
 40
0.0
 40
0.0
 40
0.0
 40
0.3152648484
 40
0.4542518894
 40
0.5812367717
 40
0.6972348435
 40
0.8039366113
 40
0.9037959649
 40
1.0
 40
1.0
 40
1.0
 40
1.0
 10
304.6459984091
 20
228.1310368724
 30
0.0
 10
304.6207409414
 20
228.1825062098
 30
0.0
 10
304.5796869851
 20
228.2547491354
 30
0.0
 10
304.5147822415
 20
228.3383762231
 30
0.0
 10
304.4662513009
 20
228.3883171294
 30
0.0
 10
304.4160943208
 20
228.4277701457
 30
0.0
 10
304.3645461455
 20
228.4563849584
 30
0.0
 10
304.3119439125
 20
228.4737898547
 30
0.0
 10
304.2761787582
 20
228.4777139252
 30
0.0
 10
304.2586835253
 20
228.4777135987
 30
0.0
  0
SPLINE
  5
74D
100
AcDbEntity
  8
0
100
AcDbSpline
 62
7
  6
CONTINUOUS
 70
0
 71
3
 72
14
 73
10
 74
0
 42
0.0000001
 43
0.0000001
 44
0.0000000001
 40
0.0
 40
0.0
 40
0.0
 40
0.0
 40
0.3317307854
 40
0.4762392276
 40
0.6057646721
 40
0.7207092543
 40
0.8225355827
 40
0.9141283529
 40
1.0
 40
1.0
 40
1.0
 40
1.0
 10
301.6141558248
 20
227.4993236518
 30
0.0
 10
301.6309494457
 20
227.5536678796
 30
0.0
 10
301.6596414173
 20
227.6305899968
 30
0.0
 10
301.7090606214
 20
227.7221145202
 30
0.0
 10
301.7471043084
 20
227.7771025687
 30
0.0
 10
301.7874469069
 20
227.8209904777
 30
0.0
 10
301.8298137251
 20
227.8532165373
 30
0.0
 10
301.8738897251
 20
227.8731359344
 30
0.0
 10
301.9044717415
 20
227.8777136429
 30
0.0
 10
301.9191956358
 20
227.8777137365
 30
0.0
  0
SPLINE
  5
74E
100
AcDbEntity
  8
0
100
AcDbSpline
 62
7
  6
CONTINUOUS
 70
0
 71
3
 72
14
 73
10
 74
0
 42
0.0000001
 43
0.0000001
 44
0.0000000001
 40
0.0
 40
0.0
 40
0.0
 40
0.0
 40
0.3152648484
 40
0.4542518894
 40
0.5812367717
 40
0.6972348435
 40
0.8039366113
 40
0.9037959649
 40
1.0
 40
1.0
 40
1.0
 40
1.0
 10
302.3065032453
 20
228.1310368724
 30
0.0
 10
302.2812457775
 20
228.1825062098
 30
0.0
 10
302.2401918212
 20
228.2547491354
 30
0.0
 10
302.1752870776
 20
228.3383762231
 30
0.0
 10
302.126756137
 20
228.3883171294
 30
0.0
 10
302.0765991569
 20
228.4277701457
 30
0.0
 10
302.0250509816
 20
228.4563849584
 30
0.0
 10
301.9724487486
 20
228.4737898547
 30
0.0
 10
301.9366835943
 20
228.4777139252
 30
0.0
 10
301.9191883614
 20
228.4777135987
 30
0.0
  0
SPLINE
  5
74F
100
AcDbEntity
  8
0
100
AcDbSpline
 62
7
  6
CONTINUOUS
 70
0
 71
3
 72
14
 73
10
 74
0
 42
0.0000001
 43
0.0000001
 44
0.0000000001
 40
0.0
 40
0.0
 40
0.0
 40
0.0
 40
0.3317307854
 40
0.4762392276
 40
0.6057646721
 40
0.7207092543
 40
0.8225355827
 40
0.9141283529
 40
1.0
 40
1.0
 40
1.0
 40
1.0
 10
299.2746606609
 20
227.4993236518
 30
0.0
 10
299.2914542818
 20
227.5536678796
 30
0.0
 10
299.3201462534
 20
227.6305899968
 30
0.0
 10
299.3695654575
 20
227.7221145202
 30
0.0
 10
299.4076091445
 20
227.7771025687
 30
0.0
 10
299.447951743
 20
227.8209904777
 30
0.0
 10
299.4903185612
 20
227.8532165373
 30
0.0
 10
299.5343945612
 20
227.8731359344
 30
0.0
 10
299.5649765776
 20
227.8777136429
 30
0.0
 10
299.5797004719
 20
227.8777137365
 30
0.0
  0
SPLINE
  5
750
100
AcDbEntity
  8
0
100
AcDbSpline
 62
7
  6
CONTINUOUS
 70
0
 71
3
 72
14
 73
10
 74
0
 42
0.0000001
 43
0.0000001
 44
0.0000000001
 40
0.0
 40
0.0
 40
0.0
 40
0.0
 40
0.3152648484
 40
0.4542518894
 40
0.5812367717
 40
0.6972348435
 40
0.8039366113
 40
0.9037959649
 40
1.0
 40
1.0
 40
1.0
 40
1.0
 10
299.9670080814
 20
228.1310368724
 30
0.0
 10
299.9417506136
 20
228.1825062098
 30
0.0
 10
299.9006966574
 20
228.2547491354
 30
0.0
 10
299.8357919138
 20
228.3383762231
 30
0.0
 10
299.7872609731
 20
228.3883171294
 30
0.0
 10
299.737103993
 20
228.4277701457
 30
0.0
 10
299.6855558177
 20
228.4563849584
 30
0.0
 10
299.6329535847
 20
228.4737898547
 30
0.0
 10
299.5971884304
 20
228.4777139252
 30
0.0
 10
299.5796931975
 20
228.4777135987
 30
0.0
  0
SPLINE
  5
751
100
AcDbEntity
  8
0
100
AcDbSpline
 62
7
  6
CONTINUOUS
 70
0
 71
3
 72
14
 73
10
 74
0
 42
0.0000001
 43
0.0000001
 44
0.0000000001
 40
0.0
 40
0.0
 40
0.0
 40
0.0
 40
0.3317307854
 40
0.4762392276
 40
0.6057646721
 40
0.7207092543
 40
0.8225355827
 40
0.9141283529
 40
1.0
 40
1.0
 40
1.0
 40
1.0
 10
296.935165497
 20
227.4993236518
 30
0.0
 10
296.951959118
 20
227.5536678796
 30
0.0
 10
296.9806510895
 20
227.6305899968
 30
0.0
 10
297.0300702936
 20
227.7221145202
 30
0.0
 10
297.0681139806
 20
227.7771025687
 30
0.0
 10
297.1084565791
 20
227.8209904777
 30
0.0
 10
297.1508233973
 20
227.8532165373
 30
0.0
 10
297.1948993973
 20
227.8731359344
 30
0.0
 10
297.2254814137
 20
227.8777136429
 30
0.0
 10
297.240205308
 20
227.8777137365
 30
0.0
  0
SPLINE
  5
752
100
AcDbEntity
  8
0
100
AcDbSpline
 62
7
  6
CONTINUOUS
 70
0
 71
3
 72
14
 73
10
 74
0
 42
0.0000001
 43
0.0000001
 44
0.0000000001
 40
0.0
 40
0.0
 40
0.0
 40
0.0
 40
0.3152648484
 40
0.4542518894
 40
0.5812367717
 40
0.6972348435
 40
0.8039366113
 40
0.9037959649
 40
1.0
 40
1.0
 40
1.0
 40
1.0
 10
297.6275129175
 20
228.1310368724
 30
0.0
 10
297.6022554497
 20
228.1825062098
 30
0.0
 10
297.5612014935
 20
228.2547491354
 30
0.0
 10
297.4962967499
 20
228.3383762231
 30
0.0
 10
297.4477658093
 20
228.3883171294
 30
0.0
 10
297.3976088291
 20
228.4277701457
 30
0.0
 10
297.3460606538
 20
228.4563849584
 30
0.0
 10
297.2934584208
 20
228.4737898547
 30
0.0
 10
297.2576932666
 20
228.4777139252
 30
0.0
 10
297.2401980337
 20
228.4777135987
 30
0.0
  0
SPLINE
  5
753
100
AcDbEntity
  8
0
100
AcDbSpline
 62
7
  6
CONTINUOUS
 70
0
 71
3
 72
14
 73
10
 74
0
 42
0.0000001
 43
0.0000001
 44
0.0000000001
 40
0.0
 40
0.0
 40
0.0
 40
0.0
 40
0.3317307854
 40
0.4762392276
 40
0.6057646721
 40
0.7207092543
 40
0.8225355827
 40
0.9141283529
 40
1.0
 40
1.0
 40
1.0
 40
1.0
 10
294.5956703331
 20
227.4993236518
 30
0.0
 10
294.6124639541
 20
227.5536678796
 30
0.0
 10
294.6411559256
 20
227.6305899968
 30
0.0
 10
294.6905751297
 20
227.7221145202
 30
0.0
 10
294.7286188167
 20
227.7771025687
 30
0.0
 10
294.7689614153
 20
227.8209904777
 30
0.0
 10
294.8113282334
 20
227.8532165373
 30
0.0
 10
294.8554042334
 20
227.8731359344
 30
0.0
 10
294.8859862499
 20
227.8777136429
 30
0.0
 10
294.9007101442
 20
227.8777137365
 30
0.0
  0
SPLINE
  5
754
100
AcDbEntity
  8
0
100
AcDbSpline
 62
7
  6
CONTINUOUS
 70
0
 71
3
 72
14
 73
10
 74
0
 42
0.0000001
 43
0.0000001
 44
0.0000000001
 40
0.0
 40
0.0
 40
0.0
 40
0.0
 40
0.3152648484
 40
0.4542518894
 40
0.5812367717
 40
0.6972348435
 40
0.8039366113
 40
0.9037959649
 40
1.0
 40
1.0
 40
1.0
 40
1.0
 10
295.2880177536
 20
228.1310368724
 30
0.0
 10
295.2627602858
 20
228.1825062098
 30
0.0
 10
295.2217063296
 20
228.2547491354
 30
0.0
 10
295.156801586
 20
228.3383762231
 30
0.0
 10
295.1082706454
 20
228.3883171294
 30
0.0
 10
295.0581136652
 20
228.4277701457
 30
0.0
 10
295.0065654899
 20
228.4563849584
 30
0.0
 10
294.9539632569
 20
228.4737898547
 30
0.0
 10
294.9181981027
 20
228.4777139252
 30
0.0
 10
294.9007028698
 20
228.4777135987
 30
0.0
  0
SPLINE
  5
755
100
AcDbEntity
  8
0
100
AcDbSpline
 62
7
  6
CONTINUOUS
 70
0
 71
3
 72
10
 73
6
 74
0
 42
0.0000001
 43
0.0000001
 44
0.0000000001
 40
0.0
 40
0.0
 40
0.0
 40
0.0
 40
0.4774056439
 40
0.7340746465
 40
1.0
 40
1.0
 40
1.0
 40
1.0
 10
336.0177337259
 20
222.477212266
 30
0.0
 10
335.9834984363
 20
222.3664267256
 30
0.0
 10
335.9000854545
 20
222.2047017413
 30
0.0
 10
335.7474573831
 20
222.0154321651
 30
0.0
 10
335.6555612609
 20
221.927214976
 30
0.0
 10
335.6063813679
 20
221.8853447614
 30
0.0
  0
SPLINE
  5
756
100
AcDbEntity
  8
0
100
AcDbSpline
 62
7
  6
CONTINUOUS
 70
0
 71
3
 72
14
 73
10
 74
0
 42
0.0000001
 43
0.0000001
 44
0.0000000001
 40
0.0
 40
0.0
 40
0.0
 40
0.0
 40
0.3317307854
 40
0.4762392276
 40
0.6057646721
 40
0.7207092543
 40
0.8225355827
 40
0.9141283529
 40
1.0
 40
1.0
 40
1.0
 40
1.0
 10
292.2561751692
 20
227.4993236518
 30
0.0
 10
292.2729687902
 20
227.5536678796
 30
0.0
 10
292.3016607617
 20
227.6305899968
 30
0.0
 10
292.3510799658
 20
227.7221145202
 30
0.0
 10
292.3891236529
 20
227.7771025687
 30
0.0
 10
292.4294662514
 20
227.8209904777
 30
0.0
 10
292.4718330695
 20
227.8532165373
 30
0.0
 10
292.5159090696
 20
227.8731359344
 30
0.0
 10
292.546491086
 20
227.8777136429
 30
0.0
 10
292.5612149803
 20
227.8777137365
 30
0.0
  0
SPLINE
  5
757
100
AcDbEntity
  8
0
100
AcDbSpline
 62
7
  6
CONTINUOUS
 70
0
 71
3
 72
14
 73
10
 74
0
 42
0.0000001
 43
0.0000001
 44
0.0000000001
 40
0.0
 40
0.0
 40
0.0
 40
0.0
 40
0.3152648484
 40
0.4542518894
 40
0.5812367717
 40
0.6972348435
 40
0.8039366113
 40
0.9037959649
 40
1.0
 40
1.0
 40
1.0
 40
1.0
 10
292.9485225897
 20
228.1310368724
 30
0.0
 10
292.923265122
 20
228.1825062098
 30
0.0
 10
292.8822111657
 20
228.2547491354
 30
0.0
 10
292.8173064221
 20
228.3383762231
 30
0.0
 10
292.7687754815
 20
228.3883171294
 30
0.0
 10
292.7186185013
 20
228.4277701457
 30
0.0
 10
292.667070326
 20
228.4563849584
 30
0.0
 10
292.6144680931
 20
228.4737898547
 30
0.0
 10
292.5787029388
 20
228.4777139252
 30
0.0
 10
292.5612077059
 20
228.4777135987
 30
0.0
  0
SPLINE
  5
758
100
AcDbEntity
  8
0
100
AcDbSpline
 62
7
  6
CONTINUOUS
 70
0
 71
3
 72
14
 73
10
 74
0
 42
0.0000001
 43
0.0000001
 44
0.0000000001
 40
0.0
 40
0.0
 40
0.0
 40
0.0
 40
0.3317307854
 40
0.4762392276
 40
0.6057646721
 40
0.7207092543
 40
0.8225355827
 40
0.9141283529
 40
1.0
 40
1.0
 40
1.0
 40
1.0
 10
289.9166800054
 20
227.4993236518
 30
0.0
 10
289.9334736263
 20
227.5536678796
 30
0.0
 10
289.9621655979
 20
227.6305899968
 30
0.0
 10
290.0115848019
 20
227.7221145202
 30
0.0
 10
290.049628489
 20
227.7771025687
 30
0.0
 10
290.0899710875
 20
227.8209904777
 30
0.0
 10
290.1323379057
 20
227.8532165373
 30
0.0
 10
290.1764139057
 20
227.8731359344
 30
0.0
 10
290.2069959221
 20
227.8777136429
 30
0.0
 10
290.2217198164
 20
227.8777137365
 30
0.0
  0
SPLINE
  5
759
100
AcDbEntity
  8
0
100
AcDbSpline
 62
7
  6
CONTINUOUS
 70
0
 71
3
 72
14
 73
10
 74
0
 42
0.0000001
 43
0.0000001
 44
0.0000000001
 40
0.0
 40
0.0
 40
0.0
 40
0.0
 40
0.3317519112
 40
0.4762577995
 40
0.6057639001
 40
0.7207129452
 40
0.8225366495
 40
0.9141293796
 40
1.0
 40
1.0
 40
1.0
 40
1.0
 10
287.5771848415
 20
227.4993236518
 30
0.0
 10
287.593980058
 20
227.5536730431
 30
0.0
 10
287.6226742842
 20
227.6306003281
 30
0.0
 10
287.6720964167
 20
227.7221274315
 30
0.0
 10
287.7101462592
 20
227.7771095138
 30
0.0
 10
287.7504856052
 20
227.8209996194
 30
0.0
 10
287.7928594253
 20
227.8532187578
 30
0.0
 10
287.8369351728
 20
227.8731428441
 30
0.0
 10
287.8675197979
 20
227.877709485
 30
0.0
 10
287.8822439774
 20
227.8777088946
 30
0.0
  0
SPLINE
  5
75A
100
AcDbEntity
  8
0
100
AcDbSpline
 62
7
  6
CONTINUOUS
 70
0
 71
3
 72
14
 73
10
 74
0
 42
0.0000001
 43
0.0000001
 44
0.0000000001
 40
0.0
 40
0.0
 40
0.0
 40
0.0
 40
0.3152648484
 40
0.4542518894
 40
0.5812367717
 40
0.6972348435
 40
0.8039366113
 40
0.9037959649
 40
1.0
 40
1.0
 40
1.0
 40
1.0
 10
290.6090274258
 20
228.1310368724
 30
0.0
 10
290.5837699581
 20
228.1825062098
 30
0.0
 10
290.5427160018
 20
228.2547491354
 30
0.0
 10
290.4778112582
 20
228.3383762231
 30
0.0
 10
290.4292803176
 20
228.3883171294
 30
0.0
 10
290.3791233374
 20
228.4277701457
 30
0.0
 10
290.3275751622
 20
228.4563849584
 30
0.0
 10
290.2749729292
 20
228.4737898547
 30
0.0
 10
290.2392077749
 20
228.4777139252
 30
0.0
 10
290.221712542
 20
228.4777135987
 30
0.0
  0
SPLINE
  5
75B
100
AcDbEntity
  8
0
100
AcDbSpline
 62
7
  6
CONTINUOUS
 70
0
 71
3
 72
13
 73
9
 74
0
 42
0.0000001
 43
0.0000001
 44
0.0000000001
 40
0.0
 40
0.0
 40
0.0
 40
0.0
 40
0.3153611249
 40
0.5810742583
 40
0.6971047135
 40
0.8038475829
 40
0.9037566226
 40
1.0
 40
1.0
 40
1.0
 40
1.0
 10
288.269532262
 20
228.1310368724
 30
0.0
 10
288.2442794925
 20
228.1824966355
 30
0.0
 10
288.1918715179
 20
228.2746483612
 30
0.0
 10
288.1096622916
 20
228.3726431421
 30
0.0
 10
288.0396526031
 20
228.4277566322
 30
0.0
 10
287.9881038654
 20
228.4563565984
 30
0.0
 10
287.9355133864
 20
228.4737845696
 30
0.0
 10
287.8997481404
 20
228.4777052768
 30
0.0
 10
287.8822543509
 20
228.4777059688
 30
0.0
  0
SPLINE
  5
75C
100
AcDbEntity
  8
0
100
AcDbSpline
 62
7
  6
CONTINUOUS
 70
0
 71
3
 72
15
 73
11
 74
0
 42
0.0000001
 43
0.0000001
 44
0.0000000001
 40
0.0
 40
0.0
 40
0.0
 40
0.0
 40
0.172726867
 40
0.3319113998
 40
0.4763827994
 40
0.6058579911
 40
0.7207796017
 40
0.8225790041
 40
0.9141498741
 40
1.0
 40
1.0
 40
1.0
 40
1.0
 10
286.6573109818
 20
227.8722895802
 30
0.0
 10
286.671305428
 20
227.9175756668
 30
0.0
 10
286.700932657
 20
228.0037940429
 30
0.0
 10
286.7525823096
 20
228.1240371801
 30
0.0
 10
286.809177146
 20
228.2287765508
 30
0.0
 10
286.8700475333
 20
228.316746752
 30
0.0
 10
286.9345925868
 20
228.3869711746
 30
0.0
 10
287.0023902288
 20
228.4385217392
 30
0.0
 10
287.0729115341
 20
228.4704002905
 30
0.0
 10
287.1218469121
 20
228.4777069132
 30
0.0
 10
287.1454055994
 20
228.4777059686
 30
0.0
  0
SPLINE
  5
75D
100
AcDbEntity
  8
0
100
AcDbSpline
 62
7
  6
CONTINUOUS
 70
0
 71
3
 72
14
 73
10
 74
0
 42
0.0000001
 43
0.0000001
 44
0.0000000001
 40
0.0
 40
0.0
 40
0.0
 40
0.0
 40
0.1120260741
 40
0.2249004067
 40
0.3403815374
 40
0.4609423554
 40
0.5878999766
 40
0.7210575394
 40
1.0
 40
1.0
 40
1.0
 40
1.0
 10
255.6442091421
 20
223.1940801955
 30
0.0
 10
255.6465192243
 20
223.189372914
 30
0.0
 10
255.6516764977
 20
223.1801727373
 30
0.0
 10
255.6610313911
 20
223.1672032299
 30
0.0
 10
255.6730113549
 20
223.1559267473
 30
0.0
 10
255.6876405868
 20
223.1470591024
 30
0.0
 10
255.7043939403
 20
223.1407606178
 30
0.0
 10
255.7291330295
 20
223.1354135347
 30
0.0
 10
255.7485004861
 20
223.1347309452
 30
0.0
 10
255.7615491576
 20
223.1342828594
 30
0.0
  0
SPLINE
  5
75E
100
AcDbEntity
  8
0
100
AcDbSpline
 62
7
  6
CONTINUOUS
 70
0
 71
3
 72
10
 73
6
 74
0
 42
0.0000001
 43
0.0000001
 44
0.0000000001
 40
0.0
 40
0.0
 40
0.0
 40
0.0
 40
0.488118529
 40
0.7407843854
 40
1.0
 40
1.0
 40
1.0
 40
1.0
 10
255.4883942785
 20
223.1126099409
 30
0.0
 10
255.4789775734
 20
223.1317996546
 30
0.0
 10
255.4701554374
 20
223.1638454563
 30
0.0
 10
255.4683330749
 20
223.2076844797
 30
0.0
 10
255.4704804456
 20
223.2300443478
 30
0.0
 10
255.471614377
 20
223.241339134
 30
0.0
  0
SPLINE
  5
75F
100
AcDbEntity
  8
0
100
AcDbSpline
 62
7
  6
CONTINUOUS
 70
0
 71
3
 72
13
 73
9
 74
0
 42
0.0000001
 43
0.0000001
 44
0.0000000001
 40
0.0
 40
0.0
 40
0.0
 40
0.0
 40
0.0962439773
 40
0.1961451805
 40
0.3028909352
 40
0.4189375675
 40
0.6846023236
 40
1.0
 40
1.0
 40
1.0
 40
1.0
 10
290.2217198164
 20
227.8777137365
 30
0.0
 10
290.2326542071
 20
227.877713806
 30
0.0
 10
290.2550072451
 20
227.8752603555
 30
0.0
 10
290.2878823569
 20
227.8643810118
 30
0.0
 10
290.3201018435
 20
227.8464995082
 30
0.0
 10
290.3638584294
 20
227.8120550537
 30
0.0
 10
290.4152487474
 20
227.7508084705
 30
0.0
 10
290.4480019346
 20
227.6932088607
 30
0.0
 10
290.4637877614
 20
227.6610407095
 30
0.0
  0
SPLINE
  5
760
100
AcDbEntity
  8
0
100
AcDbSpline
 62
7
  6
CONTINUOUS
 70
0
 71
3
 72
13
 73
9
 74
0
 42
0.0000001
 43
0.0000001
 44
0.0000000001
 40
0.0
 40
0.0
 40
0.0
 40
0.0
 40
0.0962439773
 40
0.1961451805
 40
0.3028909352
 40
0.4189375675
 40
0.6846023236
 40
1.0
 40
1.0
 40
1.0
 40
1.0
 10
301.9191956358
 20
227.8777137365
 30
0.0
 10
301.9301300265
 20
227.877713806
 30
0.0
 10
301.9524830645
 20
227.8752603555
 30
0.0
 10
301.9853581763
 20
227.8643810118
 30
0.0
 10
302.0175776629
 20
227.8464995082
 30
0.0
 10
302.0613342489
 20
227.8120550537
 30
0.0
 10
302.1127245668
 20
227.7508084705
 30
0.0
 10
302.1454777541
 20
227.6932088607
 30
0.0
 10
302.1612635808
 20
227.6610407095
 30
0.0
  0
SPLINE
  5
761
100
AcDbEntity
  8
0
100
AcDbSpline
 62
7
  6
CONTINUOUS
 70
0
 71
3
 72
15
 73
11
 74
0
 42
0.0000001
 43
0.0000001
 44
0.0000000001
 40
0.0
 40
0.0
 40
0.0
 40
0.0
 40
0.08585103
 40
0.1774221837
 40
0.2792246049
 40
0.3941420981
 40
0.5236364519
 40
0.6681109971
 40
0.8272011762
 40
1.0
 40
1.0
 40
1.0
 40
1.0
 10
290.221712542
 20
228.4777135987
 30
0.0
 10
290.198154509
 20
228.477713159
 30
0.0
 10
290.1492237843
 20
228.4703874254
 30
0.0
 10
290.0787030849
 20
228.4385153505
 30
0.0
 10
290.0109175825
 20
228.3869529735
 30
0.0
 10
289.9463685177
 20
228.3167318145
 30
0.0
 10
289.885507705
 20
228.2287526716
 30
0.0
 10
289.8289303181
 20
228.1240327827
 30
0.0
 10
289.7772666514
 20
228.0038066285
 30
0.0
 10
289.7476547562
 20
227.9175927975
 30
0.0
 10
289.7336550162
 20
227.8722895802
 30
0.0
  0
SPLINE
  5
762
100
AcDbEntity
  8
0
100
AcDbSpline
 62
7
  6
CONTINUOUS
 70
0
 71
3
 72
13
 73
9
 74
0
 42
0.0000001
 43
0.0000001
 44
0.0000000001
 40
0.0
 40
0.0
 40
0.0
 40
0.0
 40
0.0962439773
 40
0.1961451805
 40
0.3028909352
 40
0.4189375675
 40
0.6846023236
 40
1.0
 40
1.0
 40
1.0
 40
1.0
 10
299.5797004719
 20
227.8777137365
 30
0.0
 10
299.5906348626
 20
227.877713806
 30
0.0
 10
299.6129879006
 20
227.8752603555
 30
0.0
 10
299.6458630124
 20
227.8643810118
 30
0.0
 10
299.6780824991
 20
227.8464995082
 30
0.0
 10
299.721839085
 20
227.8120550537
 30
0.0
 10
299.7732294029
 20
227.7508084705
 30
0.0
 10
299.8059825902
 20
227.6932088607
 30
0.0
 10
299.8217684169
 20
227.6610407095
 30
0.0
  0
SPLINE
  5
763
100
AcDbEntity
  8
0
100
AcDbSpline
 62
7
  6
CONTINUOUS
 70
0
 71
3
 72
14
 73
10
 74
0
 42
0.0000001
 43
0.0000001
 44
0.0000000001
 40
0.0
 40
0.0
 40
0.0
 40
0.0
 40
0.1417059892
 40
0.2785946399
 40
0.4104838692
 40
0.5364479443
 40
0.6573032433
 40
0.7740514691
 40
1.0
 40
1.0
 40
1.0
 40
1.0
 10
256.7780527508
 20
223.9563221112
 30
0.0
 10
256.791118097
 20
223.9561188904
 30
0.0
 10
256.8168503426
 20
223.9556128283
 30
0.0
 10
256.8543398032
 20
223.9498250335
 30
0.0
 10
256.8897240128
 20
223.9408869876
 30
0.0
 10
256.9219399016
 20
223.9270460171
 30
0.0
 10
256.9505988619
 20
223.9093712871
 30
0.0
 10
256.982933555
 20
223.8812393167
 30
0.0
 10
257.0019003342
 20
223.8550910223
 30
0.0
 10
257.0110791397
 20
223.836386764
 30
0.0
  0
SPLINE
  5
764
100
AcDbEntity
  8
0
100
AcDbSpline
 62
7
  6
CONTINUOUS
 70
0
 71
3
 72
21
 73
17
 74
0
 42
0.0000001
 43
0.0000001
 44
0.0000000001
 40
0.0
 40
0.0
 40
0.0
 40
0.0
 40
0.0549279391
 40
0.1114638412
 40
0.1696348841
 40
0.2295457447
 40
0.3540489163
 40
0.4181386572
 40
0.4831475522
 40
0.5487367181
 40
0.6146457272
 40
0.7462965709
 40
0.8113884464
 40
0.8755392503
 40
0.938528449
 40
1.0
 40
1.0
 40
1.0
 40
1.0
 10
256.3863252508
 20
223.68524033
 30
0.0
 10
256.389314912
 20
223.694014692
 30
0.0
 10
256.3953822131
 20
223.7118445765
 30
0.0
 10
256.4076895876
 20
223.7377490116
 30
0.0
 10
256.4223207687
 20
223.7633621028
 30
0.0
 10
256.4459115229
 20
223.7968967086
 30
0.0
 10
256.474725873
 20
223.8276582171
 30
0.0
 10
256.5069769367
 20
223.8558275623
 30
0.0
 10
256.533436644
 20
223.8753616399
 30
0.0
 10
256.5612956134
 20
223.8933908075
 30
0.0
 10
256.6000471841
 20
223.9151133109
 30
0.0
 10
256.6408669798
 20
223.932927904
 30
0.0
 10
256.6832315769
 20
223.9451089854
 30
0.0
 10
256.7150479904
 20
223.9515532154
 30
0.0
 10
256.7466536756
 20
223.9557564255
 30
0.0
 10
256.7676802845
 20
223.9561427354
 30
0.0
 10
256.7780527508
 20
223.9563221112
 30
0.0
  0
SPLINE
  5
765
100
AcDbEntity
  8
0
100
AcDbSpline
 62
7
  6
CONTINUOUS
 70
0
 71
3
 72
12
 73
8
 74
0
 42
0.0000001
 43
0.0000001
 44
0.0000000001
 40
0.0
 40
0.0
 40
0.0
 40
0.0
 40
0.2649308557
 40
0.3924819654
 40
0.5171766241
 40
0.7606180392
 40
1.0
 40
1.0
 40
1.0
 40
1.0
 10
256.8598775129
 20
223.6879167369
 30
0.0
 10
256.8616399561
 20
223.6947957699
 30
0.0
 10
256.864317387
 20
223.7050145627
 30
0.0
 10
256.865486339
 20
223.7188701544
 30
0.0
 10
256.8649115411
 20
223.7321685928
 30
0.0
 10
256.8618961746
 20
223.7482644174
 30
0.0
 10
256.8572648925
 20
223.760435508
 30
0.0
 10
256.8544383767
 20
223.766195808
 30
0.0
  0
SPLINE
  5
766
100
AcDbEntity
  8
0
100
AcDbSpline
 62
7
  6
CONTINUOUS
 70
0
 71
3
 72
11
 73
7
 74
0
 42
0.0000001
 43
0.0000001
 44
0.0000000001
 40
0.0
 40
0.0
 40
0.0
 40
0.0
 40
0.2664616303
 40
0.5239654192
 40
0.7686032171
 40
1.0
 40
1.0
 40
1.0
 40
1.0
 10
256.7907523728
 20
223.5944336685
 30
0.0
 10
256.7988289742
 20
223.6011199605
 30
0.0
 10
256.8146848387
 20
223.6143640228
 30
0.0
 10
256.834767859
 20
223.637137155
 30
0.0
 10
256.8502720565
 20
223.6617102298
 30
0.0
 10
256.8568095643
 20
223.6793438116
 30
0.0
 10
256.8598775129
 20
223.6879167369
 30
0.0
  0
SPLINE
  5
767
100
AcDbEntity
  8
0
100
AcDbSpline
 62
7
  6
CONTINUOUS
 70
0
 71
3
 72
12
 73
8
 74
0
 42
0.0000001
 43
0.0000001
 44
0.0000000001
 40
0.0
 40
0.0
 40
0.0
 40
0.0
 40
0.2642910541
 40
0.3928150328
 40
0.518326785
 40
0.7625662898
 40
1.0
 40
1.0
 40
1.0
 40
1.0
 10
255.9753192944
 20
223.2833969562
 30
0.0
 10
255.9774235937
 20
223.291150291
 30
0.0
 10
255.9805615424
 20
223.3026928362
 30
0.0
 10
255.9828260049
 20
223.318321454
 30
0.0
 10
255.9833251405
 20
223.333458824
 30
0.0
 10
255.9821698775
 20
223.3520698662
 30
0.0
 10
255.9767697448
 20
223.3659033257
 30
0.0
 10
255.9735901637
 20
223.3723826339
 30
0.0
  0
SPLINE
  5
768
100
AcDbEntity
  8
0
100
AcDbSpline
 62
7
  6
CONTINUOUS
 70
0
 71
3
 72
21
 73
17
 74
0
 42
0.0000001
 43
0.0000001
 44
0.0000000001
 40
0.0
 40
0.0
 40
0.0
 40
0.0
 40
0.1247479936
 40
0.1890542506
 40
0.254498137
 40
0.3204174752
 40
0.3865573309
 40
0.4527481702
 40
0.5186922235
 40
0.583880924
 40
0.6480231137
 40
0.7108538081
 40
0.7718979691
 40
0.8312356811
 40
0.8889961826
 40
1.0
 40
1.0
 40
1.0
 40
1.0
 10
255.7615491576
 20
223.1342828594
 30
0.0
 10
255.7731127062
 20
223.1347598721
 30
0.0
 10
255.7907050549
 20
223.1355587449
 30
0.0
 10
255.8138672714
 20
223.1403623965
 30
0.0
 10
255.8313161502
 20
223.1454104104
 30
0.0
 10
255.8485513178
 20
223.1516761212
 30
0.0
 10
255.8653345388
 20
223.1592464488
 30
0.0
 10
255.881490456
 20
223.1680687666
 30
0.0
 10
255.8970509905
 20
223.1777316002
 30
0.0
 10
255.9116970109
 20
223.1884398132
 30
0.0
 10
255.9250096812
 20
223.2003283861
 30
0.0
 10
255.9371510854
 20
223.2128829719
 30
0.0
 10
255.9476328588
 20
223.2263067574
 30
0.0
 10
255.9565434371
 20
223.2402404887
 30
0.0
 10
255.9667217984
 20
223.258835136
 30
0.0
 10
255.9719533631
 20
223.2736642758
 30
0.0
 10
255.9753192944
 20
223.2833969562
 30
0.0
  0
SPLINE
  5
769
100
AcDbEntity
  8
0
100
AcDbSpline
 62
7
  6
CONTINUOUS
 70
0
 71
3
 72
11
 73
7
 74
0
 42
0.0000001
 43
0.0000001
 44
0.0000000001
 40
0.0
 40
0.0
 40
0.0
 40
0.0
 40
0.2574602246
 40
0.5089856335
 40
0.755953818
 40
1.0
 40
1.0
 40
1.0
 40
1.0
 10
256.0684017482
 20
223.4936860671
 30
0.0
 10
256.0747714985
 20
223.4892078243
 30
0.0
 10
256.0874130999
 20
223.4804032406
 30
0.0
 10
256.1044535495
 20
223.4650210988
 30
0.0
 10
256.1186297612
 20
223.4475250037
 30
0.0
 10
256.1264981157
 20
223.4348466755
 30
0.0
 10
256.1297497609
 20
223.4282208085
 30
0.0
  0
SPLINE
  5
76A
100
AcDbEntity
  8
0
100
AcDbSpline
 62
7
  6
CONTINUOUS
 70
0
 71
3
 72
18
 73
14
 74
0
 42
0.0000001
 43
0.0000001
 44
0.0000000001
 40
0.0
 40
0.0
 40
0.0
 40
0.0
 40
0.1414222352
 40
0.2786283798
 40
0.3453247851
 40
0.4107573568
 40
0.4746723289
 40
0.5370168975
 40
0.598047278
 40
0.6578807466
 40
0.7741787594
 40
0.887631916
 40
1.0
 40
1.0
 40
1.0
 40
1.0
 10
256.0034398137
 20
223.9563221112
 30
0.0
 10
256.0166525206
 20
223.9560249942
 30
0.0
 10
256.0427037502
 20
223.9554205004
 30
0.0
 10
256.0747799685
 20
223.9511706071
 30
0.0
 10
256.0993522874
 20
223.9456725649
 30
0.0
 10
256.1169893209
 20
223.9406717563
 30
0.0
 10
256.1338463435
 20
223.9345475803
 30
0.0
 10
256.1497207936
 20
223.9271285503
 30
0.0
 10
256.1646580715
 20
223.9187284865
 30
0.0
 10
256.183112744
 20
223.9064252167
 30
0.0
 10
256.2035687073
 20
223.8884235255
 30
0.0
 10
256.2232132172
 20
223.8630484403
 30
0.0
 10
256.2340367539
 20
223.8448498617
 30
0.0
 10
256.2386626781
 20
223.8354227785
 30
0.0
  0
SPLINE
  5
76B
100
AcDbEntity
  8
0
100
AcDbSpline
 62
7
  6
CONTINUOUS
 70
0
 71
3
 72
23
 73
19
 74
0
 42
0.0000001
 43
0.0000001
 44
0.0000000001
 40
0.0
 40
0.0
 40
0.0
 40
0.0
 40
0.0559115011
 40
0.113356442
 40
0.1725488971
 40
0.2332741963
 40
0.2954042029
 40
0.3585997454
 40
0.4227052233
 40
0.4873854575
 40
0.552533651
 40
0.6179324144
 40
0.6833567391
 40
0.7485222771
 40
0.8130222077
 40
0.8766577383
 40
0.9390002861
 40
1.0
 40
1.0
 40
1.0
 40
1.0
 10
255.6218894271
 20
223.7079897884
 30
0.0
 10
255.6254587528
 20
223.7161817927
 30
0.0
 10
255.6327125466
 20
223.7327979506
 30
0.0
 10
255.6462246275
 20
223.7568959123
 30
0.0
 10
255.6623255435
 20
223.7802628191
 30
0.0
 10
255.6806815683
 20
223.8028802796
 30
0.0
 10
255.701310698
 20
223.8243311924
 30
0.0
 10
255.7236343376
 20
223.8448181848
 30
0.0
 10
255.7477377851
 20
223.8638336593
 30
0.0
 10
255.7729402155
 20
223.8819044589
 30
0.0
 10
255.7994966947
 20
223.898317701
 30
0.0
 10
255.8269260579
 20
223.9134801844
 30
0.0
 10
255.8554504493
 20
223.9264867976
 30
0.0
 10
255.8846420953
 20
223.9375356922
 30
0.0
 10
255.9144296584
 20
223.9458492559
 30
0.0
 10
255.9442456282
 20
223.9521158929
 30
0.0
 10
255.9739733245
 20
223.9556326986
 30
0.0
 10
255.9936933694
 20
223.9560975537
 30
0.0
 10
256.0034398137
 20
223.9563221112
 30
0.0
  0
SPLINE
  5
76C
100
AcDbEntity
  8
0
100
AcDbSpline
 62
7
  6
CONTINUOUS
 70
0
 71
3
 72
11
 73
7
 74
0
 42
0.0000001
 43
0.0000001
 44
0.0000000001
 40
0.0
 40
0.0
 40
0.0
 40
0.0
 40
0.2649790683
 40
0.5177694788
 40
0.7616691874
 40
1.0
 40
1.0
 40
1.0
 40
1.0
 10
256.0873597237
 20
223.68524033
 30
0.0
 10
256.0892167643
 20
223.6917484226
 30
0.0
 10
256.0927671589
 20
223.7045569091
 30
0.0
 10
256.0937161102
 20
223.7241111412
 30
0.0
 10
256.0916159955
 20
223.7428879427
 30
0.0
 10
256.0872376742
 20
223.7545454633
 30
0.0
 10
256.0845559887
 20
223.7600101619
 30
0.0
  0
SPLINE
  5
76D
100
AcDbEntity
  8
0
100
AcDbSpline
 62
7
  6
CONTINUOUS
 70
0
 71
3
 72
17
 73
13
 74
0
 42
0.0000001
 43
0.0000001
 44
0.0000000001
 40
0.0
 40
0.0
 40
0.0
 40
0.0
 40
0.0613399068
 40
0.1235726082
 40
0.1869337465
 40
0.2512030506
 40
0.3819576908
 40
0.5138353423
 40
0.6440393208
 40
0.7697924157
 40
0.8884273153
 40
1.0
 40
1.0
 40
1.0
 40
1.0
 10
255.8755116435
 20
223.5518023305
 30
0.0
 10
255.8809856404
 20
223.5518971002
 30
0.0
 10
255.8920147516
 20
223.5520858212
 30
0.0
 10
255.9086703076
 20
223.5532948661
 30
0.0
 10
255.9254414247
 20
223.5558040362
 30
0.0
 10
255.9480549348
 20
223.560388682
 30
0.0
 10
255.9759071472
 20
223.5694913691
 30
0.0
 10
256.0073264596
 20
223.5853880681
 30
0.0
 10
256.0353105487
 20
223.6060187793
 30
0.0
 10
256.0589457208
 20
223.6298694762
 30
0.0
 10
256.0767172632
 20
223.6565564604
 30
0.0
 10
256.0839229347
 20
223.6758938947
 30
0.0
 10
256.0873597237
 20
223.68524033
 30
0.0
  0
SPLINE
  5
76E
100
AcDbEntity
  8
0
100
AcDbSpline
 62
7
  6
CONTINUOUS
 70
0
 71
3
 72
15
 73
11
 74
0
 42
0.0000001
 43
0.0000001
 44
0.0000000001
 40
0.0
 40
0.0
 40
0.0
 40
0.0
 40
0.08585103
 40
0.1774221837
 40
0.2792246049
 40
0.3941420981
 40
0.5236364519
 40
0.6681109971
 40
0.8272011762
 40
1.0
 40
1.0
 40
1.0
 40
1.0
 10
299.5796931975
 20
228.4777135987
 30
0.0
 10
299.5561351645
 20
228.477713159
 30
0.0
 10
299.5072044398
 20
228.4703874254
 30
0.0
 10
299.4366837405
 20
228.4385153505
 30
0.0
 10
299.3688982381
 20
228.3869529735
 30
0.0
 10
299.3043491732
 20
228.3167318145
 30
0.0
 10
299.2434883605
 20
228.2287526716
 30
0.0
 10
299.1869109736
 20
228.1240327827
 30
0.0
 10
299.1352473069
 20
228.0038066285
 30
0.0
 10
299.1056354117
 20
227.9175927975
 30
0.0
 10
299.0916356717
 20
227.8722895802
 30
0.0
  0
SPLINE
  5
76F
100
AcDbEntity
  8
0
100
AcDbSpline
 62
7
  6
CONTINUOUS
 70
0
 71
3
 72
12
 73
8
 74
0
 42
0.0000001
 43
0.0000001
 44
0.0000000001
 40
0.0
 40
0.0
 40
0.0
 40
0.0
 40
0.2374337104
 40
0.4816732147
 40
0.6071849669
 40
0.7357089455
 40
1.0
 40
1.0
 40
1.0
 40
1.0
 10
256.0193464095
 20
223.279141155
 30
0.0
 10
256.0225259908
 20
223.2726618466
 30
0.0
 10
256.0279261243
 20
223.2588283868
 30
0.0
 10
256.0290813878
 20
223.2402173439
 30
0.0
 10
256.0285822523
 20
223.2250799734
 30
0.0
 10
256.0263177899
 20
223.2094513549
 30
0.0
 10
256.0231798411
 20
223.1979088093
 30
0.0
 10
256.0210755417
 20
223.1901554741
 30
0.0
  0
SPLINE
  5
770
100
AcDbEntity
  8
0
100
AcDbSpline
 62
7
  6
CONTINUOUS
 70
0
 71
3
 72
15
 73
11
 74
0
 42
0.0000001
 43
0.0000001
 44
0.0000000001
 40
0.0
 40
0.0
 40
0.0
 40
0.0
 40
0.08585103
 40
0.1774221837
 40
0.2792246049
 40
0.3941420981
 40
0.5236364519
 40
0.6681109971
 40
0.8272011762
 40
1.0
 40
1.0
 40
1.0
 40
1.0
 10
301.9191883614
 20
228.4777135987
 30
0.0
 10
301.8956303284
 20
228.477713159
 30
0.0
 10
301.8466996037
 20
228.4703874254
 30
0.0
 10
301.7761789043
 20
228.4385153505
 30
0.0
 10
301.708393402
 20
228.3869529735
 30
0.0
 10
301.6438443371
 20
228.3167318145
 30
0.0
 10
301.5829835244
 20
228.2287526716
 30
0.0
 10
301.5264061375
 20
228.1240327827
 30
0.0
 10
301.4747424708
 20
228.0038066285
 30
0.0
 10
301.4451305756
 20
227.9175927975
 30
0.0
 10
301.4311308356
 20
227.8722895802
 30
0.0
  0
SPLINE
  5
771
100
AcDbEntity
  8
0
100
AcDbSpline
 62
7
  6
CONTINUOUS
 70
0
 71
3
 72
13
 73
9
 74
0
 42
0.0000001
 43
0.0000001
 44
0.0000000001
 40
0.0
 40
0.0
 40
0.0
 40
0.0
 40
0.0962439773
 40
0.1961451805
 40
0.3028909352
 40
0.4189375675
 40
0.6846023236
 40
1.0
 40
1.0
 40
1.0
 40
1.0
 10
294.9007101442
 20
227.8777137365
 30
0.0
 10
294.9116445348
 20
227.877713806
 30
0.0
 10
294.9339975729
 20
227.8752603555
 30
0.0
 10
294.9668726846
 20
227.8643810118
 30
0.0
 10
294.9990921713
 20
227.8464995082
 30
0.0
 10
295.0428487572
 20
227.8120550537
 30
0.0
 10
295.0942390752
 20
227.7508084705
 30
0.0
 10
295.1269922624
 20
227.6932088607
 30
0.0
 10
295.1427780892
 20
227.6610407095
 30
0.0
  0
SPLINE
  5
772
100
AcDbEntity
  8
0
100
AcDbSpline
 62
7
  6
CONTINUOUS
 70
0
 71
3
 72
13
 73
9
 74
0
 42
0.0000001
 43
0.0000001
 44
0.0000000001
 40
0.0
 40
0.0
 40
0.0
 40
0.0
 40
0.0962433791
 40
0.1961524247
 40
0.3028953062
 40
0.4189257696
 40
0.6846388903
 40
1.0
 40
1.0
 40
1.0
 40
1.0
 10
287.8822439774
 20
227.8777088946
 30
0.0
 10
287.8931775937
 20
227.8777084562
 30
0.0
 10
287.9155308672
 20
227.8752580061
 30
0.0
 10
287.9483999079
 20
227.8643655139
 30
0.0
 10
287.980617858
 20
227.8464905258
 30
0.0
 10
288.0243738989
 20
227.8120445947
 30
0.0
 10
288.0757546474
 20
227.7507978673
 30
0.0
 10
288.1085096208
 20
227.693203053
 30
0.0
 10
288.1242925975
 20
227.6610407095
 30
0.0
  0
SPLINE
  5
773
100
AcDbEntity
  8
0
100
AcDbSpline
 62
7
  6
CONTINUOUS
 70
0
 71
3
 72
11
 73
7
 74
0
 42
0.0000001
 43
0.0000001
 44
0.0000000001
 40
0.0
 40
0.0
 40
0.0
 40
0.0
 40
0.2383308129
 40
0.4822305208
 40
0.735020931
 40
1.0
 40
1.0
 40
1.0
 40
1.0
 10
256.130312233
 20
223.6667686858
 30
0.0
 10
256.1329939191
 20
223.6613039868
 30
0.0
 10
256.1373722418
 20
223.6496464657
 30
0.0
 10
256.1394723575
 20
223.6308696625
 30
0.0
 10
256.1385234066
 20
223.6113154288
 30
0.0
 10
256.1349730118
 20
223.5985069411
 30
0.0
 10
256.133115971
 20
223.5919988479
 30
0.0
  0
SPLINE
  5
774
100
AcDbEntity
  8
0
100
AcDbSpline
 62
7
  6
CONTINUOUS
 70
0
 71
3
 72
15
 73
11
 74
0
 42
0.0000001
 43
0.0000001
 44
0.0000000001
 40
0.0
 40
0.0
 40
0.0
 40
0.0
 40
0.085850131
 40
0.1774210108
 40
0.2792204225
 40
0.394142044
 40
0.5236172412
 40
0.668088633
 40
0.8272731426
 40
1.0
 40
1.0
 40
1.0
 40
1.0
 10
287.8822543509
 20
228.4777059688
 30
0.0
 10
287.8586956657
 20
228.4777069007
 30
0.0
 10
287.8097602943
 20
228.4704002565
 30
0.0
 10
287.739239006
 20
228.4385216802
 30
0.0
 10
287.6714413776
 20
228.386971105
 30
0.0
 10
287.6068963441
 20
228.3167466731
 30
0.0
 10
287.5460259716
 20
228.228776478
 30
0.0
 10
287.489431155
 20
228.1240371239
 30
0.0
 10
287.4377815147
 20
228.0037940141
 30
0.0
 10
287.4081542957
 20
227.9175756578
 30
0.0
 10
287.3941598523
 20
227.8722895802
 30
0.0
  0
SPLINE
  5
775
100
AcDbEntity
  8
0
100
AcDbSpline
 62
7
  6
CONTINUOUS
 70
0
 71
3
 72
14
 73
10
 74
0
 42
0.0000001
 43
0.0000001
 44
0.0000000001
 40
0.0
 40
0.0
 40
0.0
 40
0.0
 40
0.2272876311
 40
0.3458850739
 40
0.4684093745
 40
0.5955602563
 40
0.7267174697
 40
0.8615667469
 40
1.0
 40
1.0
 40
1.0
 40
1.0
 10
257.0261973848
 20
223.7879671494
 30
0.0
 10
257.0148819208
 20
223.8004507131
 30
0.0
 10
256.9951844255
 20
223.8174029518
 30
0.0
 10
256.965062802
 20
223.8347791951
 30
0.0
 10
256.9399675572
 20
223.8457132391
 30
0.0
 10
256.9128014689
 20
223.853612737
 30
0.0
 10
256.8841766561
 20
223.8592211816
 30
0.0
 10
256.8543439663
 20
223.8626533878
 30
0.0
 10
256.8340697407
 20
223.8629210317
 30
0.0
 10
256.8238089981
 20
223.8630806291
 30
0.0
  0
SPLINE
  5
776
100
AcDbEntity
  8
0
100
AcDbSpline
 62
7
  6
CONTINUOUS
 70
0
 71
3
 72
15
 73
11
 74
0
 42
0.0000001
 43
0.0000001
 44
0.0000000001
 40
0.0
 40
0.0
 40
0.0
 40
0.0
 40
0.08585103
 40
0.1774221837
 40
0.2792246049
 40
0.3941420981
 40
0.5236364519
 40
0.6681109971
 40
0.8272011762
 40
1.0
 40
1.0
 40
1.0
 40
1.0
 10
294.9007028698
 20
228.4777135987
 30
0.0
 10
294.8771448368
 20
228.477713159
 30
0.0
 10
294.8282141121
 20
228.4703874254
 30
0.0
 10
294.7576934127
 20
228.4385153505
 30
0.0
 10
294.6899079103
 20
228.3869529735
 30
0.0
 10
294.6253588455
 20
228.3167318145
 30
0.0
 10
294.5644980328
 20
228.2287526716
 30
0.0
 10
294.5079206458
 20
228.1240327827
 30
0.0
 10
294.4562569791
 20
228.0038066285
 30
0.0
 10
294.4266450839
 20
227.9175927975
 30
0.0
 10
294.412645344
 20
227.8722895802
 30
0.0
  0
SPLINE
  5
777
100
AcDbEntity
  8
0
100
AcDbSpline
 62
7
  6
CONTINUOUS
 70
0
 71
3
 72
13
 73
9
 74
0
 42
0.0000001
 43
0.0000001
 44
0.0000000001
 40
0.0
 40
0.0
 40
0.0
 40
0.0
 40
0.0962439773
 40
0.1961451805
 40
0.3028909352
 40
0.4189375675
 40
0.6846023236
 40
1.0
 40
1.0
 40
1.0
 40
1.0
 10
304.2586907997
 20
227.8777137365
 30
0.0
 10
304.2696251904
 20
227.877713806
 30
0.0
 10
304.2919782284
 20
227.8752603555
 30
0.0
 10
304.3248533402
 20
227.8643810118
 30
0.0
 10
304.3570728268
 20
227.8464995082
 30
0.0
 10
304.4008294127
 20
227.8120550537
 30
0.0
 10
304.4522197307
 20
227.7508084705
 30
0.0
 10
304.4849729179
 20
227.6932088607
 30
0.0
 10
304.5007587447
 20
227.6610407095
 30
0.0
  0
SPLINE
  5
778
100
AcDbEntity
  8
0
100
AcDbSpline
 62
7
  6
CONTINUOUS
 70
0
 71
3
 72
9
 73
5
 74
0
 42
0.0000001
 43
0.0000001
 44
0.0000000001
 40
0.0
 40
0.0
 40
0.0
 40
0.0
 40
0.2434236709
 40
1.0
 40
1.0
 40
1.0
 40
1.0
 10
333.629163747
 20
222.2241395949
 30
0.0
 10
333.6291957137
 20
222.2449714904
 30
0.0
 10
333.6328032189
 20
222.330529925
 30
0.0
 10
333.6499116038
 20
222.415351686
 30
0.0
 10
333.6690279511
 20
222.477212266
 30
0.0
  0
SPLINE
  5
779
100
AcDbEntity
  8
0
100
AcDbSpline
 62
7
  6
CONTINUOUS
 70
0
 71
3
 72
19
 73
15
 74
0
 42
0.0000001
 43
0.0000001
 44
0.0000000001
 40
0.0
 40
0.0
 40
0.0
 40
0.0
 40
0.1208064533
 40
0.1857660287
 40
0.2530698875
 40
0.3918295886
 40
0.5309956023
 40
0.5987985987
 40
0.6643779853
 40
0.7866613389
 40
0.8433895817
 40
0.8973685167
 40
0.9492523229
 40
1.0
 40
1.0
 40
1.0
 40
1.0
 10
333.6690279511
 20
222.477212266
 30
0.0
 10
333.7033648343
 20
222.588326564
 30
0.0
 10
333.7871096303
 20
222.750497698
 30
0.0
 10
333.9404196772
 20
222.9402457205
 30
0.0
 10
334.1294004769
 20
223.1211446987
 30
0.0
 10
334.4095590722
 20
223.3057144591
 30
0.0
 10
334.7242666435
 20
223.4232266242
 30
0.0
 10
334.9831123881
 20
223.4700187957
 30
0.0
 10
335.2292667988
 20
223.4830389587
 30
0.0
 10
335.4664808114
 20
223.4483716226
 30
0.0
 10
335.6741514712
 20
223.3609425957
 30
0.0
 10
335.8056706562
 20
223.2742080607
 30
0.0
 10
335.9129181035
 20
223.1667381527
 30
0.0
 10
335.9665199249
 20
223.0826207246
 30
0.0
 10
335.9880461358
 20
223.0387647363
 30
0.0
  0
SPLINE
  5
77A
100
AcDbEntity
  8
0
100
AcDbSpline
 62
7
  6
CONTINUOUS
 70
0
 71
3
 72
12
 73
8
 74
0
 42
0.0000001
 43
0.0000001
 44
0.0000000001
 40
0.0
 40
0.0
 40
0.0
 40
0.0
 40
0.2393819602
 40
0.4828233759
 40
0.6075180349
 40
0.735069145
 40
1.0
 40
1.0
 40
1.0
 40
1.0
 10
256.900194628
 20
223.6729543176
 30
0.0
 10
256.903021143
 20
223.667194018
 30
0.0
 10
256.9076524237
 20
223.6550229285
 30
0.0
 10
256.910667789
 20
223.6389271056
 30
0.0
 10
256.9112425861
 20
223.6256286687
 30
0.0
 10
256.9100736338
 20
223.6117730786
 30
0.0
 10
256.9073962032
 20
223.601554287
 30
0.0
 10
256.9056337602
 20
223.5946752548
 30
0.0
  0
SPLINE
  5
77B
100
AcDbEntity
  8
0
100
AcDbSpline
 62
7
  6
CONTINUOUS
 70
0
 71
3
 72
13
 73
9
 74
0
 42
0.0000001
 43
0.0000001
 44
0.0000000001
 40
0.0
 40
0.0
 40
0.0
 40
0.0
 40
0.0962439773
 40
0.1961451805
 40
0.3028909352
 40
0.4189375675
 40
0.6846023236
 40
1.0
 40
1.0
 40
1.0
 40
1.0
 10
292.5612149803
 20
227.8777137365
 30
0.0
 10
292.572149371
 20
227.877713806
 30
0.0
 10
292.594502409
 20
227.8752603555
 30
0.0
 10
292.6273775208
 20
227.8643810118
 30
0.0
 10
292.6595970074
 20
227.8464995082
 30
0.0
 10
292.7033535933
 20
227.8120550537
 30
0.0
 10
292.7547439113
 20
227.7508084705
 30
0.0
 10
292.7874970985
 20
227.6932088607
 30
0.0
 10
292.8032829253
 20
227.6610407095
 30
0.0
  0
SPLINE
  5
77C
100
AcDbEntity
  8
0
100
AcDbSpline
 62
7
  6
CONTINUOUS
 70
0
 71
3
 72
11
 73
7
 74
0
 42
0.0000001
 43
0.0000001
 44
0.0000000001
 40
0.0
 40
0.0
 40
0.0
 40
0.0
 40
0.2307740372
 40
0.474398643
 40
0.7322775482
 40
1.0
 40
1.0
 40
1.0
 40
1.0
 10
256.133115971
 20
223.5919988479
 30
0.0
 10
256.1299872521
 20
223.5834902173
 30
0.0
 10
256.1235191434
 20
223.5659506988
 30
0.0
 10
256.1082253597
 20
223.5413278523
 30
0.0
 10
256.0877333508
 20
223.5189496034
 30
0.0
 10
256.0716384628
 20
223.5058843076
 30
0.0
 10
256.0630216009
 20
223.4998544619
 30
0.0
  0
SPLINE
  5
77D
100
AcDbEntity
  8
0
100
AcDbSpline
 62
7
  6
CONTINUOUS
 70
0
 71
3
 72
14
 73
10
 74
0
 42
0.0000001
 43
0.0000001
 44
0.0000000001
 40
0.0
 40
0.0
 40
0.0
 40
0.0
 40
0.2556630945
 40
0.3837083008
 40
0.5107725656
 40
0.6360801557
 40
0.7595993364
 40
0.8807846148
 40
1.0
 40
1.0
 40
1.0
 40
1.0
 10
256.0630216009
 20
223.4998544619
 30
0.0
 10
256.0525512209
 20
223.4925275747
 30
0.0
 10
256.0358099716
 20
223.4828849601
 30
0.0
 10
256.0121372313
 20
223.4732817722
 30
0.0
 10
255.9940214885
 20
223.4674144257
 30
0.0
 10
255.975653682
 20
223.4633733933
 30
0.0
 10
255.957393188
 20
223.4603624159
 30
0.0
 10
255.9392430975
 20
223.4588718768
 30
0.0
 10
255.9272259993
 20
223.4586639994
 30
0.0
 10
255.9212678907
 20
223.4585608484
 30
0.0
  0
SPLINE
  5
77E
100
AcDbEntity
  8
0
100
AcDbSpline
 62
7
  6
CONTINUOUS
 70
0
 71
3
 72
20
 73
16
 74
0
 42
0.0000001
 43
0.0000001
 44
0.0000000001
 40
0.0
 40
0.0
 40
0.0
 40
0.0
 40
0.0595668165
 40
0.1199976466
 40
0.1815391398
 40
0.2439452222
 40
0.3069717127
 40
0.3705298928
 40
0.4984282981
 40
0.5624276945
 40
0.6262955963
 40
0.6898653218
 40
0.7530770819
 40
0.8779998881
 40
1.0
 40
1.0
 40
1.0
 40
1.0
 10
256.049196061
 20
223.8630806291
 30
0.0
 10
256.0418788692
 20
223.8629120414
 30
0.0
 10
256.0271352012
 20
223.8625866473
 30
0.0
 10
256.004882772
 20
223.8607943199
 30
0.0
 10
255.9824735602
 20
223.857337509
 30
0.0
 10
255.9600238631
 20
223.8524137206
 30
0.0
 10
255.9375888411
 20
223.8463647877
 30
0.0
 10
255.9080056199
 20
223.8361861819
 30
0.0
 10
255.8791790262
 20
223.8235745311
 30
0.0
 10
255.8515466778
 20
223.8085863934
 30
0.0
 10
255.8313125455
 20
223.7965790776
 30
0.0
 10
255.8117209185
 20
223.7837185618
 30
0.0
 10
255.786701099
 20
223.7655274414
 30
0.0
 10
255.7571754072
 20
223.7413532439
 30
0.0
 10
255.7358216291
 20
223.7196937513
 30
0.0
 10
255.7259259592
 20
223.7084336366
 30
0.0
  0
SPLINE
  5
77F
100
AcDbEntity
  8
0
100
AcDbSpline
 62
7
  6
CONTINUOUS
 70
0
 71
3
 72
10
 73
6
 74
0
 42
0.0000001
 43
0.0000001
 44
0.0000000001
 40
0.0
 40
0.0
 40
0.0
 40
0.0
 40
0.2558132534
 40
0.5081042904
 40
1.0
 40
1.0
 40
1.0
 40
1.0
 10
255.5173706243
 20
223.1480976519
 30
0.0
 10
255.5166650494
 20
223.14106961
 30
0.0
 10
255.5152370085
 20
223.1271064746
 30
0.0
 10
255.514270979
 20
223.0994994434
 30
0.0
 10
255.5161342562
 20
223.0788803252
 30
0.0
 10
255.5187417133
 20
223.0655510179
 30
0.0
  0
SPLINE
  5
780
100
AcDbEntity
  8
0
100
AcDbSpline
 62
7
  6
CONTINUOUS
 70
0
 71
3
 72
14
 73
10
 74
0
 42
0.0000001
 43
0.0000001
 44
0.0000000001
 40
0.0
 40
0.0
 40
0.0
 40
0.0
 40
0.2789424592
 40
0.4121000219
 40
0.5390576438
 40
0.6596184628
 40
0.7750995941
 40
0.8879739265
 40
1.0
 40
1.0
 40
1.0
 40
1.0
 10
255.8073054049
 20
223.0410413773
 30
0.0
 10
255.7942567343
 20
223.0414894631
 30
0.0
 10
255.7748892789
 20
223.0421720525
 30
0.0
 10
255.7501501911
 20
223.0475191347
 30
0.0
 10
255.7333968383
 20
223.0538176184
 30
0.0
 10
255.7187676067
 20
223.0626852619
 30
0.0
 10
255.7067876427
 20
223.073961743
 30
0.0
 10
255.697432749
 20
223.0869312489
 30
0.0
 10
255.6922754754
 20
223.0961314248
 30
0.0
 10
255.6899653931
 20
223.1008387059
 30
0.0
  0
SPLINE
  5
781
100
AcDbEntity
  8
0
100
AcDbSpline
 62
7
  6
CONTINUOUS
 70
0
 71
3
 72
21
 73
17
 74
0
 42
0.0000001
 43
0.0000001
 44
0.0000000001
 40
0.0
 40
0.0
 40
0.0
 40
0.0
 40
0.1110038174
 40
0.1687643189
 40
0.2281020309
 40
0.2891461919
 40
0.3519768863
 40
0.416119076
 40
0.4813077765
 40
0.5472518298
 40
0.6134426691
 40
0.6795825248
 40
0.745501863
 40
0.8109457494
 40
0.8752520064
 40
1.0
 40
1.0
 40
1.0
 40
1.0
 10
256.0210755417
 20
223.1901554741
 30
0.0
 10
256.0177096104
 20
223.1804227937
 30
0.0
 10
256.0124780457
 20
223.1655936539
 30
0.0
 10
256.0022996844
 20
223.1469990066
 30
0.0
 10
255.9933891061
 20
223.1330652753
 30
0.0
 10
255.9829073327
 20
223.1196414898
 30
0.0
 10
255.9707659285
 20
223.107086904
 30
0.0
 10
255.9574532582
 20
223.0951983311
 30
0.0
 10
255.9428072378
 20
223.0844901181
 30
0.0
 10
255.9272467033
 20
223.0748272845
 30
0.0
 10
255.9110907861
 20
223.0660049667
 30
0.0
 10
255.8943075651
 20
223.0584346391
 30
0.0
 10
255.8770723975
 20
223.0521689283
 30
0.0
 10
255.8596235187
 20
223.0471209144
 30
0.0
 10
255.8364613022
 20
223.0423172628
 30
0.0
 10
255.8188689535
 20
223.04151839
 30
0.0
 10
255.8073054049
 20
223.0410413773
 30
0.0
  0
SPLINE
  5
782
100
AcDbEntity
  8
0
100
AcDbSpline
 62
7
  6
CONTINUOUS
 70
0
 71
3
 72
11
 73
7
 74
0
 42
0.0000001
 43
0.0000001
 44
0.0000000001
 40
0.0
 40
0.0
 40
0.0
 40
0.0
 40
0.2313967829
 40
0.4760345808
 40
0.7335383697
 40
1.0
 40
1.0
 40
1.0
 40
1.0
 10
256.9056337602
 20
223.5946752548
 30
0.0
 10
256.9025658116
 20
223.5861023295
 30
0.0
 10
256.8960283038
 20
223.5684687477
 30
0.0
 10
256.8805241063
 20
223.5438956729
 30
0.0
 10
256.860441086
 20
223.5211225407
 30
0.0
 10
256.8445852215
 20
223.5078784784
 30
0.0
 10
256.8365086201
 20
223.5011921864
 30
0.0
  0
SPLINE
  5
783
100
AcDbEntity
  8
0
100
AcDbSpline
 62
7
  6
CONTINUOUS
 70
0
 71
3
 72
19
 73
15
 74
0
 42
0.0000001
 43
0.0000001
 44
0.0000000001
 40
0.0
 40
0.0
 40
0.0
 40
0.0
 40
0.0598041574
 40
0.120647614
 40
0.1826320836
 40
0.2453595916
 40
0.3087980788
 40
0.372780569
 40
0.5013529082
 40
0.6295706296
 40
0.7562630663
 40
0.818619004
 40
0.8801599663
 40
1.0
 40
1.0
 40
1.0
 40
1.0
 10
256.8238089981
 20
223.8630806291
 30
0.0
 10
256.8158317078
 20
223.8629426742
 30
0.0
 10
256.7997307388
 20
223.8626952245
 30
0.0
 10
256.7754444228
 20
223.8604257915
 30
0.0
 10
256.7510033798
 20
223.8564130985
 30
0.0
 10
256.7264663358
 20
223.8510629516
 30
0.0
 10
256.7020479515
 20
223.8441143463
 30
0.0
 10
256.6698954822
 20
223.8325347234
 30
0.0
 10
256.6310427247
 20
223.8143535689
 30
0.0
 10
256.5871011597
 20
223.7880275515
 30
0.0
 10
256.5529041043
 20
223.7629256195
 30
0.0
 10
256.5279221917
 20
223.7406803175
 30
0.0
 10
256.5047531406
 20
223.7178555703
 30
0.0
 10
256.4890820209
 20
223.6992924184
 30
0.0
 10
256.479686244
 20
223.6863567439
 30
0.0
  0
SPLINE
  5
784
100
AcDbEntity
  8
0
100
AcDbSpline
 62
7
  6
CONTINUOUS
 70
0
 71
3
 72
15
 73
11
 74
0
 42
0.0000001
 43
0.0000001
 44
0.0000000001
 40
0.0
 40
0.0
 40
0.0
 40
0.0
 40
0.08585103
 40
0.1774221837
 40
0.2792246049
 40
0.3941420981
 40
0.5236364519
 40
0.6681109971
 40
0.8272011762
 40
1.0
 40
1.0
 40
1.0
 40
1.0
 10
292.5612077059
 20
228.4777135987
 30
0.0
 10
292.5376496729
 20
228.477713159
 30
0.0
 10
292.4887189482
 20
228.4703874254
 30
0.0
 10
292.4181982488
 20
228.4385153505
 30
0.0
 10
292.3504127464
 20
228.3869529735
 30
0.0
 10
292.2858636816
 20
228.3167318145
 30
0.0
 10
292.2250028689
 20
228.2287526716
 30
0.0
 10
292.1684254819
 20
228.1240327827
 30
0.0
 10
292.1167618153
 20
228.0038066285
 30
0.0
 10
292.08714992
 20
227.9175927975
 30
0.0
 10
292.0731501801
 20
227.8722895802
 30
0.0
  0
SPLINE
  5
785
100
AcDbEntity
  8
0
100
AcDbSpline
 62
7
  6
CONTINUOUS
 70
0
 71
3
 72
15
 73
11
 74
0
 42
0.0000001
 43
0.0000001
 44
0.0000000001
 40
0.0
 40
0.0
 40
0.0
 40
0.0
 40
0.08585103
 40
0.1774221837
 40
0.2792246049
 40
0.3941420981
 40
0.5236364519
 40
0.6681109971
 40
0.8272011762
 40
1.0
 40
1.0
 40
1.0
 40
1.0
 10
304.2586835253
 20
228.4777135987
 30
0.0
 10
304.2351254923
 20
228.477713159
 30
0.0
 10
304.1861947676
 20
228.4703874254
 30
0.0
 10
304.1156740682
 20
228.4385153505
 30
0.0
 10
304.0478885658
 20
228.3869529735
 30
0.0
 10
303.983339501
 20
228.3167318145
 30
0.0
 10
303.9224786883
 20
228.2287526716
 30
0.0
 10
303.8659013014
 20
228.1240327827
 30
0.0
 10
303.8142376347
 20
228.0038066285
 30
0.0
 10
303.7846257395
 20
227.9175927975
 30
0.0
 10
303.7706259995
 20
227.8722895802
 30
0.0
  0
SPLINE
  5
786
100
AcDbEntity
  8
0
100
AcDbSpline
 62
7
  6
CONTINUOUS
 70
0
 71
3
 72
13
 73
9
 74
0
 42
0.0000001
 43
0.0000001
 44
0.0000000001
 40
0.0
 40
0.0
 40
0.0
 40
0.0
 40
0.0962439773
 40
0.1961451805
 40
0.3028909352
 40
0.4189375675
 40
0.6846023236
 40
1.0
 40
1.0
 40
1.0
 40
1.0
 10
297.240205308
 20
227.8777137365
 30
0.0
 10
297.2511396987
 20
227.877713806
 30
0.0
 10
297.2734927367
 20
227.8752603555
 30
0.0
 10
297.3063678485
 20
227.8643810118
 30
0.0
 10
297.3385873352
 20
227.8464995082
 30
0.0
 10
297.3823439211
 20
227.8120550537
 30
0.0
 10
297.4337342391
 20
227.7508084705
 30
0.0
 10
297.4664874263
 20
227.6932088607
 30
0.0
 10
297.482273253
 20
227.6610407095
 30
0.0
  0
SPLINE
  5
787
100
AcDbEntity
  8
0
100
AcDbSpline
 62
7
  6
CONTINUOUS
 70
0
 71
3
 72
9
 73
5
 74
0
 42
0.0000001
 43
0.0000001
 44
0.0000000001
 40
0.0
 40
0.0
 40
0.0
 40
0.0
 40
0.245997635
 40
1.0
 40
1.0
 40
1.0
 40
1.0
 10
256.1474657653
 20
223.3737858269
 30
0.0
 10
256.1450101352
 20
223.376282865
 30
0.0
 10
256.1346525901
 20
223.3860779593
 30
0.0
 10
256.1229394331
 20
223.3942708093
 30
0.0
 10
256.1141579954
 20
223.400444585
 30
0.0
  0
SPLINE
  5
788
100
AcDbEntity
  8
0
100
AcDbSpline
 62
7
  6
CONTINUOUS
 70
0
 71
3
 72
16
 73
12
 74
0
 42
0.0000001
 43
0.0000001
 44
0.0000000001
 40
0.0
 40
0.0
 40
0.0
 40
0.0
 40
0.1161408187
 40
0.2418002459
 40
0.3743678613
 40
0.509861646
 40
0.6437161641
 40
0.7716726383
 40
0.8906576698
 40
0.9465193409
 40
1.0
 40
1.0
 40
1.0
 40
1.0
 10
251.7866972151
 20
222.477212266
 30
0.0
 10
251.8153491845
 20
222.5699301591
 30
0.0
 10
251.90409005
 20
222.7545375869
 30
0.0
 10
252.1040103656
 20
222.9981688774
 30
0.0
 10
252.362389042
 20
223.20538867
 30
0.0
 10
252.6615592849
 20
223.3623530111
 30
0.0
 10
252.9815255961
 20
223.4585812472
 30
0.0
 10
253.3006903218
 20
223.487477008
 30
0.0
 10
253.5542256867
 20
223.4521476205
 30
0.0
 10
253.7342750115
 20
223.3873849652
 30
0.0
 10
253.8150683675
 20
223.3437745038
 30
0.0
 10
253.8525159691
 20
223.3193900768
 30
0.0
  0
SPLINE
  5
789
100
AcDbEntity
  8
0
100
AcDbSpline
 62
7
  6
CONTINUOUS
 70
0
 71
3
 72
15
 73
11
 74
0
 42
0.0000001
 43
0.0000001
 44
0.0000000001
 40
0.0
 40
0.0
 40
0.0
 40
0.0
 40
0.08585103
 40
0.1774221837
 40
0.2792246049
 40
0.3941420981
 40
0.5236364519
 40
0.6681109971
 40
0.8272011762
 40
1.0
 40
1.0
 40
1.0
 40
1.0
 10
297.2401980337
 20
228.4777135987
 30
0.0
 10
297.2166400007
 20
228.477713159
 30
0.0
 10
297.167709276
 20
228.4703874254
 30
0.0
 10
297.0971885766
 20
228.4385153505
 30
0.0
 10
297.0294030742
 20
228.3869529735
 30
0.0
 10
296.9648540093
 20
228.3167318145
 30
0.0
 10
296.9039931967
 20
228.2287526716
 30
0.0
 10
296.8474158097
 20
228.1240327827
 30
0.0
 10
296.795752143
 20
228.0038066285
 30
0.0
 10
296.7661402478
 20
227.9175927975
 30
0.0
 10
296.7521405078
 20
227.8722895802
 30
0.0
  0
SPLINE
  5
78A
100
AcDbEntity
  8
0
100
AcDbSpline
 62
7
  6
CONTINUOUS
 70
0
 71
3
 72
15
 73
11
 74
0
 42
0.0000001
 43
0.0000001
 44
0.0000000001
 40
0.0
 40
0.0
 40
0.0
 40
0.0
 40
0.1068038389
 40
0.2216708241
 40
0.3444598861
 40
0.4736614715
 40
0.6068201023
 40
0.7409541425
 40
0.8729581685
 40
1.0
 40
1.0
 40
1.0
 40
1.0
 10
336.0479705302
 20
222.6924790956
 30
0.0
 10
335.9859139576
 20
222.7339535841
 30
0.0
 10
335.8446564102
 20
222.8022035596
 30
0.0
 10
335.6078351462
 20
222.8542225224
 30
0.0
 10
335.3499310146
 20
222.8581934033
 30
0.0
 10
335.0830613758
 20
222.8142699899
 30
0.0
 10
334.8195662449
 20
222.7247693838
 30
0.0
 10
334.5717553831
 20
222.5939152046
 30
0.0
 10
334.3513393229
 20
222.4279413211
 30
0.0
 10
334.2262940324
 20
222.2954608789
 30
0.0
 10
334.1717914914
 20
222.2253753127
 30
0.0
  0
SPLINE
  5
78B
100
AcDbEntity
  8
0
100
AcDbSpline
 62
7
  6
CONTINUOUS
 70
0
 71
3
 72
14
 73
10
 74
0
 42
0.0000001
 43
0.0000001
 44
0.0000000001
 40
0.0
 40
0.0
 40
0.0
 40
0.0
 40
0.1120071565
 40
0.2270762416
 40
0.4680223117
 40
0.5954629233
 40
0.7267988012
 40
0.8619928057
 40
1.0
 40
1.0
 40
1.0
 40
1.0
 10
256.2536992473
 20
223.7887532276
 30
0.0
 10
256.2482465112
 20
223.7951122826
 30
0.0
 10
256.236251554
 20
223.8072465355
 30
0.0
 10
256.2080779488
 20
223.8281576742
 30
0.0
 10
256.1751748532
 20
223.8441743483
 30
0.0
 10
256.1391039822
 20
223.8541308648
 30
0.0
 10
256.1101092191
 20
223.8595785889
 30
0.0
 10
256.0799478575
 20
223.8624125303
 30
0.0
 10
256.0595146814
 20
223.862848592
 30
0.0
 10
256.049196061
 20
223.8630806291
 30
0.0
  0
SPLINE
  5
78C
100
AcDbEntity
  8
0
100
AcDbSpline
 62
7
  6
CONTINUOUS
 70
0
 71
3
 72
15
 73
11
 74
0
 42
0.0000001
 43
0.0000001
 44
0.0000000001
 40
0.0
 40
0.0
 40
0.0
 40
0.0
 40
0.1322256685
 40
0.25973849
 40
0.3846552659
 40
0.5077062924
 40
0.6301746252
 40
0.7521899294
 40
0.8756154273
 40
1.0
 40
1.0
 40
1.0
 40
1.0
 10
76.8697193411
 20
198.1181497865
 30
0.0
 10
76.8694477493
 20
198.1081369727
 30
0.0
 10
76.8689142459
 20
198.0884682263
 30
0.0
 10
76.8658070523
 20
198.0594552088
 30
0.0
 10
76.8600944324
 20
198.0315657774
 30
0.0
 10
76.8523817151
 20
198.0045478454
 30
0.0
 10
76.8419523568
 20
197.9786986879
 30
0.0
 10
76.8297968707
 20
197.9536009983
 30
0.0
 10
76.8151845328
 20
197.9296291583
 30
0.0
 10
76.8037218142
 20
197.914755245
 30
0.0
 10
76.7979682733
 20
197.9072895058
 30
0.0
  0
SPLINE
  5
78D
100
AcDbEntity
  8
0
100
AcDbSpline
 62
7
  6
CONTINUOUS
 70
0
 71
3
 72
23
 73
19
 74
0
 42
0.0000001
 43
0.0000001
 44
0.0000000001
 40
0.0
 40
0.0
 40
0.0
 40
0.0
 40
0.0673558759
 40
0.1321547354
 40
0.1948611218
 40
0.257020205
 40
0.3186287353
 40
0.3800095129
 40
0.4424094278
 40
0.5064512095
 40
0.5701929406
 40
0.6319689207
 40
0.6929682206
 40
0.7531775234
 40
0.8130841611
 40
0.8740557722
 40
0.9362068649
 40
1.0
 40
1.0
 40
1.0
 40
1.0
 10
76.5195057962
 20
198.4625061013
 30
0.0
 10
76.5318082708
 20
198.4622821763
 30
0.0
 10
76.5559461838
 20
198.4618428272
 30
0.0
 10
76.5912212693
 20
198.4566964443
 30
0.0
 10
76.6249845617
 20
198.448920414
 30
0.0
 10
76.6573150553
 20
198.4380369928
 30
0.0
 10
76.6878748357
 20
198.4234586886
 30
0.0
 10
76.7169406177
 20
198.4060323014
 30
0.0
 10
76.7443782161
 20
198.3853785966
 30
0.0
 10
76.7700024293
 20
198.3618881745
 30
0.0
 10
76.7932715534
 20
198.3362173641
 30
0.0
 10
76.8137148328
 20
198.3089320453
 30
0.0
 10
76.8310838131
 20
198.2803464102
 30
0.0
 10
76.8453982539
 20
198.2504761807
 30
0.0
 10
76.856134048
 20
198.2191419758
 30
0.0
 10
76.8638622286
 20
198.1866133427
 30
0.0
 10
76.8690404655
 20
198.1528072692
 30
0.0
 10
76.8694910908
 20
198.1298022593
 30
0.0
 10
76.8697193411
 20
198.1181497865
 30
0.0
  0
SPLINE
  5
78E
100
AcDbEntity
  8
0
100
AcDbSpline
 62
7
  6
CONTINUOUS
 70
0
 71
3
 72
23
 73
19
 74
0
 42
0.0000001
 43
0.0000001
 44
0.0000000001
 40
0.0
 40
0.0
 40
0.0
 40
0.0
 40
0.0671787637
 40
0.1317349447
 40
0.1950674866
 40
0.2574335689
 40
0.3195099681
 40
0.3817472828
 40
0.4451110736
 40
0.5097478994
 40
0.5743557047
 40
0.6365327249
 40
0.6974520092
 40
0.7574719012
 40
0.8166738262
 40
0.8764589147
 40
0.9374021378
 40
1.0
 40
1.0
 40
1.0
 40
1.0
 10
76.1851555827
 20
198.1164414277
 30
0.0
 10
76.1854785352
 20
198.1284191039
 30
0.0
 10
76.1861118326
 20
198.1519068613
 30
0.0
 10
76.1912603543
 20
198.1863591528
 30
0.0
 10
76.1989226438
 20
198.2194293785
 30
0.0
 10
76.2099748445
 20
198.2510898827
 30
0.0
 10
76.2242177976
 20
198.2812215177
 30
0.0
 10
76.2414815683
 20
198.309918383
 30
0.0
 10
76.2614330487
 20
198.3374018461
 30
0.0
 10
76.2846305588
 20
198.3627824635
 30
0.0
 10
76.3096895602
 20
198.3859862308
 30
0.0
 10
76.3362351063
 20
198.4064196499
 30
0.0
 10
76.363871847
 20
198.4238680274
 30
0.0
 10
76.3927127651
 20
198.438122209
 30
0.0
 10
76.4228148064
 20
198.4488857599
 30
0.0
 10
76.4539563781
 20
198.4566532488
 30
0.0
 10
76.4863054039
 20
198.4618273707
 30
0.0
 10
76.5083406231
 20
198.4622778466
 30
0.0
 10
76.5195057962
 20
198.4625061013
 30
0.0
  0
SPLINE
  5
78F
100
AcDbEntity
  8
0
100
AcDbSpline
 62
7
  6
CONTINUOUS
 70
0
 71
3
 72
15
 73
11
 74
0
 42
0.0000001
 43
0.0000001
 44
0.0000000001
 40
0.0
 40
0.0
 40
0.0
 40
0.0
 40
0.1234605755
 40
0.2419704593
 40
0.3587585584
 40
0.4807042228
 40
0.6038716915
 40
0.7283574918
 40
0.8585756939
 40
1.0
 40
1.0
 40
1.0
 40
1.0
 10
76.5326845638
 20
198.2904499695
 30
0.0
 10
76.5213956266
 20
198.2899207739
 30
0.0
 10
76.4992704315
 20
198.2888836032
 30
0.0
 10
76.4675356228
 20
198.2797084301
 30
0.0
 10
76.4382307906
 20
198.2650124952
 30
0.0
 10
76.4120852596
 20
198.2444988808
 30
0.0
 10
76.3895376107
 20
198.2190898166
 30
0.0
 10
76.3728310637
 20
198.1886360107
 30
0.0
 10
76.3616115885
 20
198.1539932091
 30
0.0
 10
76.3588786211
 20
198.1292982694
 30
0.0
 10
76.3574557657
 20
198.1164414277
 30
0.0
  0
SPLINE
  5
790
100
AcDbEntity
  8
0
100
AcDbSpline
 62
7
  6
CONTINUOUS
 70
0
 71
3
 72
19
 73
15
 74
0
 42
0.0000001
 43
0.0000001
 44
0.0000000001
 40
0.0
 40
0.0
 40
0.0
 40
0.0
 40
0.1166972689
 40
0.2329157365
 40
0.3529962355
 40
0.480740423
 40
0.5460344689
 40
0.6087888764
 40
0.671230496
 40
0.7339713365
 40
0.7970369808
 40
0.8617087589
 40
0.9298232742
 40
1.0
 40
1.0
 40
1.0
 40
1.0
 10
76.698395363
 20
198.1198581452
 30
0.0
 10
76.6979320162
 20
198.1301731545
 30
0.0
 10
76.6970072235
 20
198.1507608514
 30
0.0
 10
76.6877901405
 20
198.1807879125
 30
0.0
 10
76.6736864158
 20
198.2097128514
 30
0.0
 10
76.6576526868
 20
198.2323790566
 30
0.0
 10
76.6423732468
 20
198.2489918231
 30
0.0
 10
76.6298387365
 20
198.2602448726
 30
0.0
 10
76.6160069765
 20
198.2694364702
 30
0.0
 10
76.601409148
 20
198.2774083442
 30
0.0
 10
76.5855951447
 20
198.2832378312
 30
0.0
 10
76.5688015698
 20
198.2873177147
 30
0.0
 10
76.5510852616
 20
198.2901748482
 30
0.0
 10
76.5388788043
 20
198.2903573552
 30
0.0
 10
76.5326845638
 20
198.2904499695
 30
0.0
  0
SPLINE
  5
791
100
AcDbEntity
  8
0
100
AcDbSpline
 62
7
  6
CONTINUOUS
 70
0
 71
3
 72
13
 73
9
 74
0
 42
0.0000001
 43
0.0000001
 44
0.0000000001
 40
0.0
 40
0.0
 40
0.0
 40
0.0
 40
0.1613865215
 40
0.307530169
 40
0.441286957
 40
0.5614891029
 40
0.7869245317
 40
1.0
 40
1.0
 40
1.0
 40
1.0
 10
76.6547101891
 20
198.0005170836
 30
0.0
 10
76.6589509044
 20
198.0060642054
 30
0.0
 10
76.6670318017
 20
198.0166345262
 30
0.0
 10
76.6771917511
 20
198.0328348465
 30
0.0
 10
76.6847568744
 20
198.0484377589
 30
0.0
 10
76.6918840654
 20
198.0679285334
 30
0.0
 10
76.6972242332
 20
198.091663989
 30
0.0
 10
76.6980123915
 20
198.110638365
 30
0.0
 10
76.698395363
 20
198.1198581452
 30
0.0
  0
SPLINE
  5
792
100
AcDbEntity
  8
0
100
AcDbSpline
 62
7
  6
CONTINUOUS
 70
0
 71
3
 72
19
 73
15
 74
0
 42
0.0000001
 43
0.0000001
 44
0.0000000001
 40
0.0
 40
0.0
 40
0.0
 40
0.0
 40
0.0728555936
 40
0.1428460017
 40
0.2091061001
 40
0.2735030914
 40
0.3357025196
 40
0.3969921388
 40
0.4583253883
 40
0.5202014205
 40
0.6414145711
 40
0.7588132394
 40
0.876873682
 40
1.0
 40
1.0
 40
1.0
 40
1.0
 10
75.8737461867
 20
197.6034456986
 30
0.0
 10
75.8735144397
 20
197.6106895744
 30
0.0
 10
75.8730600595
 20
197.6248924467
 30
0.0
 10
75.8708138113
 20
197.6456211455
 30
0.0
 10
75.8661790507
 20
197.6650631218
 30
0.0
 10
75.8605794358
 20
197.6834460836
 30
0.0
 10
75.8526215907
 20
197.7004315597
 30
0.0
 10
75.8429447492
 20
197.7160795584
 30
0.0
 10
75.8321082704
 20
197.7309621595
 30
0.0
 10
75.8147839048
 20
197.7481008908
 30
0.0
 10
75.79125851
 20
197.7667992533
 30
0.0
 10
75.759400099
 20
197.782895592
 30
0.0
 10
75.7248155532
 20
197.7928384801
 30
0.0
 10
75.700780983
 20
197.793963502
 30
0.0
 10
75.6885112874
 20
197.7945378279
 30
0.0
  0
SPLINE
  5
793
100
AcDbEntity
  8
0
100
AcDbSpline
 62
7
  6
CONTINUOUS
 70
0
 71
3
 72
19
 73
15
 74
0
 42
0.0000001
 43
0.0000001
 44
0.0000000001
 40
0.0
 40
0.0
 40
0.0
 40
0.0
 40
0.1189177236
 40
0.2344981658
 40
0.3515381078
 40
0.4742928696
 40
0.5369558526
 40
0.5995695615
 40
0.6616386734
 40
0.7246291654
 40
0.7890568879
 40
0.8561596944
 40
0.9262178155
 40
1.0
 40
1.0
 40
1.0
 40
1.0
 10
75.6916839536
 20
197.413085723
 30
0.0
 10
75.7033901205
 20
197.4136608593
 30
0.0
 10
75.7264739349
 20
197.4147949914
 30
0.0
 10
75.7598014443
 20
197.4249317197
 30
0.0
 10
75.7911602168
 20
197.4406665213
 30
0.0
 10
75.8145703783
 20
197.4592586001
 30
0.0
 10
75.8318425737
 20
197.4764946488
 30
0.0
 10
75.8429720237
 20
197.4912172062
 30
0.0
 10
75.8526126832
 20
197.5069573053
 30
0.0
 10
75.8605278236
 20
197.5238670759
 30
0.0
 10
75.8662265752
 20
197.5421391436
 30
0.0
 10
75.8707803639
 20
197.5614386909
 30
0.0
 10
75.8730771595
 20
197.5820776585
 30
0.0
 10
75.8735193614
 20
197.5962011318
 30
0.0
 10
75.8737461867
 20
197.6034456986
 30
0.0
  0
SPLINE
  5
794
100
AcDbEntity
  8
0
100
AcDbSpline
 62
7
  6
CONTINUOUS
 70
0
 71
3
 72
15
 73
11
 74
0
 42
0.0000001
 43
0.0000001
 44
0.0000000001
 40
0.0
 40
0.0
 40
0.0
 40
0.0
 40
0.1321285321
 40
0.257557165
 40
0.377224224
 40
0.491944188
 40
0.606575688
 40
0.725613766
 40
0.8556176391
 40
1.0
 40
1.0
 40
1.0
 40
1.0
 10
75.5130384381
 20
197.5497544234
 30
0.0
 10
75.517133002
 20
197.5398892988
 30
0.0
 10
75.5251145051
 20
197.5206592848
 30
0.0
 10
75.5404274749
 20
197.4942154468
 30
0.0
 10
75.557516894
 20
197.4706690767
 30
0.0
 10
75.5765845546
 20
197.4497514422
 30
0.0
 10
75.5994703324
 20
197.4329965574
 30
0.0
 10
75.6265662709
 20
197.4211048315
 30
0.0
 10
75.6578488929
 20
197.4144375558
 30
0.0
 10
75.680018356
 20
197.4135518057
 30
0.0
 10
75.6916839536
 20
197.413085723
 30
0.0
  0
SPLINE
  5
795
100
AcDbEntity
  8
0
100
AcDbSpline
 62
7
  6
CONTINUOUS
 70
0
 71
3
 72
23
 73
19
 74
0
 42
0.0000001
 43
0.0000001
 44
0.0000000001
 40
0.0
 40
0.0
 40
0.0
 40
0.0
 40
0.0596648953
 40
0.1187601088
 40
0.1767477908
 40
0.2346908933
 40
0.2927433569
 40
0.3514857124
 40
0.4111860323
 40
0.4725492969
 40
0.5343341366
 40
0.5964432089
 40
0.6588748299
 40
0.7225471205
 40
0.7880202165
 40
0.8556413499
 40
0.9259517207
 40
1.0
 40
1.0
 40
1.0
 40
1.0
 10
75.6819219036
 20
197.241761745
 30
0.0
 10
75.6719043939
 20
197.2419939547
 30
0.0
 10
75.6519650218
 20
197.2424561571
 30
0.0
 10
75.6224915443
 20
197.246231555
 30
0.0
 10
75.5936956409
 20
197.2522443703
 30
0.0
 10
75.5658576566
 20
197.2612094581
 30
0.0
 10
75.5386378852
 20
197.2721819557
 30
0.0
 10
75.5121384502
 20
197.2855497878
 30
0.0
 10
75.4867962907
 20
197.3019937566
 30
0.0
 10
75.4618845064
 20
197.319962679
 30
0.0
 10
75.4386671826
 20
197.3407432875
 30
0.0
 10
75.417632624
 20
197.3639639852
 30
0.0
 10
75.3990189191
 20
197.3895569062
 30
0.0
 10
75.3826322927
 20
197.4172720946
 30
0.0
 10
75.3684145784
 20
197.4471359311
 30
0.0
 10
75.3567385314
 20
197.4792635504
 30
0.0
 10
75.3473890945
 20
197.5136457625
 30
0.0
 10
75.3431544518
 20
197.5375122101
 30
0.0
 10
75.3409823063
 20
197.5497544234
 30
0.0
  0
SPLINE
  5
796
100
AcDbEntity
  8
0
100
AcDbSpline
 62
7
  6
CONTINUOUS
 70
0
 71
3
 72
23
 73
19
 74
0
 42
0.0000001
 43
0.0000001
 44
0.0000000001
 40
0.0
 40
0.0
 40
0.0
 40
0.0
 40
0.0707050107
 40
0.1380910935
 40
0.2027658647
 40
0.2652632868
 40
0.3267912558
 40
0.3875121423
 40
0.4484031422
 40
0.5102750056
 40
0.5719851908
 40
0.6320634947
 40
0.6921476846
 40
0.7514513637
 40
0.8116883875
 40
0.8723947124
 40
0.9351941311
 40
1.0
 40
1.0
 40
1.0
 40
1.0
 10
76.0460463697
 20
197.6090588774
 30
0.0
 10
76.0457107701
 20
197.5953781066
 30
0.0
 10
76.0450553241
 20
197.5686587472
 30
0.0
 10
76.040163513
 20
197.5296589838
 30
0.0
 10
76.031842111
 20
197.4928977558
 30
0.0
 10
76.0203878463
 20
197.4581617947
 30
0.0
 10
76.0054182049
 20
197.4256311843
 30
0.0
 10
75.9873195136
 20
197.3950826338
 30
0.0
 10
75.9655894854
 20
197.3669158098
 30
0.0
 10
75.9410533194
 20
197.3409288526
 30
0.0
 10
75.9141612232
 20
197.3175974401
 30
0.0
 10
75.8852290844
 20
197.2974921142
 30
0.0
 10
75.8551414251
 20
197.2800472862
 30
0.0
 10
75.8232428018
 20
197.2661183812
 30
0.0
 10
75.7901249528
 20
197.2549853044
 30
0.0
 10
75.7552956544
 20
197.2476684794
 30
0.0
 10
75.7191772931
 20
197.2424116851
 30
0.0
 10
75.6944698657
 20
197.2419806508
 30
0.0
 10
75.6819219036
 20
197.241761745
 30
0.0
  0
SPLINE
  5
797
100
AcDbEntity
  8
0
100
AcDbSpline
 62
7
  6
CONTINUOUS
 70
0
 71
3
 72
15
 73
11
 74
0
 42
0.0000001
 43
0.0000001
 44
0.0000000001
 40
0.0
 40
0.0
 40
0.0
 40
0.0
 40
0.1400498416
 40
0.2722848738
 40
0.3998367753
 40
0.5252085968
 40
0.6476715757
 40
0.7672701037
 40
0.884051839
 40
1.0
 40
1.0
 40
1.0
 40
1.0
 10
75.904252593
 20
197.8719020744
 30
0.0
 10
75.9163225626
 20
197.8637050908
 30
0.0
 10
75.9397889949
 20
197.8477685167
 30
0.0
 10
75.9696830286
 20
197.8186247286
 30
0.0
 10
75.9949382388
 20
197.7873424673
 30
0.0
 10
76.0136134664
 20
197.7528782024
 30
0.0
 10
76.0280766764
 20
197.717439806
 30
0.0
 10
76.0381998185
 20
197.6814745849
 30
0.0
 10
76.0450494555
 20
197.6453572167
 30
0.0
 10
76.0457148594
 20
197.621129398
 30
0.0
 10
76.0460463697
 20
197.6090588774
 30
0.0
  0
SPLINE
  5
798
100
AcDbEntity
  8
0
100
AcDbSpline
 62
7
  6
CONTINUOUS
 70
0
 71
3
 72
15
 73
11
 74
0
 42
0.0000001
 43
0.0000001
 44
0.0000000001
 40
0.0
 40
0.0
 40
0.0
 40
0.0
 40
0.1178063374
 40
0.2351150996
 40
0.3531104376
 40
0.4729561528
 40
0.5946441373
 40
0.7209842497
 40
0.8549615402
 40
1.0
 40
1.0
 40
1.0
 40
1.0
 10
76.0328676022
 20
198.1198581452
 30
0.0
 10
76.0325398739
 20
198.1083692464
 30
0.0
 10
76.0318858015
 20
198.0854399742
 30
0.0
 10
76.0265654114
 20
198.0513351983
 30
0.0
 10
76.0179253984
 20
198.0177760459
 30
0.0
 10
76.0062428497
 20
197.9846499111
 30
0.0
 10
75.9895328
 20
197.9527481464
 30
0.0
 10
75.9670253704
 20
197.9228691889
 30
0.0
 10
75.9382128836
 20
197.8955435567
 30
0.0
 10
75.915867967
 20
197.8799881259
 30
0.0
 10
75.904252593
 20
197.8719020744
 30
0.0
  0
SPLINE
  5
799
100
AcDbEntity
  8
0
100
AcDbSpline
 62
7
  6
CONTINUOUS
 70
0
 71
3
 72
23
 73
19
 74
0
 42
0.0000001
 43
0.0000001
 44
0.0000000001
 40
0.0
 40
0.0
 40
0.0
 40
0.0
 40
0.0711916208
 40
0.1397821635
 40
0.2055534567
 40
0.2695168181
 40
0.3327390952
 40
0.3950309456
 40
0.4583469178
 40
0.5227842707
 40
0.5868155601
 40
0.6486185646
 40
0.7083898884
 40
0.7672551299
 40
0.8251762465
 40
0.8828563483
 40
0.9408183889
 40
1.0
 40
1.0
 40
1.0
 40
1.0
 10
75.6785051861
 20
198.4625061013
 30
0.0
 10
75.6915349754
 20
198.4621639557
 30
0.0
 10
75.7171184937
 20
198.4614921652
 30
0.0
 10
75.7545063637
 20
198.456638354
 30
0.0
 10
75.789866246
 20
198.4482449232
 30
0.0
 10
75.8233895254
 20
198.436899185
 30
0.0
 10
75.8545960148
 20
198.4215933781
 30
0.0
 10
75.8840171233
 20
198.4033701547
 30
0.0
 10
75.9114785534
 20
198.3818836212
 30
0.0
 10
75.9362911172
 20
198.3569654093
 30
0.0
 10
75.9587627236
 20
198.3303317174
 30
0.0
 10
75.9786902461
 20
198.3027698951
 30
0.0
 10
75.9953970971
 20
198.274230613
 30
0.0
 10
76.0091569942
 20
198.2449403018
 30
0.0
 10
76.0196724626
 20
198.2147306898
 30
0.0
 10
76.0272253743
 20
198.1838466037
 30
0.0
 10
76.0321181848
 20
198.1521475763
 30
0.0
 10
76.0326160686
 20
198.1306957332
 30
0.0
 10
76.0328676022
 20
198.1198581452
 30
0.0
  0
SPLINE
  5
79A
100
AcDbEntity
  8
0
100
AcDbSpline
 62
7
  6
CONTINUOUS
 70
0
 71
3
 72
23
 73
19
 74
0
 42
0.0000001
 43
0.0000001
 44
0.0000000001
 40
0.0
 40
0.0
 40
0.0
 40
0.0
 40
0.0626997519
 40
0.1238061115
 40
0.1849878169
 40
0.2461946169
 40
0.3075248101
 40
0.3703469031
 40
0.4343389542
 40
0.5007158496
 40
0.5667948774
 40
0.630956532
 40
0.6931455216
 40
0.7542306131
 40
0.8146526781
 40
0.8753653433
 40
0.9372305785
 40
1.0
 40
1.0
 40
1.0
 40
1.0
 10
75.3475716901
 20
198.1454835265
 30
0.0
 10
75.3486963002
 20
198.1559216121
 30
0.0
 10
75.3509169407
 20
198.1765325197
 30
0.0
 10
75.3573283879
 20
198.2068878006
 30
0.0
 10
75.3666691785
 20
198.2361865426
 30
0.0
 10
75.3785916526
 20
198.2645839761
 30
0.0
 10
75.3934741319
 20
198.2918500877
 30
0.0
 10
75.4107104776
 20
198.3182562157
 30
0.0
 10
75.4310270712
 20
198.343456807
 30
0.0
 10
75.4533181662
 20
198.3676767445
 30
0.0
 10
75.4778866129
 20
198.389627943
 30
0.0
 10
75.5034066459
 20
198.4093481742
 30
0.0
 10
75.5302219487
 20
198.4257293816
 30
0.0
 10
75.5578504282
 20
198.4393506335
 30
0.0
 10
75.5866677243
 20
198.4494999679
 30
0.0
 10
75.6163379344
 20
198.45726094
 30
0.0
 10
75.6471348501
 20
198.46165015
 30
0.0
 10
75.6679979556
 20
198.4622194076
 30
0.0
 10
75.6785051861
 20
198.4625061013
 30
0.0
  0
SPLINE
  5
79B
100
AcDbEntity
  8
0
100
AcDbSpline
 62
7
  6
CONTINUOUS
 70
0
 71
3
 72
15
 73
11
 74
0
 42
0.0000001
 43
0.0000001
 44
0.0000000001
 40
0.0
 40
0.0
 40
0.0
 40
0.0
 40
0.1125809304
 40
0.2244153776
 40
0.3417615496
 40
0.4642785416
 40
0.589915135
 40
0.7172708857
 40
0.8532751727
 40
1.0
 40
1.0
 40
1.0
 40
1.0
 10
75.6850945699
 20
198.2904499695
 30
0.0
 10
75.6760993093
 20
198.2900576635
 30
0.0
 10
75.6581684325
 20
198.2892756529
 30
0.0
 10
75.6317095994
 20
198.281915204
 30
0.0
 10
75.6060487775
 20
198.2703848372
 30
0.0
 10
75.5814695885
 20
198.2545520547
 30
0.0
 10
75.5588591691
 20
198.2345555813
 30
0.0
 10
75.5412573943
 20
198.2087467641
 30
0.0
 10
75.5272016781
 20
198.1789837564
 30
0.0
 10
75.5222154631
 20
198.1569290273
 30
0.0
 10
75.5196278218
 20
198.1454835265
 30
0.0
  0
SPLINE
  5
79C
100
AcDbEntity
  8
0
100
AcDbSpline
 62
7
  6
CONTINUOUS
 70
0
 71
3
 72
19
 73
15
 74
0
 42
0.0000001
 43
0.0000001
 44
0.0000000001
 40
0.0
 40
0.0
 40
0.0
 40
0.0
 40
0.0657715782
 40
0.1294472812
 40
0.190833802
 40
0.2520659557
 40
0.3132336749
 40
0.375080985
 40
0.4377831488
 40
0.5024909004
 40
0.6293987395
 40
0.7513790857
 40
0.8733658974
 40
1.0
 40
1.0
 40
1.0
 40
1.0
 10
75.8605674192
 20
198.1164414277
 30
0.0
 10
75.8604460341
 20
198.1224688638
 30
0.0
 10
75.8602071322
 20
198.1343316658
 30
0.0
 10
75.8577534931
 20
198.1516914737
 30
0.0
 10
75.8534659652
 20
198.1682311796
 30
0.0
 10
75.8479412359
 20
198.1841619406
 30
0.0
 10
75.8405585342
 20
198.1993873967
 30
0.0
 10
75.8314401893
 20
198.2137791091
 30
0.0
 10
75.8209100517
 20
198.22758833
 30
0.0
 10
75.8048266968
 20
198.2444857018
 30
0.0
 10
75.7824715616
 20
198.2627729463
 30
0.0
 10
75.7524483535
 20
198.2791260522
 30
0.0
 10
75.7195046388
 20
198.2886466763
 30
0.0
 10
75.6967066417
 20
198.2898414275
 30
0.0
 10
75.6850945699
 20
198.2904499695
 30
0.0
  0
SPLINE
  5
79D
100
AcDbEntity
  8
0
100
AcDbSpline
 62
7
  6
CONTINUOUS
 70
0
 71
3
 72
19
 73
15
 74
0
 42
0.0000001
 43
0.0000001
 44
0.0000000001
 40
0.0
 40
0.0
 40
0.0
 40
0.0
 40
0.0733426635
 40
0.1436202538
 40
0.2114370513
 40
0.2752835288
 40
0.3379011134
 40
0.3996336838
 40
0.4603888638
 40
0.5209049097
 40
0.6402573148
 40
0.7560136634
 40
0.87446238
 40
1.0
 40
1.0
 40
1.0
 40
1.0
 10
75.6753325198
 20
197.9460936547
 30
0.0
 10
75.6822518567
 20
197.946235268
 30
0.0
 10
75.6958013633
 20
197.9465125766
 30
0.0
 10
75.7156718012
 20
197.9486556921
 30
0.0
 10
75.7343221258
 20
197.9526315403
 30
0.0
 10
75.7519767229
 20
197.9576656199
 30
0.0
 10
75.7683557313
 20
197.9646130053
 30
0.0
 10
75.7837805639
 20
197.9728547448
 30
0.0
 10
75.7980260158
 20
197.9826797555
 30
0.0
 10
75.815188417
 20
197.9975967362
 30
0.0
 10
75.8332105713
 20
198.0191533959
 30
0.0
 10
75.8493476839
 20
198.0485848454
 30
0.0
 10
75.8588254165
 20
198.0815399412
 30
0.0
 10
75.8599756121
 20
198.1045844169
 30
0.0
 10
75.8605674192
 20
198.1164414277
 30
0.0
  0
ENDSEC
  0
SECTION
  2
OBJECTS
  0
DICTIONARY
  5
79E
100
AcDbDictionary
  3
ACAD_GROUP
350
79F
  3
ACAD_MLINESTYLE
350
7A0
  0
DICTIONARY
  5
79F
102
{ACAD_REACTORS
330
79E
102
}
100
AcDbDictionary
  0
DICTIONARY
  5
7A0
102
{ACAD_REACTORS
330
79E
102
}
100
AcDbDictionary
  3
STANDARD
350
7A1
  0
MLINESTYLE
  5
7A1
102
{ACAD_REACTORS
330
7A0
102
}
100
AcDbMlineStyle
  2
STANDARD
 70
0
  3

 62
256
 51
90.0
 52
90.0
 71
2
 49
0.5
 62
256
  6
BYLAYER
 49
-0.5
 62
256
  6
BYLAYER
  0
ENDSEC
  0
EOF
