series_index,kemet_pn,ref_des,y_label,y_unit,x,y
2,C0805C106K3PACTU,,Impedance,Ω,10000,1.6414539813995361
2,C0805C106K3PACTU,,Impedance,Ω,10471.28515625,1.568550944328308
2,C0805C106K3PACTU,,Impedance,Ω,10964.78125,1.498886227607727
2,C0805C106K3PACTU,,Impedance,Ω,11481.53515625,1.432316541671753
2,C0805C106K3PACTU,,Impedance,Ω,12022.642578125,1.3687039613723755
2,C0805C106K3PACTU,,Impedance,Ω,12589.2509765625,1.3079177141189575
2,C0805C106K3PACTU,,Impedance,Ω,13182.5634765625,1.2498313188552856
2,C0805C106K3PACTU,,Impedance,Ω,13803.8388671875,1.1943248510360718
2,C0805C106K3PACTU,,Impedance,Ω,14454.392578125,1.1412843465805054
2,C0805C106K3PACTU,,Impedance,Ω,15135.6064453125,1.0906002521514893
2,C0805C106K3PACTU,,Impedance,Ω,15848.9248046875,1.0421671867370605
2,C0805C106K3PACTU,,Impedance,Ω,16595.861328125,0.9958859086036682
2,C0805C106K3PACTU,,Impedance,Ω,17378,0.9516600370407104
2,C0805C106K3PACTU,,Impedance,Ω,18197.017578125,0.9093978404998779
2,C0805C106K3PACTU,,Impedance,Ω,19054.6171875,0.8690136075019836
2,C0805C106K3PACTU,,Impedance,Ω,19952.6328125,0.8304234147071838
2,C0805C106K3PACTU,,Impedance,Ω,20892.96875,0.7935471534729004
2,C0805C106K3PACTU,,Impedance,Ω,21877.623046875,0.7583088278770447
2,C0805C106K3PACTU,,Impedance,Ω,22908.68359375,0.7246355414390564
2,C0805C106K3PACTU,,Impedance,Ω,23988.3359375,0.692457914352417
2,C0805C106K3PACTU,,Impedance,Ω,25118.869140625,0.6617094874382019
2,C0805C106K3PACTU,,Impedance,Ω,26302.68359375,0.6323269009590149
2,C0805C106K3PACTU,,Impedance,Ω,27542.291015625,0.6042488813400269
2,C0805C106K3PACTU,,Impedance,Ω,28840.318359375,0.5774182081222534
2,C0805C106K3PACTU,,Impedance,Ω,30199.517578125,0.5517789721488953
2,C0805C106K3PACTU,,Impedance,Ω,31622.77734375,0.5272784233093262
2,C0805C106K3PACTU,,Impedance,Ω,33113.109375,0.5038659572601318
2,C0805C106K3PACTU,,Impedance,Ω,34673.68359375,0.4814930856227875
2,C0805C106K3PACTU,,Impedance,Ω,36307.80078125,0.4601139426231384
2,C0805C106K3PACTU,,Impedance,Ω,38018.93359375,0.43968406319618225
2,C0805C106K3PACTU,,Impedance,Ω,39810.70703125,0.4201613664627075
2,C0805C106K3PACTU,,Impedance,Ω,41686.92578125,0.40150564908981323
2,C0805C106K3PACTU,,Impedance,Ω,43651.5703125,0.38367828726768494
2,C0805C106K3PACTU,,Impedance,Ω,45708.8046875,0.36664241552352905
2,C0805C106K3PACTU,,Impedance,Ω,47862.9921875,0.35036298632621765
2,C0805C106K3PACTU,,Impedance,Ω,50118.703125,0.33480632305145264
2,C0805C106K3PACTU,,Impedance,Ω,52480.71875,0.3199404180049896
2,C0805C106K3PACTU,,Impedance,Ω,54954.05859375,0.30573442578315735
2,C0805C106K3PACTU,,Impedance,Ω,57544.0234375,0.29215872287750244
2,C0805C106K3PACTU,,Impedance,Ω,60255.98828125,0.27918606996536255
2,C0805C106K3PACTU,,Impedance,Ω,63095.76171875,0.2667892277240753
2,C0805C106K3PACTU,,Impedance,Ω,66069.3671875,0.2549426257610321
2,C0805C106K3PACTU,,Impedance,Ω,69183.125,0.243621826171875
2,C0805C106K3PACTU,,Impedance,Ω,72443.6171875,0.23280343413352966
2,C0805C106K3PACTU,,Impedance,Ω,75857.78125,0.2224651426076889
2,C0805C106K3PACTU,,Impedance,Ω,79432.84375,0.21258562803268433
2,C0805C106K3PACTU,,Impedance,Ω,83176.390625,0.20314446091651917
2,C0805C106K3PACTU,,Impedance,Ω,87096.3671875,0.19412221014499664
2,C0805C106K3PACTU,,Impedance,Ω,91201.09375,0.18550017476081848
2,C0805C106K3PACTU,,Impedance,Ω,95499.265625,0.17726057767868042
2,C0805C106K3PACTU,,Impedance,Ω,100000,0.16938644647598267
2,C0805C106K3PACTU,,Impedance,Ω,104712.8515625,0.16186152398586273
2,C0805C106K3PACTU,,Impedance,Ω,109647.8125,0.15467025339603424
2,C0805C106K3PACTU,,Impedance,Ω,114815.34375,0.14779777824878693
2,C0805C106K3PACTU,,Impedance,Ω,120226.421875,0.1412300020456314
2,C0805C106K3PACTU,,Impedance,Ω,125892.515625,0.13495327532291412
2,C0805C106K3PACTU,,Impedance,Ω,131825.640625,0.12895467877388
2,C0805C106K3PACTU,,Impedance,Ω,138038.390625,0.12322178483009338
2,C0805C106K3PACTU,,Impedance,Ω,144543.921875,0.11774288862943649
2,C0805C106K3PACTU,,Impedance,Ω,151356.0625,0.11250658333301544
2,C0805C106K3PACTU,,Impedance,Ω,158489.25,0.1075020432472229
2,C0805C106K3PACTU,,Impedance,Ω,165958.609375,0.1027190238237381
2,C0805C106K3PACTU,,Impedance,Ω,173779.984375,0.09814757853746414
2,C0805C106K3PACTU,,Impedance,Ω,181970.1875,0.09377823024988174
2,C0805C106K3PACTU,,Impedance,Ω,190546.15625,0.08960214257240295
2,C0805C106K3PACTU,,Impedance,Ω,199526.3125,0.08561059087514877
2,C0805C106K3PACTU,,Impedance,Ω,208929.703125,0.081795334815979
2,C0805C106K3PACTU,,Impedance,Ω,218776.234375,0.07814853638410568
2,C0805C106K3PACTU,,Impedance,Ω,229086.828125,0.07466263324022293
2,C0805C106K3PACTU,,Impedance,Ω,239883.359375,0.07133045047521591
2,C0805C106K3PACTU,,Impedance,Ω,251188.703125,0.06814510375261307
2,C0805C106K3PACTU,,Impedance,Ω,263026.84375,0.0651000440120697
2,C0805C106K3PACTU,,Impedance,Ω,275422.90625,0.06218896061182022
2,C0805C106K3PACTU,,Impedance,Ω,288403.1875,0.05940587446093559
2,C0805C106K3PACTU,,Impedance,Ω,301995.1875,0.05674503371119499
2,C0805C106K3PACTU,,Impedance,Ω,316227.78125,0.05420096591114998
2,C0805C106K3PACTU,,Impedance,Ω,331131.09375,0.051768410950899124
2,C0805C106K3PACTU,,Impedance,Ω,346736.8125,0.049442365765571594
2,C0805C106K3PACTU,,Impedance,Ω,363078,0.04721802473068237
2,C0805C106K3PACTU,,Impedance,Ω,380189.34375,0.04509080573916435
2,C0805C106K3PACTU,,Impedance,Ω,398107.09375,0.043056339025497437
2,C0805C106K3PACTU,,Impedance,Ω,416869.28125,0.041110433638095856
2,C0805C106K3PACTU,,Impedance,Ω,436515.6875,0.03924908861517906
2,C0805C106K3PACTU,,Impedance,Ω,457088.03125,0.037468455731868744
2,C0805C106K3PACTU,,Impedance,Ω,478629.90625,0.035764891654253006
2,C0805C106K3PACTU,,Impedance,Ω,501187,0.03413490578532219
2,C0805C106K3PACTU,,Impedance,Ω,524807.1875,0.03257513418793678
2,C0805C106K3PACTU,,Impedance,Ω,549540.5625,0.031082388013601303
2,C0805C106K3PACTU,,Impedance,Ω,575440.25,0.02965359017252922
2,C0805C106K3PACTU,,Impedance,Ω,602559.875,0.02828587219119072
2,C0805C106K3PACTU,,Impedance,Ω,630957.625,0.02697642706334591
2,C0805C106K3PACTU,,Impedance,Ω,660693.6875,0.025722593069076538
2,C0805C106K3PACTU,,Impedance,Ω,691831.1875,0.02452181465923786
2,C0805C106K3PACTU,,Impedance,Ω,724436.1875,0.023371687158942223
2,C0805C106K3PACTU,,Impedance,Ω,758577.75,0.022269895300269127
2,C0805C106K3PACTU,,Impedance,Ω,794328.4375,0.021214226260781288
2,C0805C106K3PACTU,,Impedance,Ω,831763.9375,0.020202603191137314
2,C0805C106K3PACTU,,Impedance,Ω,870963.6875,0.019233031198382378
2,C0805C106K3PACTU,,Impedance,Ω,912010.9375,0.018303634598851204
2,C0805C106K3PACTU,,Impedance,Ω,954992.625,0.017412612214684486
2,C0805C106K3PACTU,,Impedance,Ω,1e+06,0.016558310016989708
2,C0805C106K3PACTU,,Impedance,Ω,1.0471285e+06,0.015739142894744873
2,C0805C106K3PACTU,,Impedance,Ω,1.096478125e+06,0.014953644014894962
2,C0805C106K3PACTU,,Impedance,Ω,1.1481535e+06,0.014200448989868164
2,C0805C106K3PACTU,,Impedance,Ω,1.20226425e+06,0.013485175557434559
2,C0805C106K3PACTU,,Impedance,Ω,1.258925125e+06,0.012807820923626423
2,C0805C106K3PACTU,,Impedance,Ω,1.318256375e+06,0.012161045335233212
2,C0805C106K3PACTU,,Impedance,Ω,1.380383875e+06,0.011544190347194672
2,C0805C106K3PACTU,,Impedance,Ω,1.44543925e+06,0.01095678098499775
2,C0805C106K3PACTU,,Impedance,Ω,1.513560625e+06,0.010398524813354015
2,C0805C106K3PACTU,,Impedance,Ω,1.5848925e+06,0.009869348257780075
2,C0805C106K3PACTU,,Impedance,Ω,1.659586125e+06,0.009369408711791039
2,C0805C106K3PACTU,,Impedance,Ω,1.737799875e+06,0.008899131789803505
2,C0805C106K3PACTU,,Impedance,Ω,1.819701875e+06,0.008459207601845264
2,C0805C106K3PACTU,,Impedance,Ω,1.905461625e+06,0.008050665259361267
2,C0805C106K3PACTU,,Impedance,Ω,1.99526325e+06,0.007674811407923698
2,C0805C106K3PACTU,,Impedance,Ω,2.089297e+06,0.0073332758620381355
2,C0805C106K3PACTU,,Impedance,Ω,2.1877625e+06,0.007027973420917988
2,C0805C106K3PACTU,,Impedance,Ω,2.29086825e+06,0.0067610531114041805
2,C0805C106K3PACTU,,Impedance,Ω,2.3988335e+06,0.006534799002110958
2,C0805C106K3PACTU,,Impedance,Ω,2.511887e+06,0.006029913201928139
2,C0805C106K3PACTU,,Impedance,Ω,2.6302685e+06,0.00586642324924469
2,C0805C106K3PACTU,,Impedance,Ω,2.754229e+06,0.005750467535108328
2,C0805C106K3PACTU,,Impedance,Ω,2.88403175e+06,0.0056839450262486935
2,C0805C106K3PACTU,,Impedance,Ω,3.01995175e+06,0.005668007303029299
2,C0805C106K3PACTU,,Impedance,Ω,3.16227775e+06,0.005702913738787174
2,C0805C106K3PACTU,,Impedance,Ω,3.311311e+06,0.0057954201474785805
2,C0805C106K3PACTU,,Impedance,Ω,3.46736825e+06,0.005940904375165701
2,C0805C106K3PACTU,,Impedance,Ω,3.63078e+06,0.006138636730611324
2,C0805C106K3PACTU,,Impedance,Ω,3.80189325e+06,0.006386084947735071
2,C0805C106K3PACTU,,Impedance,Ω,3.98107075e+06,0.006680445279926062
2,C0805C106K3PACTU,,Impedance,Ω,4.16869275e+06,0.007018911652266979
2,C0805C106K3PACTU,,Impedance,Ω,4.365157e+06,0.00739888334646821
2,C0805C106K3PACTU,,Impedance,Ω,4.5708805e+06,0.00781809538602829
2,C0805C106K3PACTU,,Impedance,Ω,4.786299e+06,0.008274690248072147
2,C0805C106K3PACTU,,Impedance,Ω,5.01187e+06,0.008767238818109035
2,C0805C106K3PACTU,,Impedance,Ω,5.248072e+06,0.00929474551230669
2,C0805C106K3PACTU,,Impedance,Ω,5.495406e+06,0.00985661055892706
2,C0805C106K3PACTU,,Impedance,Ω,5.7544025e+06,0.010452614165842533
2,C0805C106K3PACTU,,Impedance,Ω,6.025599e+06,0.011082828976213932
2,C0805C106K3PACTU,,Impedance,Ω,6.309576e+06,0.011747676879167557
2,C0805C106K3PACTU,,Impedance,Ω,6.606937e+06,0.012447820976376534
2,C0805C106K3PACTU,,Impedance,Ω,6.918312e+06,0.01318417675793171
2,C0805C106K3PACTU,,Impedance,Ω,7.244362e+06,0.013957884162664413
2,C0805C106K3PACTU,,Impedance,Ω,7.5857775e+06,0.014770274981856346
2,C0805C106K3PACTU,,Impedance,Ω,7.943284e+06,0.015622884035110474
2,C0805C106K3PACTU,,Impedance,Ω,8.317639e+06,0.016517406329512596
2,C0805C106K3PACTU,,Impedance,Ω,8.709637e+06,0.01745573803782463
2,C0805C106K3PACTU,,Impedance,Ω,9.120109e+06,0.01843990571796894
2,C0805C106K3PACTU,,Impedance,Ω,9.549926e+06,0.019472122192382812
2,C0805C106K3PACTU,,Impedance,Ω,1e+07,0.020554756745696068
2,C0805C106K3PACTU,,Impedance,Ω,1.0471285e+07,0.021691441535949707
2,C0805C106K3PACTU,,Impedance,Ω,1.0964781e+07,0.022883661091327667
2,C0805C106K3PACTU,,Impedance,Ω,1.1481535e+07,0.024134289473295212
2,C0805C106K3PACTU,,Impedance,Ω,1.2022642e+07,0.025446325540542603
2,C0805C106K3PACTU,,Impedance,Ω,1.2589251e+07,0.02682298794388771
2,C0805C106K3PACTU,,Impedance,Ω,1.3182564e+07,0.02826765552163124
2,C0805C106K3PACTU,,Impedance,Ω,1.3803838e+07,0.02978387102484703
2,C0805C106K3PACTU,,Impedance,Ω,1.4454393e+07,0.03137541562318802
2,C0805C106K3PACTU,,Impedance,Ω,1.5135607e+07,0.03304622322320938
2,C0805C106K3PACTU,,Impedance,Ω,1.5848925e+07,0.03480047732591629
2,C0805C106K3PACTU,,Impedance,Ω,1.6595861e+07,0.036642540246248245
2,C0805C106K3PACTU,,Impedance,Ω,1.7378e+07,0.03857705369591713
2,C0805C106K3PACTU,,Impedance,Ω,1.8197018e+07,0.04060889035463333
2,C0805C106K3PACTU,,Impedance,Ω,1.9054616e+07,0.042743075639009476
2,C0805C106K3PACTU,,Impedance,Ω,1.9952632e+07,0.04498502239584923
2,C0805C106K3PACTU,,Impedance,Ω,2.089297e+07,0.04734036326408386
2,C0805C106K3PACTU,,Impedance,Ω,2.1877624e+07,0.049815040081739426
2,C0805C106K3PACTU,,Impedance,Ω,2.2908684e+07,0.052415285259485245
2,C0805C106K3PACTU,,Impedance,Ω,2.3988336e+07,0.0551476776599884
2,C0805C106K3PACTU,,Impedance,Ω,2.511887e+07,0.05801909789443016
2,C0805C106K3PACTU,,Impedance,Ω,2.6302684e+07,0.061036817729473114
2,C0805C106K3PACTU,,Impedance,Ω,2.754229e+07,0.06420841813087463
2,C0805C106K3PACTU,,Impedance,Ω,2.8840318e+07,0.06754195690155029
2,C0805C106K3PACTU,,Impedance,Ω,3.0199518e+07,0.07104583084583282
2,C0805C106K3PACTU,,Impedance,Ω,3.1622776e+07,0.07472891360521317
2,C0805C106K3PACTU,,Impedance,Ω,3.311311e+07,0.07860053330659866
2,C0805C106K3PACTU,,Impedance,Ω,3.467368e+07,0.08267048001289368
2,C0805C106K3PACTU,,Impedance,Ω,3.63078e+07,0.08694902807474136
2,C0805C106K3PACTU,,Impedance,Ω,3.8018932e+07,0.09144701808691025
2,C0805C106K3PACTU,,Impedance,Ω,3.9810708e+07,0.09617583453655243
2,C0805C106K3PACTU,,Impedance,Ω,4.1686928e+07,0.10114745795726776
2,C0805C106K3PACTU,,Impedance,Ω,4.3651568e+07,0.10637442767620087
2,C0805C106K3PACTU,,Impedance,Ω,4.5708804e+07,0.11187003552913666
2,C0805C106K3PACTU,,Impedance,Ω,4.7862992e+07,0.11764819175004959
2,C0805C106K3PACTU,,Impedance,Ω,5.01187e+07,0.12372346222400665
2,C0805C106K3PACTU,,Impedance,Ω,5.248072e+07,0.13011130690574646
2,C0805C106K3PACTU,,Impedance,Ω,5.495406e+07,0.13682790100574493
2,C0805C106K3PACTU,,Impedance,Ω,5.7544024e+07,0.143890380859375
2,C0805C106K3PACTU,,Impedance,Ω,6.0255988e+07,0.1513163298368454
2,C0805C106K3PACTU,,Impedance,Ω,6.3095764e+07,0.1591247320175171
2,C0805C106K3PACTU,,Impedance,Ω,6.6069372e+07,0.16733534634113312
2,C0805C106K3PACTU,,Impedance,Ω,6.918312e+07,0.1759689897298813
2,C0805C106K3PACTU,,Impedance,Ω,7.2443616e+07,0.18504756689071655
2,C0805C106K3PACTU,,Impedance,Ω,7.5857776e+07,0.19459407031536102
2,C0805C106K3PACTU,,Impedance,Ω,7.943284e+07,0.20463263988494873
2,C0805C106K3PACTU,,Impedance,Ω,8.3176392e+07,0.2149513065814972
2,C0805C106K3PACTU,,Impedance,Ω,8.7096368e+07,0.22508108615875244
2,C0805C106K3PACTU,,Impedance,Ω,9.1201088e+07,0.23568785190582275
2,C0805C106K3PACTU,,Impedance,Ω,9.5499264e+07,0.24679414927959442
2,C0805C106K3PACTU,,Impedance,Ω,1e+08,0.2584235370159149
2,C0805C106K3PACTU,,Impedance,Ω,1.04712968e+08,0.2706010937690735
2,C0805C106K3PACTU,,Impedance,Ω,1.09647808e+08,0.2833516597747803
2,C0805C106K3PACTU,,Impedance,Ω,1.14815472e+08,0.2967037856578827
2,C0805C106K3PACTU,,Impedance,Ω,1.20226424e+08,0.3106844425201416
2,C0805C106K3PACTU,,Impedance,Ω,1.25892648e+08,0.32532474398612976
2,C0805C106K3PACTU,,Impedance,Ω,1.3182564e+08,0.34065449237823486
2,C0805C106K3PACTU,,Impedance,Ω,1.38038528e+08,0.3567076623439789
2,C0805C106K3PACTU,,Impedance,Ω,1.4454392e+08,0.37351706624031067
2,C0805C106K3PACTU,,Impedance,Ω,1.51356224e+08,0.3911200761795044
2,C0805C106K3PACTU,,Impedance,Ω,1.58489248e+08,0.4095524549484253
2,C0805C106K3PACTU,,Impedance,Ω,1.659588e+08,0.4288553297519684
2,C0805C106K3PACTU,,Impedance,Ω,1.73779984e+08,0.44906798005104065
2,C0805C106K3PACTU,,Impedance,Ω,1.81970176e+08,0.4702356457710266
2,C0805C106K3PACTU,,Impedance,Ω,1.90545952e+08,0.4924013018608093
2,C0805C106K3PACTU,,Impedance,Ω,1.9952632e+08,0.5156145095825195
2,C0805C106K3PACTU,,Impedance,Ω,2.08929472e+08,0.5399228930473328
2,C0805C106K3PACTU,,Impedance,Ω,2.1877624e+08,0.5653804540634155
2,C0805C106K3PACTU,,Impedance,Ω,2.29086592e+08,0.5920395255088806
2,C0805C106K3PACTU,,Impedance,Ω,2.3988336e+08,0.6199598908424377
2,C0805C106K3PACTU,,Impedance,Ω,2.51188416e+08,0.649198591709137
2,C0805C106K3PACTU,,Impedance,Ω,2.63026848e+08,0.6798214316368103
2,C0805C106K3PACTU,,Impedance,Ω,2.75422592e+08,0.7118912935256958
2,C0805C106K3PACTU,,Impedance,Ω,2.88403168e+08,0.7454804182052612
2,C0805C106K3PACTU,,Impedance,Ω,3.01994848e+08,0.7806580662727356
2,C0805C106K3PACTU,,Impedance,Ω,3.16227776e+08,0.8175036907196045
2,C0805C106K3PACTU,,Impedance,Ω,3.31131456e+08,0.8560952544212341
2,C0805C106K3PACTU,,Impedance,Ω,3.46736832e+08,0.8965147137641907
2,C0805C106K3PACTU,,Impedance,Ω,3.630784e+08,0.9388536810874939
2,C0805C106K3PACTU,,Impedance,Ω,3.80189344e+08,0.98320072889328
2,C0805C106K3PACTU,,Impedance,Ω,3.9810752e+08,1.0296566486358643
2,C0805C106K3PACTU,,Impedance,Ω,4.1686928e+08,1.0783188343048096
2,C0805C106K3PACTU,,Impedance,Ω,4.36516192e+08,1.1292990446090698
2,C0805C106K3PACTU,,Impedance,Ω,4.57088032e+08,1.1827045679092407
2,C0805C106K3PACTU,,Impedance,Ω,4.78630432e+08,1.2386592626571655
2,C0805C106K3PACTU,,Impedance,Ω,5.01187008e+08,1.2972817420959473
2,C0805C106K3PACTU,,Impedance,Ω,5.24807776e+08,1.358708381652832
2,C0805C106K3PACTU,,Impedance,Ω,5.49540608e+08,1.4230716228485107
2,C0805C106K3PACTU,,Impedance,Ω,5.75440256e+08,1.490522027015686
2,C0805C106K3PACTU,,Impedance,Ω,6.02559232e+08,1.561206579208374
2,C0805C106K3PACTU,,Impedance,Ω,6.30957632e+08,1.6352932453155518
2,C0805C106K3PACTU,,Impedance,Ω,6.60692992e+08,1.712944746017456
2,C0805C106K3PACTU,,Impedance,Ω,6.91831232e+08,1.7943482398986816
2,C0805C106K3PACTU,,Impedance,Ω,7.24435392e+08,1.8796857595443726
2,C0805C106K3PACTU,,Impedance,Ω,7.58577792e+08,1.969165563583374
2,C0805C106K3PACTU,,Impedance,Ω,7.94327552e+08,2.0629918575286865
2,C0805C106K3PACTU,,Impedance,Ω,8.31763904e+08,2.1613974571228027
2,C0805C106K3PACTU,,Impedance,Ω,8.70962752e+08,2.2646124362945557
2,C0805C106K3PACTU,,Impedance,Ω,9.12010944e+08,2.3728973865509033
2,C0805C106K3PACTU,,Impedance,Ω,9.54991552e+08,2.4865105152130127
2,C0805C106K3PACTU,,Impedance,Ω,1e+09,2.6057474613189697
2,C0805C106K3PACTU,,Impedance,Ω,1.047129664e+09,2.730905294418335
2,C0805C106K3PACTU,,Impedance,Ω,1.09647808e+09,2.8622987270355225
2,C0805C106K3PACTU,,Impedance,Ω,1.148154752e+09,3.0002827644348145
2,C0805C106K3PACTU,,Impedance,Ω,1.202264192e+09,3.145209312438965
2,C0805C106K3PACTU,,Impedance,Ω,1.258926464e+09,3.297480583190918
2,C0805C106K3PACTU,,Impedance,Ω,1.318256384e+09,3.4574949741363525
2,C0805C106K3PACTU,,Impedance,Ω,1.380385408e+09,3.6257081031799316
2,C0805C106K3PACTU,,Impedance,Ω,1.445439232e+09,3.8025705814361572
2,C0805C106K3PACTU,,Impedance,Ω,1.513562368e+09,3.9885971546173096
2,C0805C106K3PACTU,,Impedance,Ω,1.584892544e+09,4.184292316436768
2,C0805C106K3PACTU,,Impedance,Ω,1.659587968e+09,4.390233039855957
2,C0805C106K3PACTU,,Impedance,Ω,1.737799936e+09,4.606975555419922
2,C0805C106K3PACTU,,Impedance,Ω,1.81970176e+09,4.835146427154541
2,C0805C106K3PACTU,,Impedance,Ω,1.905459584e+09,5.075345993041992
2,C0805C106K3PACTU,,Impedance,Ω,1.995263232e+09,5.3282294273376465
2,C0805C106K3PACTU,,Impedance,Ω,2.08929472e+09,5.594402313232422
2,C0805C106K3PACTU,,Impedance,Ω,2.187762432e+09,5.874505043029785
2,C0805C106K3PACTU,,Impedance,Ω,2.29086592e+09,6.169092178344727
2,C0805C106K3PACTU,,Impedance,Ω,2.398833664e+09,6.4787116050720215
2,C0805C106K3PACTU,,Impedance,Ω,2.511884288e+09,6.803771495819092
2,C0805C106K3PACTU,,Impedance,Ω,2.630268416e+09,7.144629955291748
2,C0805C106K3PACTU,,Impedance,Ω,2.75422592e+09,7.5014495849609375
2,C0805C106K3PACTU,,Impedance,Ω,2.884031744e+09,7.87430477142334
2,C0805C106K3PACTU,,Impedance,Ω,3.019948544e+09,8.26305103302002
2,C0805C106K3PACTU,,Impedance,Ω,3.162277632e+09,8.667478561401367
2,C0805C106K3PACTU,,Impedance,Ω,3.311314688e+09,9.087227821350098
2,C0805C106K3PACTU,,Impedance,Ω,3.467368192e+09,9.521899223327637
2,C0805C106K3PACTU,,Impedance,Ω,3.630784e+09,9.971220970153809
2,C0805C106K3PACTU,,Impedance,Ω,3.801893376e+09,10.434975624084473
2,C0805C106K3PACTU,,Impedance,Ω,3.9810752e+09,10.913276672363281
2,C0805C106K3PACTU,,Impedance,Ω,4.168692736e+09,11.406460762023926
2,C0805C106K3PACTU,,Impedance,Ω,4.365161984e+09,11.915312767028809
2,C0805C106K3PACTU,,Impedance,Ω,4.570880512e+09,12.440874099731445
2,C0805C106K3PACTU,,Impedance,Ω,4.786304512e+09,12.984624862670898
2,C0805C106K3PACTU,,Impedance,Ω,5.011870208e+09,13.5482177734375
2,C0805C106K3PACTU,,Impedance,Ω,5.248077824e+09,14.133621215820312
2,C0805C106K3PACTU,,Impedance,Ω,5.49540608e+09,14.742849349975586
2,C0805C106K3PACTU,,Impedance,Ω,5.754402304e+09,15.378087043762207
2,C0805C106K3PACTU,,Impedance,Ω,6.02559232e+09,16.04146385192871
2,C0805C106K3PACTU,,Impedance,Ω,6.309576192e+09,16.735218048095703
2,C0805C106K3PACTU,,Impedance,Ω,6.60692992e+09,17.461450576782227
2,C0805C106K3PACTU,,Impedance,Ω,6.918311936e+09,18.222370147705078
2,C0805C106K3PACTU,,Impedance,Ω,7.244354048e+09,19.020036697387695
2,C0805C106K3PACTU,,Impedance,Ω,7.585777664e+09,19.856639862060547
2,C0805C106K3PACTU,,Impedance,Ω,7.94327552e+09,20.734214782714844
2,C0805C106K3PACTU,,Impedance,Ω,8.317639168e+09,21.654998779296875
2,C0805C106K3PACTU,,Impedance,Ω,8.709627904e+09,22.62106704711914
2,C0805C106K3PACTU,,Impedance,Ω,9.120109568e+09,23.634737014770508
2,C0805C106K3PACTU,,Impedance,Ω,9.54991616e+09,24.698198318481445
2,C0805C106K3PACTU,,Impedance,Ω,1e+10,25.813901901245117
3,C0805C106K3PACTU,,ESR,Ω,10000,0.04794582724571228
3,C0805C106K3PACTU,,ESR,Ω,10471.28515625,0.0460195429623127
3,C0805C106K3PACTU,,ESR,Ω,10964.78125,0.04417998343706131
3,C0805C106K3PACTU,,ESR,Ω,11481.53515625,0.042423151433467865
3,C0805C106K3PACTU,,ESR,Ω,12022.642578125,0.04074535146355629
3,C0805C106K3PACTU,,ESR,Ω,12589.2509765625,0.039143066853284836
3,C0805C106K3PACTU,,ESR,Ω,13182.5634765625,0.03761301562190056
3,C0805C106K3PACTU,,ESR,Ω,13803.8388671875,0.036151640117168427
3,C0805C106K3PACTU,,ESR,Ω,14454.392578125,0.03475623577833176
3,C0805C106K3PACTU,,ESR,Ω,15135.6064453125,0.03342350199818611
3,C0805C106K3PACTU,,ESR,Ω,15848.9248046875,0.03215078264474869
3,C0805C106K3PACTU,,ESR,Ω,16595.861328125,0.030935415998101234
3,C0805C106K3PACTU,,ESR,Ω,17378,0.029774684458971024
3,C0805C106K3PACTU,,ESR,Ω,18197.017578125,0.02866610698401928
3,C0805C106K3PACTU,,ESR,Ω,19054.6171875,0.027607552707195282
3,C0805C106K3PACTU,,ESR,Ω,19952.6328125,0.026596596464514732
3,C0805C106K3PACTU,,ESR,Ω,20892.96875,0.025631112977862358
3,C0805C106K3PACTU,,ESR,Ω,21877.623046875,0.024709150195121765
3,C0805C106K3PACTU,,ESR,Ω,22908.68359375,0.02382863312959671
3,C0805C106K3PACTU,,ESR,Ω,23988.3359375,0.02298775315284729
3,C0805C106K3PACTU,,ESR,Ω,25118.869140625,0.022184744477272034
3,C0805C106K3PACTU,,ESR,Ω,26302.68359375,0.021417910233139992
3,C0805C106K3PACTU,,ESR,Ω,27542.291015625,0.020685506984591484
3,C0805C106K3PACTU,,ESR,Ω,28840.318359375,0.019986115396022797
3,C0805C106K3PACTU,,ESR,Ω,30199.517578125,0.019318174570798874
3,C0805C106K3PACTU,,ESR,Ω,31622.77734375,0.018680326640605927
3,C0805C106K3PACTU,,ESR,Ω,33113.109375,0.018071185797452927
3,C0805C106K3PACTU,,ESR,Ω,34673.68359375,0.01748940348625183
3,C0805C106K3PACTU,,ESR,Ω,36307.80078125,0.0169338621199131
3,C0805C106K3PACTU,,ESR,Ω,38018.93359375,0.016403332352638245
3,C0805C106K3PACTU,,ESR,Ω,39810.70703125,0.015896642580628395
3,C0805C106K3PACTU,,ESR,Ω,41686.92578125,0.015412749722599983
3,C0805C106K3PACTU,,ESR,Ω,43651.5703125,0.014950677752494812
3,C0805C106K3PACTU,,ESR,Ω,45708.8046875,0.014509379863739014
3,C0805C106K3PACTU,,ESR,Ω,47862.9921875,0.014087933115661144
3,C0805C106K3PACTU,,ESR,Ω,50118.703125,0.013685472309589386
3,C0805C106K3PACTU,,ESR,Ω,52480.71875,0.013301108963787556
3,C0805C106K3PACTU,,ESR,Ω,54954.05859375,0.012934084050357342
3,C0805C106K3PACTU,,ESR,Ω,57544.0234375,0.012583527714014053
3,C0805C106K3PACTU,,ESR,Ω,60255.98828125,0.012248784303665161
3,C0805C106K3PACTU,,ESR,Ω,63095.76171875,0.01192907802760601
3,C0805C106K3PACTU,,ESR,Ω,66069.3671875,0.01162376906722784
3,C0805C106K3PACTU,,ESR,Ω,69183.125,0.01133221946656704
3,C0805C106K3PACTU,,ESR,Ω,72443.6171875,0.01105376984924078
3,C0805C106K3PACTU,,ESR,Ω,75857.78125,0.01078788097947836
3,C0805C106K3PACTU,,ESR,Ω,79432.84375,0.010533936321735382
3,C0805C106K3PACTU,,ESR,Ω,83176.390625,0.010291426442563534
3,C0805C106K3PACTU,,ESR,Ω,87096.3671875,0.010059822350740433
3,C0805C106K3PACTU,,ESR,Ω,91201.09375,0.009838658384978771
3,C0805C106K3PACTU,,ESR,Ω,95499.265625,0.009627430699765682
3,C0805C106K3PACTU,,ESR,Ω,100000,0.009425720199942589
3,C0805C106K3PACTU,,ESR,Ω,104712.8515625,0.009233101271092892
3,C0805C106K3PACTU,,ESR,Ω,109647.8125,0.009049125015735626
3,C0805C106K3PACTU,,ESR,Ω,114815.34375,0.00887345615774393
3,C0805C106K3PACTU,,ESR,Ω,120226.421875,0.008705678395926952
3,C0805C106K3PACTU,,ESR,Ω,125892.515625,0.00854545645415783
3,C0805C106K3PACTU,,ESR,Ω,131825.640625,0.00839244481176138
3,C0805C106K3PACTU,,ESR,Ω,138038.390625,0.008246307261288166
3,C0805C106K3PACTU,,ESR,Ω,144543.921875,0.00810676533728838
3,C0805C106K3PACTU,,ESR,Ω,151356.0625,0.007973489351570606
3,C0805C106K3PACTU,,ESR,Ω,158489.25,0.00784622598439455
3,C0805C106K3PACTU,,ESR,Ω,165958.609375,0.007724677212536335
3,C0805C106K3PACTU,,ESR,Ω,173779.984375,0.0076086088083684444
3,C0805C106K3PACTU,,ESR,Ω,181970.1875,0.0074977511540055275
3,C0805C106K3PACTU,,ESR,Ω,190546.15625,0.00739189563319087
3,C0805C106K3PACTU,,ESR,Ω,199526.3125,0.0072907954454422
3,C0805C106K3PACTU,,ESR,Ω,208929.703125,0.007194257341325283
3,C0805C106K3PACTU,,ESR,Ω,218776.234375,0.007102055475115776
3,C0805C106K3PACTU,,ESR,Ω,229086.828125,0.007014006841927767
3,C0805C106K3PACTU,,ESR,Ω,239883.359375,0.006929921451956034
3,C0805C106K3PACTU,,ESR,Ω,251188.703125,0.006849614903330803
3,C0805C106K3PACTU,,ESR,Ω,263026.84375,0.006772931665182114
3,C0805C106K3PACTU,,ESR,Ω,275422.90625,0.00669969292357564
3,C0805C106K3PACTU,,ESR,Ω,288403.1875,0.00662975013256073
3,C0805C106K3PACTU,,ESR,Ω,301995.1875,0.006562959868460894
3,C0805C106K3PACTU,,ESR,Ω,316227.78125,0.006499173119664192
3,C0805C106K3PACTU,,ESR,Ω,331131.09375,0.006438258104026318
3,C0805C106K3PACTU,,ESR,Ω,346736.8125,0.0063800811767578125
3,C0805C106K3PACTU,,ESR,Ω,363078,0.00632452592253685
3,C0805C106K3PACTU,,ESR,Ω,380189.34375,0.006271470338106155
3,C0805C106K3PACTU,,ESR,Ω,398107.09375,0.006220805924385786
3,C0805C106K3PACTU,,ESR,Ω,416869.28125,0.006172418128699064
3,C0805C106K3PACTU,,ESR,Ω,436515.6875,0.006126204505562782
3,C0805C106K3PACTU,,ESR,Ω,457088.03125,0.006082076579332352
3,C0805C106K3PACTU,,ESR,Ω,478629.90625,0.006039933301508427
3,C0805C106K3PACTU,,ESR,Ω,501187,0.005999688524752855
3,C0805C106K3PACTU,,ESR,Ω,524807.1875,0.005961254239082336
3,C0805C106K3PACTU,,ESR,Ω,549540.5625,0.005924547556787729
3,C0805C106K3PACTU,,ESR,Ω,575440.25,0.005889491643756628
3,C0805C106K3PACTU,,ESR,Ω,602559.875,0.005856015719473362
3,C0805C106K3PACTU,,ESR,Ω,630957.625,0.005824046675115824
3,C0805C106K3PACTU,,ESR,Ω,660693.6875,0.0057935165241360664
3,C0805C106K3PACTU,,ESR,Ω,691831.1875,0.005764361936599016
3,C0805C106K3PACTU,,ESR,Ω,724436.1875,0.0057365186512470245
3,C0805C106K3PACTU,,ESR,Ω,758577.75,0.0057099261321127415
3,C0805C106K3PACTU,,ESR,Ω,794328.4375,0.005684532690793276
3,C0805C106K3PACTU,,ESR,Ω,831763.9375,0.005660281050950289
3,C0805C106K3PACTU,,ESR,Ω,870963.6875,0.005637121852487326
3,C0805C106K3PACTU,,ESR,Ω,912010.9375,0.005615005735307932
3,C0805C106K3PACTU,,ESR,Ω,954992.625,0.005593883339315653
3,C0805C106K3PACTU,,ESR,Ω,1e+06,0.005573711823672056
3,C0805C106K3PACTU,,ESR,Ω,1.0471285e+06,0.005554448813199997
3,C0805C106K3PACTU,,ESR,Ω,1.096478125e+06,0.005536054261028767
3,C0805C106K3PACTU,,ESR,Ω,1.1481535e+06,0.005518482532352209
3,C0805C106K3PACTU,,ESR,Ω,1.20226425e+06,0.005518483463674784
3,C0805C106K3PACTU,,ESR,Ω,1.258925125e+06,0.005536053329706192
3,C0805C106K3PACTU,,ESR,Ω,1.318256375e+06,0.0055544497445225716
3,C0805C106K3PACTU,,ESR,Ω,1.380383875e+06,0.005573712754994631
3,C0805C106K3PACTU,,ESR,Ω,1.44543925e+06,0.005593881942331791
3,C0805C106K3PACTU,,ESR,Ω,1.513560625e+06,0.00561500433832407
3,C0805C106K3PACTU,,ESR,Ω,1.5848925e+06,0.0056371227838099
3,C0805C106K3PACTU,,ESR,Ω,1.659586125e+06,0.0056602805852890015
3,C0805C106K3PACTU,,ESR,Ω,1.737799875e+06,0.005684533156454563
3,C0805C106K3PACTU,,ESR,Ω,1.819701875e+06,0.005709927063435316
3,C0805C106K3PACTU,,ESR,Ω,1.905461625e+06,0.005736516788601875
3,C0805C106K3PACTU,,ESR,Ω,1.99526325e+06,0.005764361470937729
3,C0805C106K3PACTU,,ESR,Ω,2.089297e+06,0.005793517455458641
3,C0805C106K3PACTU,,ESR,Ω,2.1877625e+06,0.005824047140777111
3,C0805C106K3PACTU,,ESR,Ω,2.29086825e+06,0.005856016650795937
3,C0805C106K3PACTU,,ESR,Ω,2.3988335e+06,0.005889493506401777
3,C0805C106K3PACTU,,ESR,Ω,2.511887e+06,0.005578396841883659
3,C0805C106K3PACTU,,ESR,Ω,2.6302685e+06,0.005598788149654865
3,C0805C106K3PACTU,,ESR,Ω,2.754229e+06,0.005620141047984362
3,C0805C106K3PACTU,,ESR,Ω,2.88403175e+06,0.005642500706017017
3,C0805C106K3PACTU,,ESR,Ω,3.01995175e+06,0.0056659141555428505
3,C0805C106K3PACTU,,ESR,Ω,3.16227775e+06,0.005690431222319603
3,C0805C106K3PACTU,,ESR,Ω,3.311311e+06,0.005716102663427591
3,C0805C106K3PACTU,,ESR,Ω,3.46736825e+06,0.00574298482388258
3,C0805C106K3PACTU,,ESR,Ω,3.63078e+06,0.005771133117377758
3,C0805C106K3PACTU,,ESR,Ω,3.80189325e+06,0.005800608079880476
3,C0805C106K3PACTU,,ESR,Ω,3.98107075e+06,0.005831473506987095
3,C0805C106K3PACTU,,ESR,Ω,4.16869275e+06,0.005863791797310114
3,C0805C106K3PACTU,,ESR,Ω,4.365157e+06,0.0058976346626877785
3,C0805C106K3PACTU,,ESR,Ω,4.5708805e+06,0.005933071486651897
3,C0805C106K3PACTU,,ESR,Ω,4.786299e+06,0.005970178637653589
3,C0805C106K3PACTU,,ESR,Ω,5.01187e+06,0.006009034812450409
3,C0805C106K3PACTU,,ESR,Ω,5.248072e+06,0.00604972243309021
3,C0805C106K3PACTU,,ESR,Ω,5.495406e+06,0.006092327181249857
3,C0805C106K3PACTU,,ESR,Ω,5.7544025e+06,0.006136940326541662
3,C0805C106K3PACTU,,ESR,Ω,6.025599e+06,0.0061836545355618
3,C0805C106K3PACTU,,ESR,Ω,6.309576e+06,0.006232572719454765
3,C0805C106K3PACTU,,ESR,Ω,6.606937e+06,0.006283794529736042
3,C0805C106K3PACTU,,ESR,Ω,6.918312e+06,0.006337431725114584
3,C0805C106K3PACTU,,ESR,Ω,7.244362e+06,0.00639359699562192
3,C0805C106K3PACTU,,ESR,Ω,7.5857775e+06,0.006452408619225025
3,C0805C106K3PACTU,,ESR,Ω,7.943284e+06,0.006513991858810186
3,C0805C106K3PACTU,,ESR,Ω,8.317639e+06,0.0065784752368927
3,C0805C106K3PACTU,,ESR,Ω,8.709637e+06,0.00664600171148777
3,C0805C106K3PACTU,,ESR,Ω,9.120109e+06,0.006716706790030003
3,C0805C106K3PACTU,,ESR,Ω,9.549926e+06,0.006790745072066784
3,C0805C106K3PACTU,,ESR,Ω,1e+07,0.006868274416774511
3,C0805C106K3PACTU,,ESR,Ω,1.0471285e+07,0.0069494605995714664
3,C0805C106K3PACTU,,ESR,Ω,1.0964781e+07,0.007034465204924345
3,C0805C106K3PACTU,,ESR,Ω,1.1481535e+07,0.00712348148226738
3,C0805C106K3PACTU,,ESR,Ω,1.2022642e+07,0.007216691970825195
3,C0805C106K3PACTU,,ESR,Ω,1.2589251e+07,0.0073142945766448975
3,C0805C106K3PACTU,,ESR,Ω,1.3182564e+07,0.007416498381644487
3,C0805C106K3PACTU,,ESR,Ω,1.3803838e+07,0.007523517124354839
3,C0805C106K3PACTU,,ESR,Ω,1.4454393e+07,0.007635585498064756
3,C0805C106K3PACTU,,ESR,Ω,1.5135607e+07,0.0077529288828372955
3,C0805C106K3PACTU,,ESR,Ω,1.5848925e+07,0.007875808514654636
3,C0805C106K3PACTU,,ESR,Ω,1.6595861e+07,0.008004470728337765
3,C0805C106K3PACTU,,ESR,Ω,1.7378e+07,0.008139207027852535
3,C0805C106K3PACTU,,ESR,Ω,1.8197018e+07,0.00828029029071331
3,C0805C106K3PACTU,,ESR,Ω,1.9054616e+07,0.008428019471466541
3,C0805C106K3PACTU,,ESR,Ω,1.9952632e+07,0.008582716807723045
3,C0805C106K3PACTU,,ESR,Ω,2.089297e+07,0.00874470267444849
3,C0805C106K3PACTU,,ESR,Ω,2.1877624e+07,0.008914319798350334
3,C0805C106K3PACTU,,ESR,Ω,2.2908684e+07,0.0090919379144907
3,C0805C106K3PACTU,,ESR,Ω,2.3988336e+07,0.00927791465073824
3,C0805C106K3PACTU,,ESR,Ω,2.511887e+07,0.009472676552832127
3,C0805C106K3PACTU,,ESR,Ω,2.6302684e+07,0.009676601737737656
3,C0805C106K3PACTU,,ESR,Ω,2.754229e+07,0.009890146553516388
3,C0805C106K3PACTU,,ESR,Ω,2.8840318e+07,0.010113759897649288
3,C0805C106K3PACTU,,ESR,Ω,3.0199518e+07,0.010347901843488216
3,C0805C106K3PACTU,,ESR,Ω,3.1622776e+07,0.010593085549771786
3,C0805C106K3PACTU,,ESR,Ω,3.311311e+07,0.010849831625819206
3,C0805C106K3PACTU,,ESR,Ω,3.467368e+07,0.011118676513433456
3,C0805C106K3PACTU,,ESR,Ω,3.63078e+07,0.011400194838643074
3,C0805C106K3PACTU,,ESR,Ω,3.8018932e+07,0.011694982647895813
3,C0805C106K3PACTU,,ESR,Ω,3.9810708e+07,0.012003665789961815
3,C0805C106K3PACTU,,ESR,Ω,4.1686928e+07,0.012326894327998161
3,C0805C106K3PACTU,,ESR,Ω,4.3651568e+07,0.01266536582261324
3,C0805C106K3PACTU,,ESR,Ω,4.5708804e+07,0.013019796460866928
3,C0805C106K3PACTU,,ESR,Ω,4.7862992e+07,0.013390928506851196
3,C0805C106K3PACTU,,ESR,Ω,5.01187e+07,0.013779561035335064
3,C0805C106K3PACTU,,ESR,Ω,5.248072e+07,0.014186506159603596
3,C0805C106K3PACTU,,ESR,Ω,5.495406e+07,0.014612662605941296
3,C0805C106K3PACTU,,ESR,Ω,5.7544024e+07,0.015058905817568302
3,C0805C106K3PACTU,,ESR,Ω,6.0255988e+07,0.015526184812188148
3,C0805C106K3PACTU,,ESR,Ω,6.3095764e+07,0.016015486791729927
3,C0805C106K3PACTU,,ESR,Ω,6.6069372e+07,0.016527878120541573
3,C0805C106K3PACTU,,ESR,Ω,6.918312e+07,0.017064418643712997
3,C0805C106K3PACTU,,ESR,Ω,7.2443616e+07,0.017626263201236725
3,C0805C106K3PACTU,,ESR,Ω,7.5857776e+07,0.01821463368833065
3,C0805C106K3PACTU,,ESR,Ω,7.943284e+07,0.01883072406053543
3,C0805C106K3PACTU,,ESR,Ω,8.3176392e+07,0.019475894048810005
3,C0805C106K3PACTU,,ESR,Ω,8.7096368e+07,0.020151475444436073
3,C0805C106K3PACTU,,ESR,Ω,9.1201088e+07,0.02085893787443638
3,C0805C106K3PACTU,,ESR,Ω,9.5499264e+07,0.02159978076815605
3,C0805C106K3PACTU,,ESR,Ω,1e+08,0.022375542670488358
3,C0805C106K3PACTU,,ESR,Ω,1.04712968e+08,0.023187993094325066
3,C0805C106K3PACTU,,ESR,Ω,1.09647808e+08,0.02403872273862362
3,C0805C106K3PACTU,,ESR,Ω,1.14815472e+08,0.02492964267730713
3,C0805C106K3PACTU,,ESR,Ω,1.20226424e+08,0.02586258202791214
3,C0805C106K3PACTU,,ESR,Ω,1.25892648e+08,0.026839647442102432
3,C0805C106K3PACTU,,ESR,Ω,1.3182564e+08,0.027862781658768654
3,C0805C106K3PACTU,,ESR,Ω,1.38038528e+08,0.02893429435789585
3,C0805C106K3PACTU,,ESR,Ω,1.4454392e+08,0.030056361109018326
3,C0805C106K3PACTU,,ESR,Ω,1.51356224e+08,0.03123151697218418
3,C0805C106K3PACTU,,ESR,Ω,1.58489248e+08,0.0324622206389904
3,C0805C106K3PACTU,,ESR,Ω,1.659588e+08,0.03375107795000076
3,C0805C106K3PACTU,,ESR,Ω,1.73779984e+08,0.035100921988487244
3,C0805C106K3PACTU,,ESR,Ω,1.81970176e+08,0.036514680832624435
3,C0805C106K3PACTU,,ESR,Ω,1.90545952e+08,0.03799525648355484
3,C0805C106K3PACTU,,ESR,Ω,1.9952632e+08,0.039546024054288864
3,C0805C106K3PACTU,,ESR,Ω,2.08929472e+08,0.0411701463162899
3,C0805C106K3PACTU,,ESR,Ω,2.1877624e+08,0.042871441692113876
3,C0805C106K3PACTU,,ESR,Ω,2.29086592e+08,0.04465329274535179
3,C0805C106K3PACTU,,ESR,Ω,2.3988336e+08,0.046519745141267776
3,C0805C106K3PACTU,,ESR,Ω,2.51188416e+08,0.04847479984164238
3,C0805C106K3PACTU,,ESR,Ω,2.63026848e+08,0.05052292346954346
3,C0805C106K3PACTU,,ESR,Ω,2.75422592e+08,0.05266826972365379
3,C0805C106K3PACTU,,ESR,Ω,2.88403168e+08,0.054915957152843475
3,C0805C106K3PACTU,,ESR,Ω,3.01994848e+08,0.057270597666502
3,C0805C106K3PACTU,,ESR,Ω,3.16227776e+08,0.059737879782915115
3,C0805C106K3PACTU,,ESR,Ω,3.31131456e+08,0.06232309341430664
3,C0805C106K3PACTU,,ESR,Ω,3.46736832e+08,0.06503178924322128
3,C0805C106K3PACTU,,ESR,Ω,3.630784e+08,0.06787057220935822
3,C0805C106K3PACTU,,ESR,Ω,3.80189344e+08,0.07084554433822632
3,C0805C106K3PACTU,,ESR,Ω,3.9810752e+08,0.07396397739648819
3,C0805C106K3PACTU,,ESR,Ω,4.1686928e+08,0.0772327184677124
3,C0805C106K3PACTU,,ESR,Ω,4.36516192e+08,0.08065981417894363
3,C0805C106K3PACTU,,ESR,Ω,4.57088032e+08,0.08425313979387283
3,C0805C106K3PACTU,,ESR,Ω,4.78630432e+08,0.08802150934934616
3,C0805C106K3PACTU,,ESR,Ω,5.01187008e+08,0.09197420626878738
3,C0805C106K3PACTU,,ESR,Ω,5.24807776e+08,0.09612114727497101
3,C0805C106K3PACTU,,ESR,Ω,5.49540608e+08,0.10047274827957153
3,C0805C106K3PACTU,,ESR,Ω,5.75440256e+08,0.10504041612148285
3,C0805C106K3PACTU,,ESR,Ω,6.02559232e+08,0.1098361387848854
3,C0805C106K3PACTU,,ESR,Ω,6.30957632e+08,0.1148737445473671
3,C0805C106K3PACTU,,ESR,Ω,6.60692992e+08,0.12016665935516357
3,C0805C106K3PACTU,,ESR,Ω,6.91831232e+08,0.12573127448558807
3,C0805C106K3PACTU,,ESR,Ω,7.24435392e+08,0.13158395886421204
3,C0805C106K3PACTU,,ESR,Ω,7.58577792e+08,0.1377440243959427
3,C0805C106K3PACTU,,ESR,Ω,7.94327552e+08,0.14423143863677979
3,C0805C106K3PACTU,,ESR,Ω,8.31763904e+08,0.15106993913650513
3,C0805C106K3PACTU,,ESR,Ω,8.70962752e+08,0.15828439593315125
3,C0805C106K3PACTU,,ESR,Ω,9.12010944e+08,0.16590473055839539
3,C0805C106K3PACTU,,ESR,Ω,9.54991552e+08,0.17396287620067596
3,C0805C106K3PACTU,,ESR,Ω,1e+09,0.182496577501297
3,C0805C106K3PACTU,,ESR,Ω,1.047129664e+09,0.19154855608940125
3,C0805C106K3PACTU,,ESR,Ω,1.09647808e+09,0.20116762816905975
3,C0805C106K3PACTU,,ESR,Ω,1.148154752e+09,0.21141161024570465
3,C0805C106K3PACTU,,ESR,Ω,1.202264192e+09,0.22234711050987244
3,C0805C106K3PACTU,,ESR,Ω,1.258926464e+09,0.2340538650751114
3,C0805C106K3PACTU,,ESR,Ω,1.318256384e+09,0.24662259221076965
3,C0805C106K3PACTU,,ESR,Ω,1.380385408e+09,0.2601645886898041
3,C0805C106K3PACTU,,ESR,Ω,1.445439232e+09,0.2748093605041504
3,C0805C106K3PACTU,,ESR,Ω,1.513562368e+09,0.2907119691371918
3,C0805C106K3PACTU,,ESR,Ω,1.584892544e+09,0.3080568015575409
3,C0805C106K3PACTU,,ESR,Ω,1.659587968e+09,0.32706573605537415
3,C0805C106K3PACTU,,ESR,Ω,1.737799936e+09,0.34799811244010925
3,C0805C106K3PACTU,,ESR,Ω,1.81970176e+09,0.37116608023643494
3,C0805C106K3PACTU,,ESR,Ω,1.905459584e+09,0.3969346582889557
3,C0805C106K3PACTU,,ESR,Ω,1.995263232e+09,0.4257359504699707
3,C0805C106K3PACTU,,ESR,Ω,2.08929472e+09,0.45806553959846497
3,C0805C106K3PACTU,,ESR,Ω,2.187762432e+09,0.4944967031478882
3,C0805C106K3PACTU,,ESR,Ω,2.29086592e+09,0.5356712937355042
3,C0805C106K3PACTU,,ESR,Ω,2.398833664e+09,0.5823018550872803
3,C0805C106K3PACTU,,ESR,Ω,2.511884288e+09,0.6351456642150879
3,C0805C106K3PACTU,,ESR,Ω,2.630268416e+09,0.6949946880340576
3,C0805C106K3PACTU,,ESR,Ω,2.75422592e+09,0.7626188397407532
3,C0805C106K3PACTU,,ESR,Ω,2.884031744e+09,0.83873450756073
3,C0805C106K3PACTU,,ESR,Ω,3.019948544e+09,0.9239199757575989
3,C0805C106K3PACTU,,ESR,Ω,3.162277632e+09,1.018579363822937
3,C0805C106K3PACTU,,ESR,Ω,3.311314688e+09,1.122848629951477
3,C0805C106K3PACTU,,ESR,Ω,3.467368192e+09,1.236564040184021
3,C0805C106K3PACTU,,ESR,Ω,3.630784e+09,1.359266757965088
3,C0805C106K3PACTU,,ESR,Ω,3.801893376e+09,1.490176796913147
3,C0805C106K3PACTU,,ESR,Ω,3.9810752e+09,1.628308892250061
3,C0805C106K3PACTU,,ESR,Ω,4.168692736e+09,1.7725093364715576
3,C0805C106K3PACTU,,ESR,Ω,4.365161984e+09,1.9216164350509644
3,C0805C106K3PACTU,,ESR,Ω,4.570880512e+09,2.07452130317688
3,C0805C106K3PACTU,,ESR,Ω,4.786304512e+09,2.2303125858306885
3,C0805C106K3PACTU,,ESR,Ω,5.011870208e+09,2.3882803916931152
3,C0805C106K3PACTU,,ESR,Ω,5.248077824e+09,2.5480072498321533
3,C0805C106K3PACTU,,ESR,Ω,5.49540608e+09,2.7093071937561035
3,C0805C106K3PACTU,,ESR,Ω,5.754402304e+09,2.872260093688965
3,C0805C106K3PACTU,,ESR,Ω,6.02559232e+09,3.0371203422546387
3,C0805C106K3PACTU,,ESR,Ω,6.309576192e+09,3.2043282985687256
3,C0805C106K3PACTU,,ESR,Ω,6.60692992e+09,3.3744101524353027
3,C0805C106K3PACTU,,ESR,Ω,6.918311936e+09,3.5480010509490967
3,C0805C106K3PACTU,,ESR,Ω,7.244354048e+09,3.725754499435425
3,C0805C106K3PACTU,,ESR,Ω,7.585777664e+09,3.9083831310272217
3,C0805C106K3PACTU,,ESR,Ω,7.94327552e+09,4.0965728759765625
3,C0805C106K3PACTU,,ESR,Ω,8.317639168e+09,4.291051864624023
3,C0805C106K3PACTU,,ESR,Ω,8.709627904e+09,4.492493152618408
3,C0805C106K3PACTU,,ESR,Ω,9.120109568e+09,4.701611518859863
3,C0805C106K3PACTU,,ESR,Ω,9.54991616e+09,4.919062614440918
3,C0805C106K3PACTU,,ESR,Ω,1e+10,5.145541191101074
4,C1210C106M5RACTU,,Impedance,Ω,10000,1.6517919301986694
4,C1210C106M5RACTU,,Impedance,Ω,10471.28515625,1.5784229040145874
4,C1210C106M5RACTU,,Impedance,Ω,10964.78125,1.5083129405975342
4,C1210C106M5RACTU,,Impedance,Ω,11481.53515625,1.4413180351257324
4,C1210C106M5RACTU,,Impedance,Ω,12022.642578125,1.3772982358932495
4,C1210C106M5RACTU,,Impedance,Ω,12589.2509765625,1.3161227703094482
4,C1210C106M5RACTU,,Impedance,Ω,13182.5634765625,1.2576645612716675
4,C1210C106M5RACTU,,Impedance,Ω,13803.8388671875,1.2018028497695923
4,C1210C106M5RACTU,,Impedance,Ω,14454.392578125,1.148422122001648
4,C1210C106M5RACTU,,Impedance,Ω,15135.6064453125,1.0974129438400269
4,C1210C106M5RACTU,,Impedance,Ω,15848.9248046875,1.0486689805984497
4,C1210C106M5RACTU,,Impedance,Ω,16595.861328125,1.0020899772644043
4,C1210C106M5RACTU,,Impedance,Ω,17378,0.957580029964447
4,C1210C106M5RACTU,,Impedance,Ω,18197.017578125,0.9150456190109253
4,C1210C106M5RACTU,,Impedance,Ω,19054.6171875,0.8744012713432312
4,C1210C106M5RACTU,,Impedance,Ω,19952.6328125,0.8355619311332703
4,C1210C106M5RACTU,,Impedance,Ω,20892.96875,0.7984476685523987
4,C1210C106M5RACTU,,Impedance,Ω,21877.623046875,0.7629813551902771
4,C1210C106M5RACTU,,Impedance,Ω,22908.68359375,0.7290900349617004
4,C1210C106M5RACTU,,Impedance,Ω,23988.3359375,0.6967033743858337
4,C1210C106M5RACTU,,Impedance,Ω,25118.869140625,0.6657552719116211
4,C1210C106M5RACTU,,Impedance,Ω,26302.68359375,0.6361811757087708
4,C1210C106M5RACTU,,Impedance,Ω,27542.291015625,0.6079201102256775
4,C1210C106M5RACTU,,Impedance,Ω,28840.318359375,0.5809139013290405
4,C1210C106M5RACTU,,Impedance,Ω,30199.517578125,0.5551065802574158
4,C1210C106M5RACTU,,Impedance,Ω,31622.77734375,0.530444860458374
4,C1210C106M5RACTU,,Impedance,Ω,33113.109375,0.5068779587745667
4,C1210C106M5RACTU,,Impedance,Ω,34673.68359375,0.48435717821121216
4,C1210C106M5RACTU,,Impedance,Ω,36307.80078125,0.46283602714538574
4,C1210C106M5RACTU,,Impedance,Ω,38018.93359375,0.442269891500473
4,C1210C106M5RACTU,,Impedance,Ω,39810.70703125,0.4226166009902954
4,C1210C106M5RACTU,,Impedance,Ω,41686.92578125,0.40383532643318176
4,C1210C106M5RACTU,,Impedance,Ω,43651.5703125,0.3858874440193176
4,C1210C106M5RACTU,,Impedance,Ω,45708.8046875,0.36873579025268555
4,C1210C106M5RACTU,,Impedance,Ω,47862.9921875,0.3523450493812561
4,C1210C106M5RACTU,,Impedance,Ω,50118.703125,0.3366813361644745
4,C1210C106M5RACTU,,Impedance,Ω,52480.71875,0.3217124342918396
4,C1210C106M5RACTU,,Impedance,Ω,54954.05859375,0.3074071407318115
4,C1210C106M5RACTU,,Impedance,Ω,57544.0234375,0.29373592138290405
4,C1210C106M5RACTU,,Impedance,Ω,60255.98828125,0.28067100048065186
4,C1210C106M5RACTU,,Impedance,Ω,63095.76171875,0.26818519830703735
4,C1210C106M5RACTU,,Impedance,Ω,66069.3671875,0.256252646446228
4,C1210C106M5RACTU,,Impedance,Ω,69183.125,0.24484872817993164
4,C1210C106M5RACTU,,Impedance,Ω,72443.6171875,0.23394997417926788
4,C1210C106M5RACTU,,Impedance,Ω,75857.78125,0.22353379428386688
4,C1210C106M5RACTU,,Impedance,Ω,79432.84375,0.2135787457227707
4,C1210C106M5RACTU,,Impedance,Ω,83176.390625,0.2040642946958542
4,C1210C106M5RACTU,,Impedance,Ω,87096.3671875,0.1949707418680191
4,C1210C106M5RACTU,,Impedance,Ω,91201.09375,0.1862793117761612
4,C1210C106M5RACTU,,Impedance,Ω,95499.265625,0.17797209322452545
4,C1210C106M5RACTU,,Impedance,Ω,100000,0.17003199458122253
4,C1210C106M5RACTU,,Impedance,Ω,104712.8515625,0.16244257986545563
4,C1210C106M5RACTU,,Impedance,Ω,109647.8125,0.1551881730556488
4,C1210C106M5RACTU,,Impedance,Ω,114815.34375,0.14825373888015747
4,C1210C106M5RACTU,,Impedance,Ω,120226.421875,0.14162512123584747
4,C1210C106M5RACTU,,Impedance,Ω,125892.515625,0.13528850674629211
4,C1210C106M5RACTU,,Impedance,Ω,131825.640625,0.12923084199428558
4,C1210C106M5RACTU,,Impedance,Ω,138038.390625,0.12343965470790863
4,C1210C106M5RACTU,,Impedance,Ω,144543.921875,0.11790300160646439
4,C1210C106M5RACTU,,Impedance,Ω,151356.0625,0.11260942369699478
4,C1210C106M5RACTU,,Impedance,Ω,158489.25,0.10754799097776413
4,C1210C106M5RACTU,,Impedance,Ω,165958.609375,0.10270828753709793
4,C1210C106M5RACTU,,Impedance,Ω,173779.984375,0.09808031469583511
4,C1210C106M5RACTU,,Impedance,Ω,181970.1875,0.09365438669919968
4,C1210C106M5RACTU,,Impedance,Ω,190546.15625,0.08942161500453949
4,C1210C106M5RACTU,,Impedance,Ω,199526.3125,0.0853731632232666
4,C1210C106M5RACTU,,Impedance,Ω,208929.703125,0.08150064200162888
4,C1210C106M5RACTU,,Impedance,Ω,218776.234375,0.07779611647129059
4,C1210C106M5RACTU,,Impedance,Ω,229086.828125,0.07425186038017273
4,C1210C106M5RACTU,,Impedance,Ω,239883.359375,0.07086063176393509
4,C1210C106M5RACTU,,Impedance,Ω,251188.703125,0.06761539727449417
4,C1210C106M5RACTU,,Impedance,Ω,263026.84375,0.06450946629047394
4,C1210C106M5RACTU,,Impedance,Ω,275422.90625,0.06153646111488342
4,C1210C106M5RACTU,,Impedance,Ω,288403.1875,0.058690186589956284
4,C1210C106M5RACTU,,Impedance,Ω,301995.1875,0.05596482753753662
4,C1210C106M5RACTU,,Impedance,Ω,316227.78125,0.05335475504398346
4,C1210C106M5RACTU,,Impedance,Ω,331131.09375,0.050854552537202835
4,C1210C106M5RACTU,,Impedance,Ω,346736.8125,0.04845908656716347
4,C1210C106M5RACTU,,Impedance,Ω,363078,0.04616343230009079
4,C1210C106M5RACTU,,Impedance,Ω,380189.34375,0.043962836265563965
4,C1210C106M5RACTU,,Impedance,Ω,398107.09375,0.04185277968645096
4,C1210C106M5RACTU,,Impedance,Ω,416869.28125,0.039828915148973465
4,C1210C106M5RACTU,,Impedance,Ω,436515.6875,0.037887074053287506
4,C1210C106M5RACTU,,Impedance,Ω,457088.03125,0.036023255437612534
4,C1210C106M5RACTU,,Impedance,Ω,478629.90625,0.03423364832997322
4,C1210C106M5RACTU,,Impedance,Ω,501187,0.032514575868844986
4,C1210C106M5RACTU,,Impedance,Ω,524807.1875,0.03086811490356922
4,C1210C106M5RACTU,,Impedance,Ω,549540.5625,0.029285911470651627
4,C1210C106M5RACTU,,Impedance,Ω,575440.25,0.027764754369854927
4,C1210C106M5RACTU,,Impedance,Ω,602559.875,0.026301726698875427
4,C1210C106M5RACTU,,Impedance,Ω,630957.625,0.02489391341805458
4,C1210C106M5RACTU,,Impedance,Ω,660693.6875,0.023538578301668167
4,C1210C106M5RACTU,,Impedance,Ω,691831.1875,0.022233152762055397
4,C1210C106M5RACTU,,Impedance,Ω,724436.1875,0.02097519114613533
4,C1210C106M5RACTU,,Impedance,Ω,758577.75,0.019762417301535606
4,C1210C106M5RACTU,,Impedance,Ω,794328.4375,0.018592702224850655
4,C1210C106M5RACTU,,Impedance,Ω,831763.9375,0.017464106902480125
4,C1210C106M5RACTU,,Impedance,Ω,870963.6875,0.0163748636841774
4,C1210C106M5RACTU,,Impedance,Ω,912010.9375,0.015323439612984657
4,C1210C106M5RACTU,,Impedance,Ω,954992.625,0.014308555983006954
4,C1210C106M5RACTU,,Impedance,Ω,1e+06,0.013329243287444115
4,C1210C106M5RACTU,,Impedance,Ω,1.0471285e+06,0.012384913861751556
4,C1210C106M5RACTU,,Impedance,Ω,1.096478125e+06,0.011475457809865475
4,C1210C106M5RACTU,,Impedance,Ω,1.1481535e+06,0.010601392947137356
4,C1210C106M5RACTU,,Impedance,Ω,1.20226425e+06,0.009764051996171474
4,C1210C106M5RACTU,,Impedance,Ω,1.258925125e+06,0.008965861052274704
4,C1210C106M5RACTU,,Impedance,Ω,1.318256375e+06,0.00821069534868002
4,C1210C106M5RACTU,,Impedance,Ω,1.380383875e+06,0.0075043924152851105
4,C1210C106M5RACTU,,Impedance,Ω,1.44543925e+06,0.006422513164579868
4,C1210C106M5RACTU,,Impedance,Ω,1.513560625e+06,0.0057686869986355305
4,C1210C106M5RACTU,,Impedance,Ω,1.5848925e+06,0.005188550800085068
4,C1210C106M5RACTU,,Impedance,Ω,1.659586125e+06,0.004703926853835583
4,C1210C106M5RACTU,,Impedance,Ω,1.737799875e+06,0.0043424093164503574
4,C1210C106M5RACTU,,Impedance,Ω,1.819701875e+06,0.004133239388465881
4,C1210C106M5RACTU,,Impedance,Ω,1.905461625e+06,0.004098136909306049
4,C1210C106M5RACTU,,Impedance,Ω,1.99526325e+06,0.004230407532304525
4,C1210C106M5RACTU,,Impedance,Ω,2.089297e+06,0.004505238030105829
4,C1210C106M5RACTU,,Impedance,Ω,2.1877625e+06,0.004898442421108484
4,C1210C106M5RACTU,,Impedance,Ω,2.29086825e+06,0.0053847962990403175
4,C1210C106M5RACTU,,Impedance,Ω,2.3988335e+06,0.005942864343523979
4,C1210C106M5RACTU,,Impedance,Ω,2.511887e+06,0.006556333974003792
4,C1210C106M5RACTU,,Impedance,Ω,2.6302685e+06,0.0072135478258132935
4,C1210C106M5RACTU,,Impedance,Ω,2.754229e+06,0.007906466722488403
4,C1210C106M5RACTU,,Impedance,Ω,2.88403175e+06,0.008629699237644672
4,C1210C106M5RACTU,,Impedance,Ω,3.01995175e+06,0.009379738941788673
4,C1210C106M5RACTU,,Impedance,Ω,3.16227775e+06,0.010154402814805508
4,C1210C106M5RACTU,,Impedance,Ω,3.311311e+06,0.01095245685428381
4,C1210C106M5RACTU,,Impedance,Ω,3.46736825e+06,0.011773359961807728
4,C1210C106M5RACTU,,Impedance,Ω,3.63078e+06,0.012617063708603382
4,C1210C106M5RACTU,,Impedance,Ω,3.80189325e+06,0.013483907096087933
4,C1210C106M5RACTU,,Impedance,Ω,3.98107075e+06,0.014374509453773499
4,C1210C106M5RACTU,,Impedance,Ω,4.16869275e+06,0.015289719216525555
4,C1210C106M5RACTU,,Impedance,Ω,4.365157e+06,0.016230564564466476
4,C1210C106M5RACTU,,Impedance,Ω,4.5708805e+06,0.017198219895362854
4,C1210C106M5RACTU,,Impedance,Ω,4.786299e+06,0.018193991854786873
4,C1210C106M5RACTU,,Impedance,Ω,5.01187e+06,0.019219299778342247
4,C1210C106M5RACTU,,Impedance,Ω,5.248072e+06,0.020275654271245003
4,C1210C106M5RACTU,,Impedance,Ω,5.495406e+06,0.021364659070968628
4,C1210C106M5RACTU,,Impedance,Ω,5.7544025e+06,0.022488031536340714
4,C1210C106M5RACTU,,Impedance,Ω,6.025599e+06,0.023647494614124298
4,C1210C106M5RACTU,,Impedance,Ω,6.309576e+06,0.02484492026269436
4,C1210C106M5RACTU,,Impedance,Ω,6.606937e+06,0.026082240045070648
4,C1210C106M5RACTU,,Impedance,Ω,6.918312e+06,0.027361460030078888
4,C1210C106M5RACTU,,Impedance,Ω,7.244362e+06,0.02868468314409256
4,C1210C106M5RACTU,,Impedance,Ω,7.5857775e+06,0.030054060742259026
4,C1210C106M5RACTU,,Impedance,Ω,7.943284e+06,0.0314718522131443
4,C1210C106M5RACTU,,Impedance,Ω,8.317639e+06,0.032940417528152466
4,C1210C106M5RACTU,,Impedance,Ω,8.709637e+06,0.034462153911590576
4,C1210C106M5RACTU,,Impedance,Ω,9.120109e+06,0.03603960573673248
4,C1210C106M5RACTU,,Impedance,Ω,9.549926e+06,0.03767537325620651
4,C1210C106M5RACTU,,Impedance,Ω,1e+07,0.03937217593193054
4,C1210C106M5RACTU,,Impedance,Ω,1.0471285e+07,0.04113399237394333
4,C1210C106M5RACTU,,Impedance,Ω,1.0964781e+07,0.042962491512298584
4,C1210C106M5RACTU,,Impedance,Ω,1.1481535e+07,0.04486069828271866
4,C1210C106M5RACTU,,Impedance,Ω,1.2022642e+07,0.04683178663253784
4,C1210C106M5RACTU,,Impedance,Ω,1.2589251e+07,0.04887905344367027
4,C1210C106M5RACTU,,Impedance,Ω,1.3182564e+07,0.05100588500499725
4,C1210C106M5RACTU,,Impedance,Ω,1.3803838e+07,0.05321580916643143
4,C1210C106M5RACTU,,Impedance,Ω,1.4454393e+07,0.05551254376769066
4,C1210C106M5RACTU,,Impedance,Ω,1.5135607e+07,0.057899877429008484
4,C1210C106M5RACTU,,Impedance,Ω,1.5848925e+07,0.06038180738687515
4,C1210C106M5RACTU,,Impedance,Ω,1.6595861e+07,0.06296244263648987
4,C1210C106M5RACTU,,Impedance,Ω,1.7378e+07,0.06582853943109512
4,C1210C106M5RACTU,,Impedance,Ω,1.8197018e+07,0.06899751722812653
4,C1210C106M5RACTU,,Impedance,Ω,1.9054616e+07,0.07231185585260391
4,C1210C106M5RACTU,,Impedance,Ω,1.9952632e+07,0.07577867060899734
4,C1210C106M5RACTU,,Impedance,Ω,2.089297e+07,0.0794052928686142
4,C1210C106M5RACTU,,Impedance,Ω,2.1877624e+07,0.08319943398237228
4,C1210C106M5RACTU,,Impedance,Ω,2.2908684e+07,0.0871690958738327
4,C1210C106M5RACTU,,Impedance,Ω,2.3988336e+07,0.09132277220487595
4,C1210C106M5RACTU,,Impedance,Ω,2.511887e+07,0.0956692174077034
4,C1210C106M5RACTU,,Impedance,Ω,2.6302684e+07,0.10021763294935226
4,C1210C106M5RACTU,,Impedance,Ω,2.754229e+07,0.10497773438692093
4,C1210C106M5RACTU,,Impedance,Ω,2.8840318e+07,0.10995958745479584
4,C1210C106M5RACTU,,Impedance,Ω,3.0199518e+07,0.11517371982336044
4,C1210C106M5RACTU,,Impedance,Ω,3.1622776e+07,0.12063127011060715
4,C1210C106M5RACTU,,Impedance,Ω,3.311311e+07,0.1263437718153
4,C1210C106M5RACTU,,Impedance,Ω,3.467368e+07,0.13232335448265076
4,C1210C106M5RACTU,,Impedance,Ω,3.63078e+07,0.13858270645141602
4,C1210C106M5RACTU,,Impedance,Ω,3.8018932e+07,0.14513513445854187
4,C1210C106M5RACTU,,Impedance,Ω,3.9810708e+07,0.15199458599090576
4,C1210C106M5RACTU,,Impedance,Ω,4.1686928e+07,0.15917553007602692
4,C1210C106M5RACTU,,Impedance,Ω,4.3651568e+07,0.16669324040412903
4,C1210C106M5RACTU,,Impedance,Ω,4.5708804e+07,0.17456373572349548
4,C1210C106M5RACTU,,Impedance,Ω,4.7862992e+07,0.1828036904335022
4,C1210C106M5RACTU,,Impedance,Ω,5.01187e+07,0.19143058359622955
4,C1210C106M5RACTU,,Impedance,Ω,5.248072e+07,0.20046278834342957
4,C1210C106M5RACTU,,Impedance,Ω,5.495406e+07,0.20991946756839752
4,C1210C106M5RACTU,,Impedance,Ω,5.7544024e+07,0.21982096135616302
4,C1210C106M5RACTU,,Impedance,Ω,6.0255988e+07,0.23018784821033478
4,C1210C106M5RACTU,,Impedance,Ω,6.3095764e+07,0.24104240536689758
4,C1210C106M5RACTU,,Impedance,Ω,6.6069372e+07,0.25240767002105713
4,C1210C106M5RACTU,,Impedance,Ω,6.918312e+07,0.26430782675743103
4,C1210C106M5RACTU,,Impedance,Ω,7.2443616e+07,0.2767682671546936
4,C1210C106M5RACTU,,Impedance,Ω,7.5857776e+07,0.28981539607048035
4,C1210C106M5RACTU,,Impedance,Ω,7.943284e+07,0.30347707867622375
4,C1210C106M5RACTU,,Impedance,Ω,8.3176392e+07,0.31778231263160706
4,C1210C106M5RACTU,,Impedance,Ω,8.7096368e+07,0.33276161551475525
4,C1210C106M5RACTU,,Impedance,Ω,9.1201088e+07,0.34844693541526794
4,C1210C106M5RACTU,,Impedance,Ω,9.5499264e+07,0.3648717403411865
4,C1210C106M5RACTU,,Impedance,Ω,1e+08,0.3820708692073822
4,C1210C106M5RACTU,,Impedance,Ω,1.04712968e+08,0.40008169412612915
4,C1210C106M5RACTU,,Impedance,Ω,1.09647808e+08,0.4189412295818329
4,C1210C106M5RACTU,,Impedance,Ω,1.14815472e+08,0.4386915862560272
4,C1210C106M5RACTU,,Impedance,Ω,1.20226424e+08,0.4593731462955475
4,C1210C106M5RACTU,,Impedance,Ω,1.25892648e+08,0.4810321629047394
4,C1210C106M5RACTU,,Impedance,Ω,1.3182564e+08,0.5037127137184143
4,C1210C106M5RACTU,,Impedance,Ω,1.38038528e+08,0.5274658799171448
4,C1210C106M5RACTU,,Impedance,Ω,1.4454392e+08,0.5523403286933899
4,C1210C106M5RACTU,,Impedance,Ω,1.51356224e+08,0.5783916711807251
4,C1210C106M5RACTU,,Impedance,Ω,1.58489248e+08,0.605673611164093
4,C1210C106M5RACTU,,Impedance,Ω,1.659588e+08,0.6342474818229675
4,C1210C106M5RACTU,,Impedance,Ω,1.73779984e+08,0.6641718149185181
4,C1210C106M5RACTU,,Impedance,Ω,1.81970176e+08,0.6955147385597229
4,C1210C106M5RACTU,,Impedance,Ω,1.90545952e+08,0.7283406257629395
4,C1210C106M5RACTU,,Impedance,Ω,1.9952632e+08,0.762723982334137
4,C1210C106M5RACTU,,Impedance,Ω,2.08929472e+08,0.7987359166145325
4,C1210C106M5RACTU,,Impedance,Ω,2.1877624e+08,0.8364584445953369
4,C1210C106M5RACTU,,Impedance,Ω,2.29086592e+08,0.8759701251983643
4,C1210C106M5RACTU,,Impedance,Ω,2.3988336e+08,0.9173614382743835
4,C1210C106M5RACTU,,Impedance,Ω,2.51188416e+08,0.9607188701629639
4,C1210C106M5RACTU,,Impedance,Ω,2.63026848e+08,1.006142258644104
4,C1210C106M5RACTU,,Impedance,Ω,2.75422592e+08,1.0537270307540894
4,C1210C106M5RACTU,,Impedance,Ω,2.88403168e+08,1.1035836935043335
4,C1210C106M5RACTU,,Impedance,Ω,3.01994848e+08,1.1558183431625366
4,C1210C106M5RACTU,,Impedance,Ω,3.16227776e+08,1.2105523347854614
4,C1210C106M5RACTU,,Impedance,Ω,3.31131456e+08,1.267905831336975
4,C1210C106M5RACTU,,Impedance,Ω,3.46736832e+08,1.3280054330825806
4,C1210C106M5RACTU,,Impedance,Ω,3.630784e+08,1.390992283821106
4,C1210C106M5RACTU,,Impedance,Ω,3.80189344e+08,1.4570051431655884
4,C1210C106M5RACTU,,Impedance,Ω,3.9810752e+08,1.5261999368667603
4,C1210C106M5RACTU,,Impedance,Ω,4.1686928e+08,1.5987299680709839
4,C1210C106M5RACTU,,Impedance,Ω,4.36516192e+08,1.6747697591781616
4,C1210C106M5RACTU,,Impedance,Ω,4.57088032e+08,1.7544889450073242
4,C1210C106M5RACTU,,Impedance,Ω,4.78630432e+08,1.8380818367004395
4,C1210C106M5RACTU,,Impedance,Ω,5.01187008e+08,1.9257371425628662
4,C1210C106M5RACTU,,Impedance,Ω,5.24807776e+08,2.017670154571533
4,C1210C106M5RACTU,,Impedance,Ω,5.49540608e+08,2.114090919494629
4,C1210C106M5RACTU,,Impedance,Ω,5.75440256e+08,2.2152373790740967
4,C1210C106M5RACTU,,Impedance,Ω,6.02559232e+08,2.3213422298431396
4,C1210C106M5RACTU,,Impedance,Ω,6.30957632e+08,2.432666778564453
4,C1210C106M5RACTU,,Impedance,Ω,6.60692992e+08,2.549464225769043
4,C1210C106M5RACTU,,Impedance,Ω,6.91831232e+08,2.6720211505889893
4,C1210C106M5RACTU,,Impedance,Ω,7.24435392e+08,2.800609827041626
4,C1210C106M5RACTU,,Impedance,Ω,7.58577792e+08,2.935534954071045
4,C1210C106M5RACTU,,Impedance,Ω,7.94327552e+08,3.0770838260650635
4,C1210C106M5RACTU,,Impedance,Ω,8.31763904e+08,3.225569009780884
4,C1210C106M5RACTU,,Impedance,Ω,8.70962752e+08,3.3812804222106934
4,C1210C106M5RACTU,,Impedance,Ω,9.12010944e+08,3.5445289611816406
4,C1210C106M5RACTU,,Impedance,Ω,9.54991552e+08,3.7155873775482178
4,C1210C106M5RACTU,,Impedance,Ω,1e+09,3.894746780395508
4,C1210C106M5RACTU,,Impedance,Ω,1.047129664e+09,4.082256317138672
4,C1210C106M5RACTU,,Impedance,Ω,1.09647808e+09,4.278345584869385
4,C1210C106M5RACTU,,Impedance,Ω,1.148154752e+09,4.48325252532959
4,C1210C106M5RACTU,,Impedance,Ω,1.202264192e+09,4.6971635818481445
4,C1210C106M5RACTU,,Impedance,Ω,1.258926464e+09,4.920302391052246
4,C1210C106M5RACTU,,Impedance,Ω,1.318256384e+09,5.152852535247803
4,C1210C106M5RACTU,,Impedance,Ω,1.380385408e+09,5.395079612731934
4,C1210C106M5RACTU,,Impedance,Ω,1.445439232e+09,5.647233486175537
4,C1210C106M5RACTU,,Impedance,Ω,1.513562368e+09,5.909684181213379
4,C1210C106M5RACTU,,Impedance,Ω,1.584892544e+09,6.182825565338135
4,C1210C106M5RACTU,,Impedance,Ω,1.659587968e+09,6.467191696166992
4,C1210C106M5RACTU,,Impedance,Ω,1.737799936e+09,6.763352394104004
4,C1210C106M5RACTU,,Impedance,Ω,1.81970176e+09,7.072020053863525
4,C1210C106M5RACTU,,Impedance,Ω,1.905459584e+09,7.393927097320557
4,C1210C106M5RACTU,,Impedance,Ω,1.995263232e+09,7.7299346923828125
4,C1210C106M5RACTU,,Impedance,Ω,2.08929472e+09,8.080890655517578
4,C1210C106M5RACTU,,Impedance,Ω,2.187762432e+09,8.44775676727295
4,C1210C106M5RACTU,,Impedance,Ω,2.29086592e+09,8.831453323364258
4,C1210C106M5RACTU,,Impedance,Ω,2.398833664e+09,9.232998847961426
4,C1210C106M5RACTU,,Impedance,Ω,2.511884288e+09,9.653368949890137
4,C1210C106M5RACTU,,Impedance,Ω,2.630268416e+09,10.093631744384766
4,C1210C106M5RACTU,,Impedance,Ω,2.75422592e+09,10.554797172546387
4,C1210C106M5RACTU,,Impedance,Ω,2.884031744e+09,11.037989616394043
4,C1210C106M5RACTU,,Impedance,Ω,3.019948544e+09,11.54427433013916
4,C1210C106M5RACTU,,Impedance,Ω,3.162277632e+09,12.074841499328613
4,C1210C106M5RACTU,,Impedance,Ω,3.311314688e+09,12.630845069885254
4,C1210C106M5RACTU,,Impedance,Ω,3.467368192e+09,13.213483810424805
4,C1210C106M5RACTU,,Impedance,Ω,3.630784e+09,13.824082374572754
4,C1210C106M5RACTU,,Impedance,Ω,3.801893376e+09,14.463911056518555
4,C1210C106M5RACTU,,Impedance,Ω,3.9810752e+09,15.134397506713867
4,C1210C106M5RACTU,,Impedance,Ω,4.168692736e+09,15.836921691894531
4,C1210C106M5RACTU,,Impedance,Ω,4.365161984e+09,16.573060989379883
4,C1210C106M5RACTU,,Impedance,Ω,4.570880512e+09,17.34429931640625
4,C1210C106M5RACTU,,Impedance,Ω,4.786304512e+09,18.152362823486328
4,C1210C106M5RACTU,,Impedance,Ω,5.011870208e+09,18.998889923095703
4,C1210C106M5RACTU,,Impedance,Ω,5.248077824e+09,19.885757446289062
4,C1210C106M5RACTU,,Impedance,Ω,5.49540608e+09,20.814773559570312
4,C1210C106M5RACTU,,Impedance,Ω,5.754402304e+09,21.78798484802246
4,C1210C106M5RACTU,,Impedance,Ω,6.02559232e+09,22.807371139526367
4,C1210C106M5RACTU,,Impedance,Ω,6.309576192e+09,23.875200271606445
4,C1210C106M5RACTU,,Impedance,Ω,6.60692992e+09,24.993621826171875
4,C1210C106M5RACTU,,Impedance,Ω,6.918311936e+09,26.165119171142578
4,C1210C106M5RACTU,,Impedance,Ω,7.244354048e+09,27.39206314086914
4,C1210C106M5RACTU,,Impedance,Ω,7.585777664e+09,28.67717742919922
4,C1210C106M5RACTU,,Impedance,Ω,7.94327552e+09,30.023059844970703
4,C1210C106M5RACTU,,Impedance,Ω,8.317639168e+09,31.432701110839844
4,C1210C106M5RACTU,,Impedance,Ω,8.709627904e+09,32.90895080566406
4,C1210C106M5RACTU,,Impedance,Ω,9.120109568e+09,34.45507049560547
4,C1210C106M5RACTU,,Impedance,Ω,9.54991616e+09,36.074214935302734
4,C1210C106M5RACTU,,Impedance,Ω,1e+10,37.76994323730469
5,C1210C106M5RACTU,,ESR,Ω,10000,0.029915697872638702
5,C1210C106M5RACTU,,ESR,Ω,10471.28515625,0.028702612966299057
5,C1210C106M5RACTU,,ESR,Ω,10964.78125,0.02754402719438076
5,C1210C106M5RACTU,,ESR,Ω,11481.53515625,0.02643776312470436
5,C1210C106M5RACTU,,ESR,Ω,12022.642578125,0.025381172075867653
5,C1210C106M5RACTU,,ESR,Ω,12589.2509765625,0.024372098967432976
5,C1210C106M5RACTU,,ESR,Ω,13182.5634765625,0.023408589884638786
5,C1210C106M5RACTU,,ESR,Ω,13803.8388671875,0.022488318383693695
5,C1210C106M5RACTU,,ESR,Ω,14454.392578125,0.02160950005054474
5,C1210C106M5RACTU,,ESR,Ω,15135.6064453125,0.020770277827978134
5,C1210C106M5RACTU,,ESR,Ω,15848.9248046875,0.01996871829032898
5,C1210C106M5RACTU,,ESR,Ω,16595.861328125,0.01920335739850998
5,C1210C106M5RACTU,,ESR,Ω,17378,0.018472295254468918
5,C1210C106M5RACTU,,ESR,Ω,18197.017578125,0.017774267122149467
5,C1210C106M5RACTU,,ESR,Ω,19054.6171875,0.01710754819214344
5,C1210C106M5RACTU,,ESR,Ω,19952.6328125,0.016470959410071373
5,C1210C106M5RACTU,,ESR,Ω,20892.96875,0.015862975269556046
5,C1210C106M5RACTU,,ESR,Ω,21877.623046875,0.015282312408089638
5,C1210C106M5RACTU,,ESR,Ω,22908.68359375,0.014727838337421417
5,C1210C106M5RACTU,,ESR,Ω,23988.3359375,0.01419826690107584
5,C1210C106M5RACTU,,ESR,Ω,25118.869140625,0.013692554086446762
5,C1210C106M5RACTU,,ESR,Ω,26302.68359375,0.013209652155637741
5,C1210C106M5RACTU,,ESR,Ω,27542.291015625,0.012748416513204575
5,C1210C106M5RACTU,,ESR,Ω,28840.318359375,0.012307966127991676
5,C1210C106M5RACTU,,ESR,Ω,30199.517578125,0.01188735943287611
5,C1210C106M5RACTU,,ESR,Ω,31622.77734375,0.011485631577670574
5,C1210C106M5RACTU,,ESR,Ω,33113.109375,0.011102039366960526
5,C1210C106M5RACTU,,ESR,Ω,34673.68359375,0.010735671035945415
5,C1210C106M5RACTU,,ESR,Ω,36307.80078125,0.010385825298726559
5,C1210C106M5RACTU,,ESR,Ω,38018.93359375,0.010051696561276913
5,C1210C106M5RACTU,,ESR,Ω,39810.70703125,0.009732627309858799
5,C1210C106M5RACTU,,ESR,Ω,41686.92578125,0.009427908807992935
5,C1210C106M5RACTU,,ESR,Ω,43651.5703125,0.009136910550296307
5,C1210C106M5RACTU,,ESR,Ω,45708.8046875,0.008859011344611645
5,C1210C106M5RACTU,,ESR,Ω,47862.9921875,0.008593612350523472
5,C1210C106M5RACTU,,ESR,Ω,50118.703125,0.008340124040842056
5,C1210C106M5RACTU,,ESR,Ω,52480.71875,0.008098096586763859
5,C1210C106M5RACTU,,ESR,Ω,54954.05859375,0.007866956293582916
5,C1210C106M5RACTU,,ESR,Ω,57544.0234375,0.007646190468221903
5,C1210C106M5RACTU,,ESR,Ω,60255.98828125,0.007435379549860954
5,C1210C106M5RACTU,,ESR,Ω,63095.76171875,0.007234056480228901
5,C1210C106M5RACTU,,ESR,Ω,66069.3671875,0.00704176863655448
5,C1210C106M5RACTU,,ESR,Ω,69183.125,0.006858161650598049
5,C1210C106M5RACTU,,ESR,Ω,72443.6171875,0.006682826206088066
5,C1210C106M5RACTU,,ESR,Ω,75857.78125,0.006515381392091513
5,C1210C106M5RACTU,,ESR,Ω,79432.84375,0.006355455610901117
5,C1210C106M5RACTU,,ESR,Ω,83176.390625,0.006202730815857649
5,C1210C106M5RACTU,,ESR,Ω,87096.3671875,0.00605688476935029
5,C1210C106M5RACTU,,ESR,Ω,91201.09375,0.005917598493397236
5,C1210C106M5RACTU,,ESR,Ω,95499.265625,0.005784574430435896
5,C1210C106M5RACTU,,ESR,Ω,100000,0.005657558795064688
5,C1210C106M5RACTU,,ESR,Ω,104712.8515625,0.005536249373108149
5,C1210C106M5RACTU,,ESR,Ω,109647.8125,0.005420401692390442
5,C1210C106M5RACTU,,ESR,Ω,114815.34375,0.005309749860316515
5,C1210C106M5RACTU,,ESR,Ω,120226.421875,0.005204097833484411
5,C1210C106M5RACTU,,ESR,Ω,125892.515625,0.005103201139718294
5,C1210C106M5RACTU,,ESR,Ω,131825.640625,0.005006831604987383
5,C1210C106M5RACTU,,ESR,Ω,138038.390625,0.004914814606308937
5,C1210C106M5RACTU,,ESR,Ω,144543.921875,0.00482693687081337
5,C1210C106M5RACTU,,ESR,Ω,151356.0625,0.004743004683405161
5,C1210C106M5RACTU,,ESR,Ω,158489.25,0.0046628559939563274
5,C1210C106M5RACTU,,ESR,Ω,165958.609375,0.004586316179484129
5,C1210C106M5RACTU,,ESR,Ω,173779.984375,0.004513224121183157
5,C1210C106M5RACTU,,ESR,Ω,181970.1875,0.004443410784006119
5,C1210C106M5RACTU,,ESR,Ω,190546.15625,0.004376744851469994
5,C1210C106M5RACTU,,ESR,Ω,199526.3125,0.004313085228204727
5,C1210C106M5RACTU,,ESR,Ω,208929.703125,0.004252286162227392
5,C1210C106M5RACTU,,ESR,Ω,218776.234375,0.004194218665361404
5,C1210C106M5RACTU,,ESR,Ω,229086.828125,0.004138766787946224
5,C1210C106M5RACTU,,ESR,Ω,239883.359375,0.0040858155116438866
5,C1210C106M5RACTU,,ESR,Ω,251188.703125,0.004035247955471277
5,C1210C106M5RACTU,,ESR,Ω,263026.84375,0.0039869509637355804
5,C1210C106M5RACTU,,ESR,Ω,275422.90625,0.00394083047285676
5,C1210C106M5RACTU,,ESR,Ω,288403.1875,0.0038967831060290337
5,C1210C106M5RACTU,,ESR,Ω,301995.1875,0.0038547208532691
5,C1210C106M5RACTU,,ESR,Ω,316227.78125,0.00381455197930336
5,C1210C106M5RACTU,,ESR,Ω,331131.09375,0.0037761868443340063
5,C1210C106M5RACTU,,ESR,Ω,346736.8125,0.003739556297659874
5,C1210C106M5RACTU,,ESR,Ω,363078,0.0037045669741928577
5,C1210C106M5RACTU,,ESR,Ω,380189.34375,0.0036711562424898148
5,C1210C106M5RACTU,,ESR,Ω,398107.09375,0.003639249363914132
5,C1210C106M5RACTU,,ESR,Ω,416869.28125,0.0036087764892727137
5,C1210C106M5RACTU,,ESR,Ω,436515.6875,0.003579676616936922
5,C1210C106M5RACTU,,ESR,Ω,457088.03125,0.0035518829245120287
5,C1210C106M5RACTU,,ESR,Ω,478629.90625,0.0035253455862402916
5,C1210C106M5RACTU,,ESR,Ω,501187,0.003499999875202775
5,C1210C106M5RACTU,,ESR,Ω,524807.1875,0.003525346517562866
5,C1210C106M5RACTU,,ESR,Ω,549540.5625,0.0035518836230039597
5,C1210C106M5RACTU,,ESR,Ω,575440.25,0.0035796756856143475
5,C1210C106M5RACTU,,ESR,Ω,602559.875,0.003608775557950139
5,C1210C106M5RACTU,,ESR,Ω,630957.625,0.0036392484325915575
5,C1210C106M5RACTU,,ESR,Ω,660693.6875,0.003671156009659171
5,C1210C106M5RACTU,,ESR,Ω,691831.1875,0.0037045679055154324
5,C1210C106M5RACTU,,ESR,Ω,724436.1875,0.0037395544350147247
5,C1210C106M5RACTU,,ESR,Ω,758577.75,0.0037761894054710865
5,C1210C106M5RACTU,,ESR,Ω,794328.4375,0.0038145503494888544
5,C1210C106M5RACTU,,ESR,Ω,831763.9375,0.003854721551761031
5,C1210C106M5RACTU,,ESR,Ω,870963.6875,0.0038967852015048265
5,C1210C106M5RACTU,,ESR,Ω,912010.9375,0.003940828610211611
5,C1210C106M5RACTU,,ESR,Ω,954992.625,0.003986951429396868
5,C1210C106M5RACTU,,ESR,Ω,1e+06,0.004035245161503553
5,C1210C106M5RACTU,,ESR,Ω,1.0471285e+06,0.004085815977305174
5,C1210C106M5RACTU,,ESR,Ω,1.096478125e+06,0.004138770513236523
5,C1210C106M5RACTU,,ESR,Ω,1.1481535e+06,0.004194219596683979
5,C1210C106M5RACTU,,ESR,Ω,1.20226425e+06,0.004252282902598381
5,C1210C106M5RACTU,,ESR,Ω,1.258925125e+06,0.004313081502914429
5,C1210C106M5RACTU,,ESR,Ω,1.318256375e+06,0.00437674717977643
5,C1210C106M5RACTU,,ESR,Ω,1.380383875e+06,0.004443413112312555
5,C1210C106M5RACTU,,ESR,Ω,1.44543925e+06,0.003823880571871996
5,C1210C106M5RACTU,,ESR,Ω,1.513560625e+06,0.0038644892629235983
5,C1210C106M5RACTU,,ESR,Ω,1.5848925e+06,0.003907012287527323
5,C1210C106M5RACTU,,ESR,Ω,1.659586125e+06,0.003951540216803551
5,C1210C106M5RACTU,,ESR,Ω,1.737799875e+06,0.0039981659501791
5,C1210C106M5RACTU,,ESR,Ω,1.819701875e+06,0.0040469905361533165
5,C1210C106M5RACTU,,ESR,Ω,1.905461625e+06,0.004098115023225546
5,C1210C106M5RACTU,,ESR,Ω,1.99526325e+06,0.004151649307459593
5,C1210C106M5RACTU,,ESR,Ω,2.089297e+06,0.004207705147564411
5,C1210C106M5RACTU,,ESR,Ω,2.1877625e+06,0.004266404081135988
5,C1210C106M5RACTU,,ESR,Ω,2.29086825e+06,0.004327868577092886
5,C1210C106M5RACTU,,ESR,Ω,2.3988335e+06,0.004392231348901987
5,C1210C106M5RACTU,,ESR,Ω,2.511887e+06,0.0044596255756914616
5,C1210C106M5RACTU,,ESR,Ω,2.6302685e+06,0.004530197009444237
5,C1210C106M5RACTU,,ESR,Ω,2.754229e+06,0.004604094661772251
5,C1210C106M5RACTU,,ESR,Ω,2.88403175e+06,0.0046814740635454655
5,C1210C106M5RACTU,,ESR,Ω,3.01995175e+06,0.004762500524520874
5,C1210C106M5RACTU,,ESR,Ω,3.16227775e+06,0.004847347270697355
5,C1210C106M5RACTU,,ESR,Ω,3.311311e+06,0.0049361903220415115
5,C1210C106M5RACTU,,ESR,Ω,3.46736825e+06,0.005029221531003714
5,C1210C106M5RACTU,,ESR,Ω,3.63078e+06,0.005126636940985918
5,C1210C106M5RACTU,,ESR,Ω,3.80189325e+06,0.005228644236922264
5,C1210C106M5RACTU,,ESR,Ω,3.98107075e+06,0.005335458554327488
5,C1210C106M5RACTU,,ESR,Ω,4.16869275e+06,0.005447305738925934
5,C1210C106M5RACTU,,ESR,Ω,4.365157e+06,0.005564425606280565
5,C1210C106M5RACTU,,ESR,Ω,4.5708805e+06,0.005687063559889793
5,C1210C106M5RACTU,,ESR,Ω,4.786299e+06,0.005815483629703522
5,C1210C106M5RACTU,,ESR,Ω,5.01187e+06,0.0059499540366232395
5,C1210C106M5RACTU,,ESR,Ω,5.248072e+06,0.006090764421969652
5,C1210C106M5RACTU,,ESR,Ω,5.495406e+06,0.006238207686692476
5,C1210C106M5RACTU,,ESR,Ω,5.7544025e+06,0.006392604671418667
5,C1210C106M5RACTU,,ESR,Ω,6.025599e+06,0.006554277613759041
5,C1210C106M5RACTU,,ESR,Ω,6.309576e+06,0.006723569240421057
5,C1210C106M5RACTU,,ESR,Ω,6.606937e+06,0.00690083671361208
5,C1210C106M5RACTU,,ESR,Ω,6.918312e+06,0.007086458615958691
5,C1210C106M5RACTU,,ESR,Ω,7.244362e+06,0.0072808340191841125
5,C1210C106M5RACTU,,ESR,Ω,7.5857775e+06,0.007484362460672855
5,C1210C106M5RACTU,,ESR,Ω,7.943284e+06,0.007697483990341425
5,C1210C106M5RACTU,,ESR,Ω,8.317639e+06,0.007920656353235245
5,C1210C106M5RACTU,,ESR,Ω,8.709637e+06,0.008154341951012611
5,C1210C106M5RACTU,,ESR,Ω,9.120109e+06,0.008399042300879955
5,C1210C106M5RACTU,,ESR,Ω,9.549926e+06,0.008655277080833912
5,C1210C106M5RACTU,,ESR,Ω,1e+07,0.008923589251935482
5,C1210C106M5RACTU,,ESR,Ω,1.0471285e+07,0.009204541333019733
5,C1210C106M5RACTU,,ESR,Ω,1.0964781e+07,0.009498736821115017
5,C1210C106M5RACTU,,ESR,Ω,1.1481535e+07,0.009806796908378601
5,C1210C106M5RACTU,,ESR,Ω,1.2022642e+07,0.010129381902515888
5,C1210C106M5RACTU,,ESR,Ω,1.2589251e+07,0.01046716794371605
5,C1210C106M5RACTU,,ESR,Ω,1.3182564e+07,0.010820869356393814
5,C1210C106M5RACTU,,ESR,Ω,1.3803838e+07,0.011191243305802345
5,C1210C106M5RACTU,,ESR,Ω,1.4454393e+07,0.011579078622162342
5,C1210C106M5RACTU,,ESR,Ω,1.5135607e+07,0.011985191144049168
5,C1210C106M5RACTU,,ESR,Ω,1.5848925e+07,0.01241044607013464
5,C1210C106M5RACTU,,ESR,Ω,1.6595861e+07,0.012855743058025837
5,C1210C106M5RACTU,,ESR,Ω,1.7378e+07,0.013322021812200546
5,C1210C106M5RACTU,,ESR,Ω,1.8197018e+07,0.013810303062200546
5,C1210C106M5RACTU,,ESR,Ω,1.9054616e+07,0.01432157400995493
5,C1210C106M5RACTU,,ESR,Ω,1.9952632e+07,0.014856947585940361
5,C1210C106M5RACTU,,ESR,Ω,2.089297e+07,0.015417559072375298
5,C1210C106M5RACTU,,ESR,Ω,2.1877624e+07,0.01600460521876812
5,C1210C106M5RACTU,,ESR,Ω,2.2908684e+07,0.016619309782981873
5,C1210C106M5RACTU,,ESR,Ω,2.3988336e+07,0.01726299338042736
5,C1210C106M5RACTU,,ESR,Ω,2.511887e+07,0.01793702505528927
5,C1210C106M5RACTU,,ESR,Ω,2.6302684e+07,0.018642812967300415
5,C1210C106M5RACTU,,ESR,Ω,2.754229e+07,0.019381888210773468
5,C1210C106M5RACTU,,ESR,Ω,2.8840318e+07,0.020155800506472588
5,C1210C106M5RACTU,,ESR,Ω,3.0199518e+07,0.02096620760858059
5,C1210C106M5RACTU,,ESR,Ω,3.1622776e+07,0.021814800798892975
5,C1210C106M5RACTU,,ESR,Ω,3.311311e+07,0.022703399881720543
5,C1210C106M5RACTU,,ESR,Ω,3.467368e+07,0.023633912205696106
5,C1210C106M5RACTU,,ESR,Ω,3.63078e+07,0.024608302861452103
5,C1210C106M5RACTU,,ESR,Ω,3.8018932e+07,0.025628602132201195
5,C1210C106M5RACTU,,ESR,Ω,3.9810708e+07,0.026697054505348206
5,C1210C106M5RACTU,,ESR,Ω,4.1686928e+07,0.027815844863653183
5,C1210C106M5RACTU,,ESR,Ω,4.3651568e+07,0.028987430036067963
5,C1210C106M5RACTU,,ESR,Ω,4.5708804e+07,0.030214253813028336
5,C1210C106M5RACTU,,ESR,Ω,4.7862992e+07,0.03149894252419472
5,C1210C106M5RACTU,,ESR,Ω,5.01187e+07,0.03284423053264618
5,C1210C106M5RACTU,,ESR,Ω,5.248072e+07,0.03425298631191254
5,C1210C106M5RACTU,,ESR,Ω,5.495406e+07,0.03572816029191017
5,C1210C106M5RACTU,,ESR,Ω,5.7544024e+07,0.037273015826940536
5,C1210C106M5RACTU,,ESR,Ω,6.0255988e+07,0.03889070823788643
5,C1210C106M5RACTU,,ESR,Ω,6.3095764e+07,0.04058472439646721
5,C1210C106M5RACTU,,ESR,Ω,6.6069372e+07,0.04235869646072388
5,C1210C106M5RACTU,,ESR,Ω,6.918312e+07,0.04421642795205116
5,C1210C106M5RACTU,,ESR,Ω,7.2443616e+07,0.04616186022758484
5,C1210C106M5RACTU,,ESR,Ω,7.5857776e+07,0.0481991283595562
5,C1210C106M5RACTU,,ESR,Ω,7.943284e+07,0.050332605838775635
5,C1210C106M5RACTU,,ESR,Ω,8.3176392e+07,0.05256689712405205
5,C1210C106M5RACTU,,ESR,Ω,8.7096368e+07,0.05490674823522568
5,C1210C106M5RACTU,,ESR,Ω,9.1201088e+07,0.05735710635781288
5,C1210C106M5RACTU,,ESR,Ω,9.5499264e+07,0.059923384338617325
5,C1210C106M5RACTU,,ESR,Ω,1e+08,0.062610924243927
5,C1210C106M5RACTU,,ESR,Ω,1.04712968e+08,0.06542572379112244
5,C1210C106M5RACTU,,ESR,Ω,1.09647808e+08,0.06837351620197296
5,C1210C106M5RACTU,,ESR,Ω,1.14815472e+08,0.0714610144495964
5,C1210C106M5RACTU,,ESR,Ω,1.20226424e+08,0.07469460368156433
5,C1210C106M5RACTU,,ESR,Ω,1.25892648e+08,0.07808161526918411
5,C1210C106M5RACTU,,ESR,Ω,1.3182564e+08,0.08162890374660492
5,C1210C106M5RACTU,,ESR,Ω,1.38038528e+08,0.08534472435712814
5,C1210C106M5RACTU,,ESR,Ω,1.4454392e+08,0.08923666924238205
5,C1210C106M5RACTU,,ESR,Ω,1.51356224e+08,0.0933137759566307
5,C1210C106M5RACTU,,ESR,Ω,1.58489248e+08,0.09758442640304565
5,C1210C106M5RACTU,,ESR,Ω,1.659588e+08,0.10205855220556259
5,C1210C106M5RACTU,,ESR,Ω,1.73779984e+08,0.10674556344747543
5,C1210C106M5RACTU,,ESR,Ω,1.81970176e+08,0.11165633797645569
5,C1210C106M5RACTU,,ESR,Ω,1.90545952e+08,0.11680129915475845
5,C1210C106M5RACTU,,ESR,Ω,1.9952632e+08,0.12219265848398209
5,C1210C106M5RACTU,,ESR,Ω,2.08929472e+08,0.12784188985824585
5,C1210C106M5RACTU,,ESR,Ω,2.1877624e+08,0.1337624043226242
5,C1210C106M5RACTU,,ESR,Ω,2.29086592e+08,0.13996732234954834
5,C1210C106M5RACTU,,ESR,Ω,2.3988336e+08,0.1464715152978897
5,C1210C106M5RACTU,,ESR,Ω,2.51188416e+08,0.15328951179981232
5,C1210C106M5RACTU,,ESR,Ω,2.63026848e+08,0.16043806076049805
5,C1210C106M5RACTU,,ESR,Ω,2.75422592e+08,0.16793379187583923
5,C1210C106M5RACTU,,ESR,Ω,2.88403168e+08,0.17579533159732819
5,C1210C106M5RACTU,,ESR,Ω,3.01994848e+08,0.18404151499271393
5,C1210C106M5RACTU,,ESR,Ω,3.16227776e+08,0.19269391894340515
5,C1210C106M5RACTU,,ESR,Ω,3.31131456e+08,0.2017739713191986
5,C1210C106M5RACTU,,ESR,Ω,3.46736832e+08,0.21130532026290894
5,C1210C106M5RACTU,,ESR,Ω,3.630784e+08,0.2213142067193985
5,C1210C106M5RACTU,,ESR,Ω,3.80189344e+08,0.2318277806043625
5,C1210C106M5RACTU,,ESR,Ω,3.9810752e+08,0.24287664890289307
5,C1210C106M5RACTU,,ESR,Ω,4.1686928e+08,0.25449278950691223
5,C1210C106M5RACTU,,ESR,Ω,4.36516192e+08,0.2667123079299927
5,C1210C106M5RACTU,,ESR,Ω,4.57088032e+08,0.27957379817962646
5,C1210C106M5RACTU,,ESR,Ω,4.78630432e+08,0.2931209206581116
5,C1210C106M5RACTU,,ESR,Ω,5.01187008e+08,0.3074002265930176
5,C1210C106M5RACTU,,ESR,Ω,5.24807776e+08,0.3224659860134125
5,C1210C106M5RACTU,,ESR,Ω,5.49540608e+08,0.3383753001689911
5,C1210C106M5RACTU,,ESR,Ω,5.75440256e+08,0.3551957607269287
5,C1210C106M5RACTU,,ESR,Ω,6.02559232e+08,0.37299975752830505
5,C1210C106M5RACTU,,ESR,Ω,6.30957632e+08,0.391871839761734
5,C1210C106M5RACTU,,ESR,Ω,6.60692992e+08,0.41190364956855774
5,C1210C106M5RACTU,,ESR,Ω,6.91831232e+08,0.43320232629776
5,C1210C106M5RACTU,,ESR,Ω,7.24435392e+08,0.4558839499950409
5,C1210C106M5RACTU,,ESR,Ω,7.58577792e+08,0.48008260130882263
5,C1210C106M5RACTU,,ESR,Ω,7.94327552e+08,0.505943238735199
5,C1210C106M5RACTU,,ESR,Ω,8.31763904e+08,0.5336297154426575
5,C1210C106M5RACTU,,ESR,Ω,8.70962752e+08,0.5633156299591064
5,C1210C106M5RACTU,,ESR,Ω,9.12010944e+08,0.595191240310669
5,C1210C106M5RACTU,,ESR,Ω,9.54991552e+08,0.6294499635696411
5,C1210C106M5RACTU,,ESR,Ω,1e+09,0.666294515132904
5,C1210C106M5RACTU,,ESR,Ω,1.047129664e+09,0.70591801404953
5,C1210C106M5RACTU,,ESR,Ω,1.09647808e+09,0.7484981417655945
5,C1210C106M5RACTU,,ESR,Ω,1.148154752e+09,0.7941925525665283
5,C1210C106M5RACTU,,ESR,Ω,1.202264192e+09,0.8431144952774048
5,C1210C106M5RACTU,,ESR,Ω,1.258926464e+09,0.8953388333320618
5,C1210C106M5RACTU,,ESR,Ω,1.318256384e+09,0.9508761763572693
5,C1210C106M5RACTU,,ESR,Ω,1.380385408e+09,1.009692907333374
5,C1210C106M5RACTU,,ESR,Ω,1.445439232e+09,1.0716931819915771
5,C1210C106M5RACTU,,ESR,Ω,1.513562368e+09,1.136755108833313
5,C1210C106M5RACTU,,ESR,Ω,1.584892544e+09,1.2047197818756104
5,C1210C106M5RACTU,,ESR,Ω,1.659587968e+09,1.2754415273666382
5,C1210C106M5RACTU,,ESR,Ω,1.737799936e+09,1.3487781286239624
5,C1210C106M5RACTU,,ESR,Ω,1.81970176e+09,1.424635887145996
5,C1210C106M5RACTU,,ESR,Ω,1.905459584e+09,1.5029524564743042
5,C1210C106M5RACTU,,ESR,Ω,1.995263232e+09,1.5837407112121582
5,C1210C106M5RACTU,,ESR,Ω,2.08929472e+09,1.6670480966567993
5,C1210C106M5RACTU,,ESR,Ω,2.187762432e+09,1.7529929876327515
5,C1210C106M5RACTU,,ESR,Ω,2.29086592e+09,1.8417237997055054
5,C1210C106M5RACTU,,ESR,Ω,2.398833664e+09,1.9334439039230347
5,C1210C106M5RACTU,,ESR,Ω,2.511884288e+09,2.0283732414245605
5,C1210C106M5RACTU,,ESR,Ω,2.630268416e+09,2.126772403717041
5,C1210C106M5RACTU,,ESR,Ω,2.75422592e+09,2.228902578353882
5,C1210C106M5RACTU,,ESR,Ω,2.884031744e+09,2.3350541591644287
5,C1210C106M5RACTU,,ESR,Ω,3.019948544e+09,2.445512294769287
5,C1210C106M5RACTU,,ESR,Ω,3.162277632e+09,2.560589551925659
5,C1210C106M5RACTU,,ESR,Ω,3.311314688e+09,2.680586338043213
5,C1210C106M5RACTU,,ESR,Ω,3.467368192e+09,2.8058109283447266
5,C1210C106M5RACTU,,ESR,Ω,3.630784e+09,2.9365956783294678
5,C1210C106M5RACTU,,ESR,Ω,3.801893376e+09,3.073256492614746
5,C1210C106M5RACTU,,ESR,Ω,3.9810752e+09,3.2161340713500977
5,C1210C106M5RACTU,,ESR,Ω,4.168692736e+09,3.3655624389648438
5,C1210C106M5RACTU,,ESR,Ω,4.365161984e+09,3.5219056606292725
5,C1210C106M5RACTU,,ESR,Ω,4.570880512e+09,3.68550705909729
5,C1210C106M5RACTU,,ESR,Ω,4.786304512e+09,3.856757879257202
5,C1210C106M5RACTU,,ESR,Ω,5.011870208e+09,4.036030292510986
5,C1210C106M5RACTU,,ESR,Ω,5.248077824e+09,4.223738193511963
5,C1210C106M5RACTU,,ESR,Ω,5.49540608e+09,4.420280456542969
5,C1210C106M5RACTU,,ESR,Ω,5.754402304e+09,4.626104354858398
5,C1210C106M5RACTU,,ESR,Ω,6.02559232e+09,4.841644287109375
5,C1210C106M5RACTU,,ESR,Ω,6.309576192e+09,5.067390441894531
5,C1210C106M5RACTU,,ESR,Ω,6.60692992e+09,5.303807735443115
5,C1210C106M5RACTU,,ESR,Ω,6.918311936e+09,5.551425933837891
5,C1210C106M5RACTU,,ESR,Ω,7.244354048e+09,5.810752868652344
5,C1210C106M5RACTU,,ESR,Ω,7.585777664e+09,6.082375526428223
5,C1210C106M5RACTU,,ESR,Ω,7.94327552e+09,6.36684513092041
5,C1210C106M5RACTU,,ESR,Ω,8.317639168e+09,6.66480016708374
5,C1210C106M5RACTU,,ESR,Ω,8.709627904e+09,6.976848602294922
5,C1210C106M5RACTU,,ESR,Ω,9.120109568e+09,7.3036789894104
5,C1210C106M5RACTU,,ESR,Ω,9.54991616e+09,7.645969390869141
5,C1210C106M5RACTU,,ESR,Ω,1e+10,8.004463195800781
6,C1206C106K3RACTU,,Impedance,Ω,10000,1.6520442962646484
6,C1206C106K3RACTU,,Impedance,Ω,10471.28515625,1.5786652565002441
6,C1206C106K3RACTU,,Impedance,Ω,10964.78125,1.508545994758606
6,C1206C106K3RACTU,,Impedance,Ω,11481.53515625,1.4415419101715088
6,C1206C106K3RACTU,,Impedance,Ω,12022.642578125,1.3775137662887573
6,C1206C106K3RACTU,,Impedance,Ω,12589.2509765625,1.3163304328918457
6,C1206C106K3RACTU,,Impedance,Ω,13182.5634765625,1.257863998413086
6,C1206C106K3RACTU,,Impedance,Ω,13803.8388671875,1.2019951343536377
6,C1206C106K3RACTU,,Impedance,Ω,14454.392578125,1.1486077308654785
6,C1206C106K3RACTU,,Impedance,Ω,15135.6064453125,1.0975916385650635
6,C1206C106K3RACTU,,Impedance,Ω,15848.9248046875,1.0488414764404297
6,C1206C106K3RACTU,,Impedance,Ω,16595.861328125,1.0022563934326172
6,C1206C106K3RACTU,,Impedance,Ω,17378,0.9577407240867615
6,C1206C106K3RACTU,,Impedance,Ω,18197.017578125,0.9152011275291443
6,C1206C106K3RACTU,,Impedance,Ω,19054.6171875,0.87455153465271
6,C1206C106K3RACTU,,Impedance,Ω,19952.6328125,0.8357075452804565
6,C1206C106K3RACTU,,Impedance,Ω,20892.96875,0.7985885739326477
6,C1206C106K3RACTU,,Impedance,Ω,21877.623046875,0.7631180882453918
6,C1206C106K3RACTU,,Impedance,Ω,22908.68359375,0.7292225956916809
6,C1206C106K3RACTU,,Impedance,Ω,23988.3359375,0.6968322992324829
6,C1206C106K3RACTU,,Impedance,Ω,25118.869140625,0.665880560874939
6,C1206C106K3RACTU,,Impedance,Ω,26302.68359375,0.6363030672073364
6,C1206C106K3RACTU,,Impedance,Ω,27542.291015625,0.6080389022827148
6,C1206C106K3RACTU,,Impedance,Ω,28840.318359375,0.5810298919677734
6,C1206C106K3RACTU,,Impedance,Ω,30199.517578125,0.5552197694778442
6,C1206C106K3RACTU,,Impedance,Ω,31622.77734375,0.5305554866790771
6,C1206C106K3RACTU,,Impedance,Ω,33113.109375,0.5069863200187683
6,C1206C106K3RACTU,,Impedance,Ω,34673.68359375,0.48446327447891235
6,C1206C106K3RACTU,,Impedance,Ω,36307.80078125,0.46294015645980835
6,C1206C106K3RACTU,,Impedance,Ω,38018.93359375,0.44237226247787476
6,C1206C106K3RACTU,,Impedance,Ω,39810.70703125,0.42271724343299866
6,C1206C106K3RACTU,,Impedance,Ω,41686.92578125,0.4039345681667328
6,C1206C106K3RACTU,,Impedance,Ω,43651.5703125,0.3859853446483612
6,C1206C106K3RACTU,,Impedance,Ω,45708.8046875,0.36883261799812317
6,C1206C106K3RACTU,,Impedance,Ω,47862.9921875,0.35244086384773254
6,C1206C106K3RACTU,,Impedance,Ω,50118.703125,0.3367763161659241
6,C1206C106K3RACTU,,Impedance,Ω,52480.71875,0.3218066990375519
6,C1206C106K3RACTU,,Impedance,Ω,54954.05859375,0.307500958442688
6,C1206C106K3RACTU,,Impedance,Ω,57544.0234375,0.2938293218612671
6,C1206C106K3RACTU,,Impedance,Ω,60255.98828125,0.2807641625404358
6,C1206C106K3RACTU,,Impedance,Ω,63095.76171875,0.2682783007621765
6,C1206C106K3RACTU,,Impedance,Ω,66069.3671875,0.25634583830833435
6,C1206C106K3RACTU,,Impedance,Ω,69183.125,0.24494214355945587
6,C1206C106K3RACTU,,Impedance,Ω,72443.6171875,0.23404377698898315
6,C1206C106K3RACTU,,Impedance,Ω,75857.78125,0.22362813353538513
6,C1206C106K3RACTU,,Impedance,Ω,79432.84375,0.21367372572422028
6,C1206C106K3RACTU,,Impedance,Ω,83176.390625,0.20416013896465302
6,C1206C106K3RACTU,,Impedance,Ω,87096.3671875,0.19506755471229553
6,C1206C106K3RACTU,,Impedance,Ω,91201.09375,0.18637731671333313
6,C1206C106K3RACTU,,Impedance,Ω,95499.265625,0.17807142436504364
6,C1206C106K3RACTU,,Impedance,Ω,100000,0.1701328009366989
6,C1206C106K3RACTU,,Impedance,Ω,104712.8515625,0.16254501044750214
6,C1206C106K3RACTU,,Impedance,Ω,109647.8125,0.1552923619747162
6,C1206C106K3RACTU,,Impedance,Ω,114815.34375,0.1483599692583084
6,C1206C106K3RACTU,,Impedance,Ω,120226.421875,0.14173349738121033
6,C1206C106K3RACTU,,Impedance,Ω,125892.515625,0.13539919257164001
6,C1206C106K3RACTU,,Impedance,Ω,131825.640625,0.12934410572052002
6,C1206C106K3RACTU,,Impedance,Ω,138038.390625,0.12355561554431915
6,C1206C106K3RACTU,,Impedance,Ω,144543.921875,0.11802191287279129
6,C1206C106K3RACTU,,Impedance,Ω,151356.0625,0.11273143440485
6,C1206C106K3RACTU,,Impedance,Ω,158489.25,0.10767333954572678
6,C1206C106K3RACTU,,Impedance,Ω,165958.609375,0.10283716768026352
6,C1206C106K3RACTU,,Impedance,Ω,173779.984375,0.09821298718452454
6,C1206C106K3RACTU,,Impedance,Ω,181970.1875,0.09379105269908905
6,C1206C106K3RACTU,,Impedance,Ω,190546.15625,0.0895625650882721
6,C1206C106K3RACTU,,Impedance,Ω,199526.3125,0.08551860600709915
6,C1206C106K3RACTU,,Impedance,Ω,208929.703125,0.08165087550878525
6,C1206C106K3RACTU,,Impedance,Ω,218776.234375,0.07795137166976929
6,C1206C106K3RACTU,,Impedance,Ω,229086.828125,0.07441244274377823
6,C1206C106K3RACTU,,Impedance,Ω,239883.359375,0.07102683186531067
6,C1206C106K3RACTU,,Impedance,Ω,251188.703125,0.0677875205874443
6,C1206C106K3RACTU,,Impedance,Ω,263026.84375,0.0646878257393837
6,C1206C106K3RACTU,,Impedance,Ω,275422.90625,0.06172139197587967
6,C1206C106K3RACTU,,Impedance,Ω,288403.1875,0.05888202413916588
6,C1206C106K3RACTU,,Impedance,Ω,301995.1875,0.05616394802927971
6,C1206C106K3RACTU,,Impedance,Ω,316227.78125,0.0535615049302578
6,C1206C106K3RACTU,,Impedance,Ω,331131.09375,0.05106934905052185
6,C1206C106K3RACTU,,Impedance,Ω,346736.8125,0.048682332038879395
6,C1206C106K3RACTU,,Impedance,Ω,363078,0.04639555513858795
6,C1206C106K3RACTU,,Impedance,Ω,380189.34375,0.04420427605509758
6,C1206C106K3RACTU,,Impedance,Ω,398107.09375,0.04210400953888893
6,C1206C106K3RACTU,,Impedance,Ω,416869.28125,0.0400904156267643
6,C1206C106K3RACTU,,Impedance,Ω,436515.6875,0.038159359246492386
6,C1206C106K3RACTU,,Impedance,Ω,457088.03125,0.03630684316158295
6,C1206C106K3RACTU,,Impedance,Ω,478629.90625,0.034529101103544235
6,C1206C106K3RACTU,,Impedance,Ω,501187,0.03282672166824341
6,C1206C106K3RACTU,,Impedance,Ω,524807.1875,0.031196923926472664
6,C1206C106K3RACTU,,Impedance,Ω,549540.5625,0.02963239885866642
6,C1206C106K3RACTU,,Impedance,Ω,575440.25,0.028130028396844864
6,C1206C106K3RACTU,,Impedance,Ω,602559.875,0.02668696455657482
6,C1206C106K3RACTU,,Impedance,Ω,630957.625,0.025300396606326103
6,C1206C106K3RACTU,,Impedance,Ω,660693.6875,0.02396770752966404
6,C1206C106K3RACTU,,Impedance,Ω,691831.1875,0.022686438634991646
6,C1206C106K3RACTU,,Impedance,Ω,724436.1875,0.021454280242323875
6,C1206C106K3RACTU,,Impedance,Ω,758577.75,0.02026909962296486
6,C1206C106K3RACTU,,Impedance,Ω,794328.4375,0.019128933548927307
6,C1206C106K3RACTU,,Impedance,Ω,831763.9375,0.018032018095254898
6,C1206C106K3RACTU,,Impedance,Ω,870963.6875,0.016976801678538322
6,C1206C106K3RACTU,,Impedance,Ω,912010.9375,0.015961959958076477
6,C1206C106K3RACTU,,Impedance,Ω,954992.625,0.014986458234488964
6,C1206C106K3RACTU,,Impedance,Ω,1e+06,0.01404957752674818
6,C1206C106K3RACTU,,Impedance,Ω,1.0471285e+06,0.013150976970791817
6,C1206C106K3RACTU,,Impedance,Ω,1.096478125e+06,0.012290792539715767
6,C1206C106K3RACTU,,Impedance,Ω,1.1481535e+06,0.011469723656773567
6,C1206C106K3RACTU,,Impedance,Ω,1.20226425e+06,0.010689178481698036
6,C1206C106K3RACTU,,Impedance,Ω,1.258925125e+06,0.009951434098184109
6,C1206C106K3RACTU,,Impedance,Ω,1.318256375e+06,0.00925983116030693
6,C1206C106K3RACTU,,Impedance,Ω,1.380383875e+06,0.008619005791842937
6,C1206C106K3RACTU,,Impedance,Ω,1.44543925e+06,0.008035106584429741
6,C1206C106K3RACTU,,Impedance,Ω,1.513560625e+06,0.0075159152038395405
6,C1206C106K3RACTU,,Impedance,Ω,1.5848925e+06,0.006210925057530403
6,C1206C106K3RACTU,,Impedance,Ω,1.659586125e+06,0.005731733050197363
6,C1206C106K3RACTU,,Impedance,Ω,1.737799875e+06,0.00534373614937067
6,C1206C106K3RACTU,,Impedance,Ω,1.819701875e+06,0.005064369644969702
6,C1206C106K3RACTU,,Impedance,Ω,1.905461625e+06,0.004909721668809652
6,C1206C106K3RACTU,,Impedance,Ω,1.99526325e+06,0.004890271928161383
6,C1206C106K3RACTU,,Impedance,Ω,2.089297e+06,0.0050073894672095776
6,C1206C106K3RACTU,,Impedance,Ω,2.1877625e+06,0.005227109417319298
6,C1206C106K3RACTU,,Impedance,Ω,2.29086825e+06,0.005549544934183359
6,C1206C106K3RACTU,,Impedance,Ω,2.3988335e+06,0.005954453255981207
6,C1206C106K3RACTU,,Impedance,Ω,2.511887e+06,0.006427339743822813
6,C1206C106K3RACTU,,Impedance,Ω,2.6302685e+06,0.0069559598341584206
6,C1206C106K3RACTU,,Impedance,Ω,2.754229e+06,0.007530642673373222
6,C1206C106K3RACTU,,Impedance,Ω,2.88403175e+06,0.008144078776240349
6,C1206C106K3RACTU,,Impedance,Ω,3.01995175e+06,0.008790926076471806
6,C1206C106K3RACTU,,Impedance,Ω,3.16227775e+06,0.009467397816479206
6,C1206C106K3RACTU,,Impedance,Ω,3.311311e+06,0.010170893743634224
6,C1206C106K3RACTU,,Impedance,Ω,3.46736825e+06,0.010899735614657402
6,C1206C106K3RACTU,,Impedance,Ω,3.63078e+06,0.011652929708361626
6,C1206C106K3RACTU,,Impedance,Ω,3.80189325e+06,0.012430023401975632
6,C1206C106K3RACTU,,Impedance,Ω,3.98107075e+06,0.01323096826672554
6,C1206C106K3RACTU,,Impedance,Ω,4.16869275e+06,0.014056048355996609
6,C1206C106K3RACTU,,Impedance,Ω,4.365157e+06,0.014905804768204689
6,C1206C106K3RACTU,,Impedance,Ω,4.5708805e+06,0.015780974179506302
6,C1206C106K3RACTU,,Impedance,Ω,4.786299e+06,0.01668247953057289
6,C1206C106K3RACTU,,Impedance,Ω,5.01187e+06,0.017611399292945862
6,C1206C106K3RACTU,,Impedance,Ω,5.248072e+06,0.018568923696875572
6,C1206C106K3RACTU,,Impedance,Ω,5.495406e+06,0.019556354731321335
6,C1206C106K3RACTU,,Impedance,Ω,5.7544025e+06,0.020575128495693207
6,C1206C106K3RACTU,,Impedance,Ω,6.025599e+06,0.021626697853207588
6,C1206C106K3RACTU,,Impedance,Ω,6.309576e+06,0.022712672129273415
6,C1206C106K3RACTU,,Impedance,Ω,6.606937e+06,0.02383473701775074
6,C1206C106K3RACTU,,Impedance,Ω,6.918312e+06,0.024994641542434692
6,C1206C106K3RACTU,,Impedance,Ω,7.244362e+06,0.026194222271442413
6,C1206C106K3RACTU,,Impedance,Ω,7.5857775e+06,0.02743539959192276
6,C1206C106K3RACTU,,Impedance,Ω,7.943284e+06,0.028720175847411156
6,C1206C106K3RACTU,,Impedance,Ω,8.317639e+06,0.03005063161253929
6,C1206C106K3RACTU,,Impedance,Ω,8.709637e+06,0.03142894431948662
6,C1206C106K3RACTU,,Impedance,Ω,9.120109e+06,0.032857343554496765
6,C1206C106K3RACTU,,Impedance,Ω,9.549926e+06,0.03433819115161896
6,C1206C106K3RACTU,,Impedance,Ω,1e+07,0.03587392345070839
6,C1206C106K3RACTU,,Impedance,Ω,1.0471285e+07,0.037468183785676956
6,C1206C106K3RACTU,,Impedance,Ω,1.0964781e+07,0.03912238031625748
6,C1206C106K3RACTU,,Impedance,Ω,1.1481535e+07,0.04083925858139992
6,C1206C106K3RACTU,,Impedance,Ω,1.2022642e+07,0.04262165352702141
6,C1206C106K3RACTU,,Impedance,Ω,1.2589251e+07,0.04447253420948982
6,C1206C106K3RACTU,,Impedance,Ω,1.3182564e+07,0.046587031334638596
6,C1206C106K3RACTU,,Impedance,Ω,1.3803838e+07,0.04885692521929741
6,C1206C106K3RACTU,,Impedance,Ω,1.4454393e+07,0.05122900754213333
6,C1206C106K3RACTU,,Impedance,Ω,1.5135607e+07,0.0537082776427269
6,C1206C106K3RACTU,,Impedance,Ω,1.5848925e+07,0.05629999563097954
6,C1206C106K3RACTU,,Impedance,Ω,1.6595861e+07,0.0590096116065979
6,C1206C106K3RACTU,,Impedance,Ω,1.7378e+07,0.06184288486838341
6,C1206C106K3RACTU,,Impedance,Ω,1.8197018e+07,0.06480588763952255
6,C1206C106K3RACTU,,Impedance,Ω,1.9054616e+07,0.0679047554731369
6,C1206C106K3RACTU,,Impedance,Ω,1.9952632e+07,0.07114611566066742
6,C1206C106K3RACTU,,Impedance,Ω,2.089297e+07,0.07453681528568268
6,C1206C106K3RACTU,,Impedance,Ω,2.1877624e+07,0.0780840739607811
6,C1206C106K3RACTU,,Impedance,Ω,2.2908684e+07,0.08179537206888199
6,C1206C106K3RACTU,,Impedance,Ω,2.3988336e+07,0.08567865192890167
6,C1206C106K3RACTU,,Impedance,Ω,2.511887e+07,0.08974205702543259
6,C1206C106K3RACTU,,Impedance,Ω,2.6302684e+07,0.09399425238370895
6,C1206C106K3RACTU,,Impedance,Ω,2.754229e+07,0.09844426810741425
6,C1206C106K3RACTU,,Impedance,Ω,2.8840318e+07,0.10310155153274536
6,C1206C106K3RACTU,,Impedance,Ω,3.0199518e+07,0.10797591507434845
6,C1206C106K3RACTU,,Impedance,Ω,3.1622776e+07,0.11307775974273682
6,C1206C106K3RACTU,,Impedance,Ω,3.311311e+07,0.11841791868209839
6,C1206C106K3RACTU,,Impedance,Ω,3.467368e+07,0.12400766462087631
6,C1206C106K3RACTU,,Impedance,Ω,3.63078e+07,0.12985895574092865
6,C1206C106K3RACTU,,Impedance,Ω,3.8018932e+07,0.1359841376543045
6,C1206C106K3RACTU,,Impedance,Ω,3.9810708e+07,0.1423962116241455
6,C1206C106K3RACTU,,Impedance,Ω,4.1686928e+07,0.14910884201526642
6,C1206C106K3RACTU,,Impedance,Ω,4.3651568e+07,0.15613621473312378
6,C1206C106K3RACTU,,Impedance,Ω,4.5708804e+07,0.1634933352470398
6,C1206C106K3RACTU,,Impedance,Ω,4.7862992e+07,0.17119573056697845
6,C1206C106K3RACTU,,Impedance,Ω,5.01187e+07,0.17925985157489777
6,C1206C106K3RACTU,,Impedance,Ω,5.248072e+07,0.18770278990268707
6,C1206C106K3RACTU,,Impedance,Ω,5.495406e+07,0.19654251635074615
6,C1206C106K3RACTU,,Impedance,Ω,5.7544024e+07,0.2057979851961136
6,C1206C106K3RACTU,,Impedance,Ω,6.0255988e+07,0.2154884785413742
6,C1206C106K3RACTU,,Impedance,Ω,6.3095764e+07,0.22563479840755463
6,C1206C106K3RACTU,,Impedance,Ω,6.6069372e+07,0.23625852167606354
6,C1206C106K3RACTU,,Impedance,Ω,6.918312e+07,0.247382253408432
6,C1206C106K3RACTU,,Impedance,Ω,7.2443616e+07,0.2590295970439911
6,C1206C106K3RACTU,,Impedance,Ω,7.5857776e+07,0.2712255120277405
6,C1206C106K3RACTU,,Impedance,Ω,7.943284e+07,0.2839958667755127
6,C1206C106K3RACTU,,Impedance,Ω,8.3176392e+07,0.2973678410053253
6,C1206C106K3RACTU,,Impedance,Ω,8.7096368e+07,0.3113698661327362
6,C1206C106K3RACTU,,Impedance,Ω,9.1201088e+07,0.32603198289871216
6,C1206C106K3RACTU,,Impedance,Ω,9.5499264e+07,0.3413853645324707
6,C1206C106K3RACTU,,Impedance,Ω,1e+08,0.35746264457702637
6,C1206C106K3RACTU,,Impedance,Ω,1.04712968e+08,0.37429872155189514
6,C1206C106K3RACTU,,Impedance,Ω,1.09647808e+08,0.39192837476730347
6,C1206C106K3RACTU,,Impedance,Ω,1.14815472e+08,0.4103907644748688
6,C1206C106K3RACTU,,Impedance,Ω,1.20226424e+08,0.4297237992286682
6,C1206C106K3RACTU,,Impedance,Ω,1.25892648e+08,0.44997072219848633
6,C1206C106K3RACTU,,Impedance,Ω,1.3182564e+08,0.471172958612442
6,C1206C106K3RACTU,,Impedance,Ω,1.38038528e+08,0.4933779239654541
6,C1206C106K3RACTU,,Impedance,Ω,1.4454392e+08,0.5166313648223877
6,C1206C106K3RACTU,,Impedance,Ω,1.51356224e+08,0.5409854054450989
6,C1206C106K3RACTU,,Impedance,Ω,1.58489248e+08,0.5664901733398438
6,C1206C106K3RACTU,,Impedance,Ω,1.659588e+08,0.5932031273841858
6,C1206C106K3RACTU,,Impedance,Ω,1.73779984e+08,0.6211790442466736
6,C1206C106K3RACTU,,Impedance,Ω,1.81970176e+08,0.6504815220832825
6,C1206C106K3RACTU,,Impedance,Ω,1.90545952e+08,0.6811712384223938
6,C1206C106K3RACTU,,Impedance,Ω,1.9952632e+08,0.7133175134658813
6,C1206C106K3RACTU,,Impedance,Ω,2.08929472e+08,0.7469871044158936
6,C1206C106K3RACTU,,Impedance,Ω,2.1877624e+08,0.7822569012641907
6,C1206C106K3RACTU,,Impedance,Ω,2.29086592e+08,0.8192001581192017
6,C1206C106K3RACTU,,Impedance,Ω,2.3988336e+08,0.8579014539718628
6,C1206C106K3RACTU,,Impedance,Ω,2.51188416e+08,0.8984425663948059
6,C1206C106K3RACTU,,Impedance,Ω,2.63026848e+08,0.9409159421920776
6,C1206C106K3RACTU,,Impedance,Ω,2.75422592e+08,0.9854115843772888
6,C1206C106K3RACTU,,Impedance,Ω,2.88403168e+08,1.0320323705673218
6,C1206C106K3RACTU,,Impedance,Ω,3.01994848e+08,1.0808773040771484
6,C1206C106K3RACTU,,Impedance,Ω,3.16227776e+08,1.132059931755066
6,C1206C106K3RACTU,,Impedance,Ω,3.31131456e+08,1.185692310333252
6,C1206C106K3RACTU,,Impedance,Ω,3.46736832e+08,1.2418922185897827
6,C1206C106K3RACTU,,Impedance,Ω,3.630784e+08,1.3007912635803223
6,C1206C106K3RACTU,,Impedance,Ω,3.80189344e+08,1.3625168800354004
6,C1206C106K3RACTU,,Impedance,Ω,3.9810752e+08,1.4272139072418213
6,C1206C106K3RACTU,,Impedance,Ω,4.1686928e+08,1.4950231313705444
6,C1206C106K3RACTU,,Impedance,Ω,4.36516192e+08,1.5661044120788574
6,C1206C106K3RACTU,,Impedance,Ω,4.57088032e+08,1.6406117677688599
6,C1206C106K3RACTU,,Impedance,Ω,4.78630432e+08,1.7187198400497437
6,C1206C106K3RACTU,,Impedance,Ω,5.01187008e+08,1.8005969524383545
6,C1206C106K3RACTU,,Impedance,Ω,5.24807776e+08,1.8864332437515259
6,C1206C106K3RACTU,,Impedance,Ω,5.49540608e+08,1.9764090776443481
6,C1206C106K3RACTU,,Impedance,Ω,5.75440256e+08,2.070728063583374
6,C1206C106K3RACTU,,Impedance,Ω,6.02559232e+08,2.1695804595947266
6,C1206C106K3RACTU,,Impedance,Ω,6.30957632e+08,2.2731804847717285
6,C1206C106K3RACTU,,Impedance,Ω,6.60692992e+08,2.3817241191864014
6,C1206C106K3RACTU,,Impedance,Ω,6.91831232e+08,2.4954302310943604
6,C1206C106K3RACTU,,Impedance,Ω,7.24435392e+08,2.614492654800415
6,C1206C106K3RACTU,,Impedance,Ω,7.58577792e+08,2.7391295433044434
6,C1206C106K3RACTU,,Impedance,Ω,7.94327552e+08,2.8695313930511475
6,C1206C106K3RACTU,,Impedance,Ω,8.31763904e+08,3.005908966064453
6,C1206C106K3RACTU,,Impedance,Ω,8.70962752e+08,3.1484479904174805
6,C1206C106K3RACTU,,Impedance,Ω,9.12010944e+08,3.297363042831421
6,C1206C106K3RACTU,,Impedance,Ω,9.54991552e+08,3.4528465270996094
6,C1206C106K3RACTU,,Impedance,Ω,1e+09,3.615133762359619
6,C1206C106K3RACTU,,Impedance,Ω,1.047129664e+09,3.7844603061676025
6,C1206C106K3RACTU,,Impedance,Ω,1.09647808e+09,3.9610869884490967
6,C1206C106K3RACTU,,Impedance,Ω,1.148154752e+09,4.145339488983154
6,C1206C106K3RACTU,,Impedance,Ω,1.202264192e+09,4.337549209594727
6,C1206C106K3RACTU,,Impedance,Ω,1.258926464e+09,4.538130283355713
6,C1206C106K3RACTU,,Impedance,Ω,1.318256384e+09,4.747500896453857
6,C1206C106K3RACTU,,Impedance,Ω,1.380385408e+09,4.96616268157959
6,C1206C106K3RACTU,,Impedance,Ω,1.445439232e+09,5.194617748260498
6,C1206C106K3RACTU,,Impedance,Ω,1.513562368e+09,5.433444499969482
6,C1206C106K3RACTU,,Impedance,Ω,1.584892544e+09,5.683199882507324
6,C1206C106K3RACTU,,Impedance,Ω,1.659587968e+09,5.944522380828857
6,C1206C106K3RACTU,,Impedance,Ω,1.737799936e+09,6.218017578125
6,C1206C106K3RACTU,,Impedance,Ω,1.81970176e+09,6.504360675811768
6,C1206C106K3RACTU,,Impedance,Ω,1.905459584e+09,6.804201602935791
6,C1206C106K3RACTU,,Impedance,Ω,1.995263232e+09,7.118257999420166
6,C1206C106K3RACTU,,Impedance,Ω,2.08929472e+09,7.447218418121338
6,C1206C106K3RACTU,,Impedance,Ω,2.187762432e+09,7.791848659515381
6,C1206C106K3RACTU,,Impedance,Ω,2.29086592e+09,8.15287971496582
6,C1206C106K3RACTU,,Impedance,Ω,2.398833664e+09,8.531142234802246
6,C1206C106K3RACTU,,Impedance,Ω,2.511884288e+09,8.927424430847168
6,C1206C106K3RACTU,,Impedance,Ω,2.630268416e+09,9.34261703491211
6,C1206C106K3RACTU,,Impedance,Ω,2.75422592e+09,9.77757740020752
6,C1206C106K3RACTU,,Impedance,Ω,2.884031744e+09,10.2332763671875
6,C1206C106K3RACTU,,Impedance,Ω,3.019948544e+09,10.710649490356445
6,C1206C106K3RACTU,,Impedance,Ω,3.162277632e+09,11.2107572555542
6,C1206C106K3RACTU,,Impedance,Ω,3.311314688e+09,11.734642028808594
6,C1206C106K3RACTU,,Impedance,Ω,3.467368192e+09,12.283390998840332
6,C1206C106K3RACTU,,Impedance,Ω,3.630784e+09,12.858222961425781
6,C1206C106K3RACTU,,Impedance,Ω,3.801893376e+09,13.460304260253906
6,C1206C106K3RACTU,,Impedance,Ω,3.9810752e+09,14.090970993041992
6,C1206C106K3RACTU,,Impedance,Ω,4.168692736e+09,14.751497268676758
6,C1206C106K3RACTU,,Impedance,Ω,4.365161984e+09,15.443351745605469
6,C1206C106K3RACTU,,Impedance,Ω,4.570880512e+09,16.16793441772461
6,C1206C106K3RACTU,,Impedance,Ω,4.786304512e+09,16.926849365234375
6,C1206C106K3RACTU,,Impedance,Ω,5.011870208e+09,17.721633911132812
6,C1206C106K3RACTU,,Impedance,Ω,5.248077824e+09,18.554054260253906
6,C1206C106K3RACTU,,Impedance,Ω,5.49540608e+09,19.425790786743164
6,C1206C106K3RACTU,,Impedance,Ω,5.754402304e+09,20.338775634765625
6,C1206C106K3RACTU,,Impedance,Ω,6.02559232e+09,21.294857025146484
6,C1206C106K3RACTU,,Impedance,Ω,6.309576192e+09,22.29615592956543
6,C1206C106K3RACTU,,Impedance,Ω,6.60692992e+09,23.344709396362305
6,C1206C106K3RACTU,,Impedance,Ω,6.918311936e+09,24.442821502685547
6,C1206C106K3RACTU,,Impedance,Ω,7.244354048e+09,25.592731475830078
6,C1206C106K3RACTU,,Impedance,Ω,7.585777664e+09,26.79698944091797
6,C1206C106K3RACTU,,Impedance,Ω,7.94327552e+09,28.05801773071289
6,C1206C106K3RACTU,,Impedance,Ω,8.317639168e+09,29.378625869750977
6,C1206C106K3RACTU,,Impedance,Ω,8.709627904e+09,30.76148796081543
6,C1206C106K3RACTU,,Impedance,Ω,9.120109568e+09,32.20966720581055
6,C1206C106K3RACTU,,Impedance,Ω,9.54991616e+09,33.72608947753906
6,C1206C106K3RACTU,,Impedance,Ω,1e+10,35.31412887573242
7,C1206C106K3RACTU,,ESR,Ω,10000,0.04137057811021805
7,C1206C106K3RACTU,,ESR,Ω,10471.28515625,0.039648909121751785
7,C1206C106K3RACTU,,ESR,Ω,10964.78125,0.03800487518310547
7,C1206C106K3RACTU,,ESR,Ω,11481.53515625,0.03643468767404556
7,C1206C106K3RACTU,,ESR,Ω,12022.642578125,0.03493524715304375
7,C1206C106K3RACTU,,ESR,Ω,12589.2509765625,0.03350326791405678
7,C1206C106K3RACTU,,ESR,Ω,13182.5634765625,0.03213585540652275
7,C1206C106K3RACTU,,ESR,Ω,13803.8388671875,0.03082985244691372
7,C1206C106K3RACTU,,ESR,Ω,14454.392578125,0.02958262898027897
7,C1206C106K3RACTU,,ESR,Ω,15135.6064453125,0.028391528874635696
7,C1206C106K3RACTU,,ESR,Ω,15848.9248046875,0.027254125103354454
7,C1206C106K3RACTU,,ESR,Ω,16595.861328125,0.026167836040258408
7,C1206C106K3RACTU,,ESR,Ω,17378,0.025130564346909523
7,C1206C106K3RACTU,,ESR,Ω,18197.017578125,0.024139782413840294
7,C1206C106K3RACTU,,ESR,Ω,19054.6171875,0.023193703964352608
7,C1206C106K3RACTU,,ESR,Ω,19952.6328125,0.022290222346782684
7,C1206C106K3RACTU,,ESR,Ω,20892.96875,0.021427327767014503
7,C1206C106K3RACTU,,ESR,Ω,21877.623046875,0.020603379234671593
7,C1206C106K3RACTU,,ESR,Ω,22908.68359375,0.019816424697637558
7,C1206C106K3RACTU,,ESR,Ω,23988.3359375,0.019064949825406075
7,C1206C106K3RACTU,,ESR,Ω,25118.869140625,0.018347242847085
7,C1206C106K3RACTU,,ESR,Ω,26302.68359375,0.01766188070178032
7,C1206C106K3RACTU,,ESR,Ω,27542.291015625,0.017007354646921158
7,C1206C106K3RACTU,,ESR,Ω,28840.318359375,0.016382278874516487
7,C1206C106K3RACTU,,ESR,Ω,30199.517578125,0.015785306692123413
7,C1206C106K3RACTU,,ESR,Ω,31622.77734375,0.015215224586427212
7,C1206C106K3RACTU,,ESR,Ω,33113.109375,0.014670846983790398
7,C1206C106K3RACTU,,ESR,Ω,34673.68359375,0.01415090449154377
7,C1206C106K3RACTU,,ESR,Ω,36307.80078125,0.01365436427295208
7,C1206C106K3RACTU,,ESR,Ω,38018.93359375,0.013180205598473549
7,C1206C106K3RACTU,,ESR,Ω,39810.70703125,0.01272739376872778
7,C1206C106K3RACTU,,ESR,Ω,41686.92578125,0.012294936925172806
7,C1206C106K3RACTU,,ESR,Ω,43651.5703125,0.011881956830620766
7,C1206C106K3RACTU,,ESR,Ω,45708.8046875,0.011487566865980625
7,C1206C106K3RACTU,,ESR,Ω,47862.9921875,0.011110941879451275
7,C1206C106K3RACTU,,ESR,Ω,50118.703125,0.010751243680715561
7,C1206C106K3RACTU,,ESR,Ω,52480.71875,0.01040774304419756
7,C1206C106K3RACTU,,ESR,Ω,54954.05859375,0.010079680941998959
7,C1206C106K3RACTU,,ESR,Ω,57544.0234375,0.009766391478478909
7,C1206C106K3RACTU,,ESR,Ω,60255.98828125,0.009467214345932007
7,C1206C106K3RACTU,,ESR,Ω,63095.76171875,0.009181511588394642
7,C1206C106K3RACTU,,ESR,Ω,66069.3671875,0.008908634074032307
7,C1206C106K3RACTU,,ESR,Ω,69183.125,0.008648077957332134
7,C1206C106K3RACTU,,ESR,Ω,72443.6171875,0.00839922297745943
7,C1206C106K3RACTU,,ESR,Ω,75857.78125,0.008161576464772224
7,C1206C106K3RACTU,,ESR,Ω,79432.84375,0.007934629917144775
7,C1206C106K3RACTU,,ESR,Ω,83176.390625,0.007717882748693228
7,C1206C106K3RACTU,,ESR,Ω,87096.3671875,0.007510911673307419
7,C1206C106K3RACTU,,ESR,Ω,91201.09375,0.007313230540603399
7,C1206C106K3RACTU,,ESR,Ω,95499.265625,0.007124471012502909
7,C1206C106K3RACTU,,ESR,Ω,100000,0.006944201420992613
7,C1206C106K3RACTU,,ESR,Ω,104712.8515625,0.006772036198526621
7,C1206C106K3RACTU,,ESR,Ω,109647.8125,0.006607627961784601
7,C1206C106K3RACTU,,ESR,Ω,114815.34375,0.006450613960623741
7,C1206C106K3RACTU,,ESR,Ω,120226.421875,0.006300664972513914
7,C1206C106K3RACTU,,ESR,Ω,125892.515625,0.0061574652791023254
7,C1206C106K3RACTU,,ESR,Ω,131825.640625,0.0060207173228263855
7,C1206C106K3RACTU,,ESR,Ω,138038.390625,0.005890112370252609
7,C1206C106K3RACTU,,ESR,Ω,144543.921875,0.005765406880527735
7,C1206C106K3RACTU,,ESR,Ω,151356.0625,0.0056462958455085754
7,C1206C106K3RACTU,,ESR,Ω,158489.25,0.005532546434551477
7,C1206C106K3RACTU,,ESR,Ω,165958.609375,0.0054239267483353615
7,C1206C106K3RACTU,,ESR,Ω,173779.984375,0.005320183467119932
7,C1206C106K3RACTU,,ESR,Ω,181970.1875,0.005221114959567785
7,C1206C106K3RACTU,,ESR,Ω,190546.15625,0.005126509349793196
7,C1206C106K3RACTU,,ESR,Ω,199526.3125,0.005036152433604002
7,C1206C106K3RACTU,,ESR,Ω,208929.703125,0.004949874244630337
7,C1206C106K3RACTU,,ESR,Ω,218776.234375,0.004867468494921923
7,C1206C106K3RACTU,,ESR,Ω,229086.828125,0.004788779653608799
7,C1206C106K3RACTU,,ESR,Ω,239883.359375,0.004713625181466341
7,C1206C106K3RACTU,,ESR,Ω,251188.703125,0.004641858860850334
7,C1206C106K3RACTU,,ESR,Ω,263026.84375,0.004573323298245668
7,C1206C106K3RACTU,,ESR,Ω,275422.90625,0.004507868550717831
7,C1206C106K3RACTU,,ESR,Ω,288403.1875,0.004445357713848352
7,C1206C106K3RACTU,,ESR,Ω,301995.1875,0.004385670647025108
7,C1206C106K3RACTU,,ESR,Ω,316227.78125,0.004328658804297447
7,C1206C106K3RACTU,,ESR,Ω,331131.09375,0.004274218343198299
7,C1206C106K3RACTU,,ESR,Ω,346736.8125,0.0042222230695188046
7,C1206C106K3RACTU,,ESR,Ω,363078,0.004172573797404766
7,C1206C106K3RACTU,,ESR,Ω,380189.34375,0.004125160165131092
7,C1206C106K3RACTU,,ESR,Ω,398107.09375,0.004079876933246851
7,C1206C106K3RACTU,,ESR,Ω,416869.28125,0.004036629106849432
7,C1206C106K3RACTU,,ESR,Ω,436515.6875,0.003995331469923258
7,C1206C106K3RACTU,,ESR,Ω,457088.03125,0.0039558932185173035
7,C1206C106K3RACTU,,ESR,Ω,478629.90625,0.003918228670954704
7,C1206C106K3RACTU,,ESR,Ω,501187,0.0039181518368422985
7,C1206C106K3RACTU,,ESR,Ω,524807.1875,0.003955814056098461
7,C1206C106K3RACTU,,ESR,Ω,549540.5625,0.003995250444859266
7,C1206C106K3RACTU,,ESR,Ω,575440.25,0.0040365466848015785
7,C1206C106K3RACTU,,ESR,Ω,602559.875,0.004079787991940975
7,C1206C106K3RACTU,,ESR,Ω,630957.625,0.004125065635889769
7,C1206C106K3RACTU,,ESR,Ω,660693.6875,0.004172477871179581
7,C1206C106K3RACTU,,ESR,Ω,691831.1875,0.004222122952342033
7,C1206C106K3RACTU,,ESR,Ω,724436.1875,0.004274111241102219
7,C1206C106K3RACTU,,ESR,Ω,758577.75,0.004328547045588493
7,C1206C106K3RACTU,,ESR,Ω,794328.4375,0.004385550040751696
7,C1206C106K3RACTU,,ESR,Ω,831763.9375,0.004445239435881376
7,C1206C106K3RACTU,,ESR,Ω,870963.6875,0.004507741890847683
7,C1206C106K3RACTU,,ESR,Ω,912010.9375,0.004573186859488487
7,C1206C106K3RACTU,,ESR,Ω,954992.625,0.004641719628125429
7,C1206C106K3RACTU,,ESR,Ω,1e+06,0.0047134822234511375
7,C1206C106K3RACTU,,ESR,Ω,1.0471285e+06,0.004788625985383987
7,C1206C106K3RACTU,,ESR,Ω,1.096478125e+06,0.004867310635745525
7,C1206C106K3RACTU,,ESR,Ω,1.1481535e+06,0.004949703346937895
7,C1206C106K3RACTU,,ESR,Ω,1.20226425e+06,0.005035981070250273
7,C1206C106K3RACTU,,ESR,Ω,1.258925125e+06,0.005126321688294411
7,C1206C106K3RACTU,,ESR,Ω,1.318256375e+06,0.005220922641456127
7,C1206C106K3RACTU,,ESR,Ω,1.380383875e+06,0.005319980904459953
7,C1206C106K3RACTU,,ESR,Ω,1.44543925e+06,0.005423709284514189
7,C1206C106K3RACTU,,ESR,Ω,1.513560625e+06,0.005532324314117432
7,C1206C106K3RACTU,,ESR,Ω,1.5848925e+06,0.004522939678281546
7,C1206C106K3RACTU,,ESR,Ω,1.659586125e+06,0.004589103162288666
7,C1206C106K3RACTU,,ESR,Ω,1.737799875e+06,0.004658385179936886
7,C1206C106K3RACTU,,ESR,Ω,1.819701875e+06,0.00473093381151557
7,C1206C106K3RACTU,,ESR,Ω,1.905461625e+06,0.004806899931281805
7,C1206C106K3RACTU,,ESR,Ω,1.99526325e+06,0.004886446055024862
7,C1206C106K3RACTU,,ESR,Ω,2.089297e+06,0.004969742149114609
7,C1206C106K3RACTU,,ESR,Ω,2.1877625e+06,0.005056962836533785
7,C1206C106K3RACTU,,ESR,Ω,2.29086825e+06,0.005148294847458601
7,C1206C106K3RACTU,,ESR,Ω,2.3988335e+06,0.0052439309656620026
7,C1206C106K3RACTU,,ESR,Ω,2.511887e+06,0.005344073753803968
7,C1206C106K3RACTU,,ESR,Ω,2.6302685e+06,0.005448936019092798
7,C1206C106K3RACTU,,ESR,Ω,2.754229e+06,0.005558740813285112
7,C1206C106K3RACTU,,ESR,Ω,2.88403175e+06,0.0056737205013632774
7,C1206C106K3RACTU,,ESR,Ω,3.01995175e+06,0.00579411955550313
7,C1206C106K3RACTU,,ESR,Ω,3.16227775e+06,0.005920192692428827
7,C1206C106K3RACTU,,ESR,Ω,3.311311e+06,0.0060522062703967094
7,C1206C106K3RACTU,,ESR,Ω,3.46736825e+06,0.006190442480146885
7,C1206C106K3RACTU,,ESR,Ω,3.63078e+06,0.006335192825645208
7,C1206C106K3RACTU,,ESR,Ω,3.80189325e+06,0.006486766971647739
7,C1206C106K3RACTU,,ESR,Ω,3.98107075e+06,0.006645482499152422
7,C1206C106K3RACTU,,ESR,Ω,4.16869275e+06,0.006811678875237703
7,C1206C106K3RACTU,,ESR,Ω,4.365157e+06,0.00698570953682065
7,C1206C106K3RACTU,,ESR,Ω,4.5708805e+06,0.007167941424995661
7,C1206C106K3RACTU,,ESR,Ω,4.786299e+06,0.007358760107308626
7,C1206C106K3RACTU,,ESR,Ω,5.01187e+06,0.007558572571724653
7,C1206C106K3RACTU,,ESR,Ω,5.248072e+06,0.00776780117303133
7,C1206C106K3RACTU,,ESR,Ω,5.495406e+06,0.007986892014741898
7,C1206C106K3RACTU,,ESR,Ω,5.7544025e+06,0.00821631122380495
7,C1206C106K3RACTU,,ESR,Ω,6.025599e+06,0.008456540293991566
7,C1206C106K3RACTU,,ESR,Ω,6.309576e+06,0.008708088658750057
7,C1206C106K3RACTU,,ESR,Ω,6.606937e+06,0.008971498347818851
7,C1206C106K3RACTU,,ESR,Ω,6.918312e+06,0.009247316978871822
7,C1206C106K3RACTU,,ESR,Ω,7.244362e+06,0.009536134079098701
7,C1206C106K3RACTU,,ESR,Ω,7.5857775e+06,0.009838567115366459
7,C1206C106K3RACTU,,ESR,Ω,7.943284e+06,0.010155248455703259
7,C1206C106K3RACTU,,ESR,Ω,8.317639e+06,0.01048685796558857
7,C1206C106K3RACTU,,ESR,Ω,8.709637e+06,0.010834099724888802
7,C1206C106K3RACTU,,ESR,Ω,9.120109e+06,0.011197701096534729
7,C1206C106K3RACTU,,ESR,Ω,9.549926e+06,0.011578443460166454
7,C1206C106K3RACTU,,ESR,Ω,1e+07,0.011977129615843296
7,C1206C106K3RACTU,,ESR,Ω,1.0471285e+07,0.012394602410495281
7,C1206C106K3RACTU,,ESR,Ω,1.0964781e+07,0.01283174753189087
7,C1206C106K3RACTU,,ESR,Ω,1.1481535e+07,0.013289502821862698
7,C1206C106K3RACTU,,ESR,Ω,1.2022642e+07,0.013768830336630344
7,C1206C106K3RACTU,,ESR,Ω,1.2589251e+07,0.014270748943090439
7,C1206C106K3RACTU,,ESR,Ω,1.3182564e+07,0.014796322211623192
7,C1206C106K3RACTU,,ESR,Ω,1.3803838e+07,0.015346675179898739
7,C1206C106K3RACTU,,ESR,Ω,1.4454393e+07,0.01592295616865158
7,C1206C106K3RACTU,,ESR,Ω,1.5135607e+07,0.01652640663087368
7,C1206C106K3RACTU,,ESR,Ω,1.5848925e+07,0.017158301547169685
7,C1206C106K3RACTU,,ESR,Ω,1.6595861e+07,0.017819970846176147
7,C1206C106K3RACTU,,ESR,Ω,1.7378e+07,0.018512828275561333
7,C1206C106K3RACTU,,ESR,Ω,1.8197018e+07,0.019238367676734924
7,C1206C106K3RACTU,,ESR,Ω,1.9054616e+07,0.019998086616396904
7,C1206C106K3RACTU,,ESR,Ω,1.9952632e+07,0.02079361118376255
7,C1206C106K3RACTU,,ESR,Ω,2.089297e+07,0.021626628935337067
7,C1206C106K3RACTU,,ESR,Ω,2.1877624e+07,0.022498926147818565
7,C1206C106K3RACTU,,ESR,Ω,2.2908684e+07,0.023412324488162994
7,C1206C106K3RACTU,,ESR,Ω,2.3988336e+07,0.02436879463493824
7,C1206C106K3RACTU,,ESR,Ω,2.511887e+07,0.025370338931679726
7,C1206C106K3RACTU,,ESR,Ω,2.6302684e+07,0.026419103145599365
7,C1206C106K3RACTU,,ESR,Ω,2.754229e+07,0.02751731313765049
7,C1206C106K3RACTU,,ESR,Ω,2.8840318e+07,0.028667286038398743
7,C1206C106K3RACTU,,ESR,Ω,3.0199518e+07,0.02987147681415081
7,C1206C106K3RACTU,,ESR,Ω,3.1622776e+07,0.031132429838180542
7,C1206C106K3RACTU,,ESR,Ω,3.311311e+07,0.03245285153388977
7,C1206C106K3RACTU,,ESR,Ω,3.467368e+07,0.0338355116546154
7,C1206C106K3RACTU,,ESR,Ω,3.63078e+07,0.03528339043259621
7,C1206C106K3RACTU,,ESR,Ω,3.8018932e+07,0.03679952770471573
7,C1206C106K3RACTU,,ESR,Ω,3.9810708e+07,0.03838716074824333
7,C1206C106K3RACTU,,ESR,Ω,4.1686928e+07,0.040049657225608826
7,C1206C106K3RACTU,,ESR,Ω,4.3651568e+07,0.04179055243730545
7,C1206C106K3RACTU,,ESR,Ω,4.5708804e+07,0.04361357167363167
7,C1206C106K3RACTU,,ESR,Ω,4.7862992e+07,0.045522551983594894
7,C1206C106K3RACTU,,ESR,Ω,5.01187e+07,0.047521598637104034
7,C1206C106K3RACTU,,ESR,Ω,5.248072e+07,0.04961495101451874
7,C1206C106K3RACTU,,ESR,Ω,5.495406e+07,0.051807060837745667
7,C1206C106K3RACTU,,ESR,Ω,5.7544024e+07,0.05410267040133476
7,C1206C106K3RACTU,,ESR,Ω,6.0255988e+07,0.056506529450416565
7,C1206C106K3RACTU,,ESR,Ω,6.3095764e+07,0.05902385711669922
7,C1206C106K3RACTU,,ESR,Ω,6.6069372e+07,0.06165998801589012
7,C1206C106K3RACTU,,ESR,Ω,6.918312e+07,0.06442059576511383
7,C1206C106K3RACTU,,ESR,Ω,7.2443616e+07,0.06731152534484863
7,C1206C106K3RACTU,,ESR,Ω,7.5857776e+07,0.07033900916576385
7,C1206C106K3RACTU,,ESR,Ω,7.943284e+07,0.07350948452949524
7,C1206C106K3RACTU,,ESR,Ω,8.3176392e+07,0.07682973891496658
7,C1206C106K3RACTU,,ESR,Ω,8.7096368e+07,0.08030691742897034
7,C1206C106K3RACTU,,ESR,Ω,9.1201088e+07,0.08394847065210342
7,C1206C106K3RACTU,,ESR,Ω,9.5499264e+07,0.08776221424341202
7,C1206C106K3RACTU,,ESR,Ω,1e+08,0.09175636619329453
7,C1206C106K3RACTU,,ESR,Ω,1.04712968e+08,0.09593956172466278
7,C1206C106K3RACTU,,ESR,Ω,1.09647808e+08,0.10032061487436295
7,C1206C106K3RACTU,,ESR,Ω,1.14815472e+08,0.1049092635512352
7,C1206C106K3RACTU,,ESR,Ω,1.20226424e+08,0.10971514135599136
7,C1206C106K3RACTU,,ESR,Ω,1.25892648e+08,0.11474913358688354
7,C1206C106K3RACTU,,ESR,Ω,1.3182564e+08,0.12002164870500565
7,C1206C106K3RACTU,,ESR,Ω,1.38038528e+08,0.12554465234279633
7,C1206C106K3RACTU,,ESR,Ω,1.4454392e+08,0.13132977485656738
7,C1206C106K3RACTU,,ESR,Ω,1.51356224e+08,0.1373901218175888
7,C1206C106K3RACTU,,ESR,Ω,1.58489248e+08,0.14373865723609924
7,C1206C106K3RACTU,,ESR,Ω,1.659588e+08,0.15038983523845673
7,C1206C106K3RACTU,,ESR,Ω,1.73779984e+08,0.1573578119277954
7,C1206C106K3RACTU,,ESR,Ω,1.81970176e+08,0.16465885937213898
7,C1206C106K3RACTU,,ESR,Ω,1.90545952e+08,0.1723085641860962
7,C1206C106K3RACTU,,ESR,Ω,1.9952632e+08,0.18032509088516235
7,C1206C106K3RACTU,,ESR,Ω,2.08929472e+08,0.18872562050819397
7,C1206C106K3RACTU,,ESR,Ω,2.1877624e+08,0.19753046333789825
7,C1206C106K3RACTU,,ESR,Ω,2.29086592e+08,0.20675885677337646
7,C1206C106K3RACTU,,ESR,Ω,2.3988336e+08,0.21643322706222534
7,C1206C106K3RACTU,,ESR,Ω,2.51188416e+08,0.22657571732997894
7,C1206C106K3RACTU,,ESR,Ω,2.63026848e+08,0.2372111678123474
7,C1206C106K3RACTU,,ESR,Ω,2.75422592e+08,0.24836450815200806
7,C1206C106K3RACTU,,ESR,Ω,2.88403168e+08,0.26006394624710083
7,C1206C106K3RACTU,,ESR,Ω,3.01994848e+08,0.27233758568763733
7,C1206C106K3RACTU,,ESR,Ω,3.16227776e+08,0.285217821598053
7,C1206C106K3RACTU,,ESR,Ω,3.31131456e+08,0.2987375557422638
7,C1206C106K3RACTU,,ESR,Ω,3.46736832e+08,0.3129318058490753
7,C1206C106K3RACTU,,ESR,Ω,3.630784e+08,0.32784053683280945
7,C1206C106K3RACTU,,ESR,Ω,3.80189344e+08,0.34350353479385376
7,C1206C106K3RACTU,,ESR,Ω,3.9810752e+08,0.35996749997138977
7,C1206C106K3RACTU,,ESR,Ω,4.1686928e+08,0.377279669046402
7,C1206C106K3RACTU,,ESR,Ω,4.36516192e+08,0.395494282245636
7,C1206C106K3RACTU,,ESR,Ω,4.57088032e+08,0.41466715931892395
7,C1206C106K3RACTU,,ESR,Ω,4.78630432e+08,0.4348624646663666
7,C1206C106K3RACTU,,ESR,Ω,5.01187008e+08,0.4561467468738556
7,C1206C106K3RACTU,,ESR,Ω,5.24807776e+08,0.4785962402820587
7,C1206C106K3RACTU,,ESR,Ω,5.49540608e+08,0.5022891163825989
7,C1206C106K3RACTU,,ESR,Ω,5.75440256e+08,0.5273154377937317
7,C1206C106K3RACTU,,ESR,Ω,6.02559232e+08,0.5537662506103516
7,C1206C106K3RACTU,,ESR,Ω,6.30957632e+08,0.581745445728302
7,C1206C106K3RACTU,,ESR,Ω,6.60692992e+08,0.6113560199737549
7,C1206C106K3RACTU,,ESR,Ω,6.91831232e+08,0.6427115797996521
7,C1206C106K3RACTU,,ESR,Ω,7.24435392e+08,0.6759225130081177
7,C1206C106K3RACTU,,ESR,Ω,7.58577792e+08,0.7111042737960815
7,C1206C106K3RACTU,,ESR,Ω,7.94327552e+08,0.7483628392219543
7,C1206C106K3RACTU,,ESR,Ω,8.31763904e+08,0.787801206111908
7,C1206C106K3RACTU,,ESR,Ω,8.70962752e+08,0.8295049071311951
7,C1206C106K3RACTU,,ESR,Ω,9.12010944e+08,0.873550534248352
7,C1206C106K3RACTU,,ESR,Ω,9.54991552e+08,0.9199877977371216
7,C1206C106K3RACTU,,ESR,Ω,1e+09,0.968853235244751
7,C1206C106K3RACTU,,ESR,Ω,1.047129664e+09,1.02016282081604
7,C1206C106K3RACTU,,ESR,Ω,1.09647808e+09,1.0739136934280396
7,C1206C106K3RACTU,,ESR,Ω,1.148154752e+09,1.130104899406433
7,C1206C106K3RACTU,,ESR,Ω,1.202264192e+09,1.1887257099151611
7,C1206C106K3RACTU,,ESR,Ω,1.258926464e+09,1.2497824430465698
7,C1206C106K3RACTU,,ESR,Ω,1.318256384e+09,1.3132888078689575
7,C1206C106K3RACTU,,ESR,Ω,1.380385408e+09,1.379291296005249
7,C1206C106K3RACTU,,ESR,Ω,1.445439232e+09,1.4478504657745361
7,C1206C106K3RACTU,,ESR,Ω,1.513562368e+09,1.5190681219100952
7,C1206C106K3RACTU,,ESR,Ω,1.584892544e+09,1.59305739402771
7,C1206C106K3RACTU,,ESR,Ω,1.659587968e+09,1.6699721813201904
7,C1206C106K3RACTU,,ESR,Ω,1.737799936e+09,1.7499735355377197
7,C1206C106K3RACTU,,ESR,Ω,1.81970176e+09,1.8332536220550537
7,C1206C106K3RACTU,,ESR,Ω,1.905459584e+09,1.9200069904327393
7,C1206C106K3RACTU,,ESR,Ω,1.995263232e+09,2.01045560836792
7,C1206C106K3RACTU,,ESR,Ω,2.08929472e+09,2.1048178672790527
7,C1206C106K3RACTU,,ESR,Ω,2.187762432e+09,2.203331708908081
7,C1206C106K3RACTU,,ESR,Ω,2.29086592e+09,2.3062338829040527
7,C1206C106K3RACTU,,ESR,Ω,2.398833664e+09,2.4137816429138184
7,C1206C106K3RACTU,,ESR,Ω,2.511884288e+09,2.5262246131896973
7,C1206C106K3RACTU,,ESR,Ω,2.630268416e+09,2.643834352493286
7,C1206C106K3RACTU,,ESR,Ω,2.75422592e+09,2.7668769359588623
7,C1206C106K3RACTU,,ESR,Ω,2.884031744e+09,2.895644187927246
7,C1206C106K3RACTU,,ESR,Ω,3.019948544e+09,3.0304176807403564
7,C1206C106K3RACTU,,ESR,Ω,3.162277632e+09,3.1715097427368164
7,C1206C106K3RACTU,,ESR,Ω,3.311314688e+09,3.319230556488037
7,C1206C106K3RACTU,,ESR,Ω,3.467368192e+09,3.4738986492156982
7,C1206C106K3RACTU,,ESR,Ω,3.630784e+09,3.6358652114868164
7,C1206C106K3RACTU,,ESR,Ω,3.801893376e+09,3.8054707050323486
7,C1206C106K3RACTU,,ESR,Ω,3.9810752e+09,3.9830994606018066
7,C1206C106K3RACTU,,ESR,Ω,4.168692736e+09,4.169116497039795
7,C1206C106K3RACTU,,ESR,Ω,4.365161984e+09,4.363940715789795
7,C1206C106K3RACTU,,ESR,Ω,4.570880512e+09,4.567971706390381
7,C1206C106K3RACTU,,ESR,Ω,4.786304512e+09,4.781668186187744
7,C1206C106K3RACTU,,ESR,Ω,5.011870208e+09,5.00546407699585
7,C1206C106K3RACTU,,ESR,Ω,5.248077824e+09,5.239863395690918
7,C1206C106K3RACTU,,ESR,Ω,5.49540608e+09,5.485339164733887
7,C1206C106K3RACTU,,ESR,Ω,5.754402304e+09,5.742441654205322
7,C1206C106K3RACTU,,ESR,Ω,6.02559232e+09,6.011691093444824
7,C1206C106K3RACTU,,ESR,Ω,6.309576192e+09,6.293686389923096
7,C1206C106K3RACTU,,ESR,Ω,6.60692992e+09,6.589003562927246
7,C1206C106K3RACTU,,ESR,Ω,6.918311936e+09,6.898293972015381
7,C1206C106K3RACTU,,ESR,Ω,7.244354048e+09,7.222187042236328
7,C1206C106K3RACTU,,ESR,Ω,7.585777664e+09,7.561407566070557
7,C1206C106K3RACTU,,ESR,Ω,7.94327552e+09,7.916633129119873
7,C1206C106K3RACTU,,ESR,Ω,8.317639168e+09,8.288658142089844
7,C1206C106K3RACTU,,ESR,Ω,8.709627904e+09,8.678235054016113
7,C1206C106K3RACTU,,ESR,Ω,9.120109568e+09,9.086236953735352
7,C1206C106K3RACTU,,ESR,Ω,9.54991616e+09,9.513479232788086
7,C1206C106K3RACTU,,ESR,Ω,1e+10,9.960906028747559
8,C0805C475K3RACTU,,Impedance,Ω,10000,3.514688014984131
8,C0805C475K3RACTU,,Impedance,Ω,10471.28515625,3.358579635620117
8,C0805C475K3RACTU,,Impedance,Ω,10964.78125,3.2094054222106934
8,C0805C475K3RACTU,,Impedance,Ω,11481.53515625,3.0668585300445557
8,C0805C475K3RACTU,,Impedance,Ω,12022.642578125,2.9306445121765137
8,C0805C475K3RACTU,,Impedance,Ω,12589.2509765625,2.8004813194274902
8,C0805C475K3RACTU,,Impedance,Ω,13182.5634765625,2.6760997772216797
8,C0805C475K3RACTU,,Impedance,Ω,13803.8388671875,2.5572433471679688
8,C0805C475K3RACTU,,Impedance,Ω,14454.392578125,2.443666934967041
8,C0805C475K3RACTU,,Impedance,Ω,15135.6064453125,2.3351356983184814
8,C0805C475K3RACTU,,Impedance,Ω,15848.9248046875,2.2314257621765137
8,C0805C475K3RACTU,,Impedance,Ω,16595.861328125,2.1323227882385254
8,C0805C475K3RACTU,,Impedance,Ω,17378,2.037620782852173
8,C0805C475K3RACTU,,Impedance,Ω,18197.017578125,1.9471248388290405
8,C0805C475K3RACTU,,Impedance,Ω,19054.6171875,1.8606488704681396
8,C0805C475K3RACTU,,Impedance,Ω,19952.6328125,1.7780143022537231
8,C0805C475K3RACTU,,Impedance,Ω,20892.96875,1.6990509033203125
8,C0805C475K3RACTU,,Impedance,Ω,21877.623046875,1.6235947608947754
8,C0805C475K3RACTU,,Impedance,Ω,22908.68359375,1.5514897108078003
8,C0805C475K3RACTU,,Impedance,Ω,23988.3359375,1.482587218284607
8,C0805C475K3RACTU,,Impedance,Ω,25118.869140625,1.4167449474334717
8,C0805C475K3RACTU,,Impedance,Ω,26302.68359375,1.3538272380828857
8,C0805C475K3RACTU,,Impedance,Ω,27542.291015625,1.2937037944793701
8,C0805C475K3RACTU,,Impedance,Ω,28840.318359375,1.236250877380371
8,C0805C475K3RACTU,,Impedance,Ω,30199.517578125,1.181349277496338
8,C0805C475K3RACTU,,Impedance,Ω,31622.77734375,1.1288858652114868
8,C0805C475K3RACTU,,Impedance,Ω,33113.109375,1.0787526369094849
8,C0805C475K3RACTU,,Impedance,Ω,34673.68359375,1.0308455228805542
8,C0805C475K3RACTU,,Impedance,Ω,36307.80078125,0.9850661158561707
8,C0805C475K3RACTU,,Impedance,Ω,38018.93359375,0.9413195252418518
8,C0805C475K3RACTU,,Impedance,Ω,39810.70703125,0.899515688419342
8,C0805C475K3RACTU,,Impedance,Ω,41686.92578125,0.8595680594444275
8,C0805C475K3RACTU,,Impedance,Ω,43651.5703125,0.8213942646980286
8,C0805C475K3RACTU,,Impedance,Ω,45708.8046875,0.7849153280258179
8,C0805C475K3RACTU,,Impedance,Ω,47862.9921875,0.7500564455986023
8,C0805C475K3RACTU,,Impedance,Ω,50118.703125,0.7167451977729797
8,C0805C475K3RACTU,,Impedance,Ω,52480.71875,0.6849128007888794
8,C0805C475K3RACTU,,Impedance,Ω,54954.05859375,0.6544938683509827
8,C0805C475K3RACTU,,Impedance,Ω,57544.0234375,0.6254245042800903
8,C0805C475K3RACTU,,Impedance,Ω,60255.98828125,0.5976462960243225
8,C0805C475K3RACTU,,Impedance,Ω,63095.76171875,0.5711013674736023
8,C0805C475K3RACTU,,Impedance,Ω,66069.3671875,0.5457345843315125
8,C0805C475K3RACTU,,Impedance,Ω,69183.125,0.5214938521385193
8,C0805C475K3RACTU,,Impedance,Ω,72443.6171875,0.4983289837837219
8,C0805C475K3RACTU,,Impedance,Ω,75857.78125,0.4761921465396881
8,C0805C475K3RACTU,,Impedance,Ω,79432.84375,0.4550377130508423
8,C0805C475K3RACTU,,Impedance,Ω,83176.390625,0.4348219633102417
8,C0805C475K3RACTU,,Impedance,Ω,87096.3671875,0.4155033230781555
8,C0805C475K3RACTU,,Impedance,Ω,91201.09375,0.39704179763793945
8,C0805C475K3RACTU,,Impedance,Ω,95499.265625,0.3793991208076477
8,C0805C475K3RACTU,,Impedance,Ω,100000,0.362539142370224
8,C0805C475K3RACTU,,Impedance,Ω,104712.8515625,0.3464270234107971
8,C0805C475K3RACTU,,Impedance,Ω,109647.8125,0.33102935552597046
8,C0805C475K3RACTU,,Impedance,Ω,114815.34375,0.3163145184516907
8,C0805C475K3RACTU,,Impedance,Ω,120226.421875,0.30225202441215515
8,C0805C475K3RACTU,,Impedance,Ω,125892.515625,0.28881287574768066
8,C0805C475K3RACTU,,Impedance,Ω,131825.640625,0.27596935629844666
8,C0805C475K3RACTU,,Impedance,Ω,138038.390625,0.26369497179985046
8,C0805C475K3RACTU,,Impedance,Ω,144543.921875,0.2519645094871521
8,C0805C475K3RACTU,,Impedance,Ω,151356.0625,0.24075350165367126
8,C0805C475K3RACTU,,Impedance,Ω,158489.25,0.23003898561000824
8,C0805C475K3RACTU,,Impedance,Ω,165958.609375,0.21979880332946777
8,C0805C475K3RACTU,,Impedance,Ω,173779.984375,0.21001183986663818
8,C0805C475K3RACTU,,Impedance,Ω,181970.1875,0.20065759122371674
8,C0805C475K3RACTU,,Impedance,Ω,190546.15625,0.19171738624572754
8,C0805C475K3RACTU,,Impedance,Ω,199526.3125,0.18317237496376038
8,C0805C475K3RACTU,,Impedance,Ω,208929.703125,0.17500494420528412
8,C0805C475K3RACTU,,Impedance,Ω,218776.234375,0.16719840466976166
8,C0805C475K3RACTU,,Impedance,Ω,229086.828125,0.15973642468452454
8,C0805C475K3RACTU,,Impedance,Ω,239883.359375,0.15260374546051025
8,C0805C475K3RACTU,,Impedance,Ω,251188.703125,0.14578558504581451
8,C0805C475K3RACTU,,Impedance,Ω,263026.84375,0.1392679363489151
8,C0805C475K3RACTU,,Impedance,Ω,275422.90625,0.13303731381893158
8,C0805C475K3RACTU,,Impedance,Ω,288403.1875,0.12708085775375366
8,C0805C475K3RACTU,,Impedance,Ω,301995.1875,0.12138630449771881
8,C0805C475K3RACTU,,Impedance,Ω,316227.78125,0.1159418597817421
8,C0805C475K3RACTU,,Impedance,Ω,331131.09375,0.11073633283376694
8,C0805C475K3RACTU,,Impedance,Ω,346736.8125,0.10575897246599197
8,C0805C475K3RACTU,,Impedance,Ω,363078,0.10099951177835464
8,C0805C475K3RACTU,,Impedance,Ω,380189.34375,0.09644809365272522
8,C0805C475K3RACTU,,Impedance,Ω,398107.09375,0.09209540486335754
8,C0805C475K3RACTU,,Impedance,Ω,416869.28125,0.08793239295482635
8,C0805C475K3RACTU,,Impedance,Ω,436515.6875,0.08395051956176758
8,C0805C475K3RACTU,,Impedance,Ω,457088.03125,0.08014152944087982
8,C0805C475K3RACTU,,Impedance,Ω,478629.90625,0.07649761438369751
8,C0805C475K3RACTU,,Impedance,Ω,501187,0.07301121950149536
8,C0805C475K3RACTU,,Impedance,Ω,524807.1875,0.06967519223690033
8,C0805C475K3RACTU,,Impedance,Ω,549540.5625,0.06648262590169907
8,C0805C475K3RACTU,,Impedance,Ω,575440.25,0.06342685967683792
8,C0805C475K3RACTU,,Impedance,Ω,602559.875,0.06050175055861473
8,C0805C475K3RACTU,,Impedance,Ω,630957.625,0.057701218873262405
8,C0805C475K3RACTU,,Impedance,Ω,660693.6875,0.055019479244947433
8,C0805C475K3RACTU,,Impedance,Ω,691831.1875,0.052450992166996
8,C0805C475K3RACTU,,Impedance,Ω,724436.1875,0.04999048262834549
8,C0805C475K3RACTU,,Impedance,Ω,758577.75,0.04763289913535118
8,C0805C475K3RACTU,,Impedance,Ω,794328.4375,0.04537337273359299
8,C0805C475K3RACTU,,Impedance,Ω,831763.9375,0.043211814016103745
8,C0805C475K3RACTU,,Impedance,Ω,870963.6875,0.04114445298910141
8,C0805C475K3RACTU,,Impedance,Ω,912010.9375,0.03916284814476967
8,C0805C475K3RACTU,,Impedance,Ω,954992.625,0.03726302832365036
8,C0805C475K3RACTU,,Impedance,Ω,1e+06,0.035441238433122635
8,C0805C475K3RACTU,,Impedance,Ω,1.0471285e+06,0.03369389846920967
8,C0805C475K3RACTU,,Impedance,Ω,1.096478125e+06,0.03201760724186897
8,C0805C475K3RACTU,,Impedance,Ω,1.1481535e+06,0.030409155413508415
8,C0805C475K3RACTU,,Impedance,Ω,1.20226425e+06,0.028865506872534752
8,C0805C475K3RACTU,,Impedance,Ω,1.258925125e+06,0.027383802458643913
8,C0805C475K3RACTU,,Impedance,Ω,1.318256375e+06,0.025961371138691902
8,C0805C475K3RACTU,,Impedance,Ω,1.380383875e+06,0.02459574304521084
8,C0805C475K3RACTU,,Impedance,Ω,1.44543925e+06,0.02328462526202202
8,C0805C475K3RACTU,,Impedance,Ω,1.513560625e+06,0.02202596142888069
8,C0805C475K3RACTU,,Impedance,Ω,1.5848925e+06,0.020817887037992477
8,C0805C475K3RACTU,,Impedance,Ω,1.659586125e+06,0.019658835604786873
8,C0805C475K3RACTU,,Impedance,Ω,1.737799875e+06,0.01854747161269188
8,C0805C475K3RACTU,,Impedance,Ω,1.819701875e+06,0.017482783645391464
8,C0805C475K3RACTU,,Impedance,Ω,1.905461625e+06,0.01646418683230877
8,C0805C475K3RACTU,,Impedance,Ω,1.99526325e+06,0.015491423197090626
8,C0805C475K3RACTU,,Impedance,Ω,2.089297e+06,0.014564773999154568
8,C0805C475K3RACTU,,Impedance,Ω,2.1877625e+06,0.013685092329978943
8,C0805C475K3RACTU,,Impedance,Ω,2.29086825e+06,0.012853902764618397
8,C0805C475K3RACTU,,Impedance,Ω,2.3988335e+06,0.012073528952896595
8,C0805C475K3RACTU,,Impedance,Ω,2.511887e+06,0.011347220279276371
8,C0805C475K3RACTU,,Impedance,Ω,2.6302685e+06,0.010679241269826889
8,C0805C475K3RACTU,,Impedance,Ω,2.754229e+06,0.010074960999190807
8,C0805C475K3RACTU,,Impedance,Ω,2.88403175e+06,0.00954082515090704
8,C0805C475K3RACTU,,Impedance,Ω,3.01995175e+06,0.009084196761250496
8,C0805C475K3RACTU,,Impedance,Ω,3.16227775e+06,0.0075043910183012486
8,C0805C475K3RACTU,,Impedance,Ω,3.311311e+06,0.007089673541486263
8,C0805C475K3RACTU,,Impedance,Ω,3.46736825e+06,0.006775635294616222
8,C0805C475K3RACTU,,Impedance,Ω,3.63078e+06,0.006573826540261507
8,C0805C475K3RACTU,,Impedance,Ω,3.80189325e+06,0.00649284478276968
8,C0805C475K3RACTU,,Impedance,Ω,3.98107075e+06,0.006536347791552544
8,C0805C475K3RACTU,,Impedance,Ω,4.16869275e+06,0.006704401224851608
8,C0805C475K3RACTU,,Impedance,Ω,4.365157e+06,0.0069917417131364346
8,C0805C475K3RACTU,,Impedance,Ω,4.5708805e+06,0.0073871188797056675
8,C0805C475K3RACTU,,Impedance,Ω,4.786299e+06,0.007877734489738941
8,C0805C475K3RACTU,,Impedance,Ω,5.01187e+06,0.00845115166157484
8,C0805C475K3RACTU,,Impedance,Ω,5.248072e+06,0.009096463210880756
8,C0805C475K3RACTU,,Impedance,Ω,5.495406e+06,0.009804751724004745
8,C0805C475K3RACTU,,Impedance,Ω,5.7544025e+06,0.010569116100668907
8,C0805C475K3RACTU,,Impedance,Ω,6.025599e+06,0.011384407989680767
8,C0805C475K3RACTU,,Impedance,Ω,6.309576e+06,0.012247041799128056
8,C0805C475K3RACTU,,Impedance,Ω,6.606937e+06,0.013154665008187294
8,C0805C475K3RACTU,,Impedance,Ω,6.918312e+06,0.0141059011220932
8,C0805C475K3RACTU,,Impedance,Ω,7.244362e+06,0.015100204385817051
8,C0805C475K3RACTU,,Impedance,Ω,7.5857775e+06,0.01613764651119709
8,C0805C475K3RACTU,,Impedance,Ω,7.943284e+06,0.01721884123980999
8,C0805C475K3RACTU,,Impedance,Ω,8.317639e+06,0.018344828858971596
8,C0805C475K3RACTU,,Impedance,Ω,8.709637e+06,0.019517023116350174
8,C0805C475K3RACTU,,Impedance,Ω,9.120109e+06,0.02073713392019272
8,C0805C475K3RACTU,,Impedance,Ω,9.549926e+06,0.022007165476679802
8,C0805C475K3RACTU,,Impedance,Ω,1e+07,0.0233293566852808
8,C0805C475K3RACTU,,Impedance,Ω,1.0471285e+07,0.024708466604351997
8,C0805C475K3RACTU,,Impedance,Ω,1.0964781e+07,0.026144711300730705
8,C0805C475K3RACTU,,Impedance,Ω,1.1481535e+07,0.02764095552265644
8,C0805C475K3RACTU,,Impedance,Ω,1.2022642e+07,0.02920028194785118
8,C0805C475K3RACTU,,Impedance,Ω,1.2589251e+07,0.03082597255706787
8,C0805C475K3RACTU,,Impedance,Ω,1.3182564e+07,0.03252148628234863
8,C0805C475K3RACTU,,Impedance,Ω,1.3803838e+07,0.03429047018289566
8,C0805C475K3RACTU,,Impedance,Ω,1.4454393e+07,0.03613679111003876
8,C0805C475K3RACTU,,Impedance,Ω,1.5135607e+07,0.038064487278461456
8,C0805C475K3RACTU,,Impedance,Ω,1.5848925e+07,0.0400778204202652
8,C0805C475K3RACTU,,Impedance,Ω,1.6595861e+07,0.04218124970793724
8,C0805C475K3RACTU,,Impedance,Ω,1.7378e+07,0.04437946900725365
8,C0805C475K3RACTU,,Impedance,Ω,1.8197018e+07,0.046677444130182266
8,C0805C475K3RACTU,,Impedance,Ω,1.9054616e+07,0.049080219119787216
8,C0805C475K3RACTU,,Impedance,Ω,1.9952632e+07,0.05159325897693634
8,C0805C475K3RACTU,,Impedance,Ω,2.089297e+07,0.0542222261428833
8,C0805C475K3RACTU,,Impedance,Ω,2.1877624e+07,0.05697304382920265
8,C0805C475K3RACTU,,Impedance,Ω,2.2908684e+07,0.05985191836953163
8,C0805C475K3RACTU,,Impedance,Ω,2.3988336e+07,0.06286539137363434
8,C0805C475K3RACTU,,Impedance,Ω,2.511887e+07,0.06602026522159576
8,C0805C475K3RACTU,,Impedance,Ω,2.6302684e+07,0.06932371109724045
8,C0805C475K3RACTU,,Impedance,Ω,2.754229e+07,0.0727832093834877
8,C0805C475K3RACTU,,Impedance,Ω,2.8840318e+07,0.07640664279460907
8,C0805C475K3RACTU,,Impedance,Ω,3.0199518e+07,0.08020219951868057
8,C0805C475K3RACTU,,Impedance,Ω,3.1622776e+07,0.08417855948209763
8,C0805C475K3RACTU,,Impedance,Ω,3.311311e+07,0.0883447602391243
8,C0805C475K3RACTU,,Impedance,Ω,3.467368e+07,0.09271026402711868
8,C0805C475K3RACTU,,Impedance,Ω,3.63078e+07,0.09728502482175827
8,C0805C475K3RACTU,,Impedance,Ω,3.8018932e+07,0.10207948088645935
8,C0805C475K3RACTU,,Impedance,Ω,3.9810708e+07,0.10710456222295761
8,C0805C475K3RACTU,,Impedance,Ω,4.1686928e+07,0.11237174272537231
8,C0805C475K3RACTU,,Impedance,Ω,4.3651568e+07,0.1178930327296257
8,C0805C475K3RACTU,,Impedance,Ω,4.5708804e+07,0.12368104606866837
8,C0805C475K3RACTU,,Impedance,Ω,4.7862992e+07,0.12974901497364044
8,C0805C475K3RACTU,,Impedance,Ω,5.01187e+07,0.1361108124256134
8,C0805C475K3RACTU,,Impedance,Ω,5.248072e+07,0.14278101921081543
8,C0805C475K3RACTU,,Impedance,Ω,5.495406e+07,0.1497749239206314
8,C0805C475K3RACTU,,Impedance,Ω,5.7544024e+07,0.15710869431495667
8,C0805C475K3RACTU,,Impedance,Ω,6.0255988e+07,0.1647988259792328
8,C0805C475K3RACTU,,Impedance,Ω,6.3095764e+07,0.17286314070224762
8,C0805C475K3RACTU,,Impedance,Ω,6.6069372e+07,0.1813201904296875
8,C0805C475K3RACTU,,Impedance,Ω,6.918312e+07,0.1901894062757492
8,C0805C475K3RACTU,,Impedance,Ω,7.2443616e+07,0.1994912326335907
8,C0805C475K3RACTU,,Impedance,Ω,7.5857776e+07,0.2092471867799759
8,C0805C475K3RACTU,,Impedance,Ω,7.943284e+07,0.21947962045669556
8,C0805C475K3RACTU,,Impedance,Ω,8.3176392e+07,0.23021245002746582
8,C0805C475K3RACTU,,Impedance,Ω,8.7096368e+07,0.24147029221057892
8,C0805C475K3RACTU,,Impedance,Ω,9.1201088e+07,0.2532794773578644
8,C0805C475K3RACTU,,Impedance,Ω,9.5499264e+07,0.2656673789024353
8,C0805C475K3RACTU,,Impedance,Ω,1e+08,0.278662770986557
8,C0805C475K3RACTU,,Impedance,Ω,1.04712968e+08,0.29229649901390076
8,C0805C475K3RACTU,,Impedance,Ω,1.09647808e+08,0.30659931898117065
8,C0805C475K3RACTU,,Impedance,Ω,1.14815472e+08,0.321606308221817
8,C0805C475K3RACTU,,Impedance,Ω,1.20226424e+08,0.3373512327671051
8,C0805C475K3RACTU,,Impedance,Ω,1.25892648e+08,0.35387271642684937
8,C0805C475K3RACTU,,Impedance,Ω,1.3182564e+08,0.3712084889411926
8,C0805C475K3RACTU,,Impedance,Ω,1.38038528e+08,0.3894011676311493
8,C0805C475K3RACTU,,Impedance,Ω,1.4454392e+08,0.40849268436431885
8,C0805C475K3RACTU,,Impedance,Ω,1.51356224e+08,0.4285302758216858
8,C0805C475K3RACTU,,Impedance,Ω,1.58489248e+08,0.44956034421920776
8,C0805C475K3RACTU,,Impedance,Ω,1.659588e+08,0.4716356098651886
8,C0805C475K3RACTU,,Impedance,Ω,1.73779984e+08,0.49480730295181274
8,C0805C475K3RACTU,,Impedance,Ω,1.81970176e+08,0.5191341638565063
8,C0805C475K3RACTU,,Impedance,Ω,1.90545952e+08,0.5446733832359314
8,C0805C475K3RACTU,,Impedance,Ω,1.9952632e+08,0.5714900493621826
8,C0805C475K3RACTU,,Impedance,Ω,2.08929472e+08,0.5996473431587219
8,C0805C475K3RACTU,,Impedance,Ω,2.1877624e+08,0.6292175054550171
8,C0805C475K3RACTU,,Impedance,Ω,2.29086592e+08,0.6602713465690613
8,C0805C475K3RACTU,,Impedance,Ω,2.3988336e+08,0.6928883194923401
8,C0805C475K3RACTU,,Impedance,Ω,2.51188416e+08,0.7271459698677063
8,C0805C475K3RACTU,,Impedance,Ω,2.63026848e+08,0.7631322145462036
8,C0805C475K3RACTU,,Impedance,Ω,2.75422592e+08,0.8009316921234131
8,C0805C475K3RACTU,,Impedance,Ω,2.88403168e+08,0.8406400680541992
8,C0805C475K3RACTU,,Impedance,Ω,3.01994848e+08,0.8823482394218445
8,C0805C475K3RACTU,,Impedance,Ω,3.16227776e+08,0.9261584281921387
8,C0805C475K3RACTU,,Impedance,Ω,3.31131456e+08,0.9721685647964478
8,C0805C475K3RACTU,,Impedance,Ω,3.46736832e+08,1.0204777717590332
8,C0805C475K3RACTU,,Impedance,Ω,3.630784e+08,1.071192979812622
8,C0805C475K3RACTU,,Impedance,Ω,3.80189344e+08,1.1244113445281982
8,C0805C475K3RACTU,,Impedance,Ω,3.9810752e+08,1.1802375316619873
8,C0805C475K3RACTU,,Impedance,Ω,4.1686928e+08,1.2387652397155762
8,C0805C475K3RACTU,,Impedance,Ω,4.36516192e+08,1.3000946044921875
8,C0805C475K3RACTU,,Impedance,Ω,4.57088032e+08,1.364312767982483
8,C0805C475K3RACTU,,Impedance,Ω,4.78630432e+08,1.4315180778503418
8,C0805C475K3RACTU,,Impedance,Ω,5.01187008e+08,1.5017958879470825
8,C0805C475K3RACTU,,Impedance,Ω,5.24807776e+08,1.5752490758895874
8,C0805C475K3RACTU,,Impedance,Ω,5.49540608e+08,1.651974081993103
8,C0805C475K3RACTU,,Impedance,Ω,5.75440256e+08,1.7320947647094727
8,C0805C475K3RACTU,,Impedance,Ω,6.02559232e+08,1.815737247467041
8,C0805C475K3RACTU,,Impedance,Ω,6.30957632e+08,1.9030632972717285
8,C0805C475K3RACTU,,Impedance,Ω,6.60692992e+08,1.9942413568496704
8,C0805C475K3RACTU,,Impedance,Ω,6.91831232e+08,2.0894830226898193
8,C0805C475K3RACTU,,Impedance,Ω,7.24435392e+08,2.18900465965271
8,C0805C475K3RACTU,,Impedance,Ω,7.58577792e+08,2.293064832687378
8,C0805C475K3RACTU,,Impedance,Ω,7.94327552e+08,2.4019227027893066
8,C0805C475K3RACTU,,Impedance,Ω,8.31763904e+08,2.5158426761627197
8,C0805C475K3RACTU,,Impedance,Ω,8.70962752e+08,2.6307830810546875
8,C0805C475K3RACTU,,Impedance,Ω,9.12010944e+08,2.75103497505188
8,C0805C475K3RACTU,,Impedance,Ω,9.54991552e+08,2.876885414123535
8,C0805C475K3RACTU,,Impedance,Ω,1e+09,3.008652448654175
8,C0805C475K3RACTU,,Impedance,Ω,1.047129664e+09,3.14664363861084
8,C0805C475K3RACTU,,Impedance,Ω,1.09647808e+09,3.2911763191223145
8,C0805C475K3RACTU,,Impedance,Ω,1.148154752e+09,3.442596435546875
8,C0805C475K3RACTU,,Impedance,Ω,1.202264192e+09,3.6012327671051025
8,C0805C475K3RACTU,,Impedance,Ω,1.258926464e+09,3.76745343208313
8,C0805C475K3RACTU,,Impedance,Ω,1.318256384e+09,3.9416110515594482
8,C0805C475K3RACTU,,Impedance,Ω,1.380385408e+09,4.124100685119629
8,C0805C475K3RACTU,,Impedance,Ω,1.445439232e+09,4.315304279327393
8,C0805C475K3RACTU,,Impedance,Ω,1.513562368e+09,4.515649795532227
8,C0805C475K3RACTU,,Impedance,Ω,1.584892544e+09,4.725549221038818
8,C0805C475K3RACTU,,Impedance,Ω,1.659587968e+09,4.9454731941223145
8,C0805C475K3RACTU,,Impedance,Ω,1.737799936e+09,5.175868511199951
8,C0805C475K3RACTU,,Impedance,Ω,1.81970176e+09,5.417248725891113
8,C0805C475K3RACTU,,Impedance,Ω,1.905459584e+09,5.670106410980225
8,C0805C475K3RACTU,,Impedance,Ω,1.995263232e+09,5.935000419616699
8,C0805C475K3RACTU,,Impedance,Ω,2.08929472e+09,6.212470054626465
8,C0805C475K3RACTU,,Impedance,Ω,2.187762432e+09,6.5031304359436035
8,C0805C475K3RACTU,,Impedance,Ω,2.29086592e+09,6.8075690269470215
8,C0805C475K3RACTU,,Impedance,Ω,2.398833664e+09,7.126462936401367
8,C0805C475K3RACTU,,Impedance,Ω,2.511884288e+09,7.460456371307373
8,C0805C475K3RACTU,,Impedance,Ω,2.630268416e+09,7.810291767120361
8,C0805C475K3RACTU,,Impedance,Ω,2.75422592e+09,8.176677703857422
8,C0805C475K3RACTU,,Impedance,Ω,2.884031744e+09,8.560422897338867
8,C0805C475K3RACTU,,Impedance,Ω,3.019948544e+09,8.962308883666992
8,C0805C475K3RACTU,,Impedance,Ω,3.162277632e+09,9.383223533630371
8,C0805C475K3RACTU,,Impedance,Ω,3.311314688e+09,9.824044227600098
8,C0805C475K3RACTU,,Impedance,Ω,3.467368192e+09,10.285676956176758
8,C0805C475K3RACTU,,Impedance,Ω,3.630784e+09,10.76915168762207
8,C0805C475K3RACTU,,Impedance,Ω,3.801893376e+09,11.275444030761719
8,C0805C475K3RACTU,,Impedance,Ω,3.9810752e+09,11.805675506591797
8,C0805C475K3RACTU,,Impedance,Ω,4.168692736e+09,12.360922813415527
8,C0805C475K3RACTU,,Impedance,Ω,4.365161984e+09,12.94241714477539
8,C0805C475K3RACTU,,Impedance,Ω,4.570880512e+09,13.551331520080566
8,C0805C475K3RACTU,,Impedance,Ω,4.786304512e+09,14.189018249511719
8,C0805C475K3RACTU,,Impedance,Ω,5.011870208e+09,14.856771469116211
8,C0805C475K3RACTU,,Impedance,Ω,5.248077824e+09,15.55606746673584
8,C0805C475K3RACTU,,Impedance,Ω,5.49540608e+09,16.2883243560791
8,C0805C475K3RACTU,,Impedance,Ω,5.754402304e+09,17.055166244506836
8,C0805C475K3RACTU,,Impedance,Ω,6.02559232e+09,17.85814666748047
8,C0805C475K3RACTU,,Impedance,Ω,6.309576192e+09,18.69904136657715
8,C0805C475K3RACTU,,Impedance,Ω,6.60692992e+09,19.57955551147461
8,C0805C475K3RACTU,,Impedance,Ω,6.918311936e+09,20.50164222717285
8,C0805C475K3RACTU,,Impedance,Ω,7.244354048e+09,21.467172622680664
8,C0805C475K3RACTU,,Impedance,Ω,7.585777664e+09,22.478281021118164
8,C0805C475K3RACTU,,Impedance,Ω,7.94327552e+09,23.537015914916992
8,C0805C475K3RACTU,,Impedance,Ω,8.317639168e+09,24.645727157592773
8,C0805C475K3RACTU,,Impedance,Ω,8.709627904e+09,25.80666160583496
8,C0805C475K3RACTU,,Impedance,Ω,9.120109568e+09,27.02238655090332
8,C0805C475K3RACTU,,Impedance,Ω,9.54991616e+09,28.295372009277344
8,C0805C475K3RACTU,,Impedance,Ω,1e+10,29.628435134887695
9,C0805C475K3RACTU,,ESR,Ω,10000,0.07210437953472137
9,C0805C475K3RACTU,,ESR,Ω,10471.28515625,0.0690511018037796
9,C0805C475K3RACTU,,ESR,Ω,10964.78125,0.0661352351307869
9,C0805C475K3RACTU,,ESR,Ω,11481.53515625,0.0633506029844284
9,C0805C475K3RACTU,,ESR,Ω,12022.642578125,0.06069128215312958
9,C0805C475K3RACTU,,ESR,Ω,12589.2509765625,0.05815158039331436
9,C0805C475K3RACTU,,ESR,Ω,13182.5634765625,0.05572638288140297
9,C0805C475K3RACTU,,ESR,Ω,13803.8388671875,0.053410448133945465
9,C0805C475K3RACTU,,ESR,Ω,14454.392578125,0.051198478788137436
9,C0805C475K3RACTU,,ESR,Ω,15135.6064453125,0.049086011946201324
9,C0805C475K3RACTU,,ESR,Ω,15848.9248046875,0.047068726271390915
9,C0805C475K3RACTU,,ESR,Ω,16595.861328125,0.045142460614442825
9,C0805C475K3RACTU,,ESR,Ω,17378,0.043302714824676514
9,C0805C475K3RACTU,,ESR,Ω,18197.017578125,0.04154568910598755
9,C0805C475K3RACTU,,ESR,Ω,19054.6171875,0.039867766201496124
9,C0805C475K3RACTU,,ESR,Ω,19952.6328125,0.03826543316245079
9,C0805C475K3RACTU,,ESR,Ω,20892.96875,0.036735113710165024
9,C0805C475K3RACTU,,ESR,Ω,21877.623046875,0.03527377173304558
9,C0805C475K3RACTU,,ESR,Ω,22908.68359375,0.03387809917330742
9,C0805C475K3RACTU,,ESR,Ω,23988.3359375,0.0325453095138073
9,C0805C475K3RACTU,,ESR,Ω,25118.869140625,0.0312725305557251
9,C0805C475K3RACTU,,ESR,Ω,26302.68359375,0.030057011172175407
9,C0805C475K3RACTU,,ESR,Ω,27542.291015625,0.028896259143948555
9,C0805C475K3RACTU,,ESR,Ω,28840.318359375,0.02778758481144905
9,C0805C475K3RACTU,,ESR,Ω,30199.517578125,0.026728982105851173
9,C0805C475K3RACTU,,ESR,Ω,31622.77734375,0.02571794018149376
9,C0805C475K3RACTU,,ESR,Ω,33113.109375,0.02475234679877758
9,C0805C475K3RACTU,,ESR,Ω,34673.68359375,0.023830385878682137
9,C0805C475K3RACTU,,ESR,Ω,36307.80078125,0.022949721664190292
9,C0805C475K3RACTU,,ESR,Ω,38018.93359375,0.02210879884660244
9,C0805C475K3RACTU,,ESR,Ω,39810.70703125,0.02130577340722084
9,C0805C475K3RACTU,,ESR,Ω,41686.92578125,0.020538756623864174
9,C0805C475K3RACTU,,ESR,Ω,43651.5703125,0.019806358963251114
9,C0805C475K3RACTU,,ESR,Ω,45708.8046875,0.019106915220618248
9,C0805C475K3RACTU,,ESR,Ω,47862.9921875,0.018438931554555893
9,C0805C475K3RACTU,,ESR,Ω,50118.703125,0.017801040783524513
9,C0805C475K3RACTU,,ESR,Ω,52480.71875,0.01719183288514614
9,C0805C475K3RACTU,,ESR,Ω,54954.05859375,0.016610044986009598
9,C0805C475K3RACTU,,ESR,Ω,57544.0234375,0.016054408624768257
9,C0805C475K3RACTU,,ESR,Ω,60255.98828125,0.015523839741945267
9,C0805C475K3RACTU,,ESR,Ω,63095.76171875,0.015017090365290642
9,C0805C475K3RACTU,,ESR,Ω,66069.3671875,0.014533228240907192
9,C0805C475K3RACTU,,ESR,Ω,69183.125,0.014071092009544373
9,C0805C475K3RACTU,,ESR,Ω,72443.6171875,0.013629749417304993
9,C0805C475K3RACTU,,ESR,Ω,75857.78125,0.013208280317485332
9,C0805C475K3RACTU,,ESR,Ω,79432.84375,0.01280579250305891
9,C0805C475K3RACTU,,ESR,Ω,83176.390625,0.012421414256095886
9,C0805C475K3RACTU,,ESR,Ω,87096.3671875,0.012054352089762688
9,C0805C475K3RACTU,,ESR,Ω,91201.09375,0.011703774333000183
9,C0805C475K3RACTU,,ESR,Ω,95499.265625,0.011369011364877224
9,C0805C475K3RACTU,,ESR,Ω,100000,0.01104927621781826
9,C0805C475K3RACTU,,ESR,Ω,104712.8515625,0.01074396725744009
9,C0805C475K3RACTU,,ESR,Ω,109647.8125,0.01045236550271511
9,C0805C475K3RACTU,,ESR,Ω,114815.34375,0.010173891671001911
9,C0805C475K3RACTU,,ESR,Ω,120226.421875,0.009907928295433521
9,C0805C475K3RACTU,,ESR,Ω,125892.515625,0.00965398084372282
9,C0805C475K3RACTU,,ESR,Ω,131825.640625,0.009411447681486607
9,C0805C475K3RACTU,,ESR,Ω,138038.390625,0.009179838933050632
9,C0805C475K3RACTU,,ESR,Ω,144543.921875,0.008958670310676098
9,C0805C475K3RACTU,,ESR,Ω,151356.0625,0.008747421205043793
9,C0805C475K3RACTU,,ESR,Ω,158489.25,0.008545702323317528
9,C0805C475K3RACTU,,ESR,Ω,165958.609375,0.008353055454790592
9,C0805C475K3RACTU,,ESR,Ω,173779.984375,0.008169084787368774
9,C0805C475K3RACTU,,ESR,Ω,181970.1875,0.00799337588250637
9,C0805C475K3RACTU,,ESR,Ω,190546.15625,0.007825596258044243
9,C0805C475K3RACTU,,ESR,Ω,199526.3125,0.007665370125323534
9,C0805C475K3RACTU,,ESR,Ω,208929.703125,0.007512333802878857
9,C0805C475K3RACTU,,ESR,Ω,218776.234375,0.007366207893937826
9,C0805C475K3RACTU,,ESR,Ω,229086.828125,0.007226648740470409
9,C0805C475K3RACTU,,ESR,Ω,239883.359375,0.007093358784914017
9,C0805C475K3RACTU,,ESR,Ω,251188.703125,0.00696608005091548
9,C0805C475K3RACTU,,ESR,Ω,263026.84375,0.006844525691121817
9,C0805C475K3RACTU,,ESR,Ω,275422.90625,0.006728452164679766
9,C0805C475K3RACTU,,ESR,Ω,288403.1875,0.006617595907300711
9,C0805C475K3RACTU,,ESR,Ω,301995.1875,0.0065117343328893185
9,C0805C475K3RACTU,,ESR,Ω,316227.78125,0.006410624366253614
9,C0805C475K3RACTU,,ESR,Ω,331131.09375,0.006314082071185112
9,C0805C475K3RACTU,,ESR,Ω,346736.8125,0.006221873685717583
9,C0805C475K3RACTU,,ESR,Ω,363078,0.006133816204965115
9,C0805C475K3RACTU,,ESR,Ω,380189.34375,0.006049725692719221
9,C0805C475K3RACTU,,ESR,Ω,398107.09375,0.005969415884464979
9,C0805C475K3RACTU,,ESR,Ω,416869.28125,0.005892724264413118
9,C0805C475K3RACTU,,ESR,Ω,436515.6875,0.005819481331855059
9,C0805C475K3RACTU,,ESR,Ω,457088.03125,0.005749537143856287
9,C0805C475K3RACTU,,ESR,Ω,478629.90625,0.005682738032191992
9,C0805C475K3RACTU,,ESR,Ω,501187,0.005618948023766279
9,C0805C475K3RACTU,,ESR,Ω,524807.1875,0.005558024160563946
9,C0805C475K3RACTU,,ESR,Ω,549540.5625,0.00549984909594059
9,C0805C475K3RACTU,,ESR,Ω,575440.25,0.0054442863911390305
9,C0805C475K3RACTU,,ESR,Ω,602559.875,0.005391224287450314
9,C0805C475K3RACTU,,ESR,Ω,630957.625,0.005340557545423508
9,C0805C475K3RACTU,,ESR,Ω,660693.6875,0.005292160902172327
9,C0805C475K3RACTU,,ESR,Ω,691831.1875,0.005245947279036045
9,C0805C475K3RACTU,,ESR,Ω,724436.1875,0.005201816093176603
9,C0805C475K3RACTU,,ESR,Ω,758577.75,0.005159667227417231
9,C0805C475K3RACTU,,ESR,Ω,794328.4375,0.005119417794048786
9,C0805C475K3RACTU,,ESR,Ω,831763.9375,0.005119421985000372
9,C0805C475K3RACTU,,ESR,Ω,870963.6875,0.005159670952707529
9,C0805C475K3RACTU,,ESR,Ω,912010.9375,0.0052018179558217525
9,C0805C475K3RACTU,,ESR,Ω,954992.625,0.0052459524013102055
9,C0805C475K3RACTU,,ESR,Ω,1e+06,0.005292165093123913
9,C0805C475K3RACTU,,ESR,Ω,1.0471285e+06,0.00534055707976222
9,C0805C475K3RACTU,,ESR,Ω,1.096478125e+06,0.005391225218772888
9,C0805C475K3RACTU,,ESR,Ω,1.1481535e+06,0.005444285925477743
9,C0805C475K3RACTU,,ESR,Ω,1.20226425e+06,0.005499846767634153
9,C0805C475K3RACTU,,ESR,Ω,1.258925125e+06,0.005558023229241371
9,C0805C475K3RACTU,,ESR,Ω,1.318256375e+06,0.005618944764137268
9,C0805C475K3RACTU,,ESR,Ω,1.380383875e+06,0.005682737100869417
9,C0805C475K3RACTU,,ESR,Ω,1.44543925e+06,0.005749532487243414
9,C0805C475K3RACTU,,ESR,Ω,1.513560625e+06,0.005819480400532484
9,C0805C475K3RACTU,,ESR,Ω,1.5848925e+06,0.005892723798751831
9,C0805C475K3RACTU,,ESR,Ω,1.659586125e+06,0.005969418678432703
9,C0805C475K3RACTU,,ESR,Ω,1.737799875e+06,0.006049726158380508
9,C0805C475K3RACTU,,ESR,Ω,1.819701875e+06,0.006133820861577988
9,C0805C475K3RACTU,,ESR,Ω,1.905461625e+06,0.006221879739314318
9,C0805C475K3RACTU,,ESR,Ω,1.99526325e+06,0.006314085330814123
9,C0805C475K3RACTU,,ESR,Ω,2.089297e+06,0.006410637870430946
9,C0805C475K3RACTU,,ESR,Ω,2.1877625e+06,0.006511743646115065
9,C0805C475K3RACTU,,ESR,Ω,2.29086825e+06,0.0066176108084619045
9,C0805C475K3RACTU,,ESR,Ω,2.3988335e+06,0.0067284670658409595
9,C0805C475K3RACTU,,ESR,Ω,2.511887e+06,0.006844549905508757
9,C0805C475K3RACTU,,ESR,Ω,2.6302685e+06,0.006966103799641132
9,C0805C475K3RACTU,,ESR,Ω,2.754229e+06,0.007093385327607393
9,C0805C475K3RACTU,,ESR,Ω,2.88403175e+06,0.0072266655042767525
9,C0805C475K3RACTU,,ESR,Ω,3.01995175e+06,0.00736622791737318
9,C0805C475K3RACTU,,ESR,Ω,3.16227775e+06,0.006069266702979803
9,C0805C475K3RACTU,,ESR,Ω,3.311311e+06,0.00615428201854229
9,C0805C475K3RACTU,,ESR,Ω,3.46736825e+06,0.0062433043494820595
9,C0805C475K3RACTU,,ESR,Ω,3.63078e+06,0.006336521822959185
9,C0805C475K3RACTU,,ESR,Ω,3.80189325e+06,0.006434133276343346
9,C0805C475K3RACTU,,ESR,Ω,3.98107075e+06,0.0065363445319235325
9,C0805C475K3RACTU,,ESR,Ω,4.16869275e+06,0.006643372587859631
9,C0805C475K3RACTU,,ESR,Ω,4.365157e+06,0.006755446083843708
9,C0805C475K3RACTU,,ESR,Ω,4.5708805e+06,0.006872800178825855
9,C0805C475K3RACTU,,ESR,Ω,4.786299e+06,0.006995687261223793
9,C0805C475K3RACTU,,ESR,Ω,5.01187e+06,0.00712436530739069
9,C0805C475K3RACTU,,ESR,Ω,5.248072e+06,0.007259108126163483
9,C0805C475K3RACTU,,ESR,Ω,5.495406e+06,0.007400201167911291
9,C0805C475K3RACTU,,ESR,Ω,5.7544025e+06,0.007547947112470865
9,C0805C475K3RACTU,,ESR,Ω,6.025599e+06,0.0077026537619531155
9,C0805C475K3RACTU,,ESR,Ω,6.309576e+06,0.007864652201533318
9,C0805C475K3RACTU,,ESR,Ω,6.606937e+06,0.00803428702056408
9,C0805C475K3RACTU,,ESR,Ω,6.918312e+06,0.008211915381252766
9,C0805C475K3RACTU,,ESR,Ω,7.244362e+06,0.008397916331887245
9,C0805C475K3RACTU,,ESR,Ω,7.5857775e+06,0.00859268568456173
9,C0805C475K3RACTU,,ESR,Ω,7.943284e+06,0.00879663322120905
9,C0805C475K3RACTU,,ESR,Ω,8.317639e+06,0.0090101957321167
9,C0805C475K3RACTU,,ESR,Ω,8.709637e+06,0.009233824908733368
9,C0805C475K3RACTU,,ESR,Ω,9.120109e+06,0.009467991068959236
9,C0805C475K3RACTU,,ESR,Ω,9.549926e+06,0.009713196195662022
9,C0805C475K3RACTU,,ESR,Ω,1e+07,0.009969961829483509
9,C0805C475K3RACTU,,ESR,Ω,1.0471285e+07,0.01023882906883955
9,C0805C475K3RACTU,,ESR,Ω,1.0964781e+07,0.010520372539758682
9,C0805C475K3RACTU,,ESR,Ω,1.1481535e+07,0.01081518642604351
9,C0805C475K3RACTU,,ESR,Ω,1.2022642e+07,0.011123895645141602
9,C0805C475K3RACTU,,ESR,Ω,1.2589251e+07,0.011447155848145485
9,C0805C475K3RACTU,,ESR,Ω,1.3182564e+07,0.011785662733018398
9,C0805C475K3RACTU,,ESR,Ω,1.3803838e+07,0.01214012410491705
9,C0805C475K3RACTU,,ESR,Ω,1.4454393e+07,0.0125112971290946
9,C0805C475K3RACTU,,ESR,Ω,1.5135607e+07,0.012899969704449177
9,C0805C475K3RACTU,,ESR,Ω,1.5848925e+07,0.013306966051459312
9,C0805C475K3RACTU,,ESR,Ω,1.6595861e+07,0.013733151368796825
9,C0805C475K3RACTU,,ESR,Ω,1.7378e+07,0.01417943648993969
9,C0805C475K3RACTU,,ESR,Ω,1.8197018e+07,0.014646774157881737
9,C0805C475K3RACTU,,ESR,Ω,1.9054616e+07,0.01513613760471344
9,C0805C475K3RACTU,,ESR,Ω,1.9952632e+07,0.015648579224944115
9,C0805C475K3RACTU,,ESR,Ω,2.089297e+07,0.016185197979211807
9,C0805C475K3RACTU,,ESR,Ω,2.1877624e+07,0.016747118905186653
9,C0805C475K3RACTU,,ESR,Ω,2.2908684e+07,0.017335539683699608
9,C0805C475K3RACTU,,ESR,Ω,2.3988336e+07,0.01795172318816185
9,C0805C475K3RACTU,,ESR,Ω,2.511887e+07,0.018596971407532692
9,C0805C475K3RACTU,,ESR,Ω,2.6302684e+07,0.019272662699222565
9,C0805C475K3RACTU,,ESR,Ω,2.754229e+07,0.019980238750576973
9,C0805C475K3RACTU,,ESR,Ω,2.8840318e+07,0.02072121575474739
9,C0805C475K3RACTU,,ESR,Ω,3.0199518e+07,0.021497147157788277
9,C0805C475K3RACTU,,ESR,Ω,3.1622776e+07,0.02230972610414028
9,C0805C475K3RACTU,,ESR,Ω,3.311311e+07,0.0231606625020504
9,C0805C475K3RACTU,,ESR,Ω,3.467368e+07,0.024051764979958534
9,C0805C475K3RACTU,,ESR,Ω,3.63078e+07,0.02498495951294899
9,C0805C475K3RACTU,,ESR,Ω,3.8018932e+07,0.025962242856621742
9,C0805C475K3RACTU,,ESR,Ω,3.9810708e+07,0.026985688135027885
9,C0805C475K3RACTU,,ESR,Ω,4.1686928e+07,0.028057513758540154
9,C0805C475K3RACTU,,ESR,Ω,4.3651568e+07,0.02918000891804695
9,C0805C475K3RACTU,,ESR,Ω,4.5708804e+07,0.030355585739016533
9,C0805C475K3RACTU,,ESR,Ω,4.7862992e+07,0.03158675879240036
9,C0805C475K3RACTU,,ESR,Ω,5.01187e+07,0.03287618234753609
9,C0805C475K3RACTU,,ESR,Ω,5.248072e+07,0.03422665596008301
9,C0805C475K3RACTU,,ESR,Ω,5.495406e+07,0.03564112260937691
9,C0805C475K3RACTU,,ESR,Ω,5.7544024e+07,0.037122614681720734
9,C0805C475K3RACTU,,ESR,Ω,6.0255988e+07,0.03867432475090027
9,C0805C475K3RACTU,,ESR,Ω,6.3095764e+07,0.040299639105796814
9,C0805C475K3RACTU,,ESR,Ω,6.6069372e+07,0.0420021191239357
9,C0805C475K3RACTU,,ESR,Ω,6.918312e+07,0.04378547519445419
9,C0805C475K3RACTU,,ESR,Ω,7.2443616e+07,0.04565363749861717
9,C0805C475K3RACTU,,ESR,Ω,7.5857776e+07,0.04761071503162384
9,C0805C475K3RACTU,,ESR,Ω,7.943284e+07,0.04966100677847862
9,C0805C475K3RACTU,,ESR,Ω,8.3176392e+07,0.051809150725603104
9,C0805C475K3RACTU,,ESR,Ω,8.7096368e+07,0.05405981466174126
9,C0805C475K3RACTU,,ESR,Ω,9.1201088e+07,0.05641820281744003
9,C0805C475K3RACTU,,ESR,Ω,9.5499264e+07,0.05888952314853668
9,C0805C475K3RACTU,,ESR,Ω,1e+08,0.06147947162389755
9,C0805C475K3RACTU,,ESR,Ω,1.04712968e+08,0.06419405341148376
9,C0805C475K3RACTU,,ESR,Ω,1.09647808e+08,0.06703929603099823
9,C0805C475K3RACTU,,ESR,Ω,1.14815472e+08,0.07002229988574982
9,C0805C475K3RACTU,,ESR,Ω,1.20226424e+08,0.07314962148666382
9,C0805C475K3RACTU,,ESR,Ω,1.25892648e+08,0.07642923295497894
9,C0805C475K3RACTU,,ESR,Ω,1.3182564e+08,0.07986869663000107
9,C0805C475K3RACTU,,ESR,Ω,1.38038528e+08,0.08347687125205994
9,C0805C475K3RACTU,,ESR,Ω,1.4454392e+08,0.08726253360509872
9,C0805C475K3RACTU,,ESR,Ω,1.51356224e+08,0.09123581647872925
9,C0805C475K3RACTU,,ESR,Ω,1.58489248e+08,0.0954066663980484
9,C0805C475K3RACTU,,ESR,Ω,1.659588e+08,0.09978684037923813
9,C0805C475K3RACTU,,ESR,Ω,1.73779984e+08,0.10438796877861023
9,C0805C475K3RACTU,,ESR,Ω,1.81970176e+08,0.10922374576330185
9,C0805C475K3RACTU,,ESR,Ω,1.90545952e+08,0.11430792510509491
9,C0805C475K3RACTU,,ESR,Ω,1.9952632e+08,0.11965665966272354
9,C0805C475K3RACTU,,ESR,Ω,2.08929472e+08,0.12528647482395172
9,C0805C475K3RACTU,,ESR,Ω,2.1877624e+08,0.1312166005373001
9,C0805C475K3RACTU,,ESR,Ω,2.29086592e+08,0.13746720552444458
9,C0805C475K3RACTU,,ESR,Ω,2.3988336e+08,0.1440616101026535
9,C0805C475K3RACTU,,ESR,Ω,2.51188416e+08,0.15102456510066986
9,C0805C475K3RACTU,,ESR,Ω,2.63026848e+08,0.15838463604450226
9,C0805C475K3RACTU,,ESR,Ω,2.75422592e+08,0.16617223620414734
9,C0805C475K3RACTU,,ESR,Ω,2.88403168e+08,0.1744225025177002
9,C0805C475K3RACTU,,ESR,Ω,3.01994848e+08,0.18317261338233948
9,C0805C475K3RACTU,,ESR,Ω,3.16227776e+08,0.19246533513069153
9,C0805C475K3RACTU,,ESR,Ω,3.31131456e+08,0.20234571397304535
9,C0805C475K3RACTU,,ESR,Ω,3.46736832e+08,0.2128625512123108
9,C0805C475K3RACTU,,ESR,Ω,3.630784e+08,0.2240692675113678
9,C0805C475K3RACTU,,ESR,Ω,3.80189344e+08,0.23601976037025452
9,C0805C475K3RACTU,,ESR,Ω,3.9810752e+08,0.24877072870731354
9,C0805C475K3RACTU,,ESR,Ω,4.1686928e+08,0.262376606464386
9,C0805C475K3RACTU,,ESR,Ω,4.36516192e+08,0.2768901586532593
9,C0805C475K3RACTU,,ESR,Ω,4.57088032e+08,0.29235735535621643
9,C0805C475K3RACTU,,ESR,Ω,4.78630432e+08,0.3088180720806122
9,C0805C475K3RACTU,,ESR,Ω,5.01187008e+08,0.32629936933517456
9,C0805C475K3RACTU,,ESR,Ω,5.24807776e+08,0.34481915831565857
9,C0805C475K3RACTU,,ESR,Ω,5.49540608e+08,0.3643796443939209
9,C0805C475K3RACTU,,ESR,Ω,5.75440256e+08,0.3849761188030243
9,C0805C475K3RACTU,,ESR,Ω,6.02559232e+08,0.40659016370773315
9,C0805C475K3RACTU,,ESR,Ω,6.30957632e+08,0.42920395731925964
9,C0805C475K3RACTU,,ESR,Ω,6.60692992e+08,0.4527933597564697
9,C0805C475K3RACTU,,ESR,Ω,6.91831232e+08,0.4773448407649994
9,C0805C475K3RACTU,,ESR,Ω,7.24435392e+08,0.5028480291366577
9,C0805C475K3RACTU,,ESR,Ω,7.58577792e+08,0.5293084383010864
9,C0805C475K3RACTU,,ESR,Ω,7.94327552e+08,0.5567411780357361
9,C0805C475K3RACTU,,ESR,Ω,8.31763904e+08,0.5851767659187317
9,C0805C475K3RACTU,,ESR,Ω,8.70962752e+08,0.6142868995666504
9,C0805C475K3RACTU,,ESR,Ω,9.12010944e+08,0.6444537043571472
9,C0805C475K3RACTU,,ESR,Ω,9.54991552e+08,0.6757410764694214
9,C0805C475K3RACTU,,ESR,Ω,1e+09,0.7082273364067078
9,C0805C475K3RACTU,,ESR,Ω,1.047129664e+09,0.7419930100440979
9,C0805C475K3RACTU,,ESR,Ω,1.09647808e+09,0.7771247625350952
9,C0805C475K3RACTU,,ESR,Ω,1.148154752e+09,0.8137170076370239
9,C0805C475K3RACTU,,ESR,Ω,1.202264192e+09,0.8518617749214172
9,C0805C475K3RACTU,,ESR,Ω,1.258926464e+09,0.8916608691215515
9,C0805C475K3RACTU,,ESR,Ω,1.318256384e+09,0.9332119822502136
9,C0805C475K3RACTU,,ESR,Ω,1.380385408e+09,0.9766210317611694
9,C0805C475K3RACTU,,ESR,Ω,1.445439232e+09,1.0219917297363281
9,C0805C475K3RACTU,,ESR,Ω,1.513562368e+09,1.0694355964660645
9,C0805C475K3RACTU,,ESR,Ω,1.584892544e+09,1.1190611124038696
9,C0805C475K3RACTU,,ESR,Ω,1.659587968e+09,1.1709883213043213
9,C0805C475K3RACTU,,ESR,Ω,1.737799936e+09,1.2253307104110718
9,C0805C475K3RACTU,,ESR,Ω,1.81970176e+09,1.2822163105010986
9,C0805C475K3RACTU,,ESR,Ω,1.905459584e+09,1.341768503189087
9,C0805C475K3RACTU,,ESR,Ω,1.995263232e+09,1.404123306274414
9,C0805C475K3RACTU,,ESR,Ω,2.08929472e+09,1.469413161277771
9,C0805C475K3RACTU,,ESR,Ω,2.187762432e+09,1.5377873182296753
9,C0805C475K3RACTU,,ESR,Ω,2.29086592e+09,1.6093876361846924
9,C0805C475K3RACTU,,ESR,Ω,2.398833664e+09,1.68437659740448
9,C0805C475K3RACTU,,ESR,Ω,2.511884288e+09,1.7629097700119019
9,C0805C475K3RACTU,,ESR,Ω,2.630268416e+09,1.845162034034729
9,C0805C475K3RACTU,,ESR,Ω,2.75422592e+09,1.9313029050827026
9,C0805C475K3RACTU,,ESR,Ω,2.884031744e+09,2.021526336669922
9,C0805C475K3RACTU,,ESR,Ω,3.019948544e+09,2.1160151958465576
9,C0805C475K3RACTU,,ESR,Ω,3.162277632e+09,2.2149808406829834
9,C0805C475K3RACTU,,ESR,Ω,3.311314688e+09,2.318629741668701
9,C0805C475K3RACTU,,ESR,Ω,3.467368192e+09,2.4271774291992188
9,C0805C475K3RACTU,,ESR,Ω,3.630784e+09,2.5408670902252197
9,C0805C475K3RACTU,,ESR,Ω,3.801893376e+09,2.659928560256958
9,C0805C475K3RACTU,,ESR,Ω,3.9810752e+09,2.784625291824341
9,C0805C475K3RACTU,,ESR,Ω,4.168692736e+09,2.9152119159698486
9,C0805C475K3RACTU,,ESR,Ω,4.365161984e+09,3.0519778728485107
9,C0805C475K3RACTU,,ESR,Ω,4.570880512e+09,3.1952011585235596
9,C0805C475K3RACTU,,ESR,Ω,4.786304512e+09,3.3451991081237793
9,C0805C475K3RACTU,,ESR,Ω,5.011870208e+09,3.5022780895233154
9,C0805C475K3RACTU,,ESR,Ω,5.248077824e+09,3.6667840480804443
9,C0805C475K3RACTU,,ESR,Ω,5.49540608e+09,3.839048147201538
9,C0805C475K3RACTU,,ESR,Ω,5.754402304e+09,4.019459247589111
9,C0805C475K3RACTU,,ESR,Ω,6.02559232e+09,4.208376884460449
9,C0805C475K3RACTU,,ESR,Ω,6.309576192e+09,4.406224250793457
9,C0805C475K3RACTU,,ESR,Ω,6.60692992e+09,4.613397121429443
9,C0805C475K3RACTU,,ESR,Ω,6.918311936e+09,4.830359935760498
9,C0805C475K3RACTU,,ESR,Ω,7.244354048e+09,5.057549953460693
9,C0805C475K3RACTU,,ESR,Ω,7.585777664e+09,5.295474529266357
9,C0805C475K3RACTU,,ESR,Ω,7.94327552e+09,5.544608116149902
9,C0805C475K3RACTU,,ESR,Ω,8.317639168e+09,5.805508613586426
9,C0805C475K3RACTU,,ESR,Ω,8.709627904e+09,6.078701972961426
9,C0805C475K3RACTU,,ESR,Ω,9.120109568e+09,6.364797592163086
9,C0805C475K3RACTU,,ESR,Ω,9.54991616e+09,6.664371967315674
9,C0805C475K3RACTU,,ESR,Ω,1e+10,6.97808837890625
10,C1210C226M3RACTU,,Impedance,Ω,10000,0.7630344033241272
10,C1210C226M3RACTU,,Impedance,Ω,10471.28515625,0.7291449904441833
10,C1210C226M3RACTU,,Impedance,Ω,10964.78125,0.6967610120773315
10,C1210C226M3RACTU,,Impedance,Ω,11481.53515625,0.6658155918121338
10,C1210C226M3RACTU,,Impedance,Ω,12022.642578125,0.6362447738647461
10,C1210C226M3RACTU,,Impedance,Ω,12589.2509765625,0.6079874634742737
10,C1210C226M3RACTU,,Impedance,Ω,13182.5634765625,0.5809851884841919
10,C1210C226M3RACTU,,Impedance,Ω,13803.8388671875,0.5551822185516357
10,C1210C226M3RACTU,,Impedance,Ω,14454.392578125,0.5305254459381104
10,C1210C226M3RACTU,,Impedance,Ω,15135.6064453125,0.5069637894630432
10,C1210C226M3RACTU,,Impedance,Ω,15848.9248046875,0.4844484329223633
10,C1210C226M3RACTU,,Impedance,Ω,16595.861328125,0.46293315291404724
10,C1210C226M3RACTU,,Impedance,Ω,17378,0.44237351417541504
10,C1210C226M3RACTU,,Impedance,Ω,18197.017578125,0.42272642254829407
10,C1210C226M3RACTU,,Impedance,Ω,19054.6171875,0.40395215153694153
10,C1210C226M3RACTU,,Impedance,Ω,19952.6328125,0.38601168990135193
10,C1210C226M3RACTU,,Impedance,Ω,20892.96875,0.36886802315711975
10,C1210C226M3RACTU,,Impedance,Ω,21877.623046875,0.35248541831970215
10,C1210C226M3RACTU,,Impedance,Ω,22908.68359375,0.3368302583694458
10,C1210C226M3RACTU,,Impedance,Ω,23988.3359375,0.32187023758888245
10,C1210C226M3RACTU,,Impedance,Ω,25118.869140625,0.30757448077201843
10,C1210C226M3RACTU,,Impedance,Ω,26302.68359375,0.293913334608078
10,C1210C226M3RACTU,,Impedance,Ω,27542.291015625,0.2808586657047272
10,C1210C226M3RACTU,,Impedance,Ω,28840.318359375,0.26838356256484985
10,C1210C226M3RACTU,,Impedance,Ω,30199.517578125,0.25646212697029114
10,C1210C226M3RACTU,,Impedance,Ω,31622.77734375,0.24506987631320953
10,C1210C226M3RACTU,,Impedance,Ω,33113.109375,0.23418325185775757
10,C1210C226M3RACTU,,Impedance,Ω,34673.68359375,0.22377975285053253
10,C1210C226M3RACTU,,Impedance,Ω,36307.80078125,0.2138378918170929
10,C1210C226M3RACTU,,Impedance,Ω,38018.93359375,0.20433716475963593
10,C1210C226M3RACTU,,Impedance,Ω,39810.70703125,0.19525796175003052
10,C1210C226M3RACTU,,Impedance,Ω,41686.92578125,0.18658149242401123
10,C1210C226M3RACTU,,Impedance,Ω,43651.5703125,0.17828983068466187
10,C1210C226M3RACTU,,Impedance,Ω,45708.8046875,0.17036595940589905
10,C1210C226M3RACTU,,Impedance,Ω,47862.9921875,0.16279339790344238
10,C1210C226M3RACTU,,Impedance,Ω,50118.703125,0.15555661916732788
10,C1210C226M3RACTU,,Impedance,Ω,52480.71875,0.14864066243171692
10,C1210C226M3RACTU,,Impedance,Ω,54954.05859375,0.14203119277954102
10,C1210C226M3RACTU,,Impedance,Ω,57544.0234375,0.13571439683437347
10,C1210C226M3RACTU,,Impedance,Ω,60255.98828125,0.12967760860919952
10,C1210C226M3RACTU,,Impedance,Ω,63095.76171875,0.12390819936990738
10,C1210C226M3RACTU,,Impedance,Ω,66069.3671875,0.11839427053928375
10,C1210C226M3RACTU,,Impedance,Ω,69183.125,0.11312435567378998
10,C1210C226M3RACTU,,Impedance,Ω,72443.6171875,0.1080876886844635
10,C1210C226M3RACTU,,Impedance,Ω,75857.78125,0.10327379405498505
10,C1210C226M3RACTU,,Impedance,Ω,79432.84375,0.0986727848649025
10,C1210C226M3RACTU,,Impedance,Ω,83176.390625,0.09427512437105179
10,C1210C226M3RACTU,,Impedance,Ω,87096.3671875,0.09007172286510468
10,C1210C226M3RACTU,,Impedance,Ω,91201.09375,0.08605397492647171
10,C1210C226M3RACTU,,Impedance,Ω,95499.265625,0.08221350610256195
10,C1210C226M3RACTU,,Impedance,Ω,100000,0.07854246348142624
10,C1210C226M3RACTU,,Impedance,Ω,104712.8515625,0.07503321766853333
10,C1210C226M3RACTU,,Impedance,Ω,109647.8125,0.07167854905128479
10,C1210C226M3RACTU,,Impedance,Ω,114815.34375,0.0684715136885643
10,C1210C226M3RACTU,,Impedance,Ω,120226.421875,0.06540551781654358
10,C1210C226M3RACTU,,Impedance,Ω,125892.515625,0.06247422844171524
10,C1210C226M3RACTU,,Impedance,Ω,131825.640625,0.05967158079147339
10,C1210C226M3RACTU,,Impedance,Ω,138038.390625,0.0569918230175972
10,C1210C226M3RACTU,,Impedance,Ω,144543.921875,0.05442940443754196
10,C1210C226M3RACTU,,Impedance,Ω,151356.0625,0.051979031413793564
10,C1210C226M3RACTU,,Impedance,Ω,158489.25,0.04963567852973938
10,C1210C226M3RACTU,,Impedance,Ω,165958.609375,0.04739449545741081
10,C1210C226M3RACTU,,Impedance,Ω,173779.984375,0.04525084048509598
10,C1210C226M3RACTU,,Impedance,Ω,181970.1875,0.04320027679204941
10,C1210C226M3RACTU,,Impedance,Ω,190546.15625,0.041238684207201004
10,C1210C226M3RACTU,,Impedance,Ω,199526.3125,0.03936192765831947
10,C1210C226M3RACTU,,Impedance,Ω,208929.703125,0.037566184997558594
10,C1210C226M3RACTU,,Impedance,Ω,218776.234375,0.0358477383852005
10,C1210C226M3RACTU,,Impedance,Ω,229086.828125,0.03420305624604225
10,C1210C226M3RACTU,,Impedance,Ω,239883.359375,0.03262875974178314
10,C1210C226M3RACTU,,Impedance,Ω,251188.703125,0.031121596693992615
10,C1210C226M3RACTU,,Impedance,Ω,263026.84375,0.02967849187552929
10,C1210C226M3RACTU,,Impedance,Ω,275422.90625,0.028296485543251038
10,C1210C226M3RACTU,,Impedance,Ω,288403.1875,0.02697274461388588
10,C1210C226M3RACTU,,Impedance,Ω,301995.1875,0.02570456825196743
10,C1210C226M3RACTU,,Impedance,Ω,316227.78125,0.024489350616931915
10,C1210C226M3RACTU,,Impedance,Ω,331131.09375,0.023324647918343544
10,C1210C226M3RACTU,,Impedance,Ω,346736.8125,0.02220807410776615
10,C1210C226M3RACTU,,Impedance,Ω,363078,0.02113739214837551
10,C1210C226M3RACTU,,Impedance,Ω,380189.34375,0.02011043392121792
10,C1210C226M3RACTU,,Impedance,Ω,398107.09375,0.019125165417790413
10,C1210C226M3RACTU,,Impedance,Ω,416869.28125,0.018179617822170258
10,C1210C226M3RACTU,,Impedance,Ω,436515.6875,0.017271939665079117
10,C1210C226M3RACTU,,Impedance,Ω,457088.03125,0.01640036515891552
10,C1210C226M3RACTU,,Impedance,Ω,478629.90625,0.015563231892883778
10,C1210C226M3RACTU,,Impedance,Ω,501187,0.014758962206542492
10,C1210C226M3RACTU,,Impedance,Ω,524807.1875,0.01398608461022377
10,C1210C226M3RACTU,,Impedance,Ω,549540.5625,0.01324322260916233
10,C1210C226M3RACTU,,Impedance,Ω,575440.25,0.012529089115560055
10,C1210C226M3RACTU,,Impedance,Ω,602559.875,0.01184859313070774
10,C1210C226M3RACTU,,Impedance,Ω,630957.625,0.011201751418411732
10,C1210C226M3RACTU,,Impedance,Ω,660693.6875,0.01058216579258442
10,C1210C226M3RACTU,,Impedance,Ω,691831.1875,0.009989301674067974
10,C1210C226M3RACTU,,Impedance,Ω,724436.1875,0.009422850795090199
10,C1210C226M3RACTU,,Impedance,Ω,758577.75,0.008882730267941952
10,C1210C226M3RACTU,,Impedance,Ω,794328.4375,0.00836913101375103
10,C1210C226M3RACTU,,Impedance,Ω,831763.9375,0.007882579229772091
10,C1210C226M3RACTU,,Impedance,Ω,870963.6875,0.007423953618854284
10,C1210C226M3RACTU,,Impedance,Ω,912010.9375,0.006994571536779404
10,C1210C226M3RACTU,,Impedance,Ω,954992.625,0.006596228573471308
10,C1210C226M3RACTU,,Impedance,Ω,1e+06,0.006231240462511778
10,C1210C226M3RACTU,,Impedance,Ω,1.0471285e+06,0.005902472883462906
10,C1210C226M3RACTU,,Impedance,Ω,1.096478125e+06,0.0056132967583835125
10,C1210C226M3RACTU,,Impedance,Ω,1.1481535e+06,0.0051000346429646015
10,C1210C226M3RACTU,,Impedance,Ω,1.20226425e+06,0.004875557031482458
10,C1210C226M3RACTU,,Impedance,Ω,1.258925125e+06,0.004702461417764425
10,C1210C226M3RACTU,,Impedance,Ω,1.318256375e+06,0.004585071001201868
10,C1210C226M3RACTU,,Impedance,Ω,1.380383875e+06,0.004526723641902208
10,C1210C226M3RACTU,,Impedance,Ω,1.44543925e+06,0.0045292130671441555
10,C1210C226M3RACTU,,Impedance,Ω,1.513560625e+06,0.004590952768921852
10,C1210C226M3RACTU,,Impedance,Ω,1.5848925e+06,0.004709283355623484
10,C1210C226M3RACTU,,Impedance,Ω,1.659586125e+06,0.004880697466433048
10,C1210C226M3RACTU,,Impedance,Ω,1.737799875e+06,0.005100886803120375
10,C1210C226M3RACTU,,Impedance,Ω,1.819701875e+06,0.005365253426134586
10,C1210C226M3RACTU,,Impedance,Ω,1.905461625e+06,0.005669325590133667
10,C1210C226M3RACTU,,Impedance,Ω,1.99526325e+06,0.00600909348577261
10,C1210C226M3RACTU,,Impedance,Ω,2.089297e+06,0.006381128448992968
10,C1210C226M3RACTU,,Impedance,Ω,2.1877625e+06,0.006782633252441883
10,C1210C226M3RACTU,,Impedance,Ω,2.29086825e+06,0.0072114123031497
10,C1210C226M3RACTU,,Impedance,Ω,2.3988335e+06,0.007665829733014107
10,C1210C226M3RACTU,,Impedance,Ω,2.511887e+06,0.008144720457494259
10,C1210C226M3RACTU,,Impedance,Ω,2.6302685e+06,0.008647342212498188
10,C1210C226M3RACTU,,Impedance,Ω,2.754229e+06,0.009173283353447914
10,C1210C226M3RACTU,,Impedance,Ω,2.88403175e+06,0.009722444228827953
10,C1210C226M3RACTU,,Impedance,Ω,3.01995175e+06,0.010294959880411625
10,C1210C226M3RACTU,,Impedance,Ω,3.16227775e+06,0.010891186073422432
10,C1210C226M3RACTU,,Impedance,Ω,3.311311e+06,0.011511653661727905
10,C1210C226M3RACTU,,Impedance,Ω,3.46736825e+06,0.012157052755355835
10,C1210C226M3RACTU,,Impedance,Ω,3.63078e+06,0.012828217819333076
10,C1210C226M3RACTU,,Impedance,Ω,3.80189325e+06,0.01352609507739544
10,C1210C226M3RACTU,,Impedance,Ω,3.98107075e+06,0.014251760207116604
10,C1210C226M3RACTU,,Impedance,Ω,4.16869275e+06,0.015006386674940586
10,C1210C226M3RACTU,,Impedance,Ω,4.365157e+06,0.015791241079568863
10,C1210C226M3RACTU,,Impedance,Ω,4.5708805e+06,0.01660768873989582
10,C1210C226M3RACTU,,Impedance,Ω,4.786299e+06,0.017457183450460434
10,C1210C226M3RACTU,,Impedance,Ω,5.01187e+06,0.01834128051996231
10,C1210C226M3RACTU,,Impedance,Ω,5.248072e+06,0.019261609762907028
10,C1210C226M3RACTU,,Impedance,Ω,5.495406e+06,0.020219892263412476
10,C1210C226M3RACTU,,Impedance,Ω,5.7544025e+06,0.021217964589595795
10,C1210C226M3RACTU,,Impedance,Ω,6.025599e+06,0.02225768379867077
10,C1210C226M3RACTU,,Impedance,Ω,6.309576e+06,0.023341059684753418
10,C1210C226M3RACTU,,Impedance,Ω,6.606937e+06,0.02447020448744297
10,C1210C226M3RACTU,,Impedance,Ω,6.918312e+06,0.025647282600402832
10,C1210C226M3RACTU,,Impedance,Ω,7.244362e+06,0.0268746018409729
10,C1210C226M3RACTU,,Impedance,Ω,7.5857775e+06,0.028154538944363594
10,C1210C226M3RACTU,,Impedance,Ω,7.943284e+06,0.029489615932106972
10,C1210C226M3RACTU,,Impedance,Ω,8.317639e+06,0.030882427468895912
10,C1210C226M3RACTU,,Impedance,Ω,8.709637e+06,0.032335735857486725
10,C1210C226M3RACTU,,Impedance,Ω,9.120109e+06,0.03385237976908684
10,C1210C226M3RACTU,,Impedance,Ω,9.549926e+06,0.03543533757328987
10,C1210C226M3RACTU,,Impedance,Ω,1e+07,0.03708774596452713
10,C1210C226M3RACTU,,Impedance,Ω,1.0471285e+07,0.038813382387161255
10,C1210C226M3RACTU,,Impedance,Ω,1.0964781e+07,0.04061506316065788
10,C1210C226M3RACTU,,Impedance,Ω,1.1481535e+07,0.04249637573957443
10,C1210C226M3RACTU,,Impedance,Ω,1.2022642e+07,0.04446100443601608
10,C1210C226M3RACTU,,Impedance,Ω,1.2589251e+07,0.04651285707950592
10,C1210C226M3RACTU,,Impedance,Ω,1.3182564e+07,0.04865596443414688
10,C1210C226M3RACTU,,Impedance,Ω,1.3803838e+07,0.05089457705616951
10,C1210C226M3RACTU,,Impedance,Ω,1.4454393e+07,0.05323313549160957
10,C1210C226M3RACTU,,Impedance,Ω,1.5135607e+07,0.05567625164985657
10,C1210C226M3RACTU,,Impedance,Ω,1.5848925e+07,0.058228749781847
10,C1210C226M3RACTU,,Impedance,Ω,1.6595861e+07,0.06089570000767708
10,C1210C226M3RACTU,,Impedance,Ω,1.7378e+07,0.06368237733840942
10,C1210C226M3RACTU,,Impedance,Ω,1.8197018e+07,0.06659436970949173
10,C1210C226M3RACTU,,Impedance,Ω,1.9054616e+07,0.06963730603456497
10,C1210C226M3RACTU,,Impedance,Ω,1.9952632e+07,0.07281728088855743
10,C1210C226M3RACTU,,Impedance,Ω,2.089297e+07,0.07614057511091232
10,C1210C226M3RACTU,,Impedance,Ω,2.1877624e+07,0.07961376756429672
10,C1210C226M3RACTU,,Impedance,Ω,2.2908684e+07,0.08324375003576279
10,C1210C226M3RACTU,,Impedance,Ω,2.3988336e+07,0.08703774213790894
10,C1210C226M3RACTU,,Impedance,Ω,2.511887e+07,0.09100321680307388
10,C1210C226M3RACTU,,Impedance,Ω,2.6302684e+07,0.09514807909727097
10,C1210C226M3RACTU,,Impedance,Ω,2.754229e+07,0.09948048740625381
10,C1210C226M3RACTU,,Impedance,Ω,2.8840318e+07,0.10400909185409546
10,C1210C226M3RACTU,,Impedance,Ω,3.0199518e+07,0.10874281823635101
10,C1210C226M3RACTU,,Impedance,Ω,3.1622776e+07,0.11369111388921738
10,C1210C226M3RACTU,,Impedance,Ω,3.311311e+07,0.11886374652385712
10,C1210C226M3RACTU,,Impedance,Ω,3.467368e+07,0.12427099794149399
10,C1210C226M3RACTU,,Impedance,Ω,3.63078e+07,0.12992362678050995
10,C1210C226M3RACTU,,Impedance,Ω,3.8018932e+07,0.13583281636238098
10,C1210C226M3RACTU,,Impedance,Ω,3.9810708e+07,0.14201034605503082
10,C1210C226M3RACTU,,Impedance,Ω,4.1686928e+07,0.1484685242176056
10,C1210C226M3RACTU,,Impedance,Ω,4.3651568e+07,0.15522007644176483
10,C1210C226M3RACTU,,Impedance,Ω,4.5708804e+07,0.16227848827838898
10,C1210C226M3RACTU,,Impedance,Ω,4.7862992e+07,0.16965791583061218
10,C1210C226M3RACTU,,Impedance,Ω,5.01187e+07,0.17737287282943726
10,C1210C226M3RACTU,,Impedance,Ω,5.248072e+07,0.18543893098831177
10,C1210C226M3RACTU,,Impedance,Ω,5.495406e+07,0.19387198984622955
10,C1210C226M3RACTU,,Impedance,Ω,5.7544024e+07,0.20268921554088593
10,C1210C226M3RACTU,,Impedance,Ω,6.0255988e+07,0.21190768480300903
10,C1210C226M3RACTU,,Impedance,Ω,6.3095764e+07,0.2215462476015091
10,C1210C226M3RACTU,,Impedance,Ω,6.6069372e+07,0.23162397742271423
10,C1210C226M3RACTU,,Impedance,Ω,6.918312e+07,0.24216106534004211
10,C1210C226M3RACTU,,Impedance,Ω,7.2443616e+07,0.25317883491516113
10,C1210C226M3RACTU,,Impedance,Ω,7.5857776e+07,0.2646993100643158
10,C1210C226M3RACTU,,Impedance,Ω,7.943284e+07,0.2767457067966461
10,C1210C226M3RACTU,,Impedance,Ω,8.3176392e+07,0.28934207558631897
10,C1210C226M3RACTU,,Impedance,Ω,8.7096368e+07,0.30251410603523254
10,C1210C226M3RACTU,,Impedance,Ω,9.1201088e+07,0.3162883520126343
10,C1210C226M3RACTU,,Impedance,Ω,9.5499264e+07,0.33069267868995667
10,C1210C226M3RACTU,,Impedance,Ω,1e+08,0.3457562327384949
10,C1210C226M3RACTU,,Impedance,Ω,1.04712968e+08,0.3615102469921112
10,C1210C226M3RACTU,,Impedance,Ω,1.09647808e+08,0.3779855966567993
10,C1210C226M3RACTU,,Impedance,Ω,1.14815472e+08,0.39521753787994385
10,C1210C226M3RACTU,,Impedance,Ω,1.20226424e+08,0.41323989629745483
10,C1210C226M3RACTU,,Impedance,Ω,1.25892648e+08,0.4320914149284363
10,C1210C226M3RACTU,,Impedance,Ω,1.3182564e+08,0.451809287071228
10,C1210C226M3RACTU,,Impedance,Ω,1.38038528e+08,0.4724363386631012
10,C1210C226M3RACTU,,Impedance,Ω,1.4454392e+08,0.49401354789733887
10,C1210C226M3RACTU,,Impedance,Ω,1.51356224e+08,0.5165881514549255
10,C1210C226M3RACTU,,Impedance,Ω,1.58489248e+08,0.5402055382728577
10,C1210C226M3RACTU,,Impedance,Ω,1.659588e+08,0.5649177432060242
10,C1210C226M3RACTU,,Impedance,Ω,1.73779984e+08,0.5907753705978394
10,C1210C226M3RACTU,,Impedance,Ω,1.81970176e+08,0.6178358793258667
10,C1210C226M3RACTU,,Impedance,Ω,1.90545952e+08,0.6461551785469055
10,C1210C226M3RACTU,,Impedance,Ω,1.9952632e+08,0.6757975220680237
10,C1210C226M3RACTU,,Impedance,Ω,2.08929472e+08,0.7068246603012085
10,C1210C226M3RACTU,,Impedance,Ω,2.1877624e+08,0.7393082976341248
10,C1210C226M3RACTU,,Impedance,Ω,2.29086592e+08,0.7733172178268433
10,C1210C226M3RACTU,,Impedance,Ω,2.3988336e+08,0.8089310526847839
10,C1210C226M3RACTU,,Impedance,Ω,2.51188416e+08,0.8462272882461548
10,C1210C226M3RACTU,,Impedance,Ω,2.63026848e+08,0.8852941989898682
10,C1210C226M3RACTU,,Impedance,Ω,2.75422592e+08,0.9262182116508484
10,C1210C226M3RACTU,,Impedance,Ω,2.88403168e+08,0.9690985083580017
10,C1210C226M3RACTU,,Impedance,Ω,3.01994848e+08,1.0140316486358643
10,C1210C226M3RACTU,,Impedance,Ω,3.16227776e+08,1.0611276626586914
10,C1210C226M3RACTU,,Impedance,Ω,3.31131456e+08,1.1104966402053833
10,C1210C226M3RACTU,,Impedance,Ω,3.46736832e+08,1.162253975868225
10,C1210C226M3RACTU,,Impedance,Ω,3.630784e+08,1.2165281772613525
10,C1210C226M3RACTU,,Impedance,Ω,3.80189344e+08,1.2734438180923462
10,C1210C226M3RACTU,,Impedance,Ω,3.9810752e+08,1.3331407308578491
10,C1210C226M3RACTU,,Impedance,Ω,4.1686928e+08,1.3957538604736328
10,C1210C226M3RACTU,,Impedance,Ω,4.36516192e+08,1.4614309072494507
10,C1210C226M3RACTU,,Impedance,Ω,4.57088032e+08,1.5307610034942627
10,C1210C226M3RACTU,,Impedance,Ω,4.78630432e+08,1.6056122779846191
10,C1210C226M3RACTU,,Impedance,Ω,5.01187008e+08,1.6842169761657715
10,C1210C226M3RACTU,,Impedance,Ω,5.24807776e+08,1.7667418718338013
10,C1210C226M3RACTU,,Impedance,Ω,5.49540608e+08,1.8533291816711426
10,C1210C226M3RACTU,,Impedance,Ω,5.75440256e+08,1.9441248178482056
10,C1210C226M3RACTU,,Impedance,Ω,6.02559232e+08,2.0392420291900635
10,C1210C226M3RACTU,,Impedance,Ω,6.30957632e+08,2.1387927532196045
10,C1210C226M3RACTU,,Impedance,Ω,6.60692992e+08,2.242846965789795
10,C1210C226M3RACTU,,Impedance,Ω,6.91831232e+08,2.3514750003814697
10,C1210C226M3RACTU,,Impedance,Ω,7.24435392e+08,2.4647059440612793
10,C1210C226M3RACTU,,Impedance,Ω,7.58577792e+08,2.582584857940674
10,C1210C226M3RACTU,,Impedance,Ω,7.94327552e+08,2.705132007598877
10,C1210C226M3RACTU,,Impedance,Ω,8.31763904e+08,2.8324074745178223
10,C1210C226M3RACTU,,Impedance,Ω,8.70962752e+08,2.9644806385040283
10,C1210C226M3RACTU,,Impedance,Ω,9.12010944e+08,3.101487874984741
10,C1210C226M3RACTU,,Impedance,Ω,9.54991552e+08,3.243600606918335
10,C1210C226M3RACTU,,Impedance,Ω,1e+09,3.391080141067505
10,C1210C226M3RACTU,,Impedance,Ω,1.047129664e+09,3.544231414794922
10,C1210C226M3RACTU,,Impedance,Ω,1.09647808e+09,3.7034246921539307
10,C1210C226M3RACTU,,Impedance,Ω,1.148154752e+09,3.8691024780273438
10,C1210C226M3RACTU,,Impedance,Ω,1.202264192e+09,4.041720390319824
10,C1210C226M3RACTU,,Impedance,Ω,1.258926464e+09,4.221798896789551
10,C1210C226M3RACTU,,Impedance,Ω,1.318256384e+09,4.409849166870117
10,C1210C226M3RACTU,,Impedance,Ω,1.380385408e+09,4.6064300537109375
10,C1210C226M3RACTU,,Impedance,Ω,1.445439232e+09,4.812073230743408
10,C1210C226M3RACTU,,Impedance,Ω,1.513562368e+09,5.027359962463379
10,C1210C226M3RACTU,,Impedance,Ω,1.584892544e+09,5.252832412719727
10,C1210C226M3RACTU,,Impedance,Ω,1.659587968e+09,5.489084243774414
10,C1210C226M3RACTU,,Impedance,Ω,1.737799936e+09,5.736671447753906
10,C1210C226M3RACTU,,Impedance,Ω,1.81970176e+09,5.996207237243652
10,C1210C226M3RACTU,,Impedance,Ω,1.905459584e+09,6.268272399902344
10,C1210C226M3RACTU,,Impedance,Ω,1.995263232e+09,6.553509712219238
10,C1210C226M3RACTU,,Impedance,Ω,2.08929472e+09,6.852533340454102
10,C1210C226M3RACTU,,Impedance,Ω,2.187762432e+09,7.166030406951904
10,C1210C226M3RACTU,,Impedance,Ω,2.29086592e+09,7.49465799331665
10,C1210C226M3RACTU,,Impedance,Ω,2.398833664e+09,7.8391594886779785
10,C1210C226M3RACTU,,Impedance,Ω,2.511884288e+09,8.200244903564453
10,C1210C226M3RACTU,,Impedance,Ω,2.630268416e+09,8.57872486114502
10,C1210C226M3RACTU,,Impedance,Ω,2.75422592e+09,8.975371360778809
10,C1210C226M3RACTU,,Impedance,Ω,2.884031744e+09,9.391070365905762
10,C1210C226M3RACTU,,Impedance,Ω,3.019948544e+09,9.82666301727295
10,C1210C226M3RACTU,,Impedance,Ω,3.162277632e+09,10.283123016357422
10,C1210C226M3RACTU,,Impedance,Ω,3.311314688e+09,10.761397361755371
10,C1210C226M3RACTU,,Impedance,Ω,3.467368192e+09,11.262475967407227
10,C1210C226M3RACTU,,Impedance,Ω,3.630784e+09,11.787473678588867
10,C1210C226M3RACTU,,Impedance,Ω,3.801893376e+09,12.33745002746582
10,C1210C226M3RACTU,,Impedance,Ω,3.9810752e+09,12.913625717163086
10,C1210C226M3RACTU,,Impedance,Ω,4.168692736e+09,13.517167091369629
10,C1210C226M3RACTU,,Impedance,Ω,4.365161984e+09,14.14941692352295
10,C1210C226M3RACTU,,Impedance,Ω,4.570880512e+09,14.81164836883545
10,C1210C226M3RACTU,,Impedance,Ω,4.786304512e+09,15.505332946777344
10,C1210C226M3RACTU,,Impedance,Ω,5.011870208e+09,16.231874465942383
10,C1210C226M3RACTU,,Impedance,Ω,5.248077824e+09,16.992883682250977
10,C1210C226M3RACTU,,Impedance,Ω,5.49540608e+09,17.789897918701172
10,C1210C226M3RACTU,,Impedance,Ω,5.754402304e+09,18.62468910217285
10,C1210C226M3RACTU,,Impedance,Ω,6.02559232e+09,19.498947143554688
10,C1210C226M3RACTU,,Impedance,Ω,6.309576192e+09,20.41460609436035
10,C1210C226M3RACTU,,Impedance,Ω,6.60692992e+09,21.373523712158203
10,C1210C226M3RACTU,,Impedance,Ω,6.918311936e+09,22.377826690673828
10,C1210C226M3RACTU,,Impedance,Ω,7.244354048e+09,23.429542541503906
10,C1210C226M3RACTU,,Impedance,Ω,7.585777664e+09,24.531005859375
10,C1210C226M3RACTU,,Impedance,Ω,7.94327552e+09,25.6844539642334
10,C1210C226M3RACTU,,Impedance,Ω,8.317639168e+09,26.892433166503906
10,C1210C226M3RACTU,,Impedance,Ω,8.709627904e+09,28.157400131225586
10,C1210C226M3RACTU,,Impedance,Ω,9.120109568e+09,29.482152938842773
10,C1210C226M3RACTU,,Impedance,Ω,9.54991616e+09,30.869369506835938
10,C1210C226M3RACTU,,Impedance,Ω,1e+10,32.3221321105957
11,C1210C226M3RACTU,,ESR,Ω,10000,0.024805396795272827
11,C1210C226M3RACTU,,ESR,Ω,10471.28515625,0.02387119270861149
11,C1210C226M3RACTU,,ESR,Ω,10964.78125,0.022978931665420532
11,C1210C226M3RACTU,,ESR,Ω,11481.53515625,0.02212694101035595
11,C1210C226M3RACTU,,ESR,Ω,12022.642578125,0.021313194185495377
11,C1210C226M3RACTU,,ESR,Ω,12589.2509765625,0.02053612656891346
11,C1210C226M3RACTU,,ESR,Ω,13182.5634765625,0.019794007763266563
11,C1210C226M3RACTU,,ESR,Ω,13803.8388671875,0.01908530481159687
11,C1210C226M3RACTU,,ESR,Ω,14454.392578125,0.018408479169011116
11,C1210C226M3RACTU,,ESR,Ω,15135.6064453125,0.01776210032403469
11,C1210C226M3RACTU,,ESR,Ω,15848.9248046875,0.01714484579861164
11,C1210C226M3RACTU,,ESR,Ω,16595.861328125,0.016555381938815117
11,C1210C226M3RACTU,,ESR,Ω,17378,0.015992421656847
11,C1210C226M3RACTU,,ESR,Ω,18197.017578125,0.015454796142876148
11,C1210C226M3RACTU,,ESR,Ω,19054.6171875,0.014941425994038582
11,C1210C226M3RACTU,,ESR,Ω,19952.6328125,0.01445108000189066
11,C1210C226M3RACTU,,ESR,Ω,20892.96875,0.013982857577502728
11,C1210C226M3RACTU,,ESR,Ω,21877.623046875,0.01353568583726883
11,C1210C226M3RACTU,,ESR,Ω,22908.68359375,0.01310866978019476
11,C1210C226M3RACTU,,ESR,Ω,23988.3359375,0.01270081102848053
11,C1210C226M3RACTU,,ESR,Ω,25118.869140625,0.012311377562582493
11,C1210C226M3RACTU,,ESR,Ω,26302.68359375,0.01193944737315178
11,C1210C226M3RACTU,,ESR,Ω,27542.291015625,0.011584251187741756
11,C1210C226M3RACTU,,ESR,Ω,28840.318359375,0.011245032772421837
11,C1210C226M3RACTU,,ESR,Ω,30199.517578125,0.010921075940132141
11,C1210C226M3RACTU,,ESR,Ω,31622.77734375,0.010611719451844692
11,C1210C226M3RACTU,,ESR,Ω,33113.109375,0.010316281579434872
11,C1210C226M3RACTU,,ESR,Ω,34673.68359375,0.010034147650003433
11,C1210C226M3RACTU,,ESR,Ω,36307.80078125,0.009764691814780235
11,C1210C226M3RACTU,,ESR,Ω,38018.93359375,0.009507373906672001
11,C1210C226M3RACTU,,ESR,Ω,39810.70703125,0.00926163699477911
11,C1210C226M3RACTU,,ESR,Ω,41686.92578125,0.009026974439620972
11,C1210C226M3RACTU,,ESR,Ω,43651.5703125,0.00880284421145916
11,C1210C226M3RACTU,,ESR,Ω,45708.8046875,0.008588820695877075
11,C1210C226M3RACTU,,ESR,Ω,47862.9921875,0.008384430781006813
11,C1210C226M3RACTU,,ESR,Ω,50118.703125,0.008189230225980282
11,C1210C226M3RACTU,,ESR,Ω,52480.71875,0.008002834394574165
11,C1210C226M3RACTU,,ESR,Ω,54954.05859375,0.007824813947081566
11,C1210C226M3RACTU,,ESR,Ω,57544.0234375,0.007654790300875902
11,C1210C226M3RACTU,,ESR,Ω,60255.98828125,0.007492440287023783
11,C1210C226M3RACTU,,ESR,Ω,63095.76171875,0.007337397430092096
11,C1210C226M3RACTU,,ESR,Ω,66069.3671875,0.007189313881099224
11,C1210C226M3RACTU,,ESR,Ω,69183.125,0.007047920487821102
11,C1210C226M3RACTU,,ESR,Ω,72443.6171875,0.00691286800429225
11,C1210C226M3RACTU,,ESR,Ω,75857.78125,0.006783912889659405
11,C1210C226M3RACTU,,ESR,Ω,79432.84375,0.006660745479166508
11,C1210C226M3RACTU,,ESR,Ω,83176.390625,0.0065431310795247555
11,C1210C226M3RACTU,,ESR,Ω,87096.3671875,0.006430812180042267
11,C1210C226M3RACTU,,ESR,Ω,91201.09375,0.006323537789285183
11,C1210C226M3RACTU,,ESR,Ω,95499.265625,0.006221105344593525
11,C1210C226M3RACTU,,ESR,Ω,100000,0.00612327316775918
11,C1210C226M3RACTU,,ESR,Ω,104712.8515625,0.006029852200299501
11,C1210C226M3RACTU,,ESR,Ω,109647.8125,0.005940623115748167
11,C1210C226M3RACTU,,ESR,Ω,114815.34375,0.00585542107000947
11,C1210C226M3RACTU,,ESR,Ω,120226.421875,0.005774050951004028
11,C1210C226M3RACTU,,ESR,Ω,125892.515625,0.005696339998394251
11,C1210C226M3RACTU,,ESR,Ω,131825.640625,0.005622128490358591
11,C1210C226M3RACTU,,ESR,Ω,138038.390625,0.005551261827349663
11,C1210C226M3RACTU,,ESR,Ω,144543.921875,0.005483576096594334
11,C1210C226M3RACTU,,ESR,Ω,151356.0625,0.0054189409129321575
11,C1210C226M3RACTU,,ESR,Ω,158489.25,0.005357217974960804
11,C1210C226M3RACTU,,ESR,Ω,165958.609375,0.005298272240906954
11,C1210C226M3RACTU,,ESR,Ω,173779.984375,0.005241977050900459
11,C1210C226M3RACTU,,ESR,Ω,181970.1875,0.00518821133300662
11,C1210C226M3RACTU,,ESR,Ω,190546.15625,0.00513687077909708
11,C1210C226M3RACTU,,ESR,Ω,199526.3125,0.00508783757686615
11,C1210C226M3RACTU,,ESR,Ω,208929.703125,0.005041014868766069
11,C1210C226M3RACTU,,ESR,Ω,218776.234375,0.0049962992779910564
11,C1210C226M3RACTU,,ESR,Ω,229086.828125,0.004953594878315926
11,C1210C226M3RACTU,,ESR,Ω,239883.359375,0.004912815522402525
11,C1210C226M3RACTU,,ESR,Ω,251188.703125,0.004873867612332106
11,C1210C226M3RACTU,,ESR,Ω,263026.84375,0.004836670588701963
11,C1210C226M3RACTU,,ESR,Ω,275422.90625,0.004801152274012566
11,C1210C226M3RACTU,,ESR,Ω,288403.1875,0.004767232108861208
11,C1210C226M3RACTU,,ESR,Ω,301995.1875,0.004734838381409645
11,C1210C226M3RACTU,,ESR,Ω,316227.78125,0.004703902639448643
11,C1210C226M3RACTU,,ESR,Ω,331131.09375,0.004674355499446392
11,C1210C226M3RACTU,,ESR,Ω,346736.8125,0.0046461415477097034
11,C1210C226M3RACTU,,ESR,Ω,363078,0.004619198385626078
11,C1210C226M3RACTU,,ESR,Ω,380189.34375,0.004593467805534601
11,C1210C226M3RACTU,,ESR,Ω,398107.09375,0.004568892531096935
11,C1210C226M3RACTU,,ESR,Ω,416869.28125,0.004545424599200487
11,C1210C226M3RACTU,,ESR,Ω,436515.6875,0.004523012787103653
11,C1210C226M3RACTU,,ESR,Ω,457088.03125,0.004501610063016415
11,C1210C226M3RACTU,,ESR,Ω,478629.90625,0.004481171257793903
11,C1210C226M3RACTU,,ESR,Ω,501187,0.004461652133613825
11,C1210C226M3RACTU,,ESR,Ω,524807.1875,0.004443011246621609
11,C1210C226M3RACTU,,ESR,Ω,549540.5625,0.004425209015607834
11,C1210C226M3RACTU,,ESR,Ω,575440.25,0.004408208653330803
11,C1210C226M3RACTU,,ESR,Ω,602559.875,0.004408210050314665
11,C1210C226M3RACTU,,ESR,Ω,630957.625,0.0044252099469304085
11,C1210C226M3RACTU,,ESR,Ω,660693.6875,0.004443012643605471
11,C1210C226M3RACTU,,ESR,Ω,691831.1875,0.004461652599275112
11,C1210C226M3RACTU,,ESR,Ω,724436.1875,0.004481172654777765
11,C1210C226M3RACTU,,ESR,Ω,758577.75,0.0045016128569841385
11,C1210C226M3RACTU,,ESR,Ω,794328.4375,0.004523014649748802
11,C1210C226M3RACTU,,ESR,Ω,831763.9375,0.004545426461845636
11,C1210C226M3RACTU,,ESR,Ω,870963.6875,0.0045688943937420845
11,C1210C226M3RACTU,,ESR,Ω,912010.9375,0.004593467805534601
11,C1210C226M3RACTU,,ESR,Ω,954992.625,0.004619200248271227
11,C1210C226M3RACTU,,ESR,Ω,1e+06,0.00464614387601614
11,C1210C226M3RACTU,,ESR,Ω,1.0471285e+06,0.004674358293414116
11,C1210C226M3RACTU,,ESR,Ω,1.096478125e+06,0.004703902173787355
11,C1210C226M3RACTU,,ESR,Ω,1.1481535e+06,0.0044293454848229885
11,C1210C226M3RACTU,,ESR,Ω,1.20226425e+06,0.004447341896593571
11,C1210C226M3RACTU,,ESR,Ω,1.258925125e+06,0.004466187208890915
11,C1210C226M3RACTU,,ESR,Ω,1.318256375e+06,0.004485921002924442
11,C1210C226M3RACTU,,ESR,Ω,1.380383875e+06,0.004506584722548723
11,C1210C226M3RACTU,,ESR,Ω,1.44543925e+06,0.004528221674263477
11,C1210C226M3RACTU,,ESR,Ω,1.513560625e+06,0.004550877958536148
11,C1210C226M3RACTU,,ESR,Ω,1.5848925e+06,0.004574603401124477
11,C1210C226M3RACTU,,ESR,Ω,1.659586125e+06,0.004599445499479771
11,C1210C226M3RACTU,,ESR,Ω,1.737799875e+06,0.00462545920163393
11,C1210C226M3RACTU,,ESR,Ω,1.819701875e+06,0.004652699921280146
11,C1210C226M3RACTU,,ESR,Ω,1.905461625e+06,0.004681223072111607
11,C1210C226M3RACTU,,ESR,Ω,1.99526325e+06,0.004711091052740812
11,C1210C226M3RACTU,,ESR,Ω,2.089297e+06,0.004742366261780262
11,C1210C226M3RACTU,,ESR,Ω,2.1877625e+06,0.004775116685777903
11,C1210C226M3RACTU,,ESR,Ω,2.29086825e+06,0.0048094093799591064
11,C1210C226M3RACTU,,ESR,Ω,2.3988335e+06,0.0048453183844685555
11,C1210C226M3RACTU,,ESR,Ω,2.511887e+06,0.004882920067757368
11,C1210C226M3RACTU,,ESR,Ω,2.6302685e+06,0.004922293126583099
11,C1210C226M3RACTU,,ESR,Ω,2.754229e+06,0.004963522311300039
11,C1210C226M3RACTU,,ESR,Ω,2.88403175e+06,0.005006695166230202
11,C1210C226M3RACTU,,ESR,Ω,3.01995175e+06,0.005051902495324612
11,C1210C226M3RACTU,,ESR,Ω,3.16227775e+06,0.005099238827824593
11,C1210C226M3RACTU,,ESR,Ω,3.311311e+06,0.005148809868842363
11,C1210C226M3RACTU,,ESR,Ω,3.46736825e+06,0.005200713872909546
11,C1210C226M3RACTU,,ESR,Ω,3.63078e+06,0.005255065392702818
11,C1210C226M3RACTU,,ESR,Ω,3.80189325e+06,0.005311977583914995
11,C1210C226M3RACTU,,ESR,Ω,3.98107075e+06,0.005371573381125927
11,C1210C226M3RACTU,,ESR,Ω,4.16869275e+06,0.005433977115899324
11,C1210C226M3RACTU,,ESR,Ω,4.365157e+06,0.005499324295669794
11,C1210C226M3RACTU,,ESR,Ω,4.5708805e+06,0.005567747633904219
11,C1210C226M3RACTU,,ESR,Ω,4.786299e+06,0.005639398470520973
11,C1210C226M3RACTU,,ESR,Ω,5.01187e+06,0.005714425351470709
11,C1210C226M3RACTU,,ESR,Ω,5.248072e+06,0.0057929884642362595
11,C1210C226M3RACTU,,ESR,Ω,5.495406e+06,0.005875257309526205
11,C1210C226M3RACTU,,ESR,Ω,5.7544025e+06,0.005961401853710413
11,C1210C226M3RACTU,,ESR,Ω,6.025599e+06,0.006051604636013508
11,C1210C226M3RACTU,,ESR,Ω,6.309576e+06,0.006146060768514872
11,C1210C226M3RACTU,,ESR,Ω,6.606937e+06,0.006244971416890621
11,C1210C226M3RACTU,,ESR,Ω,6.918312e+06,0.006348539609462023
11,C1210C226M3RACTU,,ESR,Ω,7.244362e+06,0.006456987466663122
11,C1210C226M3RACTU,,ESR,Ω,7.5857775e+06,0.006570548750460148
11,C1210C226M3RACTU,,ESR,Ω,7.943284e+06,0.006689467933028936
11,C1210C226M3RACTU,,ESR,Ω,8.317639e+06,0.006813990417867899
11,C1210C226M3RACTU,,ESR,Ω,8.709637e+06,0.006944378837943077
11,C1210C226M3RACTU,,ESR,Ω,9.120109e+06,0.007080917712301016
11,C1210C226M3RACTU,,ESR,Ω,9.549926e+06,0.007223890628665686
11,C1210C226M3RACTU,,ESR,Ω,1e+07,0.0073736016638576984
11,C1210C226M3RACTU,,ESR,Ω,1.0471285e+07,0.007530370727181435
11,C1210C226M3RACTU,,ESR,Ω,1.0964781e+07,0.007694529835134745
11,C1210C226M3RACTU,,ESR,Ω,1.1481535e+07,0.007866430096328259
11,C1210C226M3RACTU,,ESR,Ω,1.2022642e+07,0.00804643239825964
11,C1210C226M3RACTU,,ESR,Ω,1.2589251e+07,0.008234920911490917
11,C1210C226M3RACTU,,ESR,Ω,1.3182564e+07,0.008432293310761452
11,C1210C226M3RACTU,,ESR,Ω,1.3803838e+07,0.008638976141810417
11,C1210C226M3RACTU,,ESR,Ω,1.4454393e+07,0.008855395950376987
11,C1210C226M3RACTU,,ESR,Ω,1.5135607e+07,0.009082026779651642
11,C1210C226M3RACTU,,ESR,Ω,1.5848925e+07,0.009319338016211987
11,C1210C226M3RACTU,,ESR,Ω,1.6595861e+07,0.009567840956151485
11,C1210C226M3RACTU,,ESR,Ω,1.7378e+07,0.009828060865402222
11,C1210C226M3RACTU,,ESR,Ω,1.8197018e+07,0.010100564919412136
11,C1210C226M3RACTU,,ESR,Ω,1.9054616e+07,0.010385913774371147
11,C1210C226M3RACTU,,ESR,Ω,1.9952632e+07,0.01068471185863018
11,C1210C226M3RACTU,,ESR,Ω,2.089297e+07,0.010997612029314041
11,C1210C226M3RACTU,,ESR,Ω,2.1877624e+07,0.011325262486934662
11,C1210C226M3RACTU,,ESR,Ω,2.2908684e+07,0.011668366380035877
11,C1210C226M3RACTU,,ESR,Ω,2.3988336e+07,0.012027658522129059
11,C1210C226M3RACTU,,ESR,Ω,2.511887e+07,0.012403914704918861
11,C1210C226M3RACTU,,ESR,Ω,2.6302684e+07,0.012797916308045387
11,C1210C226M3RACTU,,ESR,Ω,2.754229e+07,0.013210502453148365
11,C1210C226M3RACTU,,ESR,Ω,2.8840318e+07,0.013642572797834873
11,C1210C226M3RACTU,,ESR,Ω,3.0199518e+07,0.014095034450292587
11,C1210C226M3RACTU,,ESR,Ω,3.1622776e+07,0.014568855054676533
11,C1210C226M3RACTU,,ESR,Ω,3.311311e+07,0.015065046958625317
11,C1210C226M3RACTU,,ESR,Ω,3.467368e+07,0.015584658831357956
11,C1210C226M3RACTU,,ESR,Ω,3.63078e+07,0.016128825023770332
11,C1210C226M3RACTU,,ESR,Ω,3.8018932e+07,0.016698693856596947
11,C1210C226M3RACTU,,ESR,Ω,3.9810708e+07,0.017295487225055695
11,C1210C226M3RACTU,,ESR,Ω,4.1686928e+07,0.0179204810410738
11,C1210C226M3RACTU,,ESR,Ω,4.3651568e+07,0.0185750313103199
11,C1210C226M3RACTU,,ESR,Ω,4.5708804e+07,0.019260523840785027
11,C1210C226M3RACTU,,ESR,Ω,4.7862992e+07,0.019978448748588562
11,C1210C226M3RACTU,,ESR,Ω,5.01187e+07,0.020730342715978622
11,C1210C226M3RACTU,,ESR,Ω,5.248072e+07,0.021517861634492874
11,C1210C226M3RACTU,,ESR,Ω,5.495406e+07,0.022342633455991745
11,C1210C226M3RACTU,,ESR,Ω,5.7544024e+07,0.023206522688269615
11,C1210C226M3RACTU,,ESR,Ω,6.0255988e+07,0.02411135658621788
11,C1210C226M3RACTU,,ESR,Ω,6.3095764e+07,0.025059083476662636
11,C1210C226M3RACTU,,ESR,Ω,6.6069372e+07,0.026051802560687065
11,C1210C226M3RACTU,,ESR,Ω,6.918312e+07,0.027091674506664276
11,C1210C226M3RACTU,,ESR,Ω,7.2443616e+07,0.02818097360432148
11,C1210C226M3RACTU,,ESR,Ω,7.5857776e+07,0.029322080314159393
11,C1210C226M3RACTU,,ESR,Ω,7.943284e+07,0.030517570674419403
11,C1210C226M3RACTU,,ESR,Ω,8.3176392e+07,0.0317700132727623
11,C1210C226M3RACTU,,ESR,Ω,8.7096368e+07,0.033082254230976105
11,C1210C226M3RACTU,,ESR,Ω,9.1201088e+07,0.03445718437433243
11,C1210C226M3RACTU,,ESR,Ω,9.5499264e+07,0.035897962749004364
11,C1210C226M3RACTU,,ESR,Ω,1e+08,0.03740779682993889
11,C1210C226M3RACTU,,ESR,Ω,1.04712968e+08,0.03899021074175835
11,C1210C226M3RACTU,,ESR,Ω,1.09647808e+08,0.040648672729730606
11,C1210C226M3RACTU,,ESR,Ω,1.14815472e+08,0.04238717630505562
11,C1210C226M3RACTU,,ESR,Ω,1.20226424e+08,0.044209759682416916
11,C1210C226M3RACTU,,ESR,Ω,1.25892648e+08,0.046120818704366684
11,C1210C226M3RACTU,,ESR,Ω,1.3182564e+08,0.048124831169843674
11,C1210C226M3RACTU,,ESR,Ω,1.38038528e+08,0.05022680014371872
11,C1210C226M3RACTU,,ESR,Ω,1.4454392e+08,0.05243174731731415
11,C1210C226M3RACTU,,ESR,Ω,1.51356224e+08,0.054745592176914215
11,C1210C226M3RACTU,,ESR,Ω,1.58489248e+08,0.05717393383383751
11,C1210C226M3RACTU,,ESR,Ω,1.659588e+08,0.05972340330481529
11,C1210C226M3RACTU,,ESR,Ω,1.73779984e+08,0.062400851398706436
11,C1210C226M3RACTU,,ESR,Ω,1.81970176e+08,0.06521392613649368
11,C1210C226M3RACTU,,ESR,Ω,1.90545952e+08,0.06817028671503067
11,C1210C226M3RACTU,,ESR,Ω,1.9952632e+08,0.07127939164638519
11,C1210C226M3RACTU,,ESR,Ω,2.08929472e+08,0.07455036044120789
11,C1210C226M3RACTU,,ESR,Ω,2.1877624e+08,0.07799430191516876
11,C1210C226M3RACTU,,ESR,Ω,2.29086592e+08,0.08162257075309753
11,C1210C226M3RACTU,,ESR,Ω,2.3988336e+08,0.08544861525297165
11,C1210C226M3RACTU,,ESR,Ω,2.51188416e+08,0.08948669582605362
11,C1210C226M3RACTU,,ESR,Ω,2.63026848e+08,0.09375352412462234
11,C1210C226M3RACTU,,ESR,Ω,2.75422592e+08,0.09826716035604477
11,C1210C226M3RACTU,,ESR,Ω,2.88403168e+08,0.10304909944534302
11,C1210C226M3RACTU,,ESR,Ω,3.01994848e+08,0.10812291502952576
11,C1210C226M3RACTU,,ESR,Ω,3.16227776e+08,0.11351612955331802
11,C1210C226M3RACTU,,ESR,Ω,3.31131456e+08,0.11926025152206421
11,C1210C226M3RACTU,,ESR,Ω,3.46736832e+08,0.12539109587669373
11,C1210C226M3RACTU,,ESR,Ω,3.630784e+08,0.13195118308067322
11,C1210C226M3RACTU,,ESR,Ω,3.80189344e+08,0.13898803293704987
11,C1210C226M3RACTU,,ESR,Ω,3.9810752e+08,0.1465584933757782
11,C1210C226M3RACTU,,ESR,Ω,4.1686928e+08,0.15472592413425446
11,C1210C226M3RACTU,,ESR,Ω,4.36516192e+08,0.16356545686721802
11,C1210C226M3RACTU,,ESR,Ω,4.57088032e+08,0.17316825687885284
11,C1210C226M3RACTU,,ESR,Ω,4.78630432e+08,0.18366944789886475
11,C1210C226M3RACTU,,ESR,Ω,5.01187008e+08,0.1951507031917572
11,C1210C226M3RACTU,,ESR,Ω,5.24807776e+08,0.20773670077323914
11,C1210C226M3RACTU,,ESR,Ω,5.49540608e+08,0.22156040370464325
11,C1210C226M3RACTU,,ESR,Ω,5.75440256e+08,0.23676475882530212
11,C1210C226M3RACTU,,ESR,Ω,6.02559232e+08,0.25349161028862
11,C1210C226M3RACTU,,ESR,Ω,6.30957632e+08,0.27188313007354736
11,C1210C226M3RACTU,,ESR,Ω,6.60692992e+08,0.29206427931785583
11,C1210C226M3RACTU,,ESR,Ω,6.91831232e+08,0.3141426146030426
11,C1210C226M3RACTU,,ESR,Ω,7.24435392e+08,0.3381878435611725
11,C1210C226M3RACTU,,ESR,Ω,7.58577792e+08,0.3642331659793854
11,C1210C226M3RACTU,,ESR,Ω,7.94327552e+08,0.39225855469703674
11,C1210C226M3RACTU,,ESR,Ω,8.31763904e+08,0.4222005009651184
11,C1210C226M3RACTU,,ESR,Ω,8.70962752e+08,0.4539440870285034
11,C1210C226M3RACTU,,ESR,Ω,9.12010944e+08,0.48734551668167114
11,C1210C226M3RACTU,,ESR,Ω,9.54991552e+08,0.522232711315155
11,C1210C226M3RACTU,,ESR,Ω,1e+09,0.5584379434585571
11,C1210C226M3RACTU,,ESR,Ω,1.047129664e+09,0.595800518989563
11,C1210C226M3RACTU,,ESR,Ω,1.09647808e+09,0.6341873407363892
11,C1210C226M3RACTU,,ESR,Ω,1.148154752e+09,0.6735085248947144
11,C1210C226M3RACTU,,ESR,Ω,1.202264192e+09,0.7137104272842407
11,C1210C226M3RACTU,,ESR,Ω,1.258926464e+09,0.754789412021637
11,C1210C226M3RACTU,,ESR,Ω,1.318256384e+09,0.79677414894104
11,C1210C226M3RACTU,,ESR,Ω,1.380385408e+09,0.8397374153137207
11,C1210C226M3RACTU,,ESR,Ω,1.445439232e+09,0.8837710618972778
11,C1210C226M3RACTU,,ESR,Ω,1.513562368e+09,0.928999125957489
11,C1210C226M3RACTU,,ESR,Ω,1.584892544e+09,0.9755518436431885
11,C1210C226M3RACTU,,ESR,Ω,1.659587968e+09,1.0235788822174072
11,C1210C226M3RACTU,,ESR,Ω,1.737799936e+09,1.0732311010360718
11,C1210C226M3RACTU,,ESR,Ω,1.81970176e+09,1.1246695518493652
11,C1210C226M3RACTU,,ESR,Ω,1.905459584e+09,1.1780513525009155
11,C1210C226M3RACTU,,ESR,Ω,1.995263232e+09,1.233542561531067
11,C1210C226M3RACTU,,ESR,Ω,2.08929472e+09,1.2913024425506592
11,C1210C226M3RACTU,,ESR,Ω,2.187762432e+09,1.3514991998672485
11,C1210C226M3RACTU,,ESR,Ω,2.29086592e+09,1.4142935276031494
11,C1210C226M3RACTU,,ESR,Ω,2.398833664e+09,1.4798575639724731
11,C1210C226M3RACTU,,ESR,Ω,2.511884288e+09,1.548353910446167
11,C1210C226M3RACTU,,ESR,Ω,2.630268416e+09,1.6199606657028198
11,C1210C226M3RACTU,,ESR,Ω,2.75422592e+09,1.6948466300964355
11,C1210C226M3RACTU,,ESR,Ω,2.884031744e+09,1.773196816444397
11,C1210C226M3RACTU,,ESR,Ω,3.019948544e+09,1.8551868200302124
11,C1210C226M3RACTU,,ESR,Ω,3.162277632e+09,1.9410146474838257
11,C1210C226M3RACTU,,ESR,Ω,3.311314688e+09,2.030871868133545
11,C1210C226M3RACTU,,ESR,Ω,3.467368192e+09,2.124955415725708
11,C1210C226M3RACTU,,ESR,Ω,3.630784e+09,2.2234859466552734
11,C1210C226M3RACTU,,ESR,Ω,3.801893376e+09,2.3266689777374268
11,C1210C226M3RACTU,,ESR,Ω,3.9810752e+09,2.4347426891326904
11,C1210C226M3RACTU,,ESR,Ω,4.168692736e+09,2.547928810119629
11,C1210C226M3RACTU,,ESR,Ω,4.365161984e+09,2.666489601135254
11,C1210C226M3RACTU,,ESR,Ω,4.570880512e+09,2.7906665802001953
11,C1210C226M3RACTU,,ESR,Ω,4.786304512e+09,2.9207394123077393
11,C1210C226M3RACTU,,ESR,Ω,5.011870208e+09,3.0569748878479004
11,C1210C226M3RACTU,,ESR,Ω,5.248077824e+09,3.199679374694824
11,C1210C226M3RACTU,,ESR,Ω,5.49540608e+09,3.349144220352173
11,C1210C226M3RACTU,,ESR,Ω,5.754402304e+09,3.5057029724121094
11,C1210C226M3RACTU,,ESR,Ω,6.02559232e+09,3.6696741580963135
11,C1210C226M3RACTU,,ESR,Ω,6.309576192e+09,3.8414244651794434
11,C1210C226M3RACTU,,ESR,Ω,6.60692992e+09,4.021302700042725
11,C1210C226M3RACTU,,ESR,Ω,6.918311936e+09,4.209711074829102
11,C1210C226M3RACTU,,ESR,Ω,7.244354048e+09,4.40702486038208
11,C1210C226M3RACTU,,ESR,Ω,7.585777664e+09,4.613691806793213
11,C1210C226M3RACTU,,ESR,Ω,7.94327552e+09,4.830127239227295
11,C1210C226M3RACTU,,ESR,Ω,8.317639168e+09,5.056809902191162
11,C1210C226M3RACTU,,ESR,Ω,8.709627904e+09,5.294203758239746
11,C1210C226M3RACTU,,ESR,Ω,9.120109568e+09,5.54283332824707
11,C1210C226M3RACTU,,ESR,Ω,9.54991616e+09,5.803205490112305
11,C1210C226M3RACTU,,ESR,Ω,1e+10,6.075893878936768
12,C1210C226M3RACTU,,Impedance,Ω,10000,0.7630344033241272
12,C1210C226M3RACTU,,Impedance,Ω,10471.28515625,0.7291449904441833
12,C1210C226M3RACTU,,Impedance,Ω,10964.78125,0.6967610120773315
12,C1210C226M3RACTU,,Impedance,Ω,11481.53515625,0.6658155918121338
12,C1210C226M3RACTU,,Impedance,Ω,12022.642578125,0.6362447738647461
12,C1210C226M3RACTU,,Impedance,Ω,12589.2509765625,0.6079874634742737
12,C1210C226M3RACTU,,Impedance,Ω,13182.5634765625,0.5809851884841919
12,C1210C226M3RACTU,,Impedance,Ω,13803.8388671875,0.5551822185516357
12,C1210C226M3RACTU,,Impedance,Ω,14454.392578125,0.5305254459381104
12,C1210C226M3RACTU,,Impedance,Ω,15135.6064453125,0.5069637894630432
12,C1210C226M3RACTU,,Impedance,Ω,15848.9248046875,0.4844484329223633
12,C1210C226M3RACTU,,Impedance,Ω,16595.861328125,0.46293315291404724
12,C1210C226M3RACTU,,Impedance,Ω,17378,0.44237351417541504
12,C1210C226M3RACTU,,Impedance,Ω,18197.017578125,0.42272642254829407
12,C1210C226M3RACTU,,Impedance,Ω,19054.6171875,0.40395215153694153
12,C1210C226M3RACTU,,Impedance,Ω,19952.6328125,0.38601168990135193
12,C1210C226M3RACTU,,Impedance,Ω,20892.96875,0.36886802315711975
12,C1210C226M3RACTU,,Impedance,Ω,21877.623046875,0.35248541831970215
12,C1210C226M3RACTU,,Impedance,Ω,22908.68359375,0.3368302583694458
12,C1210C226M3RACTU,,Impedance,Ω,23988.3359375,0.32187023758888245
12,C1210C226M3RACTU,,Impedance,Ω,25118.869140625,0.30757448077201843
12,C1210C226M3RACTU,,Impedance,Ω,26302.68359375,0.293913334608078
12,C1210C226M3RACTU,,Impedance,Ω,27542.291015625,0.2808586657047272
12,C1210C226M3RACTU,,Impedance,Ω,28840.318359375,0.26838356256484985
12,C1210C226M3RACTU,,Impedance,Ω,30199.517578125,0.25646212697029114
12,C1210C226M3RACTU,,Impedance,Ω,31622.77734375,0.24506987631320953
12,C1210C226M3RACTU,,Impedance,Ω,33113.109375,0.23418325185775757
12,C1210C226M3RACTU,,Impedance,Ω,34673.68359375,0.22377975285053253
12,C1210C226M3RACTU,,Impedance,Ω,36307.80078125,0.2138378918170929
12,C1210C226M3RACTU,,Impedance,Ω,38018.93359375,0.20433716475963593
12,C1210C226M3RACTU,,Impedance,Ω,39810.70703125,0.19525796175003052
12,C1210C226M3RACTU,,Impedance,Ω,41686.92578125,0.18658149242401123
12,C1210C226M3RACTU,,Impedance,Ω,43651.5703125,0.17828983068466187
12,C1210C226M3RACTU,,Impedance,Ω,45708.8046875,0.17036595940589905
12,C1210C226M3RACTU,,Impedance,Ω,47862.9921875,0.16279339790344238
12,C1210C226M3RACTU,,Impedance,Ω,50118.703125,0.15555661916732788
12,C1210C226M3RACTU,,Impedance,Ω,52480.71875,0.14864066243171692
12,C1210C226M3RACTU,,Impedance,Ω,54954.05859375,0.14203119277954102
12,C1210C226M3RACTU,,Impedance,Ω,57544.0234375,0.13571439683437347
12,C1210C226M3RACTU,,Impedance,Ω,60255.98828125,0.12967760860919952
12,C1210C226M3RACTU,,Impedance,Ω,63095.76171875,0.12390819936990738
12,C1210C226M3RACTU,,Impedance,Ω,66069.3671875,0.11839427053928375
12,C1210C226M3RACTU,,Impedance,Ω,69183.125,0.11312435567378998
12,C1210C226M3RACTU,,Impedance,Ω,72443.6171875,0.1080876886844635
12,C1210C226M3RACTU,,Impedance,Ω,75857.78125,0.10327379405498505
12,C1210C226M3RACTU,,Impedance,Ω,79432.84375,0.0986727848649025
12,C1210C226M3RACTU,,Impedance,Ω,83176.390625,0.09427512437105179
12,C1210C226M3RACTU,,Impedance,Ω,87096.3671875,0.09007172286510468
12,C1210C226M3RACTU,,Impedance,Ω,91201.09375,0.08605397492647171
12,C1210C226M3RACTU,,Impedance,Ω,95499.265625,0.08221350610256195
12,C1210C226M3RACTU,,Impedance,Ω,100000,0.07854246348142624
12,C1210C226M3RACTU,,Impedance,Ω,104712.8515625,0.07503321766853333
12,C1210C226M3RACTU,,Impedance,Ω,109647.8125,0.07167854905128479
12,C1210C226M3RACTU,,Impedance,Ω,114815.34375,0.0684715136885643
12,C1210C226M3RACTU,,Impedance,Ω,120226.421875,0.06540551781654358
12,C1210C226M3RACTU,,Impedance,Ω,125892.515625,0.06247422844171524
12,C1210C226M3RACTU,,Impedance,Ω,131825.640625,0.05967158079147339
12,C1210C226M3RACTU,,Impedance,Ω,138038.390625,0.0569918230175972
12,C1210C226M3RACTU,,Impedance,Ω,144543.921875,0.05442940443754196
12,C1210C226M3RACTU,,Impedance,Ω,151356.0625,0.051979031413793564
12,C1210C226M3RACTU,,Impedance,Ω,158489.25,0.04963567852973938
12,C1210C226M3RACTU,,Impedance,Ω,165958.609375,0.04739449545741081
12,C1210C226M3RACTU,,Impedance,Ω,173779.984375,0.04525084048509598
12,C1210C226M3RACTU,,Impedance,Ω,181970.1875,0.04320027679204941
12,C1210C226M3RACTU,,Impedance,Ω,190546.15625,0.041238684207201004
12,C1210C226M3RACTU,,Impedance,Ω,199526.3125,0.03936192765831947
12,C1210C226M3RACTU,,Impedance,Ω,208929.703125,0.037566184997558594
12,C1210C226M3RACTU,,Impedance,Ω,218776.234375,0.0358477383852005
12,C1210C226M3RACTU,,Impedance,Ω,229086.828125,0.03420305624604225
12,C1210C226M3RACTU,,Impedance,Ω,239883.359375,0.03262875974178314
12,C1210C226M3RACTU,,Impedance,Ω,251188.703125,0.031121596693992615
12,C1210C226M3RACTU,,Impedance,Ω,263026.84375,0.02967849187552929
12,C1210C226M3RACTU,,Impedance,Ω,275422.90625,0.028296485543251038
12,C1210C226M3RACTU,,Impedance,Ω,288403.1875,0.02697274461388588
12,C1210C226M3RACTU,,Impedance,Ω,301995.1875,0.02570456825196743
12,C1210C226M3RACTU,,Impedance,Ω,316227.78125,0.024489350616931915
12,C1210C226M3RACTU,,Impedance,Ω,331131.09375,0.023324647918343544
12,C1210C226M3RACTU,,Impedance,Ω,346736.8125,0.02220807410776615
12,C1210C226M3RACTU,,Impedance,Ω,363078,0.02113739214837551
12,C1210C226M3RACTU,,Impedance,Ω,380189.34375,0.02011043392121792
12,C1210C226M3RACTU,,Impedance,Ω,398107.09375,0.019125165417790413
12,C1210C226M3RACTU,,Impedance,Ω,416869.28125,0.018179617822170258
12,C1210C226M3RACTU,,Impedance,Ω,436515.6875,0.017271939665079117
12,C1210C226M3RACTU,,Impedance,Ω,457088.03125,0.01640036515891552
12,C1210C226M3RACTU,,Impedance,Ω,478629.90625,0.015563231892883778
12,C1210C226M3RACTU,,Impedance,Ω,501187,0.014758962206542492
12,C1210C226M3RACTU,,Impedance,Ω,524807.1875,0.01398608461022377
12,C1210C226M3RACTU,,Impedance,Ω,549540.5625,0.01324322260916233
12,C1210C226M3RACTU,,Impedance,Ω,575440.25,0.012529089115560055
12,C1210C226M3RACTU,,Impedance,Ω,602559.875,0.01184859313070774
12,C1210C226M3RACTU,,Impedance,Ω,630957.625,0.011201751418411732
12,C1210C226M3RACTU,,Impedance,Ω,660693.6875,0.01058216579258442
12,C1210C226M3RACTU,,Impedance,Ω,691831.1875,0.009989301674067974
12,C1210C226M3RACTU,,Impedance,Ω,724436.1875,0.009422850795090199
12,C1210C226M3RACTU,,Impedance,Ω,758577.75,0.008882730267941952
12,C1210C226M3RACTU,,Impedance,Ω,794328.4375,0.00836913101375103
12,C1210C226M3RACTU,,Impedance,Ω,831763.9375,0.007882579229772091
12,C1210C226M3RACTU,,Impedance,Ω,870963.6875,0.007423953618854284
12,C1210C226M3RACTU,,Impedance,Ω,912010.9375,0.006994571536779404
12,C1210C226M3RACTU,,Impedance,Ω,954992.625,0.006596228573471308
12,C1210C226M3RACTU,,Impedance,Ω,1e+06,0.006231240462511778
12,C1210C226M3RACTU,,Impedance,Ω,1.0471285e+06,0.005902472883462906
12,C1210C226M3RACTU,,Impedance,Ω,1.096478125e+06,0.0056132967583835125
12,C1210C226M3RACTU,,Impedance,Ω,1.1481535e+06,0.0051000346429646015
12,C1210C226M3RACTU,,Impedance,Ω,1.20226425e+06,0.004875557031482458
12,C1210C226M3RACTU,,Impedance,Ω,1.258925125e+06,0.004702461417764425
12,C1210C226M3RACTU,,Impedance,Ω,1.318256375e+06,0.004585071001201868
12,C1210C226M3RACTU,,Impedance,Ω,1.380383875e+06,0.004526723641902208
12,C1210C226M3RACTU,,Impedance,Ω,1.44543925e+06,0.0045292130671441555
12,C1210C226M3RACTU,,Impedance,Ω,1.513560625e+06,0.004590952768921852
12,C1210C226M3RACTU,,Impedance,Ω,1.5848925e+06,0.004709283355623484
12,C1210C226M3RACTU,,Impedance,Ω,1.659586125e+06,0.004880697466433048
12,C1210C226M3RACTU,,Impedance,Ω,1.737799875e+06,0.005100886803120375
12,C1210C226M3RACTU,,Impedance,Ω,1.819701875e+06,0.005365253426134586
12,C1210C226M3RACTU,,Impedance,Ω,1.905461625e+06,0.005669325590133667
12,C1210C226M3RACTU,,Impedance,Ω,1.99526325e+06,0.00600909348577261
12,C1210C226M3RACTU,,Impedance,Ω,2.089297e+06,0.006381128448992968
12,C1210C226M3RACTU,,Impedance,Ω,2.1877625e+06,0.006782633252441883
12,C1210C226M3RACTU,,Impedance,Ω,2.29086825e+06,0.0072114123031497
12,C1210C226M3RACTU,,Impedance,Ω,2.3988335e+06,0.007665829733014107
12,C1210C226M3RACTU,,Impedance,Ω,2.511887e+06,0.008144720457494259
12,C1210C226M3RACTU,,Impedance,Ω,2.6302685e+06,0.008647342212498188
12,C1210C226M3RACTU,,Impedance,Ω,2.754229e+06,0.009173283353447914
12,C1210C226M3RACTU,,Impedance,Ω,2.88403175e+06,0.009722444228827953
12,C1210C226M3RACTU,,Impedance,Ω,3.01995175e+06,0.010294959880411625
12,C1210C226M3RACTU,,Impedance,Ω,3.16227775e+06,0.010891186073422432
12,C1210C226M3RACTU,,Impedance,Ω,3.311311e+06,0.011511653661727905
12,C1210C226M3RACTU,,Impedance,Ω,3.46736825e+06,0.012157052755355835
12,C1210C226M3RACTU,,Impedance,Ω,3.63078e+06,0.012828217819333076
12,C1210C226M3RACTU,,Impedance,Ω,3.80189325e+06,0.01352609507739544
12,C1210C226M3RACTU,,Impedance,Ω,3.98107075e+06,0.014251760207116604
12,C1210C226M3RACTU,,Impedance,Ω,4.16869275e+06,0.015006386674940586
12,C1210C226M3RACTU,,Impedance,Ω,4.365157e+06,0.015791241079568863
12,C1210C226M3RACTU,,Impedance,Ω,4.5708805e+06,0.01660768873989582
12,C1210C226M3RACTU,,Impedance,Ω,4.786299e+06,0.017457183450460434
12,C1210C226M3RACTU,,Impedance,Ω,5.01187e+06,0.01834128051996231
12,C1210C226M3RACTU,,Impedance,Ω,5.248072e+06,0.019261609762907028
12,C1210C226M3RACTU,,Impedance,Ω,5.495406e+06,0.020219892263412476
12,C1210C226M3RACTU,,Impedance,Ω,5.7544025e+06,0.021217964589595795
12,C1210C226M3RACTU,,Impedance,Ω,6.025599e+06,0.02225768379867077
12,C1210C226M3RACTU,,Impedance,Ω,6.309576e+06,0.023341059684753418
12,C1210C226M3RACTU,,Impedance,Ω,6.606937e+06,0.02447020448744297
12,C1210C226M3RACTU,,Impedance,Ω,6.918312e+06,0.025647282600402832
12,C1210C226M3RACTU,,Impedance,Ω,7.244362e+06,0.0268746018409729
12,C1210C226M3RACTU,,Impedance,Ω,7.5857775e+06,0.028154538944363594
12,C1210C226M3RACTU,,Impedance,Ω,7.943284e+06,0.029489615932106972
12,C1210C226M3RACTU,,Impedance,Ω,8.317639e+06,0.030882427468895912
12,C1210C226M3RACTU,,Impedance,Ω,8.709637e+06,0.032335735857486725
12,C1210C226M3RACTU,,Impedance,Ω,9.120109e+06,0.03385237976908684
12,C1210C226M3RACTU,,Impedance,Ω,9.549926e+06,0.03543533757328987
12,C1210C226M3RACTU,,Impedance,Ω,1e+07,0.03708774596452713
12,C1210C226M3RACTU,,Impedance,Ω,1.0471285e+07,0.038813382387161255
12,C1210C226M3RACTU,,Impedance,Ω,1.0964781e+07,0.04061506316065788
12,C1210C226M3RACTU,,Impedance,Ω,1.1481535e+07,0.04249637573957443
12,C1210C226M3RACTU,,Impedance,Ω,1.2022642e+07,0.04446100443601608
12,C1210C226M3RACTU,,Impedance,Ω,1.2589251e+07,0.04651285707950592
12,C1210C226M3RACTU,,Impedance,Ω,1.3182564e+07,0.04865596443414688
12,C1210C226M3RACTU,,Impedance,Ω,1.3803838e+07,0.05089457705616951
12,C1210C226M3RACTU,,Impedance,Ω,1.4454393e+07,0.05323313549160957
12,C1210C226M3RACTU,,Impedance,Ω,1.5135607e+07,0.05567625164985657
12,C1210C226M3RACTU,,Impedance,Ω,1.5848925e+07,0.058228749781847
12,C1210C226M3RACTU,,Impedance,Ω,1.6595861e+07,0.06089570000767708
12,C1210C226M3RACTU,,Impedance,Ω,1.7378e+07,0.06368237733840942
12,C1210C226M3RACTU,,Impedance,Ω,1.8197018e+07,0.06659436970949173
12,C1210C226M3RACTU,,Impedance,Ω,1.9054616e+07,0.06963730603456497
12,C1210C226M3RACTU,,Impedance,Ω,1.9952632e+07,0.07281728088855743
12,C1210C226M3RACTU,,Impedance,Ω,2.089297e+07,0.07614057511091232
12,C1210C226M3RACTU,,Impedance,Ω,2.1877624e+07,0.07961376756429672
12,C1210C226M3RACTU,,Impedance,Ω,2.2908684e+07,0.08324375003576279
12,C1210C226M3RACTU,,Impedance,Ω,2.3988336e+07,0.08703774213790894
12,C1210C226M3RACTU,,Impedance,Ω,2.511887e+07,0.09100321680307388
12,C1210C226M3RACTU,,Impedance,Ω,2.6302684e+07,0.09514807909727097
12,C1210C226M3RACTU,,Impedance,Ω,2.754229e+07,0.09948048740625381
12,C1210C226M3RACTU,,Impedance,Ω,2.8840318e+07,0.10400909185409546
12,C1210C226M3RACTU,,Impedance,Ω,3.0199518e+07,0.10874281823635101
12,C1210C226M3RACTU,,Impedance,Ω,3.1622776e+07,0.11369111388921738
12,C1210C226M3RACTU,,Impedance,Ω,3.311311e+07,0.11886374652385712
12,C1210C226M3RACTU,,Impedance,Ω,3.467368e+07,0.12427099794149399
12,C1210C226M3RACTU,,Impedance,Ω,3.63078e+07,0.12992362678050995
12,C1210C226M3RACTU,,Impedance,Ω,3.8018932e+07,0.13583281636238098
12,C1210C226M3RACTU,,Impedance,Ω,3.9810708e+07,0.14201034605503082
12,C1210C226M3RACTU,,Impedance,Ω,4.1686928e+07,0.1484685242176056
12,C1210C226M3RACTU,,Impedance,Ω,4.3651568e+07,0.15522007644176483
12,C1210C226M3RACTU,,Impedance,Ω,4.5708804e+07,0.16227848827838898
12,C1210C226M3RACTU,,Impedance,Ω,4.7862992e+07,0.16965791583061218
12,C1210C226M3RACTU,,Impedance,Ω,5.01187e+07,0.17737287282943726
12,C1210C226M3RACTU,,Impedance,Ω,5.248072e+07,0.18543893098831177
12,C1210C226M3RACTU,,Impedance,Ω,5.495406e+07,0.19387198984622955
12,C1210C226M3RACTU,,Impedance,Ω,5.7544024e+07,0.20268921554088593
12,C1210C226M3RACTU,,Impedance,Ω,6.0255988e+07,0.21190768480300903
12,C1210C226M3RACTU,,Impedance,Ω,6.3095764e+07,0.2215462476015091
12,C1210C226M3RACTU,,Impedance,Ω,6.6069372e+07,0.23162397742271423
12,C1210C226M3RACTU,,Impedance,Ω,6.918312e+07,0.24216106534004211
12,C1210C226M3RACTU,,Impedance,Ω,7.2443616e+07,0.25317883491516113
12,C1210C226M3RACTU,,Impedance,Ω,7.5857776e+07,0.2646993100643158
12,C1210C226M3RACTU,,Impedance,Ω,7.943284e+07,0.2767457067966461
12,C1210C226M3RACTU,,Impedance,Ω,8.3176392e+07,0.28934207558631897
12,C1210C226M3RACTU,,Impedance,Ω,8.7096368e+07,0.30251410603523254
12,C1210C226M3RACTU,,Impedance,Ω,9.1201088e+07,0.3162883520126343
12,C1210C226M3RACTU,,Impedance,Ω,9.5499264e+07,0.33069267868995667
12,C1210C226M3RACTU,,Impedance,Ω,1e+08,0.3457562327384949
12,C1210C226M3RACTU,,Impedance,Ω,1.04712968e+08,0.3615102469921112
12,C1210C226M3RACTU,,Impedance,Ω,1.09647808e+08,0.3779855966567993
12,C1210C226M3RACTU,,Impedance,Ω,1.14815472e+08,0.39521753787994385
12,C1210C226M3RACTU,,Impedance,Ω,1.20226424e+08,0.41323989629745483
12,C1210C226M3RACTU,,Impedance,Ω,1.25892648e+08,0.4320914149284363
12,C1210C226M3RACTU,,Impedance,Ω,1.3182564e+08,0.451809287071228
12,C1210C226M3RACTU,,Impedance,Ω,1.38038528e+08,0.4724363386631012
12,C1210C226M3RACTU,,Impedance,Ω,1.4454392e+08,0.49401354789733887
12,C1210C226M3RACTU,,Impedance,Ω,1.51356224e+08,0.5165881514549255
12,C1210C226M3RACTU,,Impedance,Ω,1.58489248e+08,0.5402055382728577
12,C1210C226M3RACTU,,Impedance,Ω,1.659588e+08,0.5649177432060242
12,C1210C226M3RACTU,,Impedance,Ω,1.73779984e+08,0.5907753705978394
12,C1210C226M3RACTU,,Impedance,Ω,1.81970176e+08,0.6178358793258667
12,C1210C226M3RACTU,,Impedance,Ω,1.90545952e+08,0.6461551785469055
12,C1210C226M3RACTU,,Impedance,Ω,1.9952632e+08,0.6757975220680237
12,C1210C226M3RACTU,,Impedance,Ω,2.08929472e+08,0.7068246603012085
12,C1210C226M3RACTU,,Impedance,Ω,2.1877624e+08,0.7393082976341248
12,C1210C226M3RACTU,,Impedance,Ω,2.29086592e+08,0.7733172178268433
12,C1210C226M3RACTU,,Impedance,Ω,2.3988336e+08,0.8089310526847839
12,C1210C226M3RACTU,,Impedance,Ω,2.51188416e+08,0.8462272882461548
12,C1210C226M3RACTU,,Impedance,Ω,2.63026848e+08,0.8852941989898682
12,C1210C226M3RACTU,,Impedance,Ω,2.75422592e+08,0.9262182116508484
12,C1210C226M3RACTU,,Impedance,Ω,2.88403168e+08,0.9690985083580017
12,C1210C226M3RACTU,,Impedance,Ω,3.01994848e+08,1.0140316486358643
12,C1210C226M3RACTU,,Impedance,Ω,3.16227776e+08,1.0611276626586914
12,C1210C226M3RACTU,,Impedance,Ω,3.31131456e+08,1.1104966402053833
12,C1210C226M3RACTU,,Impedance,Ω,3.46736832e+08,1.162253975868225
12,C1210C226M3RACTU,,Impedance,Ω,3.630784e+08,1.2165281772613525
12,C1210C226M3RACTU,,Impedance,Ω,3.80189344e+08,1.2734438180923462
12,C1210C226M3RACTU,,Impedance,Ω,3.9810752e+08,1.3331407308578491
12,C1210C226M3RACTU,,Impedance,Ω,4.1686928e+08,1.3957538604736328
12,C1210C226M3RACTU,,Impedance,Ω,4.36516192e+08,1.4614309072494507
12,C1210C226M3RACTU,,Impedance,Ω,4.57088032e+08,1.5307610034942627
12,C1210C226M3RACTU,,Impedance,Ω,4.78630432e+08,1.6056122779846191
12,C1210C226M3RACTU,,Impedance,Ω,5.01187008e+08,1.6842169761657715
12,C1210C226M3RACTU,,Impedance,Ω,5.24807776e+08,1.7667418718338013
12,C1210C226M3RACTU,,Impedance,Ω,5.49540608e+08,1.8533291816711426
12,C1210C226M3RACTU,,Impedance,Ω,5.75440256e+08,1.9441248178482056
12,C1210C226M3RACTU,,Impedance,Ω,6.02559232e+08,2.0392420291900635
12,C1210C226M3RACTU,,Impedance,Ω,6.30957632e+08,2.1387927532196045
12,C1210C226M3RACTU,,Impedance,Ω,6.60692992e+08,2.242846965789795
12,C1210C226M3RACTU,,Impedance,Ω,6.91831232e+08,2.3514750003814697
12,C1210C226M3RACTU,,Impedance,Ω,7.24435392e+08,2.4647059440612793
12,C1210C226M3RACTU,,Impedance,Ω,7.58577792e+08,2.582584857940674
12,C1210C226M3RACTU,,Impedance,Ω,7.94327552e+08,2.705132007598877
12,C1210C226M3RACTU,,Impedance,Ω,8.31763904e+08,2.8324074745178223
12,C1210C226M3RACTU,,Impedance,Ω,8.70962752e+08,2.9644806385040283
12,C1210C226M3RACTU,,Impedance,Ω,9.12010944e+08,3.101487874984741
12,C1210C226M3RACTU,,Impedance,Ω,9.54991552e+08,3.243600606918335
12,C1210C226M3RACTU,,Impedance,Ω,1e+09,3.391080141067505
12,C1210C226M3RACTU,,Impedance,Ω,1.047129664e+09,3.544231414794922
12,C1210C226M3RACTU,,Impedance,Ω,1.09647808e+09,3.7034246921539307
12,C1210C226M3RACTU,,Impedance,Ω,1.148154752e+09,3.8691024780273438
12,C1210C226M3RACTU,,Impedance,Ω,1.202264192e+09,4.041720390319824
12,C1210C226M3RACTU,,Impedance,Ω,1.258926464e+09,4.221798896789551
12,C1210C226M3RACTU,,Impedance,Ω,1.318256384e+09,4.409849166870117
12,C1210C226M3RACTU,,Impedance,Ω,1.380385408e+09,4.6064300537109375
12,C1210C226M3RACTU,,Impedance,Ω,1.445439232e+09,4.812073230743408
12,C1210C226M3RACTU,,Impedance,Ω,1.513562368e+09,5.027359962463379
12,C1210C226M3RACTU,,Impedance,Ω,1.584892544e+09,5.252832412719727
12,C1210C226M3RACTU,,Impedance,Ω,1.659587968e+09,5.489084243774414
12,C1210C226M3RACTU,,Impedance,Ω,1.737799936e+09,5.736671447753906
12,C1210C226M3RACTU,,Impedance,Ω,1.81970176e+09,5.996207237243652
12,C1210C226M3RACTU,,Impedance,Ω,1.905459584e+09,6.268272399902344
12,C1210C226M3RACTU,,Impedance,Ω,1.995263232e+09,6.553509712219238
12,C1210C226M3RACTU,,Impedance,Ω,2.08929472e+09,6.852533340454102
12,C1210C226M3RACTU,,Impedance,Ω,2.187762432e+09,7.166030406951904
12,C1210C226M3RACTU,,Impedance,Ω,2.29086592e+09,7.49465799331665
12,C1210C226M3RACTU,,Impedance,Ω,2.398833664e+09,7.8391594886779785
12,C1210C226M3RACTU,,Impedance,Ω,2.511884288e+09,8.200244903564453
12,C1210C226M3RACTU,,Impedance,Ω,2.630268416e+09,8.57872486114502
12,C1210C226M3RACTU,,Impedance,Ω,2.75422592e+09,8.975371360778809
12,C1210C226M3RACTU,,Impedance,Ω,2.884031744e+09,9.391070365905762
12,C1210C226M3RACTU,,Impedance,Ω,3.019948544e+09,9.82666301727295
12,C1210C226M3RACTU,,Impedance,Ω,3.162277632e+09,10.283123016357422
12,C1210C226M3RACTU,,Impedance,Ω,3.311314688e+09,10.761397361755371
12,C1210C226M3RACTU,,Impedance,Ω,3.467368192e+09,11.262475967407227
12,C1210C226M3RACTU,,Impedance,Ω,3.630784e+09,11.787473678588867
12,C1210C226M3RACTU,,Impedance,Ω,3.801893376e+09,12.33745002746582
12,C1210C226M3RACTU,,Impedance,Ω,3.9810752e+09,12.913625717163086
12,C1210C226M3RACTU,,Impedance,Ω,4.168692736e+09,13.517167091369629
12,C1210C226M3RACTU,,Impedance,Ω,4.365161984e+09,14.14941692352295
12,C1210C226M3RACTU,,Impedance,Ω,4.570880512e+09,14.81164836883545
12,C1210C226M3RACTU,,Impedance,Ω,4.786304512e+09,15.505332946777344
12,C1210C226M3RACTU,,Impedance,Ω,5.011870208e+09,16.231874465942383
12,C1210C226M3RACTU,,Impedance,Ω,5.248077824e+09,16.992883682250977
12,C1210C226M3RACTU,,Impedance,Ω,5.49540608e+09,17.789897918701172
12,C1210C226M3RACTU,,Impedance,Ω,5.754402304e+09,18.62468910217285
12,C1210C226M3RACTU,,Impedance,Ω,6.02559232e+09,19.498947143554688
12,C1210C226M3RACTU,,Impedance,Ω,6.309576192e+09,20.41460609436035
12,C1210C226M3RACTU,,Impedance,Ω,6.60692992e+09,21.373523712158203
12,C1210C226M3RACTU,,Impedance,Ω,6.918311936e+09,22.377826690673828
12,C1210C226M3RACTU,,Impedance,Ω,7.244354048e+09,23.429542541503906
12,C1210C226M3RACTU,,Impedance,Ω,7.585777664e+09,24.531005859375
12,C1210C226M3RACTU,,Impedance,Ω,7.94327552e+09,25.6844539642334
12,C1210C226M3RACTU,,Impedance,Ω,8.317639168e+09,26.892433166503906
12,C1210C226M3RACTU,,Impedance,Ω,8.709627904e+09,28.157400131225586
12,C1210C226M3RACTU,,Impedance,Ω,9.120109568e+09,29.482152938842773
12,C1210C226M3RACTU,,Impedance,Ω,9.54991616e+09,30.869369506835938
12,C1210C226M3RACTU,,Impedance,Ω,1e+10,32.3221321105957
13,C1210C226M3RACTU,,ESR,Ω,10000,0.024805396795272827
13,C1210C226M3RACTU,,ESR,Ω,10471.28515625,0.02387119270861149
13,C1210C226M3RACTU,,ESR,Ω,10964.78125,0.022978931665420532
13,C1210C226M3RACTU,,ESR,Ω,11481.53515625,0.02212694101035595
13,C1210C226M3RACTU,,ESR,Ω,12022.642578125,0.021313194185495377
13,C1210C226M3RACTU,,ESR,Ω,12589.2509765625,0.02053612656891346
13,C1210C226M3RACTU,,ESR,Ω,13182.5634765625,0.019794007763266563
13,C1210C226M3RACTU,,ESR,Ω,13803.8388671875,0.01908530481159687
13,C1210C226M3RACTU,,ESR,Ω,14454.392578125,0.018408479169011116
13,C1210C226M3RACTU,,ESR,Ω,15135.6064453125,0.01776210032403469
13,C1210C226M3RACTU,,ESR,Ω,15848.9248046875,0.01714484579861164
13,C1210C226M3RACTU,,ESR,Ω,16595.861328125,0.016555381938815117
13,C1210C226M3RACTU,,ESR,Ω,17378,0.015992421656847
13,C1210C226M3RACTU,,ESR,Ω,18197.017578125,0.015454796142876148
13,C1210C226M3RACTU,,ESR,Ω,19054.6171875,0.014941425994038582
13,C1210C226M3RACTU,,ESR,Ω,19952.6328125,0.01445108000189066
13,C1210C226M3RACTU,,ESR,Ω,20892.96875,0.013982857577502728
13,C1210C226M3RACTU,,ESR,Ω,21877.623046875,0.01353568583726883
13,C1210C226M3RACTU,,ESR,Ω,22908.68359375,0.01310866978019476
13,C1210C226M3RACTU,,ESR,Ω,23988.3359375,0.01270081102848053
13,C1210C226M3RACTU,,ESR,Ω,25118.869140625,0.012311377562582493
13,C1210C226M3RACTU,,ESR,Ω,26302.68359375,0.01193944737315178
13,C1210C226M3RACTU,,ESR,Ω,27542.291015625,0.011584251187741756
13,C1210C226M3RACTU,,ESR,Ω,28840.318359375,0.011245032772421837
13,C1210C226M3RACTU,,ESR,Ω,30199.517578125,0.010921075940132141
13,C1210C226M3RACTU,,ESR,Ω,31622.77734375,0.010611719451844692
13,C1210C226M3RACTU,,ESR,Ω,33113.109375,0.010316281579434872
13,C1210C226M3RACTU,,ESR,Ω,34673.68359375,0.010034147650003433
13,C1210C226M3RACTU,,ESR,Ω,36307.80078125,0.009764691814780235
13,C1210C226M3RACTU,,ESR,Ω,38018.93359375,0.009507373906672001
13,C1210C226M3RACTU,,ESR,Ω,39810.70703125,0.00926163699477911
13,C1210C226M3RACTU,,ESR,Ω,41686.92578125,0.009026974439620972
13,C1210C226M3RACTU,,ESR,Ω,43651.5703125,0.00880284421145916
13,C1210C226M3RACTU,,ESR,Ω,45708.8046875,0.008588820695877075
13,C1210C226M3RACTU,,ESR,Ω,47862.9921875,0.008384430781006813
13,C1210C226M3RACTU,,ESR,Ω,50118.703125,0.008189230225980282
13,C1210C226M3RACTU,,ESR,Ω,52480.71875,0.008002834394574165
13,C1210C226M3RACTU,,ESR,Ω,54954.05859375,0.007824813947081566
13,C1210C226M3RACTU,,ESR,Ω,57544.0234375,0.007654790300875902
13,C1210C226M3RACTU,,ESR,Ω,60255.98828125,0.007492440287023783
13,C1210C226M3RACTU,,ESR,Ω,63095.76171875,0.007337397430092096
13,C1210C226M3RACTU,,ESR,Ω,66069.3671875,0.007189313881099224
13,C1210C226M3RACTU,,ESR,Ω,69183.125,0.007047920487821102
13,C1210C226M3RACTU,,ESR,Ω,72443.6171875,0.00691286800429225
13,C1210C226M3RACTU,,ESR,Ω,75857.78125,0.006783912889659405
13,C1210C226M3RACTU,,ESR,Ω,79432.84375,0.006660745479166508
13,C1210C226M3RACTU,,ESR,Ω,83176.390625,0.0065431310795247555
13,C1210C226M3RACTU,,ESR,Ω,87096.3671875,0.006430812180042267
13,C1210C226M3RACTU,,ESR,Ω,91201.09375,0.006323537789285183
13,C1210C226M3RACTU,,ESR,Ω,95499.265625,0.006221105344593525
13,C1210C226M3RACTU,,ESR,Ω,100000,0.00612327316775918
13,C1210C226M3RACTU,,ESR,Ω,104712.8515625,0.006029852200299501
13,C1210C226M3RACTU,,ESR,Ω,109647.8125,0.005940623115748167
13,C1210C226M3RACTU,,ESR,Ω,114815.34375,0.00585542107000947
13,C1210C226M3RACTU,,ESR,Ω,120226.421875,0.005774050951004028
13,C1210C226M3RACTU,,ESR,Ω,125892.515625,0.005696339998394251
13,C1210C226M3RACTU,,ESR,Ω,131825.640625,0.005622128490358591
13,C1210C226M3RACTU,,ESR,Ω,138038.390625,0.005551261827349663
13,C1210C226M3RACTU,,ESR,Ω,144543.921875,0.005483576096594334
13,C1210C226M3RACTU,,ESR,Ω,151356.0625,0.0054189409129321575
13,C1210C226M3RACTU,,ESR,Ω,158489.25,0.005357217974960804
13,C1210C226M3RACTU,,ESR,Ω,165958.609375,0.005298272240906954
13,C1210C226M3RACTU,,ESR,Ω,173779.984375,0.005241977050900459
13,C1210C226M3RACTU,,ESR,Ω,181970.1875,0.00518821133300662
13,C1210C226M3RACTU,,ESR,Ω,190546.15625,0.00513687077909708
13,C1210C226M3RACTU,,ESR,Ω,199526.3125,0.00508783757686615
13,C1210C226M3RACTU,,ESR,Ω,208929.703125,0.005041014868766069
13,C1210C226M3RACTU,,ESR,Ω,218776.234375,0.0049962992779910564
13,C1210C226M3RACTU,,ESR,Ω,229086.828125,0.004953594878315926
13,C1210C226M3RACTU,,ESR,Ω,239883.359375,0.004912815522402525
13,C1210C226M3RACTU,,ESR,Ω,251188.703125,0.004873867612332106
13,C1210C226M3RACTU,,ESR,Ω,263026.84375,0.004836670588701963
13,C1210C226M3RACTU,,ESR,Ω,275422.90625,0.004801152274012566
13,C1210C226M3RACTU,,ESR,Ω,288403.1875,0.004767232108861208
13,C1210C226M3RACTU,,ESR,Ω,301995.1875,0.004734838381409645
13,C1210C226M3RACTU,,ESR,Ω,316227.78125,0.004703902639448643
13,C1210C226M3RACTU,,ESR,Ω,331131.09375,0.004674355499446392
13,C1210C226M3RACTU,,ESR,Ω,346736.8125,0.0046461415477097034
13,C1210C226M3RACTU,,ESR,Ω,363078,0.004619198385626078
13,C1210C226M3RACTU,,ESR,Ω,380189.34375,0.004593467805534601
13,C1210C226M3RACTU,,ESR,Ω,398107.09375,0.004568892531096935
13,C1210C226M3RACTU,,ESR,Ω,416869.28125,0.004545424599200487
13,C1210C226M3RACTU,,ESR,Ω,436515.6875,0.004523012787103653
13,C1210C226M3RACTU,,ESR,Ω,457088.03125,0.004501610063016415
13,C1210C226M3RACTU,,ESR,Ω,478629.90625,0.004481171257793903
13,C1210C226M3RACTU,,ESR,Ω,501187,0.004461652133613825
13,C1210C226M3RACTU,,ESR,Ω,524807.1875,0.004443011246621609
13,C1210C226M3RACTU,,ESR,Ω,549540.5625,0.004425209015607834
13,C1210C226M3RACTU,,ESR,Ω,575440.25,0.004408208653330803
13,C1210C226M3RACTU,,ESR,Ω,602559.875,0.004408210050314665
13,C1210C226M3RACTU,,ESR,Ω,630957.625,0.0044252099469304085
13,C1210C226M3RACTU,,ESR,Ω,660693.6875,0.004443012643605471
13,C1210C226M3RACTU,,ESR,Ω,691831.1875,0.004461652599275112
13,C1210C226M3RACTU,,ESR,Ω,724436.1875,0.004481172654777765
13,C1210C226M3RACTU,,ESR,Ω,758577.75,0.0045016128569841385
13,C1210C226M3RACTU,,ESR,Ω,794328.4375,0.004523014649748802
13,C1210C226M3RACTU,,ESR,Ω,831763.9375,0.004545426461845636
13,C1210C226M3RACTU,,ESR,Ω,870963.6875,0.0045688943937420845
13,C1210C226M3RACTU,,ESR,Ω,912010.9375,0.004593467805534601
13,C1210C226M3RACTU,,ESR,Ω,954992.625,0.004619200248271227
13,C1210C226M3RACTU,,ESR,Ω,1e+06,0.00464614387601614
13,C1210C226M3RACTU,,ESR,Ω,1.0471285e+06,0.004674358293414116
13,C1210C226M3RACTU,,ESR,Ω,1.096478125e+06,0.004703902173787355
13,C1210C226M3RACTU,,ESR,Ω,1.1481535e+06,0.0044293454848229885
13,C1210C226M3RACTU,,ESR,Ω,1.20226425e+06,0.004447341896593571
13,C1210C226M3RACTU,,ESR,Ω,1.258925125e+06,0.004466187208890915
13,C1210C226M3RACTU,,ESR,Ω,1.318256375e+06,0.004485921002924442
13,C1210C226M3RACTU,,ESR,Ω,1.380383875e+06,0.004506584722548723
13,C1210C226M3RACTU,,ESR,Ω,1.44543925e+06,0.004528221674263477
13,C1210C226M3RACTU,,ESR,Ω,1.513560625e+06,0.004550877958536148
13,C1210C226M3RACTU,,ESR,Ω,1.5848925e+06,0.004574603401124477
13,C1210C226M3RACTU,,ESR,Ω,1.659586125e+06,0.004599445499479771
13,C1210C226M3RACTU,,ESR,Ω,1.737799875e+06,0.00462545920163393
13,C1210C226M3RACTU,,ESR,Ω,1.819701875e+06,0.004652699921280146
13,C1210C226M3RACTU,,ESR,Ω,1.905461625e+06,0.004681223072111607
13,C1210C226M3RACTU,,ESR,Ω,1.99526325e+06,0.004711091052740812
13,C1210C226M3RACTU,,ESR,Ω,2.089297e+06,0.004742366261780262
13,C1210C226M3RACTU,,ESR,Ω,2.1877625e+06,0.004775116685777903
13,C1210C226M3RACTU,,ESR,Ω,2.29086825e+06,0.0048094093799591064
13,C1210C226M3RACTU,,ESR,Ω,2.3988335e+06,0.0048453183844685555
13,C1210C226M3RACTU,,ESR,Ω,2.511887e+06,0.004882920067757368
13,C1210C226M3RACTU,,ESR,Ω,2.6302685e+06,0.004922293126583099
13,C1210C226M3RACTU,,ESR,Ω,2.754229e+06,0.004963522311300039
13,C1210C226M3RACTU,,ESR,Ω,2.88403175e+06,0.005006695166230202
13,C1210C226M3RACTU,,ESR,Ω,3.01995175e+06,0.005051902495324612
13,C1210C226M3RACTU,,ESR,Ω,3.16227775e+06,0.005099238827824593
13,C1210C226M3RACTU,,ESR,Ω,3.311311e+06,0.005148809868842363
13,C1210C226M3RACTU,,ESR,Ω,3.46736825e+06,0.005200713872909546
13,C1210C226M3RACTU,,ESR,Ω,3.63078e+06,0.005255065392702818
13,C1210C226M3RACTU,,ESR,Ω,3.80189325e+06,0.005311977583914995
13,C1210C226M3RACTU,,ESR,Ω,3.98107075e+06,0.005371573381125927
13,C1210C226M3RACTU,,ESR,Ω,4.16869275e+06,0.005433977115899324
13,C1210C226M3RACTU,,ESR,Ω,4.365157e+06,0.005499324295669794
13,C1210C226M3RACTU,,ESR,Ω,4.5708805e+06,0.005567747633904219
13,C1210C226M3RACTU,,ESR,Ω,4.786299e+06,0.005639398470520973
13,C1210C226M3RACTU,,ESR,Ω,5.01187e+06,0.005714425351470709
13,C1210C226M3RACTU,,ESR,Ω,5.248072e+06,0.0057929884642362595
13,C1210C226M3RACTU,,ESR,Ω,5.495406e+06,0.005875257309526205
13,C1210C226M3RACTU,,ESR,Ω,5.7544025e+06,0.005961401853710413
13,C1210C226M3RACTU,,ESR,Ω,6.025599e+06,0.006051604636013508
13,C1210C226M3RACTU,,ESR,Ω,6.309576e+06,0.006146060768514872
13,C1210C226M3RACTU,,ESR,Ω,6.606937e+06,0.006244971416890621
13,C1210C226M3RACTU,,ESR,Ω,6.918312e+06,0.006348539609462023
13,C1210C226M3RACTU,,ESR,Ω,7.244362e+06,0.006456987466663122
13,C1210C226M3RACTU,,ESR,Ω,7.5857775e+06,0.006570548750460148
13,C1210C226M3RACTU,,ESR,Ω,7.943284e+06,0.006689467933028936
13,C1210C226M3RACTU,,ESR,Ω,8.317639e+06,0.006813990417867899
13,C1210C226M3RACTU,,ESR,Ω,8.709637e+06,0.006944378837943077
13,C1210C226M3RACTU,,ESR,Ω,9.120109e+06,0.007080917712301016
13,C1210C226M3RACTU,,ESR,Ω,9.549926e+06,0.007223890628665686
13,C1210C226M3RACTU,,ESR,Ω,1e+07,0.0073736016638576984
13,C1210C226M3RACTU,,ESR,Ω,1.0471285e+07,0.007530370727181435
13,C1210C226M3RACTU,,ESR,Ω,1.0964781e+07,0.007694529835134745
13,C1210C226M3RACTU,,ESR,Ω,1.1481535e+07,0.007866430096328259
13,C1210C226M3RACTU,,ESR,Ω,1.2022642e+07,0.00804643239825964
13,C1210C226M3RACTU,,ESR,Ω,1.2589251e+07,0.008234920911490917
13,C1210C226M3RACTU,,ESR,Ω,1.3182564e+07,0.008432293310761452
13,C1210C226M3RACTU,,ESR,Ω,1.3803838e+07,0.008638976141810417
13,C1210C226M3RACTU,,ESR,Ω,1.4454393e+07,0.008855395950376987
13,C1210C226M3RACTU,,ESR,Ω,1.5135607e+07,0.009082026779651642
13,C1210C226M3RACTU,,ESR,Ω,1.5848925e+07,0.009319338016211987
13,C1210C226M3RACTU,,ESR,Ω,1.6595861e+07,0.009567840956151485
13,C1210C226M3RACTU,,ESR,Ω,1.7378e+07,0.009828060865402222
13,C1210C226M3RACTU,,ESR,Ω,1.8197018e+07,0.010100564919412136
13,C1210C226M3RACTU,,ESR,Ω,1.9054616e+07,0.010385913774371147
13,C1210C226M3RACTU,,ESR,Ω,1.9952632e+07,0.01068471185863018
13,C1210C226M3RACTU,,ESR,Ω,2.089297e+07,0.010997612029314041
13,C1210C226M3RACTU,,ESR,Ω,2.1877624e+07,0.011325262486934662
13,C1210C226M3RACTU,,ESR,Ω,2.2908684e+07,0.011668366380035877
13,C1210C226M3RACTU,,ESR,Ω,2.3988336e+07,0.012027658522129059
13,C1210C226M3RACTU,,ESR,Ω,2.511887e+07,0.012403914704918861
13,C1210C226M3RACTU,,ESR,Ω,2.6302684e+07,0.012797916308045387
13,C1210C226M3RACTU,,ESR,Ω,2.754229e+07,0.013210502453148365
13,C1210C226M3RACTU,,ESR,Ω,2.8840318e+07,0.013642572797834873
13,C1210C226M3RACTU,,ESR,Ω,3.0199518e+07,0.014095034450292587
13,C1210C226M3RACTU,,ESR,Ω,3.1622776e+07,0.014568855054676533
13,C1210C226M3RACTU,,ESR,Ω,3.311311e+07,0.015065046958625317
13,C1210C226M3RACTU,,ESR,Ω,3.467368e+07,0.015584658831357956
13,C1210C226M3RACTU,,ESR,Ω,3.63078e+07,0.016128825023770332
13,C1210C226M3RACTU,,ESR,Ω,3.8018932e+07,0.016698693856596947
13,C1210C226M3RACTU,,ESR,Ω,3.9810708e+07,0.017295487225055695
13,C1210C226M3RACTU,,ESR,Ω,4.1686928e+07,0.0179204810410738
13,C1210C226M3RACTU,,ESR,Ω,4.3651568e+07,0.0185750313103199
13,C1210C226M3RACTU,,ESR,Ω,4.5708804e+07,0.019260523840785027
13,C1210C226M3RACTU,,ESR,Ω,4.7862992e+07,0.019978448748588562
13,C1210C226M3RACTU,,ESR,Ω,5.01187e+07,0.020730342715978622
13,C1210C226M3RACTU,,ESR,Ω,5.248072e+07,0.021517861634492874
13,C1210C226M3RACTU,,ESR,Ω,5.495406e+07,0.022342633455991745
13,C1210C226M3RACTU,,ESR,Ω,5.7544024e+07,0.023206522688269615
13,C1210C226M3RACTU,,ESR,Ω,6.0255988e+07,0.02411135658621788
13,C1210C226M3RACTU,,ESR,Ω,6.3095764e+07,0.025059083476662636
13,C1210C226M3RACTU,,ESR,Ω,6.6069372e+07,0.026051802560687065
13,C1210C226M3RACTU,,ESR,Ω,6.918312e+07,0.027091674506664276
13,C1210C226M3RACTU,,ESR,Ω,7.2443616e+07,0.02818097360432148
13,C1210C226M3RACTU,,ESR,Ω,7.5857776e+07,0.029322080314159393
13,C1210C226M3RACTU,,ESR,Ω,7.943284e+07,0.030517570674419403
13,C1210C226M3RACTU,,ESR,Ω,8.3176392e+07,0.0317700132727623
13,C1210C226M3RACTU,,ESR,Ω,8.7096368e+07,0.033082254230976105
13,C1210C226M3RACTU,,ESR,Ω,9.1201088e+07,0.03445718437433243
13,C1210C226M3RACTU,,ESR,Ω,9.5499264e+07,0.035897962749004364
13,C1210C226M3RACTU,,ESR,Ω,1e+08,0.03740779682993889
13,C1210C226M3RACTU,,ESR,Ω,1.04712968e+08,0.03899021074175835
13,C1210C226M3RACTU,,ESR,Ω,1.09647808e+08,0.040648672729730606
13,C1210C226M3RACTU,,ESR,Ω,1.14815472e+08,0.04238717630505562
13,C1210C226M3RACTU,,ESR,Ω,1.20226424e+08,0.044209759682416916
13,C1210C226M3RACTU,,ESR,Ω,1.25892648e+08,0.046120818704366684
13,C1210C226M3RACTU,,ESR,Ω,1.3182564e+08,0.048124831169843674
13,C1210C226M3RACTU,,ESR,Ω,1.38038528e+08,0.05022680014371872
13,C1210C226M3RACTU,,ESR,Ω,1.4454392e+08,0.05243174731731415
13,C1210C226M3RACTU,,ESR,Ω,1.51356224e+08,0.054745592176914215
13,C1210C226M3RACTU,,ESR,Ω,1.58489248e+08,0.05717393383383751
13,C1210C226M3RACTU,,ESR,Ω,1.659588e+08,0.05972340330481529
13,C1210C226M3RACTU,,ESR,Ω,1.73779984e+08,0.062400851398706436
13,C1210C226M3RACTU,,ESR,Ω,1.81970176e+08,0.06521392613649368
13,C1210C226M3RACTU,,ESR,Ω,1.90545952e+08,0.06817028671503067
13,C1210C226M3RACTU,,ESR,Ω,1.9952632e+08,0.07127939164638519
13,C1210C226M3RACTU,,ESR,Ω,2.08929472e+08,0.07455036044120789
13,C1210C226M3RACTU,,ESR,Ω,2.1877624e+08,0.07799430191516876
13,C1210C226M3RACTU,,ESR,Ω,2.29086592e+08,0.08162257075309753
13,C1210C226M3RACTU,,ESR,Ω,2.3988336e+08,0.08544861525297165
13,C1210C226M3RACTU,,ESR,Ω,2.51188416e+08,0.08948669582605362
13,C1210C226M3RACTU,,ESR,Ω,2.63026848e+08,0.09375352412462234
13,C1210C226M3RACTU,,ESR,Ω,2.75422592e+08,0.09826716035604477
13,C1210C226M3RACTU,,ESR,Ω,2.88403168e+08,0.10304909944534302
13,C1210C226M3RACTU,,ESR,Ω,3.01994848e+08,0.10812291502952576
13,C1210C226M3RACTU,,ESR,Ω,3.16227776e+08,0.11351612955331802
13,C1210C226M3RACTU,,ESR,Ω,3.31131456e+08,0.11926025152206421
13,C1210C226M3RACTU,,ESR,Ω,3.46736832e+08,0.12539109587669373
13,C1210C226M3RACTU,,ESR,Ω,3.630784e+08,0.13195118308067322
13,C1210C226M3RACTU,,ESR,Ω,3.80189344e+08,0.13898803293704987
13,C1210C226M3RACTU,,ESR,Ω,3.9810752e+08,0.1465584933757782
13,C1210C226M3RACTU,,ESR,Ω,4.1686928e+08,0.15472592413425446
13,C1210C226M3RACTU,,ESR,Ω,4.36516192e+08,0.16356545686721802
13,C1210C226M3RACTU,,ESR,Ω,4.57088032e+08,0.17316825687885284
13,C1210C226M3RACTU,,ESR,Ω,4.78630432e+08,0.18366944789886475
13,C1210C226M3RACTU,,ESR,Ω,5.01187008e+08,0.1951507031917572
13,C1210C226M3RACTU,,ESR,Ω,5.24807776e+08,0.20773670077323914
13,C1210C226M3RACTU,,ESR,Ω,5.49540608e+08,0.22156040370464325
13,C1210C226M3RACTU,,ESR,Ω,5.75440256e+08,0.23676475882530212
13,C1210C226M3RACTU,,ESR,Ω,6.02559232e+08,0.25349161028862
13,C1210C226M3RACTU,,ESR,Ω,6.30957632e+08,0.27188313007354736
13,C1210C226M3RACTU,,ESR,Ω,6.60692992e+08,0.29206427931785583
13,C1210C226M3RACTU,,ESR,Ω,6.91831232e+08,0.3141426146030426
13,C1210C226M3RACTU,,ESR,Ω,7.24435392e+08,0.3381878435611725
13,C1210C226M3RACTU,,ESR,Ω,7.58577792e+08,0.3642331659793854
13,C1210C226M3RACTU,,ESR,Ω,7.94327552e+08,0.39225855469703674
13,C1210C226M3RACTU,,ESR,Ω,8.31763904e+08,0.4222005009651184
13,C1210C226M3RACTU,,ESR,Ω,8.70962752e+08,0.4539440870285034
13,C1210C226M3RACTU,,ESR,Ω,9.12010944e+08,0.48734551668167114
13,C1210C226M3RACTU,,ESR,Ω,9.54991552e+08,0.522232711315155
13,C1210C226M3RACTU,,ESR,Ω,1e+09,0.5584379434585571
13,C1210C226M3RACTU,,ESR,Ω,1.047129664e+09,0.595800518989563
13,C1210C226M3RACTU,,ESR,Ω,1.09647808e+09,0.6341873407363892
13,C1210C226M3RACTU,,ESR,Ω,1.148154752e+09,0.6735085248947144
13,C1210C226M3RACTU,,ESR,Ω,1.202264192e+09,0.7137104272842407
13,C1210C226M3RACTU,,ESR,Ω,1.258926464e+09,0.754789412021637
13,C1210C226M3RACTU,,ESR,Ω,1.318256384e+09,0.79677414894104
13,C1210C226M3RACTU,,ESR,Ω,1.380385408e+09,0.8397374153137207
13,C1210C226M3RACTU,,ESR,Ω,1.445439232e+09,0.8837710618972778
13,C1210C226M3RACTU,,ESR,Ω,1.513562368e+09,0.928999125957489
13,C1210C226M3RACTU,,ESR,Ω,1.584892544e+09,0.9755518436431885
13,C1210C226M3RACTU,,ESR,Ω,1.659587968e+09,1.0235788822174072
13,C1210C226M3RACTU,,ESR,Ω,1.737799936e+09,1.0732311010360718
13,C1210C226M3RACTU,,ESR,Ω,1.81970176e+09,1.1246695518493652
13,C1210C226M3RACTU,,ESR,Ω,1.905459584e+09,1.1780513525009155
13,C1210C226M3RACTU,,ESR,Ω,1.995263232e+09,1.233542561531067
13,C1210C226M3RACTU,,ESR,Ω,2.08929472e+09,1.2913024425506592
13,C1210C226M3RACTU,,ESR,Ω,2.187762432e+09,1.3514991998672485
13,C1210C226M3RACTU,,ESR,Ω,2.29086592e+09,1.4142935276031494
13,C1210C226M3RACTU,,ESR,Ω,2.398833664e+09,1.4798575639724731
13,C1210C226M3RACTU,,ESR,Ω,2.511884288e+09,1.548353910446167
13,C1210C226M3RACTU,,ESR,Ω,2.630268416e+09,1.6199606657028198
13,C1210C226M3RACTU,,ESR,Ω,2.75422592e+09,1.6948466300964355
13,C1210C226M3RACTU,,ESR,Ω,2.884031744e+09,1.773196816444397
13,C1210C226M3RACTU,,ESR,Ω,3.019948544e+09,1.8551868200302124
13,C1210C226M3RACTU,,ESR,Ω,3.162277632e+09,1.9410146474838257
13,C1210C226M3RACTU,,ESR,Ω,3.311314688e+09,2.030871868133545
13,C1210C226M3RACTU,,ESR,Ω,3.467368192e+09,2.124955415725708
13,C1210C226M3RACTU,,ESR,Ω,3.630784e+09,2.2234859466552734
13,C1210C226M3RACTU,,ESR,Ω,3.801893376e+09,2.3266689777374268
13,C1210C226M3RACTU,,ESR,Ω,3.9810752e+09,2.4347426891326904
13,C1210C226M3RACTU,,ESR,Ω,4.168692736e+09,2.547928810119629
13,C1210C226M3RACTU,,ESR,Ω,4.365161984e+09,2.666489601135254
13,C1210C226M3RACTU,,ESR,Ω,4.570880512e+09,2.7906665802001953
13,C1210C226M3RACTU,,ESR,Ω,4.786304512e+09,2.9207394123077393
13,C1210C226M3RACTU,,ESR,Ω,5.011870208e+09,3.0569748878479004
13,C1210C226M3RACTU,,ESR,Ω,5.248077824e+09,3.199679374694824
13,C1210C226M3RACTU,,ESR,Ω,5.49540608e+09,3.349144220352173
13,C1210C226M3RACTU,,ESR,Ω,5.754402304e+09,3.5057029724121094
13,C1210C226M3RACTU,,ESR,Ω,6.02559232e+09,3.6696741580963135
13,C1210C226M3RACTU,,ESR,Ω,6.309576192e+09,3.8414244651794434
13,C1210C226M3RACTU,,ESR,Ω,6.60692992e+09,4.021302700042725
13,C1210C226M3RACTU,,ESR,Ω,6.918311936e+09,4.209711074829102
13,C1210C226M3RACTU,,ESR,Ω,7.244354048e+09,4.40702486038208
13,C1210C226M3RACTU,,ESR,Ω,7.585777664e+09,4.613691806793213
13,C1210C226M3RACTU,,ESR,Ω,7.94327552e+09,4.830127239227295
13,C1210C226M3RACTU,,ESR,Ω,8.317639168e+09,5.056809902191162
13,C1210C226M3RACTU,,ESR,Ω,8.709627904e+09,5.294203758239746
13,C1210C226M3RACTU,,ESR,Ω,9.120109568e+09,5.54283332824707
13,C1210C226M3RACTU,,ESR,Ω,9.54991616e+09,5.803205490112305
13,C1210C226M3RACTU,,ESR,Ω,1e+10,6.075893878936768
14,C1206C475K5RACAUTO,,Impedance,Ω,10000,3.514599561691284
14,C1206C475K5RACAUTO,,Impedance,Ω,10471.28515625,3.3584933280944824
14,C1206C475K5RACAUTO,,Impedance,Ω,10964.78125,3.209322452545166
14,C1206C475K5RACAUTO,,Impedance,Ω,11481.53515625,3.0667781829833984
14,C1206C475K5RACAUTO,,Impedance,Ω,12022.642578125,2.9305665493011475
14,C1206C475K5RACAUTO,,Impedance,Ω,12589.2509765625,2.800405502319336
14,C1206C475K5RACAUTO,,Impedance,Ω,13182.5634765625,2.6760261058807373
14,C1206C475K5RACAUTO,,Impedance,Ω,13803.8388671875,2.557171106338501
14,C1206C475K5RACAUTO,,Impedance,Ω,14454.392578125,2.4435956478118896
14,C1206C475K5RACAUTO,,Impedance,Ω,15135.6064453125,2.335066556930542
14,C1206C475K5RACAUTO,,Impedance,Ω,15848.9248046875,2.2313570976257324
14,C1206C475K5RACAUTO,,Impedance,Ω,16595.861328125,2.1322548389434814
14,C1206C475K5RACAUTO,,Impedance,Ω,17378,2.0375542640686035
14,C1206C475K5RACAUTO,,Impedance,Ω,18197.017578125,1.9470582008361816
14,C1206C475K5RACAUTO,,Impedance,Ω,19054.6171875,1.8605830669403076
14,C1206C475K5RACAUTO,,Impedance,Ω,19952.6328125,1.7779494524002075
14,C1206C475K5RACAUTO,,Impedance,Ω,20892.96875,1.6989860534667969
14,C1206C475K5RACAUTO,,Impedance,Ω,21877.623046875,1.6235296726226807
14,C1206C475K5RACAUTO,,Impedance,Ω,22908.68359375,1.5514243841171265
14,C1206C475K5RACAUTO,,Impedance,Ω,23988.3359375,1.4825212955474854
14,C1206C475K5RACAUTO,,Impedance,Ω,25118.869140625,1.4166789054870605
14,C1206C475K5RACAUTO,,Impedance,Ω,26302.68359375,1.3537604808807373
14,C1206C475K5RACAUTO,,Impedance,Ω,27542.291015625,1.2936358451843262
14,C1206C475K5RACAUTO,,Impedance,Ω,28840.318359375,1.2361817359924316
14,C1206C475K5RACAUTO,,Impedance,Ω,30199.517578125,1.1812787055969238
14,C1206C475K5RACAUTO,,Impedance,Ω,31622.77734375,1.1288141012191772
14,C1206C475K5RACAUTO,,Impedance,Ω,33113.109375,1.078679084777832
14,C1206C475K5RACAUTO,,Impedance,Ω,34673.68359375,1.0307700634002686
14,C1206C475K5RACAUTO,,Impedance,Ω,36307.80078125,0.9849886894226074
14,C1206C475K5RACAUTO,,Impedance,Ω,38018.93359375,0.9412400722503662
14,C1206C475K5RACAUTO,,Impedance,Ω,39810.70703125,0.8994336128234863
14,C1206C475K5RACAUTO,,Impedance,Ω,41686.92578125,0.8594833612442017
14,C1206C475K5RACAUTO,,Impedance,Ω,43651.5703125,0.8213067054748535
14,C1206C475K5RACAUTO,,Impedance,Ω,45708.8046875,0.7848247289657593
14,C1206C475K5RACAUTO,,Impedance,Ω,47862.9921875,0.7499626278877258
14,C1206C475K5RACAUTO,,Impedance,Ω,50118.703125,0.7166476249694824
14,C1206C475K5RACAUTO,,Impedance,Ω,52480.71875,0.6848118305206299
14,C1206C475K5RACAUTO,,Impedance,Ω,54954.05859375,0.6543886065483093
14,C1206C475K5RACAUTO,,Impedance,Ω,57544.0234375,0.6253150701522827
14,C1206C475K5RACAUTO,,Impedance,Ω,60255.98828125,0.5975324511528015
14,C1206C475K5RACAUTO,,Impedance,Ω,63095.76171875,0.5709826946258545
14,C1206C475K5RACAUTO,,Impedance,Ω,66069.3671875,0.5456109046936035
14,C1206C475K5RACAUTO,,Impedance,Ω,69183.125,0.521364688873291
14,C1206C475K5RACAUTO,,Impedance,Ω,72443.6171875,0.4981941878795624
14,C1206C475K5RACAUTO,,Impedance,Ω,75857.78125,0.4760514795780182
14,C1206C475K5RACAUTO,,Impedance,Ω,79432.84375,0.4548906683921814
14,C1206C475K5RACAUTO,,Impedance,Ω,83176.390625,0.43466824293136597
14,C1206C475K5RACAUTO,,Impedance,Ω,87096.3671875,0.41534268856048584
14,C1206C475K5RACAUTO,,Impedance,Ω,91201.09375,0.3968736529350281
14,C1206C475K5RACAUTO,,Impedance,Ω,95499.265625,0.3792232871055603
14,C1206C475K5RACAUTO,,Impedance,Ω,100000,0.36235517263412476
14,C1206C475K5RACAUTO,,Impedance,Ω,104712.8515625,0.34623438119888306
14,C1206C475K5RACAUTO,,Impedance,Ω,109647.8125,0.3308276832103729
14,C1206C475K5RACAUTO,,Impedance,Ω,114815.34375,0.31610333919525146
14,C1206C475K5RACAUTO,,Impedance,Ω,120226.421875,0.30203089118003845
14,C1206C475K5RACAUTO,,Impedance,Ω,125892.515625,0.28858131170272827
14,C1206C475K5RACAUTO,,Impedance,Ω,131825.640625,0.2757268249988556
14,C1206C475K5RACAUTO,,Impedance,Ω,138038.390625,0.26344093680381775
14,C1206C475K5RACAUTO,,Impedance,Ω,144543.921875,0.2516983151435852
14,C1206C475K5RACAUTO,,Impedance,Ω,151356.0625,0.2404746413230896
14,C1206C475K5RACAUTO,,Impedance,Ω,158489.25,0.22974681854248047
14,C1206C475K5RACAUTO,,Impedance,Ω,165958.609375,0.21949265897274017
14,C1206C475K5RACAUTO,,Impedance,Ω,173779.984375,0.20969103276729584
14,C1206C475K5RACAUTO,,Impedance,Ω,181970.1875,0.20032145082950592
14,C1206C475K5RACAUTO,,Impedance,Ω,190546.15625,0.19136515259742737
14,C1206C475K5RACAUTO,,Impedance,Ω,199526.3125,0.18280327320098877
14,C1206C475K5RACAUTO,,Impedance,Ω,208929.703125,0.17461824417114258
14,C1206C475K5RACAUTO,,Impedance,Ω,218776.234375,0.16679315268993378
14,C1206C475K5RACAUTO,,Impedance,Ω,229086.828125,0.15931177139282227
14,C1206C475K5RACAUTO,,Impedance,Ω,239883.359375,0.15215879678726196
14,C1206C475K5RACAUTO,,Impedance,Ω,251188.703125,0.14531934261322021
14,C1206C475K5RACAUTO,,Impedance,Ω,263026.84375,0.138779416680336
14,C1206C475K5RACAUTO,,Impedance,Ω,275422.90625,0.13252544403076172
14,C1206C475K5RACAUTO,,Impedance,Ω,288403.1875,0.1265445202589035
14,C1206C475K5RACAUTO,,Impedance,Ω,301995.1875,0.12082435935735703
14,C1206C475K5RACAUTO,,Impedance,Ω,316227.78125,0.11535309255123138
14,C1206C475K5RACAUTO,,Impedance,Ω,331131.09375,0.11011949181556702
14,C1206C475K5RACAUTO,,Impedance,Ω,346736.8125,0.10511275380849838
14,C1206C475K5RACAUTO,,Impedance,Ω,363078,0.10032249242067337
14,C1206C475K5RACAUTO,,Impedance,Ω,380189.34375,0.09573887288570404
14,C1206C475K5RACAUTO,,Impedance,Ω,398107.09375,0.09135245531797409
14,C1206C475K5RACAUTO,,Impedance,Ω,416869.28125,0.08715417236089706
14,C1206C475K5RACAUTO,,Impedance,Ω,436515.6875,0.08313538879156113
14,C1206C475K5RACAUTO,,Impedance,Ω,457088.03125,0.07928776741027832
14,C1206C475K5RACAUTO,,Impedance,Ω,478629.90625,0.07560344785451889
14,C1206C475K5RACAUTO,,Impedance,Ω,501187,0.0720747858285904
14,C1206C475K5RACAUTO,,Impedance,Ω,524807.1875,0.06869450956583023
14,C1206C475K5RACAUTO,,Impedance,Ω,549540.5625,0.06545571982860565
14,C1206C475K5RACAUTO,,Impedance,Ω,575440.25,0.062351614236831665
14,C1206C475K5RACAUTO,,Impedance,Ω,602559.875,0.05937596783041954
14,C1206C475K5RACAUTO,,Impedance,Ω,630957.625,0.05652260780334473
14,C1206C475K5RACAUTO,,Impedance,Ω,660693.6875,0.05378568172454834
14,C1206C475K5RACAUTO,,Impedance,Ω,691831.1875,0.05115954205393791
14,C1206C475K5RACAUTO,,Impedance,Ω,724436.1875,0.04863882437348366
14,C1206C475K5RACAUTO,,Impedance,Ω,758577.75,0.0462183952331543
14,C1206C475K5RACAUTO,,Impedance,Ω,794328.4375,0.04389327019453049
14,C1206C475K5RACAUTO,,Impedance,Ω,831763.9375,0.04165876656770706
14,C1206C475K5RACAUTO,,Impedance,Ω,870963.6875,0.03952118381857872
14,C1206C475K5RACAUTO,,Impedance,Ω,912010.9375,0.037466563284397125
14,C1206C475K5RACAUTO,,Impedance,Ω,954992.625,0.03549092262983322
14,C1206C475K5RACAUTO,,Impedance,Ω,1e+06,0.03359047323465347
14,C1206C475K5RACAUTO,,Impedance,Ω,1.0471285e+06,0.03176167234778404
14,C1206C475K5RACAUTO,,Impedance,Ω,1.096478125e+06,0.030001169070601463
14,C1206C475K5RACAUTO,,Impedance,Ω,1.1481535e+06,0.028305847197771072
14,C1206C475K5RACAUTO,,Impedance,Ω,1.20226425e+06,0.02667284943163395
14,C1206C475K5RACAUTO,,Impedance,Ω,1.258925125e+06,0.02509954944252968
14,C1206C475K5RACAUTO,,Impedance,Ω,1.318256375e+06,0.023583654314279556
14,C1206C475K5RACAUTO,,Impedance,Ω,1.380383875e+06,0.022123169153928757
14,C1206C475K5RACAUTO,,Impedance,Ω,1.44543925e+06,0.020716501399874687
14,C1206C475K5RACAUTO,,Impedance,Ω,1.513560625e+06,0.01936251111328602
14,C1206C475K5RACAUTO,,Impedance,Ω,1.5848925e+06,0.018060609698295593
14,C1206C475K5RACAUTO,,Impedance,Ω,1.659586125e+06,0.016810927540063858
14,C1206C475K5RACAUTO,,Impedance,Ω,1.737799875e+06,0.015614424832165241
14,C1206C475K5RACAUTO,,Impedance,Ω,1.819701875e+06,0.014473166316747665
14,C1206C475K5RACAUTO,,Impedance,Ω,1.905461625e+06,0.013390704058110714
14,C1206C475K5RACAUTO,,Impedance,Ω,1.99526325e+06,0.012372302822768688
14,C1206C475K5RACAUTO,,Impedance,Ω,2.089297e+06,0.011425556614995003
14,C1206C475K5RACAUTO,,Impedance,Ω,2.1877625e+06,0.009960430674254894
14,C1206C475K5RACAUTO,,Impedance,Ω,2.29086825e+06,0.009101727046072483
14,C1206C475K5RACAUTO,,Impedance,Ω,2.3988335e+06,0.008345930837094784
14,C1206C475K5RACAUTO,,Impedance,Ω,2.511887e+06,0.00771632045507431
14,C1206C475K5RACAUTO,,Impedance,Ω,2.6302685e+06,0.007240158971399069
14,C1206C475K5RACAUTO,,Impedance,Ω,2.754229e+06,0.006944900844246149
14,C1206C475K5RACAUTO,,Impedance,Ω,2.88403175e+06,0.006851513870060444
14,C1206C475K5RACAUTO,,Impedance,Ω,3.01995175e+06,0.006967439316213131
14,C1206C475K5RACAUTO,,Impedance,Ω,3.16227775e+06,0.007272161077708006
14,C1206C475K5RACAUTO,,Impedance,Ω,3.311311e+06,0.007750144228339195
14,C1206C475K5RACAUTO,,Impedance,Ω,3.46736825e+06,0.008372732438147068
14,C1206C475K5RACAUTO,,Impedance,Ω,3.63078e+06,0.00911402516067028
14,C1206C475K5RACAUTO,,Impedance,Ω,3.80189325e+06,0.009952081367373466
14,C1206C475K5RACAUTO,,Impedance,Ω,3.98107075e+06,0.010869793593883514
14,C1206C475K5RACAUTO,,Impedance,Ω,4.16869275e+06,0.011854549869894981
14,C1206C475K5RACAUTO,,Impedance,Ω,4.365157e+06,0.01289739366620779
14,C1206C475K5RACAUTO,,Impedance,Ω,4.5708805e+06,0.013992196880280972
14,C1206C475K5RACAUTO,,Impedance,Ω,4.786299e+06,0.015134982764720917
14,C1206C475K5RACAUTO,,Impedance,Ω,5.01187e+06,0.016323357820510864
14,C1206C475K5RACAUTO,,Impedance,Ω,5.248072e+06,0.01755612902343273
14,C1206C475K5RACAUTO,,Impedance,Ω,5.495406e+06,0.01883300207555294
14,C1206C475K5RACAUTO,,Impedance,Ω,5.7544025e+06,0.020154429599642754
14,C1206C475K5RACAUTO,,Impedance,Ω,6.025599e+06,0.021521296352148056
14,C1206C475K5RACAUTO,,Impedance,Ω,6.309576e+06,0.02293502539396286
14,C1206C475K5RACAUTO,,Impedance,Ω,6.606937e+06,0.02439737133681774
14,C1206C475K5RACAUTO,,Impedance,Ω,6.918312e+06,0.025910375639796257
14,C1206C475K5RACAUTO,,Impedance,Ω,7.244362e+06,0.027476372197270393
14,C1206C475K5RACAUTO,,Impedance,Ω,7.5857775e+06,0.029097873717546463
14,C1206C475K5RACAUTO,,Impedance,Ω,7.943284e+06,0.030777646228671074
14,C1206C475K5RACAUTO,,Impedance,Ω,8.317639e+06,0.03251863270998001
14,C1206C475K5RACAUTO,,Impedance,Ω,8.709637e+06,0.034323953092098236
14,C1206C475K5RACAUTO,,Impedance,Ω,9.120109e+06,0.03619694337248802
14,C1206C475K5RACAUTO,,Impedance,Ω,9.549926e+06,0.038141053169965744
14,C1206C475K5RACAUTO,,Impedance,Ω,1e+07,0.04015994817018509
14,C1206C475K5RACAUTO,,Impedance,Ω,1.0471285e+07,0.04225990176200867
14,C1206C475K5RACAUTO,,Impedance,Ω,1.0964781e+07,0.04444229230284691
14,C1206C475K5RACAUTO,,Impedance,Ω,1.1481535e+07,0.04671131446957588
14,C1206C475K5RACAUTO,,Impedance,Ω,1.2022642e+07,0.04907134920358658
14,C1206C475K5RACAUTO,,Impedance,Ω,1.2589251e+07,0.0515269972383976
14,C1206C475K5RACAUTO,,Impedance,Ω,1.3182564e+07,0.05408304184675217
14,C1206C475K5RACAUTO,,Impedance,Ω,1.3803838e+07,0.056744471192359924
14,C1206C475K5RACAUTO,,Impedance,Ω,1.4454393e+07,0.05951651558279991
14,C1206C475K5RACAUTO,,Impedance,Ω,1.5135607e+07,0.0624045766890049
14,C1206C475K5RACAUTO,,Impedance,Ω,1.5848925e+07,0.06541436910629272
14,C1206C475K5RACAUTO,,Impedance,Ω,1.6595861e+07,0.06855175644159317
14,C1206C475K5RACAUTO,,Impedance,Ω,1.7378e+07,0.07182294875383377
14,C1206C475K5RACAUTO,,Impedance,Ω,1.8197018e+07,0.07523443549871445
14,C1206C475K5RACAUTO,,Impedance,Ω,1.9054616e+07,0.07879281044006348
14,C1206C475K5RACAUTO,,Impedance,Ω,1.9952632e+07,0.08250513672828674
14,C1206C475K5RACAUTO,,Impedance,Ω,2.089297e+07,0.08637875318527222
14,C1206C475K5RACAUTO,,Impedance,Ω,2.1877624e+07,0.09042127430438995
14,C1206C475K5RACAUTO,,Impedance,Ω,2.2908684e+07,0.09464067965745926
14,C1206C475K5RACAUTO,,Impedance,Ω,2.3988336e+07,0.09904534369707108
14,C1206C475K5RACAUTO,,Impedance,Ω,2.511887e+07,0.10364387184381485
14,C1206C475K5RACAUTO,,Impedance,Ω,2.6302684e+07,0.10844544321298599
14,C1206C475K5RACAUTO,,Impedance,Ω,2.754229e+07,0.11345945298671722
14,C1206C475K5RACAUTO,,Impedance,Ω,2.8840318e+07,0.11869588494300842
14,C1206C475K5RACAUTO,,Impedance,Ω,3.0199518e+07,0.12416501343250275
14,C1206C475K5RACAUTO,,Impedance,Ω,3.1622776e+07,0.1298777163028717
14,C1206C475K5RACAUTO,,Impedance,Ω,3.311311e+07,0.13584521412849426
14,C1206C475K5RACAUTO,,Impedance,Ω,3.467368e+07,0.14207938313484192
14,C1206C475K5RACAUTO,,Impedance,Ω,3.63078e+07,0.1485925018787384
14,C1206C475K5RACAUTO,,Impedance,Ω,3.8018932e+07,0.15539753437042236
14,C1206C475K5RACAUTO,,Impedance,Ω,3.9810708e+07,0.16250784695148468
14,C1206C475K5RACAUTO,,Impedance,Ω,4.1686928e+07,0.1699375957250595
14,C1206C475K5RACAUTO,,Impedance,Ω,4.3651568e+07,0.17770151793956757
14,C1206C475K5RACAUTO,,Impedance,Ω,4.5708804e+07,0.18581491708755493
14,C1206C475K5RACAUTO,,Impedance,Ω,4.7862992e+07,0.19429391622543335
14,C1206C475K5RACAUTO,,Impedance,Ω,5.01187e+07,0.20315539836883545
14,C1206C475K5RACAUTO,,Impedance,Ω,5.248072e+07,0.2124169021844864
14,C1206C475K5RACAUTO,,Impedance,Ω,5.495406e+07,0.22209689021110535
14,C1206C475K5RACAUTO,,Impedance,Ω,5.7544024e+07,0.2322147935628891
14,C1206C475K5RACAUTO,,Impedance,Ω,6.0255988e+07,0.24279025197029114
14,C1206C475K5RACAUTO,,Impedance,Ω,6.3095764e+07,0.253844678401947
14,C1206C475K5RACAUTO,,Impedance,Ω,6.6069372e+07,0.2653999328613281
14,C1206C475K5RACAUTO,,Impedance,Ω,6.918312e+07,0.2774792015552521
14,C1206C475K5RACAUTO,,Impedance,Ω,7.2443616e+07,0.29010656476020813
14,C1206C475K5RACAUTO,,Impedance,Ω,7.5857776e+07,0.3033074140548706
14,C1206C475K5RACAUTO,,Impedance,Ω,7.943284e+07,0.31710803508758545
14,C1206C475K5RACAUTO,,Impedance,Ω,8.3176392e+07,0.33153608441352844
14,C1206C475K5RACAUTO,,Impedance,Ω,8.7096368e+07,0.34662073850631714
14,C1206C475K5RACAUTO,,Impedance,Ω,9.1201088e+07,0.3623921871185303
14,C1206C475K5RACAUTO,,Impedance,Ω,9.5499264e+07,0.37888237833976746
14,C1206C475K5RACAUTO,,Impedance,Ω,1e+08,0.3961244523525238
14,C1206C475K5RACAUTO,,Impedance,Ω,1.04712968e+08,0.41415396332740784
14,C1206C475K5RACAUTO,,Impedance,Ω,1.09647808e+08,0.4330059885978699
14,C1206C475K5RACAUTO,,Impedance,Ω,1.14815472e+08,0.45272088050842285
14,C1206C475K5RACAUTO,,Impedance,Ω,1.20226424e+08,0.4733371138572693
14,C1206C475K5RACAUTO,,Impedance,Ω,1.25892648e+08,0.4948984384536743
14,C1206C475K5RACAUTO,,Impedance,Ω,1.3182564e+08,0.5174475908279419
14,C1206C475K5RACAUTO,,Impedance,Ω,1.38038528e+08,0.541033148765564
14,C1206C475K5RACAUTO,,Impedance,Ω,1.4454392e+08,0.5657014846801758
14,C1206C475K5RACAUTO,,Impedance,Ω,1.51356224e+08,0.5915063619613647
14,C1206C475K5RACAUTO,,Impedance,Ω,1.58489248e+08,0.6184991598129272
14,C1206C475K5RACAUTO,,Impedance,Ω,1.659588e+08,0.6467394828796387
14,C1206C475K5RACAUTO,,Impedance,Ω,1.73779984e+08,0.6762835383415222
14,C1206C475K5RACAUTO,,Impedance,Ω,1.81970176e+08,0.7071976661682129
14,C1206C475K5RACAUTO,,Impedance,Ω,1.90545952e+08,0.7395444512367249
14,C1206C475K5RACAUTO,,Impedance,Ω,1.9952632e+08,0.7733965516090393
14,C1206C475K5RACAUTO,,Impedance,Ω,2.08929472e+08,0.8088238835334778
14,C1206C475K5RACAUTO,,Impedance,Ω,2.1877624e+08,0.845906674861908
14,C1206C475K5RACAUTO,,Impedance,Ω,2.29086592e+08,0.8847233057022095
14,C1206C475K5RACAUTO,,Impedance,Ω,2.3988336e+08,0.9253625273704529
14,C1206C475K5RACAUTO,,Impedance,Ω,2.51188416e+08,0.9679107069969177
14,C1206C475K5RACAUTO,,Impedance,Ω,2.63026848e+08,1.0124670267105103
14,C1206C475K5RACAUTO,,Impedance,Ω,2.75422592e+08,1.0591274499893188
14,C1206C475K5RACAUTO,,Impedance,Ω,2.88403168e+08,1.108001470565796
14,C1206C475K5RACAUTO,,Impedance,Ω,3.01994848e+08,1.1606074571609497
14,C1206C475K5RACAUTO,,Impedance,Ω,3.16227776e+08,1.216338038444519
14,C1206C475K5RACAUTO,,Impedance,Ω,3.31131456e+08,1.2748268842697144
14,C1206C475K5RACAUTO,,Impedance,Ω,3.46736832e+08,1.3362127542495728
14,C1206C475K5RACAUTO,,Impedance,Ω,3.630784e+08,1.4006494283676147
14,C1206C475K5RACAUTO,,Impedance,Ω,3.80189344e+08,1.4682834148406982
14,C1206C475K5RACAUTO,,Impedance,Ω,3.9810752e+08,1.5392775535583496
14,C1206C475K5RACAUTO,,Impedance,Ω,4.1686928e+08,1.6137853860855103
14,C1206C475K5RACAUTO,,Impedance,Ω,4.36516192e+08,1.6919753551483154
14,C1206C475K5RACAUTO,,Impedance,Ω,4.57088032e+08,1.7739993333816528
14,C1206C475K5RACAUTO,,Impedance,Ω,4.78630432e+08,1.860022783279419
14,C1206C475K5RACAUTO,,Impedance,Ω,5.01187008e+08,1.9501867294311523
14,C1206C475K5RACAUTO,,Impedance,Ω,5.24807776e+08,2.0446407794952393
14,C1206C475K5RACAUTO,,Impedance,Ω,5.49540608e+08,2.143505811691284
14,C1206C475K5RACAUTO,,Impedance,Ω,5.75440256e+08,2.246905565261841
14,C1206C475K5RACAUTO,,Impedance,Ω,6.02559232e+08,2.3549344539642334
14,C1206C475K5RACAUTO,,Impedance,Ω,6.30957632e+08,2.46769380569458
14,C1206C475K5RACAUTO,,Impedance,Ω,6.60692992e+08,2.5852580070495605
14,C1206C475K5RACAUTO,,Impedance,Ω,6.91831232e+08,2.7077274322509766
14,C1206C475K5RACAUTO,,Impedance,Ω,7.24435392e+08,2.8351893424987793
14,C1206C475K5RACAUTO,,Impedance,Ω,7.58577792e+08,2.9677796363830566
14,C1206C475K5RACAUTO,,Impedance,Ω,7.94327552e+08,3.105644941329956
14,C1206C475K5RACAUTO,,Impedance,Ω,8.31763904e+08,3.2489991188049316
14,C1206C475K5RACAUTO,,Impedance,Ω,8.70962752e+08,3.3980820178985596
14,C1206C475K5RACAUTO,,Impedance,Ω,9.12010944e+08,3.5532138347625732
14,C1206C475K5RACAUTO,,Impedance,Ω,9.54991552e+08,3.7147374153137207
14,C1206C475K5RACAUTO,,Impedance,Ω,1e+09,3.8830697536468506
14,C1206C475K5RACAUTO,,Impedance,Ω,1.047129664e+09,4.058644771575928
14,C1206C475K5RACAUTO,,Impedance,Ω,1.09647808e+09,4.2419281005859375
14,C1206C475K5RACAUTO,,Impedance,Ω,1.148154752e+09,4.4334330558776855
14,C1206C475K5RACAUTO,,Impedance,Ω,1.202264192e+09,4.633659839630127
14,C1206C475K5RACAUTO,,Impedance,Ω,1.258926464e+09,4.843153476715088
14,C1206C475K5RACAUTO,,Impedance,Ω,1.318256384e+09,5.062436580657959
14,C1206C475K5RACAUTO,,Impedance,Ω,1.380385408e+09,5.292081832885742
14,C1206C475K5RACAUTO,,Impedance,Ω,1.445439232e+09,5.532626628875732
14,C1206C475K5RACAUTO,,Impedance,Ω,1.513562368e+09,5.784670829772949
14,C1206C475K5RACAUTO,,Impedance,Ω,1.584892544e+09,6.048773765563965
14,C1206C475K5RACAUTO,,Impedance,Ω,1.659587968e+09,6.325568675994873
14,C1206C475K5RACAUTO,,Impedance,Ω,1.737799936e+09,6.6156487464904785
14,C1206C475K5RACAUTO,,Impedance,Ω,1.81970176e+09,6.919686794281006
14,C1206C475K5RACAUTO,,Impedance,Ω,1.905459584e+09,7.238320350646973
14,C1206C475K5RACAUTO,,Impedance,Ω,1.995263232e+09,7.572272300720215
14,C1206C475K5RACAUTO,,Impedance,Ω,2.08929472e+09,7.922235488891602
14,C1206C475K5RACAUTO,,Impedance,Ω,2.187762432e+09,8.288994789123535
14,C1206C475K5RACAUTO,,Impedance,Ω,2.29086592e+09,8.673297882080078
14,C1206C475K5RACAUTO,,Impedance,Ω,2.398833664e+09,9.076006889343262
14,C1206C475K5RACAUTO,,Impedance,Ω,2.511884288e+09,9.49793815612793
14,C1206C475K5RACAUTO,,Impedance,Ω,2.630268416e+09,9.940033912658691
14,C1206C475K5RACAUTO,,Impedance,Ω,2.75422592e+09,10.403188705444336
14,C1206C475K5RACAUTO,,Impedance,Ω,2.884031744e+09,10.888432502746582
14,C1206C475K5RACAUTO,,Impedance,Ω,3.019948544e+09,11.396749496459961
14,C1206C475K5RACAUTO,,Impedance,Ω,3.162277632e+09,11.929266929626465
14,C1206C475K5RACAUTO,,Impedance,Ω,3.311314688e+09,12.487092018127441
14,C1206C475K5RACAUTO,,Impedance,Ω,3.467368192e+09,13.071374893188477
14,C1206C475K5RACAUTO,,Impedance,Ω,3.630784e+09,13.683414459228516
14,C1206C475K5RACAUTO,,Impedance,Ω,3.801893376e+09,14.324450492858887
14,C1206C475K5RACAUTO,,Impedance,Ω,3.9810752e+09,14.995902061462402
14,C1206C475K5RACAUTO,,Impedance,Ω,4.168692736e+09,15.699132919311523
14,C1206C475K5RACAUTO,,Impedance,Ω,4.365161984e+09,16.435699462890625
14,C1206C475K5RACAUTO,,Impedance,Ω,4.570880512e+09,17.20709228515625
14,C1206C475K5RACAUTO,,Impedance,Ω,4.786304512e+09,18.0150203704834
14,C1206C475K5RACAUTO,,Impedance,Ω,5.011870208e+09,18.861120223999023
14,C1206C475K5RACAUTO,,Impedance,Ω,5.248077824e+09,19.747268676757812
14,C1206C475K5RACAUTO,,Impedance,Ω,5.49540608e+09,20.675262451171875
14,C1206C475K5RACAUTO,,Impedance,Ω,5.754402304e+09,21.647151947021484
14,C1206C475K5RACAUTO,,Impedance,Ω,6.02559232e+09,22.66490936279297
14,C1206C475K5RACAUTO,,Impedance,Ω,6.309576192e+09,23.730798721313477
14,C1206C475K5RACAUTO,,Impedance,Ω,6.60692992e+09,24.84696388244629
14,C1206C475K5RACAUTO,,Impedance,Ω,6.918311936e+09,26.015886306762695
14,C1206C475K5RACAUTO,,Impedance,Ω,7.244354048e+09,27.239938735961914
14,C1206C475K5RACAUTO,,Impedance,Ω,7.585777664e+09,28.521827697753906
14,C1206C475K5RACAUTO,,Impedance,Ω,7.94327552e+09,29.86414337158203
14,C1206C475K5RACAUTO,,Impedance,Ω,8.317639168e+09,31.269872665405273
14,C1206C475K5RACAUTO,,Impedance,Ω,8.709627904e+09,32.74187469482422
14,C1206C475K5RACAUTO,,Impedance,Ω,9.120109568e+09,34.28337478637695
14,C1206C475K5RACAUTO,,Impedance,Ω,9.54991616e+09,35.89752960205078
14,C1206C475K5RACAUTO,,Impedance,Ω,1e+10,37.58789825439453
15,C1206C475K5RACAUTO,,ESR,Ω,10000,0.0685901939868927
15,C1206C475K5RACAUTO,,ESR,Ω,10471.28515625,0.06574501097202301
15,C1206C475K5RACAUTO,,ESR,Ω,10964.78125,0.06302838027477264
15,C1206C475K5RACAUTO,,ESR,Ω,11481.53515625,0.06043362617492676
15,C1206C475K5RACAUTO,,ESR,Ω,12022.642578125,0.05795587971806526
15,C1206C475K5RACAUTO,,ESR,Ω,12589.2509765625,0.055589377880096436
15,C1206C475K5RACAUTO,,ESR,Ω,13182.5634765625,0.053329624235630035
15,C1206C475K5RACAUTO,,ESR,Ω,13803.8388671875,0.05117161571979523
15,C1206C475K5RACAUTO,,ESR,Ω,14454.392578125,0.049110591411590576
15,C1206C475K5RACAUTO,,ESR,Ω,15135.6064453125,0.04714259132742882
15,C1206C475K5RACAUTO,,ESR,Ω,15848.9248046875,0.0452629029750824
15,C1206C475K5RACAUTO,,ESR,Ω,16595.861328125,0.04346787557005882
15,C1206C475K5RACAUTO,,ESR,Ω,17378,0.04175369814038277
15,C1206C475K5RACAUTO,,ESR,Ω,18197.017578125,0.04011646285653114
15,C1206C475K5RACAUTO,,ESR,Ω,19054.6171875,0.03855319693684578
15,C1206C475K5RACAUTO,,ESR,Ω,19952.6328125,0.03706005588173866
15,C1206C475K5RACAUTO,,ESR,Ω,20892.96875,0.03563423827290535
15,C1206C475K5RACAUTO,,ESR,Ω,21877.623046875,0.03427261486649513
15,C1206C475K5RACAUTO,,ESR,Ω,22908.68359375,0.03297218307852745
15,C1206C475K5RACAUTO,,ESR,Ω,23988.3359375,0.03173043951392174
15,C1206C475K5RACAUTO,,ESR,Ω,25118.869140625,0.030544430017471313
15,C1206C475K5RACAUTO,,ESR,Ω,26302.68359375,0.029411830008029938
15,C1206C475K5RACAUTO,,ESR,Ω,27542.291015625,0.028330210596323013
15,C1206C475K5RACAUTO,,ESR,Ω,28840.318359375,0.027297262102365494
15,C1206C475K5RACAUTO,,ESR,Ω,30199.517578125,0.02631087228655815
15,C1206C475K5RACAUTO,,ESR,Ω,31622.77734375,0.025368746370077133
15,C1206C475K5RACAUTO,,ESR,Ω,33113.109375,0.024469194933772087
15,C1206C475K5RACAUTO,,ESR,Ω,34673.68359375,0.023610062897205353
15,C1206C475K5RACAUTO,,ESR,Ω,36307.80078125,0.022789528593420982
15,C1206C475K5RACAUTO,,ESR,Ω,38018.93359375,0.022005952894687653
15,C1206C475K5RACAUTO,,ESR,Ω,39810.70703125,0.02125772461295128
15,C1206C475K5RACAUTO,,ESR,Ω,41686.92578125,0.020543083548545837
15,C1206C475K5RACAUTO,,ESR,Ω,43651.5703125,0.019860636442899704
15,C1206C475K5RACAUTO,,ESR,Ω,45708.8046875,0.019208921119570732
15,C1206C475K5RACAUTO,,ESR,Ω,47862.9921875,0.018586451187729836
15,C1206C475K5RACAUTO,,ESR,Ω,50118.703125,0.017992103472352028
15,C1206C475K5RACAUTO,,ESR,Ω,52480.71875,0.01742447353899479
15,C1206C475K5RACAUTO,,ESR,Ω,54954.05859375,0.016882335767149925
15,C1206C475K5RACAUTO,,ESR,Ω,57544.0234375,0.016364658251404762
15,C1206C475K5RACAUTO,,ESR,Ω,60255.98828125,0.015870317816734314
15,C1206C475K5RACAUTO,,ESR,Ω,63095.76171875,0.015398179180920124
15,C1206C475K5RACAUTO,,ESR,Ω,66069.3671875,0.01494728121906519
15,C1206C475K5RACAUTO,,ESR,Ω,69183.125,0.01451668981462717
15,C1206C475K5RACAUTO,,ESR,Ω,72443.6171875,0.014105427078902721
15,C1206C475K5RACAUTO,,ESR,Ω,75857.78125,0.013712716288864613
15,C1206C475K5RACAUTO,,ESR,Ω,79432.84375,0.01333771925419569
15,C1206C475K5RACAUTO,,ESR,Ω,83176.390625,0.012979569844901562
15,C1206C475K5RACAUTO,,ESR,Ω,87096.3671875,0.012637532316148281
15,C1206C475K5RACAUTO,,ESR,Ω,91201.09375,0.012310859747231007
15,C1206C475K5RACAUTO,,ESR,Ω,95499.265625,0.011998927220702171
15,C1206C475K5RACAUTO,,ESR,Ω,100000,0.011701054871082306
15,C1206C475K5RACAUTO,,ESR,Ω,104712.8515625,0.011416533030569553
15,C1206C475K5RACAUTO,,ESR,Ω,109647.8125,0.011144868098199368
15,C1206C475K5RACAUTO,,ESR,Ω,114815.34375,0.010885401628911495
15,C1206C475K5RACAUTO,,ESR,Ω,120226.421875,0.010637634433805943
15,C1206C475K5RACAUTO,,ESR,Ω,125892.515625,0.010400990955531597
15,C1206C475K5RACAUTO,,ESR,Ω,131825.640625,0.010175000876188278
15,C1206C475K5RACAUTO,,ESR,Ω,138038.390625,0.009959189221262932
15,C1206C475K5RACAUTO,,ESR,Ω,144543.921875,0.009753108955919743
15,C1206C475K5RACAUTO,,ESR,Ω,151356.0625,0.00955630000680685
15,C1206C475K5RACAUTO,,ESR,Ω,158489.25,0.009368334896862507
15,C1206C475K5RACAUTO,,ESR,Ω,165958.609375,0.009188828058540821
15,C1206C475K5RACAUTO,,ESR,Ω,173779.984375,0.009017386473715305
15,C1206C475K5RACAUTO,,ESR,Ω,181970.1875,0.00885369349271059
15,C1206C475K5RACAUTO,,ESR,Ω,190546.15625,0.008697357028722763
15,C1206C475K5RACAUTO,,ESR,Ω,199526.3125,0.008548049256205559
15,C1206C475K5RACAUTO,,ESR,Ω,208929.703125,0.008405470289289951
15,C1206C475K5RACAUTO,,ESR,Ω,218776.234375,0.00826929695904255
15,C1206C475K5RACAUTO,,ESR,Ω,229086.828125,0.008139265701174736
15,C1206C475K5RACAUTO,,ESR,Ω,239883.359375,0.008015063591301441
15,C1206C475K5RACAUTO,,ESR,Ω,251188.703125,0.007896458730101585
15,C1206C475K5RACAUTO,,ESR,Ω,263026.84375,0.007783201057463884
15,C1206C475K5RACAUTO,,ESR,Ω,275422.90625,0.007675045635551214
15,C1206C475K5RACAUTO,,ESR,Ω,288403.1875,0.007571750786155462
15,C1206C475K5RACAUTO,,ESR,Ω,301995.1875,0.007473100908100605
15,C1206C475K5RACAUTO,,ESR,Ω,316227.78125,0.007378898561000824
15,C1206C475K5RACAUTO,,ESR,Ω,331131.09375,0.007288934662938118
15,C1206C475K5RACAUTO,,ESR,Ω,346736.8125,0.00720302714034915
15,C1206C475K5RACAUTO,,ESR,Ω,363078,0.007120979018509388
15,C1206C475K5RACAUTO,,ESR,Ω,380189.34375,0.007042618002742529
15,C1206C475K5RACAUTO,,ESR,Ω,398107.09375,0.006967797875404358
15,C1206C475K5RACAUTO,,ESR,Ω,416869.28125,0.0068963319063186646
15,C1206C475K5RACAUTO,,ESR,Ω,436515.6875,0.00682809017598629
15,C1206C475K5RACAUTO,,ESR,Ω,457088.03125,0.006762913893908262
15,C1206C475K5RACAUTO,,ESR,Ω,478629.90625,0.00670067872852087
15,C1206C475K5RACAUTO,,ESR,Ω,501187,0.006641239393502474
15,C1206C475K5RACAUTO,,ESR,Ω,524807.1875,0.006584476213902235
15,C1206C475K5RACAUTO,,ESR,Ω,549540.5625,0.006530267186462879
15,C1206C475K5RACAUTO,,ESR,Ω,575440.25,0.006478495430201292
15,C1206C475K5RACAUTO,,ESR,Ω,602559.875,0.006429062224924564
15,C1206C475K5RACAUTO,,ESR,Ω,630957.625,0.00638184230774641
15,C1206C475K5RACAUTO,,ESR,Ω,660693.6875,0.00633675791323185
15,C1206C475K5RACAUTO,,ESR,Ω,691831.1875,0.006293700076639652
15,C1206C475K5RACAUTO,,ESR,Ω,724436.1875,0.006252576131373644
15,C1206C475K5RACAUTO,,ESR,Ω,758577.75,0.006213303655385971
15,C1206C475K5RACAUTO,,ESR,Ω,794328.4375,0.006175801157951355
15,C1206C475K5RACAUTO,,ESR,Ω,831763.9375,0.006139986217021942
15,C1206C475K5RACAUTO,,ESR,Ω,870963.6875,0.006175801157951355
15,C1206C475K5RACAUTO,,ESR,Ω,912010.9375,0.006213304121047258
15,C1206C475K5RACAUTO,,ESR,Ω,954992.625,0.006252575200051069
15,C1206C475K5RACAUTO,,ESR,Ω,1e+06,0.0062936944887042046
15,C1206C475K5RACAUTO,,ESR,Ω,1.0471285e+06,0.006336756516247988
15,C1206C475K5RACAUTO,,ESR,Ω,1.096478125e+06,0.006381847430020571
15,C1206C475K5RACAUTO,,ESR,Ω,1.1481535e+06,0.006429059896618128
15,C1206C475K5RACAUTO,,ESR,Ω,1.20226425e+06,0.006478501483798027
15,C1206C475K5RACAUTO,,ESR,Ω,1.258925125e+06,0.0065302676521241665
15,C1206C475K5RACAUTO,,ESR,Ω,1.318256375e+06,0.006584478076547384
15,C1206C475K5RACAUTO,,ESR,Ω,1.380383875e+06,0.0066412403248250484
15,C1206C475K5RACAUTO,,ESR,Ω,1.44543925e+06,0.006700679659843445
15,C1206C475K5RACAUTO,,ESR,Ω,1.513560625e+06,0.006762919947504997
15,C1206C475K5RACAUTO,,ESR,Ω,1.5848925e+06,0.006828092969954014
15,C1206C475K5RACAUTO,,ESR,Ω,1.659586125e+06,0.006896339822560549
15,C1206C475K5RACAUTO,,ESR,Ω,1.737799875e+06,0.006967801600694656
15,C1206C475K5RACAUTO,,ESR,Ω,1.819701875e+06,0.007042631506919861
15,C1206C475K5RACAUTO,,ESR,Ω,1.905461625e+06,0.007120988331735134
15,C1206C475K5RACAUTO,,ESR,Ω,1.99526325e+06,0.007203035522252321
15,C1206C475K5RACAUTO,,ESR,Ω,2.089297e+06,0.007288950961083174
15,C1206C475K5RACAUTO,,ESR,Ω,2.1877625e+06,0.006490528117865324
15,C1206C475K5RACAUTO,,ESR,Ω,2.29086825e+06,0.0065428647212684155
15,C1206C475K5RACAUTO,,ESR,Ω,2.3988335e+06,0.006597668863832951
15,C1206C475K5RACAUTO,,ESR,Ω,2.511887e+06,0.006655053701251745
15,C1206C475K5RACAUTO,,ESR,Ω,2.6302685e+06,0.006715144030749798
15,C1206C475K5RACAUTO,,ESR,Ω,2.754229e+06,0.006778066512197256
15,C1206C475K5RACAUTO,,ESR,Ω,2.88403175e+06,0.00684395432472229
15,C1206C475K5RACAUTO,,ESR,Ω,3.01995175e+06,0.006912949029356241
15,C1206C475K5RACAUTO,,ESR,Ω,3.16227775e+06,0.0069851926527917385
15,C1206C475K5RACAUTO,,ESR,Ω,3.311311e+06,0.007060842122882605
15,C1206C475K5RACAUTO,,ESR,Ω,3.46736825e+06,0.007140058558434248
15,C1206C475K5RACAUTO,,ESR,Ω,3.63078e+06,0.007223006337881088
15,C1206C475K5RACAUTO,,ESR,Ω,3.80189325e+06,0.007309863809496164
15,C1206C475K5RACAUTO,,ESR,Ω,3.98107075e+06,0.007400816306471825
15,C1206C475K5RACAUTO,,ESR,Ω,4.16869275e+06,0.007496054284274578
15,C1206C475K5RACAUTO,,ESR,Ω,4.365157e+06,0.007595782168209553
15,C1206C475K5RACAUTO,,ESR,Ω,4.5708805e+06,0.0077002099715173244
15,C1206C475K5RACAUTO,,ESR,Ω,4.786299e+06,0.007809558417648077
15,C1206C475K5RACAUTO,,ESR,Ω,5.01187e+06,0.007924062199890614
15,C1206C475K5RACAUTO,,ESR,Ω,5.248072e+06,0.00804396253079176
15,C1206C475K5RACAUTO,,ESR,Ω,5.495406e+06,0.008169508539140224
15,C1206C475K5RACAUTO,,ESR,Ω,5.7544025e+06,0.008300983346998692
15,C1206C475K5RACAUTO,,ESR,Ω,6.025599e+06,0.008438646793365479
15,C1206C475K5RACAUTO,,ESR,Ω,6.309576e+06,0.008582799695432186
15,C1206C475K5RACAUTO,,ESR,Ω,6.606937e+06,0.008733747527003288
15,C1206C475K5RACAUTO,,ESR,Ω,6.918312e+06,0.008891810663044453
15,C1206C475K5RACAUTO,,ESR,Ω,7.244362e+06,0.009057321585714817
15,C1206C475K5RACAUTO,,ESR,Ω,7.5857775e+06,0.00923063512891531
15,C1206C475K5RACAUTO,,ESR,Ω,7.943284e+06,0.009412119165062904
15,C1206C475K5RACAUTO,,ESR,Ω,8.317639e+06,0.009602158330380917
15,C1206C475K5RACAUTO,,ESR,Ω,8.709637e+06,0.009801153093576431
15,C1206C475K5RACAUTO,,ESR,Ω,9.120109e+06,0.010009526275098324
15,C1206C475K5RACAUTO,,ESR,Ω,9.549926e+06,0.010227723978459835
15,C1206C475K5RACAUTO,,ESR,Ω,1e+07,0.0104562072083354
15,C1206C475K5RACAUTO,,ESR,Ω,1.0471285e+07,0.010695459321141243
15,C1206C475K5RACAUTO,,ESR,Ω,1.0964781e+07,0.01094598788768053
15,C1206C475K5RACAUTO,,ESR,Ω,1.1481535e+07,0.01120832934975624
15,C1206C475K5RACAUTO,,ESR,Ω,1.2022642e+07,0.011483041569590569
15,C1206C475K5RACAUTO,,ESR,Ω,1.2589251e+07,0.011770700104534626
15,C1206C475K5RACAUTO,,ESR,Ω,1.3182564e+07,0.012071916833519936
15,C1206C475K5RACAUTO,,ESR,Ω,1.3803838e+07,0.012387332506477833
15,C1206C475K5RACAUTO,,ESR,Ω,1.4454393e+07,0.01271761767566204
15,C1206C475K5RACAUTO,,ESR,Ω,1.5135607e+07,0.013063493184745312
15,C1206C475K5RACAUTO,,ESR,Ω,1.5848925e+07,0.013425664976239204
15,C1206C475K5RACAUTO,,ESR,Ω,1.6595861e+07,0.0138049041852355
15,C1206C475K5RACAUTO,,ESR,Ω,1.7378e+07,0.014202033169567585
15,C1206C475K5RACAUTO,,ESR,Ω,1.8197018e+07,0.014617904089391232
15,C1206C475K5RACAUTO,,ESR,Ω,1.9054616e+07,0.015053377486765385
15,C1206C475K5RACAUTO,,ESR,Ω,1.9952632e+07,0.015509371645748615
15,C1206C475K5RACAUTO,,ESR,Ω,2.089297e+07,0.015986889600753784
15,C1206C475K5RACAUTO,,ESR,Ω,2.1877624e+07,0.01648692414164543
15,C1206C475K5RACAUTO,,ESR,Ω,2.2908684e+07,0.01701054535806179
15,C1206C475K5RACAUTO,,ESR,Ω,2.3988336e+07,0.01755886897444725
15,C1206C475K5RACAUTO,,ESR,Ω,2.511887e+07,0.018133046105504036
15,C1206C475K5RACAUTO,,ESR,Ω,2.6302684e+07,0.018734334036707878
15,C1206C475K5RACAUTO,,ESR,Ω,2.754229e+07,0.01936398819088936
15,C1206C475K5RACAUTO,,ESR,Ω,2.8840318e+07,0.020023347809910774
15,C1206C475K5RACAUTO,,ESR,Ω,3.0199518e+07,0.02071383409202099
15,C1206C475K5RACAUTO,,ESR,Ω,3.1622776e+07,0.021436914801597595
15,C1206C475K5RACAUTO,,ESR,Ω,3.311311e+07,0.022194117307662964
15,C1206C475K5RACAUTO,,ESR,Ω,3.467368e+07,0.022987090051174164
15,C1206C475K5RACAUTO,,ESR,Ω,3.63078e+07,0.02381749264895916
15,C1206C475K5RACAUTO,,ESR,Ω,3.8018932e+07,0.024687139317393303
15,C1206C475K5RACAUTO,,ESR,Ω,3.9810708e+07,0.025597872212529182
15,C1206C475K5RACAUTO,,ESR,Ω,4.1686928e+07,0.02655162662267685
15,C1206C475K5RACAUTO,,ESR,Ω,4.3651568e+07,0.027550455182790756
15,C1206C475K5RACAUTO,,ESR,Ω,4.5708804e+07,0.028596537187695503
15,C1206C475K5RACAUTO,,ESR,Ω,4.7862992e+07,0.02969207987189293
15,C1206C475K5RACAUTO,,ESR,Ω,5.01187e+07,0.030839424580335617
15,C1206C475K5RACAUTO,,ESR,Ω,5.248072e+07,0.03204111009836197
15,C1206C475K5RACAUTO,,ESR,Ω,5.495406e+07,0.03329967334866524
15,C1206C475K5RACAUTO,,ESR,Ω,5.7544024e+07,0.034617889672517776
15,C1206C475K5RACAUTO,,ESR,Ω,6.0255988e+07,0.03599853068590164
15,C1206C475K5RACAUTO,,ESR,Ω,6.3095764e+07,0.03744463995099068
15,C1206C475K5RACAUTO,,ESR,Ω,6.6069372e+07,0.03895936161279678
15,C1206C475K5RACAUTO,,ESR,Ω,6.918312e+07,0.04054601863026619
15,C1206C475K5RACAUTO,,ESR,Ω,7.2443616e+07,0.04220803827047348
15,C1206C475K5RACAUTO,,ESR,Ω,7.5857776e+07,0.04394913092255592
15,C1206C475K5RACAUTO,,ESR,Ω,7.943284e+07,0.045773040503263474
15,C1206C475K5RACAUTO,,ESR,Ω,8.3176392e+07,0.047683872282505035
15,C1206C475K5RACAUTO,,ESR,Ω,8.7096368e+07,0.04968584328889847
15,C1206C475K5RACAUTO,,ESR,Ω,9.1201088e+07,0.051783375442028046
15,C1206C475K5RACAUTO,,ESR,Ω,9.5499264e+07,0.053981270641088486
15,C1206C475K5RACAUTO,,ESR,Ω,1e+08,0.05628437548875809
15,C1206C475K5RACAUTO,,ESR,Ω,1.04712968e+08,0.058698106557130814
15,C1206C475K5RACAUTO,,ESR,Ω,1.09647808e+08,0.06122768670320511
15,C1206C475K5RACAUTO,,ESR,Ω,1.14815472e+08,0.06387928128242493
15,C1206C475K5RACAUTO,,ESR,Ω,1.20226424e+08,0.06665884703397751
15,C1206C475K5RACAUTO,,ESR,Ω,1.25892648e+08,0.06957307457923889
15,C1206C475K5RACAUTO,,ESR,Ω,1.3182564e+08,0.07262879610061646
15,C1206C475K5RACAUTO,,ESR,Ω,1.38038528e+08,0.07583364099264145
15,C1206C475K5RACAUTO,,ESR,Ω,1.4454392e+08,0.0791950598359108
15,C1206C475K5RACAUTO,,ESR,Ω,1.51356224e+08,0.08272194117307663
15,C1206C475K5RACAUTO,,ESR,Ω,1.58489248e+08,0.08642276376485825
15,C1206C475K5RACAUTO,,ESR,Ω,1.659588e+08,0.09030769020318985
15,C1206C475K5RACAUTO,,ESR,Ω,1.73779984e+08,0.09438662230968475
15,C1206C475K5RACAUTO,,ESR,Ω,1.81970176e+08,0.09867110848426819
15,C1206C475K5RACAUTO,,ESR,Ω,1.90545952e+08,0.10317286849021912
15,C1206C475K5RACAUTO,,ESR,Ω,1.9952632e+08,0.10790541023015976
15,C1206C475K5RACAUTO,,ESR,Ω,2.08929472e+08,0.11288269609212875
15,C1206C475K5RACAUTO,,ESR,Ω,2.1877624e+08,0.11812074482440948
15,C1206C475K5RACAUTO,,ESR,Ω,2.29086592e+08,0.12363637238740921
15,C1206C475K5RACAUTO,,ESR,Ω,2.3988336e+08,0.12944921851158142
15,C1206C475K5RACAUTO,,ESR,Ω,2.51188416e+08,0.1355796903371811
15,C1206C475K5RACAUTO,,ESR,Ω,2.63026848e+08,0.14205189049243927
15,C1206C475K5RACAUTO,,ESR,Ω,2.75422592e+08,0.1488918960094452
15,C1206C475K5RACAUTO,,ESR,Ω,2.88403168e+08,0.15612943470478058
15,C1206C475K5RACAUTO,,ESR,Ω,3.01994848e+08,0.16380617022514343
15,C1206C475K5RACAUTO,,ESR,Ω,3.16227776e+08,0.17195892333984375
15,C1206C475K5RACAUTO,,ESR,Ω,3.31131456e+08,0.1806289404630661
15,C1206C475K5RACAUTO,,ESR,Ω,3.46736832e+08,0.1898656040430069
15,C1206C475K5RACAUTO,,ESR,Ω,3.630784e+08,0.19972717761993408
15,C1206C475K5RACAUTO,,ESR,Ω,3.80189344e+08,0.210277259349823
15,C1206C475K5RACAUTO,,ESR,Ω,3.9810752e+08,0.22158987820148468
15,C1206C475K5RACAUTO,,ESR,Ω,4.1686928e+08,0.23374585807323456
15,C1206C475K5RACAUTO,,ESR,Ω,4.36516192e+08,0.2468375265598297
15,C1206C475K5RACAUTO,,ESR,Ω,4.57088032e+08,0.26096394658088684
15,C1206C475K5RACAUTO,,ESR,Ω,4.78630432e+08,0.2762334644794464
15,C1206C475K5RACAUTO,,ESR,Ω,5.01187008e+08,0.29275864362716675
15,C1206C475K5RACAUTO,,ESR,Ω,5.24807776e+08,0.31065627932548523
15,C1206C475K5RACAUTO,,ESR,Ω,5.49540608e+08,0.3300389051437378
15,C1206C475K5RACAUTO,,ESR,Ω,5.75440256e+08,0.3510134816169739
15,C1206C475K5RACAUTO,,ESR,Ω,6.02559232e+08,0.3736701011657715
15,C1206C475K5RACAUTO,,ESR,Ω,6.30957632e+08,0.3980787396430969
15,C1206C475K5RACAUTO,,ESR,Ω,6.60692992e+08,0.42427775263786316
15,C1206C475K5RACAUTO,,ESR,Ω,6.91831232e+08,0.4522765576839447
15,C1206C475K5RACAUTO,,ESR,Ω,7.24435392e+08,0.48204460740089417
15,C1206C475K5RACAUTO,,ESR,Ω,7.58577792e+08,0.5135232210159302
15,C1206C475K5RACAUTO,,ESR,Ω,7.94327552e+08,0.5466219186782837
15,C1206C475K5RACAUTO,,ESR,Ω,8.31763904e+08,0.581240713596344
15,C1206C475K5RACAUTO,,ESR,Ω,8.70962752e+08,0.617266058921814
15,C1206C475K5RACAUTO,,ESR,Ω,9.12010944e+08,0.6546009182929993
15,C1206C475K5RACAUTO,,ESR,Ω,9.54991552e+08,0.6931598782539368
15,C1206C475K5RACAUTO,,ESR,Ω,1e+09,0.7328904271125793
15,C1206C475K5RACAUTO,,ESR,Ω,1.047129664e+09,0.7737675905227661
15,C1206C475K5RACAUTO,,ESR,Ω,1.09647808e+09,0.8158006072044373
15,C1206C475K5RACAUTO,,ESR,Ω,1.148154752e+09,0.8590336441993713
15,C1206C475K5RACAUTO,,ESR,Ω,1.202264192e+09,0.903532862663269
15,C1206C475K5RACAUTO,,ESR,Ω,1.258926464e+09,0.9493967294692993
15,C1206C475K5RACAUTO,,ESR,Ω,1.318256384e+09,0.9967336654663086
15,C1206C475K5RACAUTO,,ESR,Ω,1.380385408e+09,1.0456757545471191
15,C1206C475K5RACAUTO,,ESR,Ω,1.445439232e+09,1.0963574647903442
15,C1206C475K5RACAUTO,,ESR,Ω,1.513562368e+09,1.1489301919937134
15,C1206C475K5RACAUTO,,ESR,Ω,1.584892544e+09,1.2035391330718994
15,C1206C475K5RACAUTO,,ESR,Ω,1.659587968e+09,1.2603470087051392
15,C1206C475K5RACAUTO,,ESR,Ω,1.737799936e+09,1.3195065259933472
15,C1206C475K5RACAUTO,,ESR,Ω,1.81970176e+09,1.381184697151184
15,C1206C475K5RACAUTO,,ESR,Ω,1.905459584e+09,1.4455395936965942
15,C1206C475K5RACAUTO,,ESR,Ω,1.995263232e+09,1.5127426385879517
15,C1206C475K5RACAUTO,,ESR,Ω,2.08929472e+09,1.5829589366912842
15,C1206C475K5RACAUTO,,ESR,Ω,2.187762432e+09,1.6563665866851807
15,C1206C475K5RACAUTO,,ESR,Ω,2.29086592e+09,1.7331336736679077
15,C1206C475K5RACAUTO,,ESR,Ω,2.398833664e+09,1.8134517669677734
15,C1206C475K5RACAUTO,,ESR,Ω,2.511884288e+09,1.8974988460540771
15,C1206C475K5RACAUTO,,ESR,Ω,2.630268416e+09,1.9854768514633179
15,C1206C475K5RACAUTO,,ESR,Ω,2.75422592e+09,2.077573776245117
15,C1206C475K5RACAUTO,,ESR,Ω,2.884031744e+09,2.174004316329956
15,C1206C475K5RACAUTO,,ESR,Ω,3.019948544e+09,2.2749764919281006
15,C1206C475K5RACAUTO,,ESR,Ω,3.162277632e+09,2.3807194232940674
15,C1206C475K5RACAUTO,,ESR,Ω,3.311314688e+09,2.4914605617523193
15,C1206C475K5RACAUTO,,ESR,Ω,3.467368192e+09,2.6074347496032715
15,C1206C475K5RACAUTO,,ESR,Ω,3.630784e+09,2.728905200958252
15,C1206C475K5RACAUTO,,ESR,Ω,3.801893376e+09,2.856121301651001
15,C1206C475K5RACAUTO,,ESR,Ω,3.9810752e+09,2.989370107650757
15,C1206C475K5RACAUTO,,ESR,Ω,4.168692736e+09,3.128925323486328
15,C1206C475K5RACAUTO,,ESR,Ω,4.365161984e+09,3.2750978469848633
15,C1206C475K5RACAUTO,,ESR,Ω,4.570880512e+09,3.428189754486084
15,C1206C475K5RACAUTO,,ESR,Ω,4.786304512e+09,3.588536500930786
15,C1206C475K5RACAUTO,,ESR,Ω,5.011870208e+09,3.7564709186553955
15,C1206C475K5RACAUTO,,ESR,Ω,5.248077824e+09,3.9323618412017822
15,C1206C475K5RACAUTO,,ESR,Ω,5.49540608e+09,4.11657190322876
15,C1206C475K5RACAUTO,,ESR,Ω,5.754402304e+09,4.309506893157959
15,C1206C475K5RACAUTO,,ESR,Ω,6.02559232e+09,4.511560440063477
15,C1206C475K5RACAUTO,,ESR,Ω,6.309576192e+09,4.723182201385498
15,C1206C475K5RACAUTO,,ESR,Ω,6.60692992e+09,4.944798946380615
15,C1206C475K5RACAUTO,,ESR,Ω,6.918311936e+09,5.176907539367676
15,C1206C475K5RACAUTO,,ESR,Ω,7.244354048e+09,5.419970989227295
15,C1206C475K5RACAUTO,,ESR,Ω,7.585777664e+09,5.6745381355285645
15,C1206C475K5RACAUTO,,ESR,Ω,7.94327552e+09,5.94111442565918
15,C1206C475K5RACAUTO,,ESR,Ω,8.317639168e+09,6.220297813415527
15,C1206C475K5RACAUTO,,ESR,Ω,8.709627904e+09,6.512659072875977
15,C1206C475K5RACAUTO,,ESR,Ω,9.120109568e+09,6.818838119506836
15,C1206C475K5RACAUTO,,ESR,Ω,9.54991616e+09,7.139461040496826
15,C1206C475K5RACAUTO,,ESR,Ω,1e+10,7.475229740142822
16,C0805C105K5RACTU,,Impedance,Ω,10000,16.51827049255371
16,C0805C105K5RACTU,,Impedance,Ω,10471.28515625,15.784590721130371
16,C0805C105K5RACTU,,Impedance,Ω,10964.78125,15.083501815795898
16,C0805C105K5RACTU,,Impedance,Ω,11481.53515625,14.41356086730957
16,C0805C105K5RACTU,,Impedance,Ω,12022.642578125,13.773380279541016
16,C0805C105K5RACTU,,Impedance,Ω,12589.2509765625,13.161638259887695
16,C0805C105K5RACTU,,Impedance,Ω,13182.5634765625,12.577069282531738
16,C0805C105K5RACTU,,Impedance,Ω,13803.8388671875,12.018470764160156
16,C0805C105K5RACTU,,Impedance,Ω,14454.392578125,11.484685897827148
16,C0805C105K5RACTU,,Impedance,Ω,15135.6064453125,10.974614143371582
16,C0805C105K5RACTU,,Impedance,Ω,15848.9248046875,10.487198829650879
16,C0805C105K5RACTU,,Impedance,Ω,16595.861328125,10.021432876586914
16,C0805C105K5RACTU,,Impedance,Ω,17378,9.576359748840332
16,C0805C105K5RACTU,,Impedance,Ω,18197.017578125,9.151045799255371
16,C0805C105K5RACTU,,Impedance,Ω,19054.6171875,8.74463176727295
16,C0805C105K5RACTU,,Impedance,Ω,19952.6328125,8.356274604797363
16,C0805C105K5RACTU,,Impedance,Ω,20892.96875,7.985165119171143
16,C0805C105K5RACTU,,Impedance,Ω,21877.623046875,7.630541801452637
16,C0805C105K5RACTU,,Impedance,Ω,22908.68359375,7.291666507720947
16,C0805C105K5RACTU,,Impedance,Ω,23988.3359375,6.967845439910889
16,C0805C105K5RACTU,,Impedance,Ω,25118.869140625,6.658408164978027
16,C0805C105K5RACTU,,Impedance,Ω,26302.68359375,6.3627142906188965
16,C0805C105K5RACTU,,Impedance,Ω,27542.291015625,6.080152988433838
16,C0805C105K5RACTU,,Impedance,Ω,28840.318359375,5.810143947601318
16,C0805C105K5RACTU,,Impedance,Ω,30199.517578125,5.552126407623291
16,C0805C105K5RACTU,,Impedance,Ω,31622.77734375,5.305569171905518
16,C0805C105K5RACTU,,Impedance,Ω,33113.109375,5.069962501525879
16,C0805C105K5RACTU,,Impedance,Ω,34673.68359375,4.844820022583008
16,C0805C105K5RACTU,,Impedance,Ω,36307.80078125,4.629676818847656
16,C0805C105K5RACTU,,Impedance,Ω,38018.93359375,4.424089431762695
16,C0805C105K5RACTU,,Impedance,Ω,39810.70703125,4.22763204574585
16,C0805C105K5RACTU,,Impedance,Ω,41686.92578125,4.039899826049805
16,C0805C105K5RACTU,,Impedance,Ω,43651.5703125,3.860504388809204
16,C0805C105K5RACTU,,Impedance,Ω,45708.8046875,3.689077138900757
16,C0805C105K5RACTU,,Impedance,Ω,47862.9921875,3.5252625942230225
16,C0805C105K5RACTU,,Impedance,Ω,50118.703125,3.3687233924865723
16,C0805C105K5RACTU,,Impedance,Ω,52480.71875,3.2191362380981445
16,C0805C105K5RACTU,,Impedance,Ω,54954.05859375,3.0761911869049072
16,C0805C105K5RACTU,,Impedance,Ω,57544.0234375,2.9395909309387207
16,C0805C105K5RACTU,,Impedance,Ω,60255.98828125,2.8090598583221436
16,C0805C105K5RACTU,,Impedance,Ω,63095.76171875,2.684326171875
16,C0805C105K5RACTU,,Impedance,Ω,66069.3671875,2.5651307106018066
16,C0805C105K5RACTU,,Impedance,Ω,69183.125,2.4512269496917725
16,C0805C105K5RACTU,,Impedance,Ω,72443.6171875,2.3423821926116943
16,C0805C105K5RACTU,,Impedance,Ω,75857.78125,2.238369941711426
16,C0805C105K5RACTU,,Impedance,Ω,79432.84375,2.138976573944092
16,C0805C105K5RACTU,,Impedance,Ω,83176.390625,2.0439963340759277
16,C0805C105K5RACTU,,Impedance,Ω,87096.3671875,1.953233242034912
16,C0805C105K5RACTU,,Impedance,Ω,91201.09375,1.8664991855621338
16,C0805C105K5RACTU,,Impedance,Ω,95499.265625,1.7836169004440308
16,C0805C105K5RACTU,,Impedance,Ω,100000,1.7044140100479126
16,C0805C105K5RACTU,,Impedance,Ω,104712.8515625,1.6287274360656738
16,C0805C105K5RACTU,,Impedance,Ω,109647.8125,1.5564005374908447
16,C0805C105K5RACTU,,Impedance,Ω,114815.34375,1.487284541130066
16,C0805C105K5RACTU,,Impedance,Ω,120226.421875,1.421236276626587
16,C0805C105K5RACTU,,Impedance,Ω,125892.515625,1.3581205606460571
16,C0805C105K5RACTU,,Impedance,Ω,131825.640625,1.297805905342102
16,C0805C105K5RACTU,,Impedance,Ω,138038.390625,1.2401680946350098
16,C0805C105K5RACTU,,Impedance,Ω,144543.921875,1.1850889921188354
16,C0805C105K5RACTU,,Impedance,Ω,151356.0625,1.1324539184570312
16,C0805C105K5RACTU,,Impedance,Ω,158489.25,1.082154393196106
16,C0805C105K5RACTU,,Impedance,Ω,165958.609375,1.0340873003005981
16,C0805C105K5RACTU,,Impedance,Ω,173779.984375,0.9881528615951538
16,C0805C105K5RACTU,,Impedance,Ω,181970.1875,0.9442554116249084
16,C0805C105K5RACTU,,Impedance,Ω,190546.15625,0.9023064970970154
16,C0805C105K5RACTU,,Impedance,Ω,199526.3125,0.8622184991836548
16,C0805C105K5RACTU,,Impedance,Ω,208929.703125,0.8239085674285889
16,C0805C105K5RACTU,,Impedance,Ω,218776.234375,0.7872978448867798
16,C0805C105K5RACTU,,Impedance,Ω,229086.828125,0.7523107528686523
16,C0805C105K5RACTU,,Impedance,Ω,239883.359375,0.7188748121261597
16,C0805C105K5RACTU,,Impedance,Ω,251188.703125,0.6869214177131653
16,C0805C105K5RACTU,,Impedance,Ω,263026.84375,0.6563845276832581
16,C0805C105K5RACTU,,Impedance,Ω,275422.90625,0.6272009611129761
16,C0805C105K5RACTU,,Impedance,Ω,288403.1875,0.5993106365203857
16,C0805C105K5RACTU,,Impedance,Ω,301995.1875,0.5726561546325684
16,C0805C105K5RACTU,,Impedance,Ω,316227.78125,0.5471822619438171
16,C0805C105K5RACTU,,Impedance,Ω,331131.09375,0.5228366255760193
16,C0805C105K5RACTU,,Impedance,Ω,346736.8125,0.49956873059272766
16,C0805C105K5RACTU,,Impedance,Ω,363078,0.4773309528827667
16,C0805C105K5RACTU,,Impedance,Ω,380189.34375,0.45607709884643555
16,C0805C105K5RACTU,,Impedance,Ω,398107.09375,0.43576347827911377
16,C0805C105K5RACTU,,Impedance,Ω,416869.28125,0.41634801030158997
16,C0805C105K5RACTU,,Impedance,Ω,436515.6875,0.39779093861579895
16,C0805C105K5RACTU,,Impedance,Ω,457088.03125,0.3800538182258606
16,C0805C105K5RACTU,,Impedance,Ω,478629.90625,0.36309993267059326
16,C0805C105K5RACTU,,Impedance,Ω,501187,0.3468945324420929
16,C0805C105K5RACTU,,Impedance,Ω,524807.1875,0.3314040005207062
16,C0805C105K5RACTU,,Impedance,Ω,549540.5625,0.3165966272354126
16,C0805C105K5RACTU,,Impedance,Ω,575440.25,0.3024412989616394
16,C0805C105K5RACTU,,Impedance,Ω,602559.875,0.28890952467918396
16,C0805C105K5RACTU,,Impedance,Ω,630957.625,0.2759731709957123
16,C0805C105K5RACTU,,Impedance,Ω,660693.6875,0.2636055052280426
16,C0805C105K5RACTU,,Impedance,Ω,691831.1875,0.2517809271812439
16,C0805C105K5RACTU,,Impedance,Ω,724436.1875,0.24047507345676422
16,C0805C105K5RACTU,,Impedance,Ω,758577.75,0.22966477274894714
16,C0805C105K5RACTU,,Impedance,Ω,794328.4375,0.21932750940322876
16,C0805C105K5RACTU,,Impedance,Ω,831763.9375,0.2094421684741974
16,C0805C105K5RACTU,,Impedance,Ω,870963.6875,0.19998818635940552
16,C0805C105K5RACTU,,Impedance,Ω,912010.9375,0.19094617664813995
16,C0805C105K5RACTU,,Impedance,Ω,954992.625,0.18229740858078003
16,C0805C105K5RACTU,,Impedance,Ω,1e+06,0.17402419447898865
16,C0805C105K5RACTU,,Impedance,Ω,1.0471285e+06,0.16610929369926453
16,C0805C105K5RACTU,,Impedance,Ω,1.096478125e+06,0.15853647887706757
16,C0805C105K5RACTU,,Impedance,Ω,1.1481535e+06,0.15129010379314423
16,C0805C105K5RACTU,,Impedance,Ω,1.20226425e+06,0.14435522258281708
16,C0805C105K5RACTU,,Impedance,Ω,1.258925125e+06,0.1377175748348236
16,C0805C105K5RACTU,,Impedance,Ω,1.318256375e+06,0.1313634067773819
16,C0805C105K5RACTU,,Impedance,Ω,1.380383875e+06,0.12527967989444733
16,C0805C105K5RACTU,,Impedance,Ω,1.44543925e+06,0.11945386230945587
16,C0805C105K5RACTU,,Impedance,Ω,1.513560625e+06,0.11387389153242111
16,C0805C105K5RACTU,,Impedance,Ω,1.5848925e+06,0.108528271317482
16,C0805C105K5RACTU,,Impedance,Ω,1.659586125e+06,0.10340602695941925
16,C0805C105K5RACTU,,Impedance,Ω,1.737799875e+06,0.09849659353494644
16,C0805C105K5RACTU,,Impedance,Ω,1.819701875e+06,0.0937897264957428
16,C0805C105K5RACTU,,Impedance,Ω,1.905461625e+06,0.0892760157585144
16,C0805C105K5RACTU,,Impedance,Ω,1.99526325e+06,0.08494598418474197
16,C0805C105K5RACTU,,Impedance,Ω,2.089297e+06,0.08079076558351517
16,C0805C105K5RACTU,,Impedance,Ω,2.1877625e+06,0.0768018513917923
16,C0805C105K5RACTU,,Impedance,Ω,2.29086825e+06,0.07297101616859436
16,C0805C105K5RACTU,,Impedance,Ω,2.3988335e+06,0.0692904070019722
16,C0805C105K5RACTU,,Impedance,Ω,2.511887e+06,0.06575250625610352
16,C0805C105K5RACTU,,Impedance,Ω,2.6302685e+06,0.062350064516067505
16,C0805C105K5RACTU,,Impedance,Ω,2.754229e+06,0.05908254534006119
16,C0805C105K5RACTU,,Impedance,Ω,2.88403175e+06,0.055944398045539856
16,C0805C105K5RACTU,,Impedance,Ω,3.01995175e+06,0.052923381328582764
16,C0805C105K5RACTU,,Impedance,Ω,3.16227775e+06,0.05001360923051834
16,C0805C105K5RACTU,,Impedance,Ω,3.311311e+06,0.04720953479409218
16,C0805C105K5RACTU,,Impedance,Ω,3.46736825e+06,0.04450587183237076
16,C0805C105K5RACTU,,Impedance,Ω,3.63078e+06,0.041897665709257126
16,C0805C105K5RACTU,,Impedance,Ω,3.80189325e+06,0.03938032314181328
16,C0805C105K5RACTU,,Impedance,Ω,3.98107075e+06,0.03694956749677658
16,C0805C105K5RACTU,,Impedance,Ω,4.16869275e+06,0.03460157662630081
16,C0805C105K5RACTU,,Impedance,Ω,4.365157e+06,0.03233294188976288
16,C0805C105K5RACTU,,Impedance,Ω,4.5708805e+06,0.0301408302038908
16,C0805C105K5RACTU,,Impedance,Ω,4.786299e+06,0.028023075312376022
16,C0805C105K5RACTU,,Impedance,Ω,5.01187e+06,0.025978289544582367
16,C0805C105K5RACTU,,Impedance,Ω,5.248072e+06,0.024006197229027748
16,C0805C105K5RACTU,,Impedance,Ω,5.495406e+06,0.022107848897576332
16,C0805C105K5RACTU,,Impedance,Ω,5.7544025e+06,0.020286135375499725
16,C0805C105K5RACTU,,Impedance,Ω,6.025599e+06,0.018546579405665398
16,C0805C105K5RACTU,,Impedance,Ω,6.309576e+06,0.016898013651371002
16,C0805C105K5RACTU,,Impedance,Ω,6.606937e+06,0.015354067087173462
16,C0805C105K5RACTU,,Impedance,Ω,6.918312e+06,0.013143052347004414
16,C0805C105K5RACTU,,Impedance,Ω,7.244362e+06,0.011737839318811893
16,C0805C105K5RACTU,,Impedance,Ω,7.5857775e+06,0.010504046455025673
16,C0805C105K5RACTU,,Impedance,Ω,7.943284e+06,0.009496998973190784
16,C0805C105K5RACTU,,Impedance,Ω,8.317639e+06,0.008785801939666271
16,C0805C105K5RACTU,,Impedance,Ω,8.709637e+06,0.008439522236585617
16,C0805C105K5RACTU,,Impedance,Ω,9.120109e+06,0.008500340394675732
16,C0805C105K5RACTU,,Impedance,Ω,9.549926e+06,0.00899648666381836
16,C0805C105K5RACTU,,Impedance,Ω,1e+07,0.009867808781564236
16,C0805C105K5RACTU,,Impedance,Ω,1.0471285e+07,0.011046427302062511
16,C0805C105K5RACTU,,Impedance,Ω,1.0964781e+07,0.0124548664316535
16,C0805C105K5RACTU,,Impedance,Ω,1.1481535e+07,0.014037895947694778
16,C0805C105K5RACTU,,Impedance,Ω,1.2022642e+07,0.015757938846945763
16,C0805C105K5RACTU,,Impedance,Ω,1.2589251e+07,0.017590798437595367
16,C0805C105K5RACTU,,Impedance,Ω,1.3182564e+07,0.019521517679095268
16,C0805C105K5RACTU,,Impedance,Ω,1.3803838e+07,0.02154139056801796
16,C0805C105K5RACTU,,Impedance,Ω,1.4454393e+07,0.023645922541618347
16,C0805C105K5RACTU,,Impedance,Ω,1.5135607e+07,0.025833507999777794
16,C0805C105K5RACTU,,Impedance,Ω,1.5848925e+07,0.02810458093881607
16,C0805C105K5RACTU,,Impedance,Ω,1.6595861e+07,0.03046105057001114
16,C0805C105K5RACTU,,Impedance,Ω,1.7378e+07,0.03290592506527901
16,C0805C105K5RACTU,,Impedance,Ω,1.8197018e+07,0.035443149507045746
16,C0805C105K5RACTU,,Impedance,Ω,1.9054616e+07,0.03807719796895981
16,C0805C105K5RACTU,,Impedance,Ω,1.9952632e+07,0.040813297033309937
16,C0805C105K5RACTU,,Impedance,Ω,2.089297e+07,0.043657150119543076
16,C0805C105K5RACTU,,Impedance,Ω,2.1877624e+07,0.04661491513252258
16,C0805C105K5RACTU,,Impedance,Ω,2.2908684e+07,0.049693189561367035
16,C0805C105K5RACTU,,Impedance,Ω,2.3988336e+07,0.05289903283119202
16,C0805C105K5RACTU,,Impedance,Ω,2.511887e+07,0.05623986944556236
16,C0805C105K5RACTU,,Impedance,Ω,2.6302684e+07,0.05972355976700783
16,C0805C105K5RACTU,,Impedance,Ω,2.754229e+07,0.06335838884115219
16,C0805C105K5RACTU,,Impedance,Ω,2.8840318e+07,0.06715310364961624
16,C0805C105K5RACTU,,Impedance,Ω,3.0199518e+07,0.07111679762601852
16,C0805C105K5RACTU,,Impedance,Ω,3.1622776e+07,0.07525910437107086
16,C0805C105K5RACTU,,Impedance,Ω,3.311311e+07,0.07959012687206268
16,C0805C105K5RACTU,,Impedance,Ω,3.467368e+07,0.08412047475576401
16,C0805C105K5RACTU,,Impedance,Ω,3.63078e+07,0.08886118978261948
16,C0805C105K5RACTU,,Impedance,Ω,3.8018932e+07,0.09382399171590805
16,C0805C105K5RACTU,,Impedance,Ω,3.9810708e+07,0.0990210622549057
16,C0805C105K5RACTU,,Impedance,Ω,4.1686928e+07,0.10446526855230331
16,C0805C105K5RACTU,,Impedance,Ω,4.3651568e+07,0.11017005145549774
16,C0805C105K5RACTU,,Impedance,Ω,4.5708804e+07,0.11614956706762314
16,C0805C105K5RACTU,,Impedance,Ω,4.7862992e+07,0.12241863459348679
16,C0805C105K5RACTU,,Impedance,Ω,5.01187e+07,0.12899276614189148
16,C0805C105K5RACTU,,Impedance,Ω,5.248072e+07,0.13588847219944
16,C0805C105K5RACTU,,Impedance,Ω,5.495406e+07,0.14312279224395752
16,C0805C105K5RACTU,,Impedance,Ω,5.7544024e+07,0.1507139950990677
16,C0805C105K5RACTU,,Impedance,Ω,6.0255988e+07,0.15868067741394043
16,C0805C105K5RACTU,,Impedance,Ω,6.3095764e+07,0.16704292595386505
16,C0805C105K5RACTU,,Impedance,Ω,6.6069372e+07,0.1758216917514801
16,C0805C105K5RACTU,,Impedance,Ω,6.918312e+07,0.1850389689207077
16,C0805C105K5RACTU,,Impedance,Ω,7.2443616e+07,0.1947179138660431
16,C0805C105K5RACTU,,Impedance,Ω,7.5857776e+07,0.20488286018371582
16,C0805C105K5RACTU,,Impedance,Ω,7.943284e+07,0.21555937826633453
16,C0805C105K5RACTU,,Impedance,Ω,8.3176392e+07,0.22677437961101532
16,C0805C105K5RACTU,,Impedance,Ω,8.7096368e+07,0.23855626583099365
16,C0805C105K5RACTU,,Impedance,Ω,9.1201088e+07,0.25093480944633484
16,C0805C105K5RACTU,,Impedance,Ω,9.5499264e+07,0.26394155621528625
16,C0805C105K5RACTU,,Impedance,Ω,1e+08,0.2776094079017639
16,C0805C105K5RACTU,,Impedance,Ω,1.04712968e+08,0.2919735610485077
16,C0805C105K5RACTU,,Impedance,Ω,1.09647808e+08,0.3070698082447052
16,C0805C105K5RACTU,,Impedance,Ω,1.14815472e+08,0.3229381740093231
16,C0805C105K5RACTU,,Impedance,Ω,1.20226424e+08,0.33961814641952515
16,C0805C105K5RACTU,,Impedance,Ω,1.25892648e+08,0.35715413093566895
16,C0805C105K5RACTU,,Impedance,Ω,1.3182564e+08,0.375590056180954
16,C0805C105K5RACTU,,Impedance,Ω,1.38038528e+08,0.394975483417511
16,C0805C105K5RACTU,,Impedance,Ω,1.4454392e+08,0.41535937786102295
16,C0805C105K5RACTU,,Impedance,Ω,1.51356224e+08,0.4367971420288086
16,C0805C105K5RACTU,,Impedance,Ω,1.58489248e+08,0.4593433141708374
16,C0805C105K5RACTU,,Impedance,Ω,1.659588e+08,0.48305994272232056
16,C0805C105K5RACTU,,Impedance,Ω,1.73779984e+08,0.5080081224441528
16,C0805C105K5RACTU,,Impedance,Ω,1.81970176e+08,0.5342573523521423
16,C0805C105K5RACTU,,Impedance,Ω,1.90545952e+08,0.5618763566017151
16,C0805C105K5RACTU,,Impedance,Ω,1.9952632e+08,0.5909432768821716
16,C0805C105K5RACTU,,Impedance,Ω,2.08929472e+08,0.6215351819992065
16,C0805C105K5RACTU,,Impedance,Ω,2.1877624e+08,0.6537402868270874
16,C0805C105K5RACTU,,Impedance,Ω,2.29086592e+08,0.6876460313796997
16,C0805C105K5RACTU,,Impedance,Ω,2.3988336e+08,0.7233516573905945
16,C0805C105K5RACTU,,Impedance,Ω,2.51188416e+08,0.7609561681747437
16,C0805C105K5RACTU,,Impedance,Ω,2.63026848e+08,0.8005726337432861
16,C0805C105K5RACTU,,Impedance,Ω,2.75422592e+08,0.8423133492469788
16,C0805C105K5RACTU,,Impedance,Ω,2.88403168e+08,0.8863065838813782
16,C0805C105K5RACTU,,Impedance,Ω,3.01994848e+08,0.9326804876327515
16,C0805C105K5RACTU,,Impedance,Ω,3.16227776e+08,0.9815811514854431
16,C0805C105K5RACTU,,Impedance,Ω,3.31131456e+08,1.0331566333770752
16,C0805C105K5RACTU,,Impedance,Ω,3.46736832e+08,1.0875663757324219
16,C0805C105K5RACTU,,Impedance,Ω,3.630784e+08,1.1449859142303467
16,C0805C105K5RACTU,,Impedance,Ω,3.80189344e+08,1.2055926322937012
16,C0805C105K5RACTU,,Impedance,Ω,3.9810752e+08,1.269585371017456
16,C0805C105K5RACTU,,Impedance,Ω,4.1686928e+08,1.3371623754501343
16,C0805C105K5RACTU,,Impedance,Ω,4.36516192e+08,1.4085450172424316
16,C0805C105K5RACTU,,Impedance,Ω,4.57088032e+08,1.4839494228363037
16,C0805C105K5RACTU,,Impedance,Ω,4.78630432e+08,1.563615322113037
16,C0805C105K5RACTU,,Impedance,Ω,5.01187008e+08,1.6477699279785156
16,C0805C105K5RACTU,,Impedance,Ω,5.24807776e+08,1.7366588115692139
16,C0805C105K5RACTU,,Impedance,Ω,5.49540608e+08,1.830505132675171
16,C0805C105K5RACTU,,Impedance,Ω,5.75440256e+08,1.9295392036437988
16,C0805C105K5RACTU,,Impedance,Ω,6.02559232e+08,2.0339553356170654
16,C0805C105K5RACTU,,Impedance,Ω,6.30957632e+08,2.1439402103424072
16,C0805C105K5RACTU,,Impedance,Ω,6.60692992e+08,2.2596254348754883
16,C0805C105K5RACTU,,Impedance,Ω,6.91831232e+08,2.381124973297119
16,C0805C105K5RACTU,,Impedance,Ω,7.24435392e+08,2.5084846019744873
16,C0805C105K5RACTU,,Impedance,Ω,7.58577792e+08,2.6417343616485596
16,C0805C105K5RACTU,,Impedance,Ω,7.94327552e+08,2.78084397315979
16,C0805C105K5RACTU,,Impedance,Ω,8.31763904e+08,2.9257912635803223
16,C0805C105K5RACTU,,Impedance,Ω,8.70962752e+08,3.0765340328216553
16,C0805C105K5RACTU,,Impedance,Ω,9.12010944e+08,3.2330875396728516
16,C0805C105K5RACTU,,Impedance,Ω,9.54991552e+08,3.395498514175415
16,C0805C105K5RACTU,,Impedance,Ω,1e+09,3.5639281272888184
16,C0805C105K5RACTU,,Impedance,Ω,1.047129664e+09,3.738617181777954
16,C0805C105K5RACTU,,Impedance,Ω,1.09647808e+09,3.9199166297912598
16,C0805C105K5RACTU,,Impedance,Ω,1.148154752e+09,4.101352691650391
16,C0805C105K5RACTU,,Impedance,Ω,1.202264192e+09,4.279979228973389
16,C0805C105K5RACTU,,Impedance,Ω,1.258926464e+09,4.465484142303467
16,C0805C105K5RACTU,,Impedance,Ω,1.318256384e+09,4.658482551574707
16,C0805C105K5RACTU,,Impedance,Ω,1.380385408e+09,4.859658718109131
16,C0805C105K5RACTU,,Impedance,Ω,1.445439232e+09,5.069673538208008
16,C0805C105K5RACTU,,Impedance,Ω,1.513562368e+09,5.28923225402832
16,C0805C105K5RACTU,,Impedance,Ω,1.584892544e+09,5.518996238708496
16,C0805C105K5RACTU,,Impedance,Ω,1.659587968e+09,5.759666442871094
16,C0805C105K5RACTU,,Impedance,Ω,1.737799936e+09,6.0118937492370605
16,C0805C105K5RACTU,,Impedance,Ω,1.81970176e+09,6.2763776779174805
16,C0805C105K5RACTU,,Impedance,Ω,1.905459584e+09,6.55376672744751
16,C0805C105K5RACTU,,Impedance,Ω,1.995263232e+09,6.844766616821289
16,C0805C105K5RACTU,,Impedance,Ω,2.08929472e+09,7.150041103363037
16,C0805C105K5RACTU,,Impedance,Ω,2.187762432e+09,7.470327377319336
16,C0805C105K5RACTU,,Impedance,Ω,2.29086592e+09,7.806315898895264
16,C0805C105K5RACTU,,Impedance,Ω,2.398833664e+09,8.158788681030273
16,C0805C105K5RACTU,,Impedance,Ω,2.511884288e+09,8.528485298156738
16,C0805C105K5RACTU,,Impedance,Ω,2.630268416e+09,8.916248321533203
16,C0805C105K5RACTU,,Impedance,Ω,2.75422592e+09,9.322876930236816
16,C0805C105K5RACTU,,Impedance,Ω,2.884031744e+09,9.749282836914062
16,C0805C105K5RACTU,,Impedance,Ω,3.019948544e+09,10.196335792541504
16,C0805C105K5RACTU,,Impedance,Ω,3.162277632e+09,10.665037155151367
16,C0805C105K5RACTU,,Impedance,Ω,3.311314688e+09,11.156360626220703
16,C0805C105K5RACTU,,Impedance,Ω,3.467368192e+09,11.671326637268066
16,C0805C105K5RACTU,,Impedance,Ω,3.630784e+09,12.211074829101562
16,C0805C105K5RACTU,,Impedance,Ω,3.801893376e+09,12.77670669555664
16,C0805C105K5RACTU,,Impedance,Ω,3.9810752e+09,13.369466781616211
16,C0805C105K5RACTU,,Impedance,Ω,4.168692736e+09,13.99056339263916
16,C0805C105K5RACTU,,Impedance,Ω,4.365161984e+09,14.64137077331543
16,C0805C105K5RACTU,,Impedance,Ω,4.570880512e+09,15.323203086853027
16,C0805C105K5RACTU,,Impedance,Ω,4.786304512e+09,16.037572860717773
16,C0805C105K5RACTU,,Impedance,Ω,5.011870208e+09,16.785932540893555
16,C0805C105K5RACTU,,Impedance,Ω,5.248077824e+09,17.569931030273438
16,C0805C105K5RACTU,,Impedance,Ω,5.49540608e+09,18.391164779663086
16,C0805C105K5RACTU,,Impedance,Ω,5.754402304e+09,19.251441955566406
16,C0805C105K5RACTU,,Impedance,Ω,6.02559232e+09,20.152515411376953
16,C0805C105K5RACTU,,Impedance,Ω,6.309576192e+09,21.09638023376465
16,C0805C105K5RACTU,,Impedance,Ω,6.60692992e+09,22.08493995666504
16,C0805C105K5RACTU,,Impedance,Ω,6.918311936e+09,23.120391845703125
16,C0805C105K5RACTU,,Impedance,Ω,7.244354048e+09,24.204833984375
16,C0805C105K5RACTU,,Impedance,Ω,7.585777664e+09,25.34067153930664
16,C0805C105K5RACTU,,Impedance,Ω,7.94327552e+09,26.530193328857422
16,C0805C105K5RACTU,,Impedance,Ω,8.317639168e+09,27.77604866027832
16,C0805C105K5RACTU,,Impedance,Ω,8.709627904e+09,29.08075714111328
16,C0805C105K5RACTU,,Impedance,Ω,9.120109568e+09,30.44721031188965
16,C0805C105K5RACTU,,Impedance,Ω,9.54991616e+09,31.8781681060791
16,C0805C105K5RACTU,,Impedance,Ω,1e+10,33.376808166503906
17,C0805C105K5RACTU,,ESR,Ω,10000,0.30037569999694824
17,C0805C105K5RACTU,,ESR,Ω,10471.28515625,0.28714510798454285
17,C0805C105K5RACTU,,ESR,Ω,10964.78125,0.2745099365711212
17,C0805C105K5RACTU,,ESR,Ω,11481.53515625,0.2624445855617523
17,C0805C105K5RACTU,,ESR,Ω,12022.642578125,0.2509210407733917
17,C0805C105K5RACTU,,ESR,Ω,12589.2509765625,0.23991604149341583
17,C0805C105K5RACTU,,ESR,Ω,13182.5634765625,0.22940568625926971
17,C0805C105K5RACTU,,ESR,Ω,13803.8388671875,0.21936869621276855
17,C0805C105K5RACTU,,ESR,Ω,14454.392578125,0.20978450775146484
17,C0805C105K5RACTU,,ESR,Ω,15135.6064453125,0.2006308138370514
17,C0805C105K5RACTU,,ESR,Ω,15848.9248046875,0.1918901950120926
17,C0805C105K5RACTU,,ESR,Ω,16595.861328125,0.18354101479053497
17,C0805C105K5RACTU,,ESR,Ω,17378,0.17556875944137573
17,C0805C105K5RACTU,,ESR,Ω,18197.017578125,0.16795557737350464
17,C0805C105K5RACTU,,ESR,Ω,19054.6171875,0.16068503260612488
17,C0805C105K5RACTU,,ESR,Ω,19952.6328125,0.15374107658863068
17,C0805C105K5RACTU,,ESR,Ω,20892.96875,0.14711032807826996
17,C0805C105K5RACTU,,ESR,Ω,21877.623046875,0.14077720046043396
17,C0805C105K5RACTU,,ESR,Ω,22908.68359375,0.13472947478294373
17,C0805C105K5RACTU,,ESR,Ω,23988.3359375,0.12895463407039642
17,C0805C105K5RACTU,,ESR,Ω,25118.869140625,0.12343894690275192
17,C0805C105K5RACTU,,ESR,Ω,26302.68359375,0.11817175894975662
17,C0805C105K5RACTU,,ESR,Ω,27542.291015625,0.11314129084348679
17,C0805C105K5RACTU,,ESR,Ω,28840.318359375,0.10833778977394104
17,C0805C105K5RACTU,,ESR,Ω,30199.517578125,0.10374972969293594
17,C0805C105K5RACTU,,ESR,Ω,31622.77734375,0.09936884045600891
17,C0805C105K5RACTU,,ESR,Ω,33113.109375,0.09518515318632126
17,C0805C105K5RACTU,,ESR,Ω,34673.68359375,0.09118923544883728
17,C0805C105K5RACTU,,ESR,Ω,36307.80078125,0.08737323433160782
17,C0805C105K5RACTU,,ESR,Ω,38018.93359375,0.08372953534126282
17,C0805C105K5RACTU,,ESR,Ω,39810.70703125,0.08024924993515015
17,C0805C105K5RACTU,,ESR,Ω,41686.92578125,0.07692598551511765
17,C0805C105K5RACTU,,ESR,Ω,43651.5703125,0.07375205308198929
17,C0805C105K5RACTU,,ESR,Ω,45708.8046875,0.0707211047410965
17,C0805C105K5RACTU,,ESR,Ω,47862.9921875,0.0678265169262886
17,C0805C105K5RACTU,,ESR,Ω,50118.703125,0.06506242603063583
17,C0805C105K5RACTU,,ESR,Ω,52480.71875,0.062422364950180054
17,C0805C105K5RACTU,,ESR,Ω,54954.05859375,0.05990130454301834
17,C0805C105K5RACTU,,ESR,Ω,57544.0234375,0.05749361217021942
17,C0805C105K5RACTU,,ESR,Ω,60255.98828125,0.0551944375038147
17,C0805C105K5RACTU,,ESR,Ω,63095.76171875,0.052998580038547516
17,C0805C105K5RACTU,,ESR,Ω,66069.3671875,0.05090172961354256
17,C0805C105K5RACTU,,ESR,Ω,69183.125,0.04889915511012077
17,C0805C105K5RACTU,,ESR,Ω,72443.6171875,0.046986643224954605
17,C0805C105K5RACTU,,ESR,Ω,75857.78125,0.04516034945845604
17,C0805C105K5RACTU,,ESR,Ω,79432.84375,0.0434161052107811
17,C0805C105K5RACTU,,ESR,Ω,83176.390625,0.04175062105059624
17,C0805C105K5RACTU,,ESR,Ω,87096.3671875,0.04015977308154106
17,C0805C105K5RACTU,,ESR,Ω,91201.09375,0.038640543818473816
17,C0805C105K5RACTU,,ESR,Ω,95499.265625,0.037190016359090805
17,C0805C105K5RACTU,,ESR,Ω,100000,0.03580429032444954
17,C0805C105K5RACTU,,ESR,Ω,104712.8515625,0.034481290727853775
17,C0805C105K5RACTU,,ESR,Ω,109647.8125,0.03321777656674385
17,C0805C105K5RACTU,,ESR,Ω,114815.34375,0.03201122581958771
17,C0805C105K5RACTU,,ESR,Ω,120226.421875,0.030858837068080902
17,C0805C105K5RACTU,,ESR,Ω,125892.515625,0.029758276417851448
17,C0805C105K5RACTU,,ESR,Ω,131825.640625,0.028707411140203476
17,C0805C105K5RACTU,,ESR,Ω,138038.390625,0.027703717350959778
17,C0805C105K5RACTU,,ESR,Ω,144543.921875,0.02674524113535881
17,C0805C105K5RACTU,,ESR,Ω,151356.0625,0.025829896330833435
17,C0805C105K5RACTU,,ESR,Ω,158489.25,0.02495582215487957
17,C0805C105K5RACTU,,ESR,Ω,165958.609375,0.02412096969783306
17,C0805C105K5RACTU,,ESR,Ω,173779.984375,0.02332371100783348
17,C0805C105K5RACTU,,ESR,Ω,181970.1875,0.022562438622117043
17,C0805C105K5RACTU,,ESR,Ω,190546.15625,0.021835319697856903
17,C0805C105K5RACTU,,ESR,Ω,199526.3125,0.02114095538854599
17,C0805C105K5RACTU,,ESR,Ω,208929.703125,0.020477885380387306
17,C0805C105K5RACTU,,ESR,Ω,218776.234375,0.019844599068164825
17,C0805C105K5RACTU,,ESR,Ω,229086.828125,0.01923981122672558
17,C0805C105K5RACTU,,ESR,Ω,239883.359375,0.018662262707948685
17,C0805C105K5RACTU,,ESR,Ω,251188.703125,0.01811072789132595
17,C0805C105K5RACTU,,ESR,Ω,263026.84375,0.01758400723338127
17,C0805C105K5RACTU,,ESR,Ω,275422.90625,0.01708099991083145
17,C0805C105K5RACTU,,ESR,Ω,288403.1875,0.016600631177425385
17,C0805C105K5RACTU,,ESR,Ω,301995.1875,0.016141852363944054
17,C0805C105K5RACTU,,ESR,Ω,316227.78125,0.015703760087490082
17,C0805C105K5RACTU,,ESR,Ω,331131.09375,0.015285399742424488
17,C0805C105K5RACTU,,ESR,Ω,346736.8125,0.014885826967656612
17,C0805C105K5RACTU,,ESR,Ω,363078,0.014504244551062584
17,C0805C105K5RACTU,,ESR,Ω,380189.34375,0.014139843173325062
17,C0805C105K5RACTU,,ESR,Ω,398107.09375,0.013791830278933048
17,C0805C105K5RACTU,,ESR,Ω,416869.28125,0.013459514826536179
17,C0805C105K5RACTU,,ESR,Ω,436515.6875,0.0131421172991395
17,C0805C105K5RACTU,,ESR,Ω,457088.03125,0.012838998809456825
17,C0805C105K5RACTU,,ESR,Ω,478629.90625,0.012549512088298798
17,C0805C105K5RACTU,,ESR,Ω,501187,0.01227310486137867
17,C0805C105K5RACTU,,ESR,Ω,524807.1875,0.01200911682099104
17,C0805C105K5RACTU,,ESR,Ω,549540.5625,0.011757020838558674
17,C0805C105K5RACTU,,ESR,Ω,575440.25,0.011516250669956207
17,C0805C105K5RACTU,,ESR,Ω,602559.875,0.011286315508186817
17,C0805C105K5RACTU,,ESR,Ω,630957.625,0.011066741310060024
17,C0805C105K5RACTU,,ESR,Ω,660693.6875,0.010857043787837029
17,C0805C105K5RACTU,,ESR,Ω,691831.1875,0.010656791739165783
17,C0805C105K5RACTU,,ESR,Ω,724436.1875,0.010465560480952263
17,C0805C105K5RACTU,,ESR,Ω,758577.75,0.010282938368618488
17,C0805C105K5RACTU,,ESR,Ω,794328.4375,0.010108509100973606
17,C0805C105K5RACTU,,ESR,Ω,831763.9375,0.009941952303051949
17,C0805C105K5RACTU,,ESR,Ω,870963.6875,0.009782873094081879
17,C0805C105K5RACTU,,ESR,Ω,912010.9375,0.009630963206291199
17,C0805C105K5RACTU,,ESR,Ω,954992.625,0.009485885500907898
17,C0805C105K5RACTU,,ESR,Ω,1e+06,0.009347347542643547
17,C0805C105K5RACTU,,ESR,Ω,1.0471285e+06,0.009215043857693672
17,C0805C105K5RACTU,,ESR,Ω,1.096478125e+06,0.009088696911931038
17,C0805C105K5RACTU,,ESR,Ω,1.1481535e+06,0.00896803755313158
17,C0805C105K5RACTU,,ESR,Ω,1.20226425e+06,0.008852781727910042
17,C0805C105K5RACTU,,ESR,Ω,1.258925125e+06,0.008742736652493477
17,C0805C105K5RACTU,,ESR,Ω,1.318256375e+06,0.008637652732431889
17,C0805C105K5RACTU,,ESR,Ω,1.380383875e+06,0.008537276647984982
17,C0805C105K5RACTU,,ESR,Ω,1.44543925e+06,0.008441434241831303
17,C0805C105K5RACTU,,ESR,Ω,1.513560625e+06,0.008349908515810966
17,C0805C105K5RACTU,,ESR,Ω,1.5848925e+06,0.00826247874647379
17,C0805C105K5RACTU,,ESR,Ω,1.659586125e+06,0.00817900337278843
17,C0805C105K5RACTU,,ESR,Ω,1.737799875e+06,0.008099285885691643
17,C0805C105K5RACTU,,ESR,Ω,1.819701875e+06,0.0080231549218297
17,C0805C105K5RACTU,,ESR,Ω,1.905461625e+06,0.00795044470578432
17,C0805C105K5RACTU,,ESR,Ω,1.99526325e+06,0.007881003431975842
17,C0805C105K5RACTU,,ESR,Ω,2.089297e+06,0.007814695127308369
17,C0805C105K5RACTU,,ESR,Ω,2.1877625e+06,0.007751375902444124
17,C0805C105K5RACTU,,ESR,Ω,2.29086825e+06,0.007690894417464733
17,C0805C105K5RACTU,,ESR,Ω,2.3988335e+06,0.007633141241967678
17,C0805C105K5RACTU,,ESR,Ω,2.511887e+06,0.007577984593808651
17,C0805C105K5RACTU,,ESR,Ω,2.6302685e+06,0.007525320164859295
17,C0805C105K5RACTU,,ESR,Ω,2.754229e+06,0.007525315508246422
17,C0805C105K5RACTU,,ESR,Ω,2.88403175e+06,0.007577994372695684
17,C0805C105K5RACTU,,ESR,Ω,3.01995175e+06,0.007633145898580551
17,C0805C105K5RACTU,,ESR,Ω,3.16227775e+06,0.007690906524658203
17,C0805C105K5RACTU,,ESR,Ω,3.311311e+06,0.007751379627734423
17,C0805C105K5RACTU,,ESR,Ω,3.46736825e+06,0.007814710028469563
17,C0805C105K5RACTU,,ESR,Ω,3.63078e+06,0.007881020195782185
17,C0805C105K5RACTU,,ESR,Ω,3.80189325e+06,0.00795046053826809
17,C0805C105K5RACTU,,ESR,Ω,3.98107075e+06,0.00802316889166832
17,C0805C105K5RACTU,,ESR,Ω,4.16869275e+06,0.008099310100078583
17,C0805C105K5RACTU,,ESR,Ω,4.365157e+06,0.008179033175110817
17,C0805C105K5RACTU,,ESR,Ω,4.5708805e+06,0.008262518793344498
17,C0805C105K5RACTU,,ESR,Ω,4.786299e+06,0.008349938318133354
17,C0805C105K5RACTU,,ESR,Ω,5.01187e+06,0.008441474288702011
17,C0805C105K5RACTU,,ESR,Ω,5.248072e+06,0.00853732880204916
17,C0805C105K5RACTU,,ESR,Ω,5.495406e+06,0.008637700229883194
17,C0805C105K5RACTU,,ESR,Ω,5.7544025e+06,0.008742802776396275
17,C0805C105K5RACTU,,ESR,Ω,6.025599e+06,0.008852862752974033
17,C0805C105K5RACTU,,ESR,Ω,6.309576e+06,0.008968103677034378
17,C0805C105K5RACTU,,ESR,Ω,6.606937e+06,0.00908877607434988
17,C0805C105K5RACTU,,ESR,Ω,6.918312e+06,0.00796740222722292
17,C0805C105K5RACTU,,ESR,Ω,7.244362e+06,0.008040916174650192
17,C0805C105K5RACTU,,ESR,Ω,7.5857775e+06,0.008117894642055035
17,C0805C105K5RACTU,,ESR,Ω,7.943284e+06,0.008198500610888004
17,C0805C105K5RACTU,,ESR,Ω,8.317639e+06,0.008282906375825405
17,C0805C105K5RACTU,,ESR,Ω,8.709637e+06,0.008371291682124138
17,C0805C105K5RACTU,,ESR,Ω,9.120109e+06,0.008463842794299126
17,C0805C105K5RACTU,,ESR,Ω,9.549926e+06,0.008560758084058762
17,C0805C105K5RACTU,,ESR,Ω,1e+07,0.008662240579724312
17,C0805C105K5RACTU,,ESR,Ω,1.0471285e+07,0.008768508210778236
17,C0805C105K5RACTU,,ESR,Ω,1.0964781e+07,0.008879786357283592
17,C0805C105K5RACTU,,ESR,Ω,1.1481535e+07,0.008996308781206608
17,C0805C105K5RACTU,,ESR,Ω,1.2022642e+07,0.00911832507699728
17,C0805C105K5RACTU,,ESR,Ω,1.2589251e+07,0.009246096014976501
17,C0805C105K5RACTU,,ESR,Ω,1.3182564e+07,0.009379890747368336
17,C0805C105K5RACTU,,ESR,Ω,1.3803838e+07,0.009519990533590317
17,C0805C105K5RACTU,,ESR,Ω,1.4454393e+07,0.00966669898480177
17,C0805C105K5RACTU,,ESR,Ω,1.5135607e+07,0.009820325300097466
17,C0805C105K5RACTU,,ESR,Ω,1.5848925e+07,0.009981200098991394
17,C0805C105K5RACTU,,ESR,Ω,1.6595861e+07,0.010149655863642693
17,C0805C105K5RACTU,,ESR,Ω,1.7378e+07,0.010326056741178036
17,C0805C105K5RACTU,,ESR,Ω,1.8197018e+07,0.010510781779885292
17,C0805C105K5RACTU,,ESR,Ω,1.9054616e+07,0.010704214684665203
17,C0805C105K5RACTU,,ESR,Ω,1.9952632e+07,0.010906770825386047
17,C0805C105K5RACTU,,ESR,Ω,2.089297e+07,0.011118883267045021
17,C0805C105K5RACTU,,ESR,Ω,2.1877624e+07,0.011341001838445663
17,C0805C105K5RACTU,,ESR,Ω,2.2908684e+07,0.011573598720133305
17,C0805C105K5RACTU,,ESR,Ω,2.3988336e+07,0.011817174963653088
17,C0805C105K5RACTU,,ESR,Ω,2.511887e+07,0.012072245590388775
17,C0805C105K5RACTU,,ESR,Ω,2.6302684e+07,0.01233934611082077
17,C0805C105K5RACTU,,ESR,Ω,2.754229e+07,0.012619061395525932
17,C0805C105K5RACTU,,ESR,Ω,2.8840318e+07,0.012911977246403694
17,C0805C105K5RACTU,,ESR,Ω,3.0199518e+07,0.013218731619417667
17,C0805C105K5RACTU,,ESR,Ω,3.1622776e+07,0.013539953157305717
17,C0805C105K5RACTU,,ESR,Ω,3.311311e+07,0.013876359909772873
17,C0805C105K5RACTU,,ESR,Ω,3.467368e+07,0.014228660613298416
17,C0805C105K5RACTU,,ESR,Ω,3.63078e+07,0.014597597531974316
17,C0805C105K5RACTU,,ESR,Ω,3.8018932e+07,0.014983969740569592
17,C0805C105K5RACTU,,ESR,Ω,3.9810708e+07,0.015388606116175652
17,C0805C105K5RACTU,,ESR,Ω,4.1686928e+07,0.01581239327788353
17,C0805C105K5RACTU,,ESR,Ω,4.3651568e+07,0.016256222501397133
17,C0805C105K5RACTU,,ESR,Ω,4.5708804e+07,0.016721034422516823
17,C0805C105K5RACTU,,ESR,Ω,4.7862992e+07,0.017207857221364975
17,C0805C105K5RACTU,,ESR,Ω,5.01187e+07,0.01771773211658001
17,C0805C105K5RACTU,,ESR,Ω,5.248072e+07,0.018251776695251465
17,C0805C105K5RACTU,,ESR,Ω,5.495406e+07,0.01881113462150097
17,C0805C105K5RACTU,,ESR,Ω,5.7544024e+07,0.01939702220261097
17,C0805C105K5RACTU,,ESR,Ω,6.0255988e+07,0.020010698586702347
17,C0805C105K5RACTU,,ESR,Ω,6.3095764e+07,0.020653538405895233
17,C0805C105K5RACTU,,ESR,Ω,6.6069372e+07,0.021326923742890358
17,C0805C105K5RACTU,,ESR,Ω,6.918312e+07,0.022032342851161957
17,C0805C105K5RACTU,,ESR,Ω,7.2443616e+07,0.022771373391151428
17,C0805C105K5RACTU,,ESR,Ω,7.5857776e+07,0.02354559488594532
17,C0805C105K5RACTU,,ESR,Ω,7.943284e+07,0.02435678243637085
17,C0805C105K5RACTU,,ESR,Ω,8.3176392e+07,0.02520672231912613
17,C0805C105K5RACTU,,ESR,Ω,8.7096368e+07,0.026097387075424194
17,C0805C105K5RACTU,,ESR,Ω,9.1201088e+07,0.0270307045429945
17,C0805C105K5RACTU,,ESR,Ω,9.5499264e+07,0.028008872643113136
17,C0805C105K5RACTU,,ESR,Ω,1e+08,0.02903410978615284
17,C0805C105K5RACTU,,ESR,Ω,1.04712968e+08,0.03010888770222664
17,C0805C105K5RACTU,,ESR,Ω,1.09647808e+08,0.03123556263744831
17,C0805C105K5RACTU,,ESR,Ω,1.14815472e+08,0.032416969537734985
17,C0805C105K5RACTU,,ESR,Ω,1.20226424e+08,0.033655863255262375
17,C0805C105K5RACTU,,ESR,Ω,1.25892648e+08,0.03495542332530022
17,C0805C105K5RACTU,,ESR,Ω,1.3182564e+08,0.03631867840886116
17,C0805C105K5RACTU,,ESR,Ω,1.38038528e+08,0.03774929419159889
17,C0805C105K5RACTU,,ESR,Ω,1.4454392e+08,0.039250850677490234
17,C0805C105K5RACTU,,ESR,Ω,1.51356224e+08,0.04082750901579857
17,C0805C105K5RACTU,,ESR,Ω,1.58489248e+08,0.0424833782017231
17,C0805C105K5RACTU,,ESR,Ω,1.659588e+08,0.04422340169548988
17,C0805C105K5RACTU,,ESR,Ω,1.73779984e+08,0.046052590012550354
17,C0805C105K5RACTU,,ESR,Ω,1.81970176e+08,0.047976505011320114
17,C0805C105K5RACTU,,ESR,Ω,1.90545952e+08,0.050001390278339386
17,C0805C105K5RACTU,,ESR,Ω,1.9952632e+08,0.052134089171886444
17,C0805C105K5RACTU,,ESR,Ω,2.08929472e+08,0.054382000118494034
17,C0805C105K5RACTU,,ESR,Ω,2.1877624e+08,0.0567539781332016
17,C0805C105K5RACTU,,ESR,Ω,2.29086592e+08,0.059259261935949326
17,C0805C105K5RACTU,,ESR,Ω,2.3988336e+08,0.06190889701247215
17,C0805C105K5RACTU,,ESR,Ω,2.51188416e+08,0.06471527367830276
17,C0805C105K5RACTU,,ESR,Ω,2.63026848e+08,0.06769280135631561
17,C0805C105K5RACTU,,ESR,Ω,2.75422592e+08,0.07085774838924408
17,C0805C105K5RACTU,,ESR,Ω,2.88403168e+08,0.07422961294651031
17,C0805C105K5RACTU,,ESR,Ω,3.01994848e+08,0.07783074676990509
17,C0805C105K5RACTU,,ESR,Ω,3.16227776e+08,0.08168818056583405
17,C0805C105K5RACTU,,ESR,Ω,3.31131456e+08,0.08583290129899979
17,C0805C105K5RACTU,,ESR,Ω,3.46736832e+08,0.09030228853225708
17,C0805C105K5RACTU,,ESR,Ω,3.630784e+08,0.09514115005731583
17,C0805C105K5RACTU,,ESR,Ω,3.80189344e+08,0.10040231794118881
17,C0805C105K5RACTU,,ESR,Ω,3.9810752e+08,0.10614973306655884
17,C0805C105K5RACTU,,ESR,Ω,4.1686928e+08,0.11245850473642349
17,C0805C105K5RACTU,,ESR,Ω,4.36516192e+08,0.11941991746425629
17,C0805C105K5RACTU,,ESR,Ω,4.57088032e+08,0.12713991105556488
17,C0805C105K5RACTU,,ESR,Ω,4.78630432e+08,0.13574625551700592
17,C0805C105K5RACTU,,ESR,Ω,5.01187008e+08,0.14538604021072388
17,C0805C105K5RACTU,,ESR,Ω,5.24807776e+08,0.15623164176940918
17,C0805C105K5RACTU,,ESR,Ω,5.49540608e+08,0.16847775876522064
17,C0805C105K5RACTU,,ESR,Ω,5.75440256e+08,0.1823446899652481
17,C0805C105K5RACTU,,ESR,Ω,6.02559232e+08,0.19807188212871552
17,C0805C105K5RACTU,,ESR,Ω,6.30957632e+08,0.21591505408287048
17,C0805C105K5RACTU,,ESR,Ω,6.60692992e+08,0.23613384366035461
17,C0805C105K5RACTU,,ESR,Ω,6.91831232e+08,0.2589820623397827
17,C0805C105K5RACTU,,ESR,Ω,7.24435392e+08,0.2846851348876953
17,C0805C105K5RACTU,,ESR,Ω,7.58577792e+08,0.3134290277957916
17,C0805C105K5RACTU,,ESR,Ω,7.94327552e+08,0.3453293442726135
17,C0805C105K5RACTU,,ESR,Ω,8.31763904e+08,0.38042715191841125
17,C0805C105K5RACTU,,ESR,Ω,8.70962752e+08,0.41866761445999146
17,C0805C105K5RACTU,,ESR,Ω,9.12010944e+08,0.45991119742393494
17,C0805C105K5RACTU,,ESR,Ω,9.54991552e+08,0.5039324164390564
17,C0805C105K5RACTU,,ESR,Ω,1e+09,0.5504569411277771
17,C0805C105K5RACTU,,ESR,Ω,1.047129664e+09,0.599174976348877
17,C0805C105K5RACTU,,ESR,Ω,1.09647808e+09,0.6497814059257507
17,C0805C105K5RACTU,,ESR,Ω,1.148154752e+09,0.7005754709243774
17,C0805C105K5RACTU,,ESR,Ω,1.202264192e+09,0.7503835558891296
17,C0805C105K5RACTU,,ESR,Ω,1.258926464e+09,0.8008432388305664
17,C0805C105K5RACTU,,ESR,Ω,1.318256384e+09,0.8518809676170349
17,C0805C105K5RACTU,,ESR,Ω,1.380385408e+09,0.9035080671310425
17,C0805C105K5RACTU,,ESR,Ω,1.445439232e+09,0.9557878375053406
17,C0805C105K5RACTU,,ESR,Ω,1.513562368e+09,1.0088472366333008
17,C0805C105K5RACTU,,ESR,Ω,1.584892544e+09,1.0628385543823242
17,C0805C105K5RACTU,,ESR,Ω,1.659587968e+09,1.1179531812667847
17,C0805C105K5RACTU,,ESR,Ω,1.737799936e+09,1.174389362335205
17,C0805C105K5RACTU,,ESR,Ω,1.81970176e+09,1.2323664426803589
17,C0805C105K5RACTU,,ESR,Ω,1.905459584e+09,1.2920989990234375
17,C0805C105K5RACTU,,ESR,Ω,1.995263232e+09,1.3538100719451904
17,C0805C105K5RACTU,,ESR,Ω,2.08929472e+09,1.4177141189575195
17,C0805C105K5RACTU,,ESR,Ω,2.187762432e+09,1.4840353727340698
17,C0805C105K5RACTU,,ESR,Ω,2.29086592e+09,1.552981972694397
17,C0805C105K5RACTU,,ESR,Ω,2.398833664e+09,1.6247719526290894
17,C0805C105K5RACTU,,ESR,Ω,2.511884288e+09,1.699611783027649
17,C0805C105K5RACTU,,ESR,Ω,2.630268416e+09,1.7777208089828491
17,C0805C105K5RACTU,,ESR,Ω,2.75422592e+09,1.8593010902404785
17,C0805C105K5RACTU,,ESR,Ω,2.884031744e+09,1.9445765018463135
17,C0805C105K5RACTU,,ESR,Ω,3.019948544e+09,2.0337531566619873
17,C0805C105K5RACTU,,ESR,Ω,3.162277632e+09,2.1270596981048584
17,C0805C105K5RACTU,,ESR,Ω,3.311314688e+09,2.224714994430542
17,C0805C105K5RACTU,,ESR,Ω,3.467368192e+09,2.326948881149292
17,C0805C105K5RACTU,,ESR,Ω,3.630784e+09,2.434001922607422
17,C0805C105K5RACTU,,ESR,Ω,3.801893376e+09,2.5461151599884033
17,C0805C105K5RACTU,,ESR,Ω,3.9810752e+09,2.663543224334717
17,C0805C105K5RACTU,,ESR,Ω,4.168692736e+09,2.7865467071533203
17,C0805C105K5RACTU,,ESR,Ω,4.365161984e+09,2.9154019355773926
17,C0805C105K5RACTU,,ESR,Ω,4.570880512e+09,3.050384759902954
17,C0805C105K5RACTU,,ESR,Ω,4.786304512e+09,3.1917972564697266
17,C0805C105K5RACTU,,ESR,Ω,5.011870208e+09,3.3399386405944824
17,C0805C105K5RACTU,,ESR,Ω,5.248077824e+09,3.495140552520752
17,C0805C105K5RACTU,,ESR,Ω,5.49540608e+09,3.6577274799346924
17,C0805C105K5RACTU,,ESR,Ω,5.754402304e+09,3.8280551433563232
17,C0805C105K5RACTU,,ESR,Ω,6.02559232e+09,4.0064826011657715
17,C0805C105K5RACTU,,ESR,Ω,6.309576192e+09,4.193403244018555
17,C0805C105K5RACTU,,ESR,Ω,6.60692992e+09,4.389196872711182
17,C0805C105K5RACTU,,ESR,Ω,6.918311936e+09,4.5943074226379395
17,C0805C105K5RACTU,,ESR,Ω,7.244354048e+09,4.80914831161499
17,C0805C105K5RACTU,,ESR,Ω,7.585777664e+09,5.034200191497803
17,C0805C105K5RACTU,,ESR,Ω,7.94327552e+09,5.269917964935303
17,C0805C105K5RACTU,,ESR,Ω,8.317639168e+09,5.516824722290039
17,C0805C105K5RACTU,,ESR,Ω,8.709627904e+09,5.77542781829834
17,C0805C105K5RACTU,,ESR,Ω,9.120109568e+09,6.046292304992676
17,C0805C105K5RACTU,,ESR,Ω,9.54991616e+09,6.3299760818481445
17,C0805C105K5RACTU,,ESR,Ω,1e+10,6.627107620239258
18,C0805C680J5GACTU,,Impedance,Ω,10000,233151.34375
18,C0805C680J5GACTU,,Impedance,Ω,10471.28515625,222657.8125
18,C0805C680J5GACTU,,Impedance,Ω,10964.78125,212636.5625
18,C0805C680J5GACTU,,Impedance,Ω,11481.53515625,203066.34375
18,C0805C680J5GACTU,,Impedance,Ω,12022.642578125,193926.875
18,C0805C680J5GACTU,,Impedance,Ω,12589.2509765625,185198.75
18,C0805C680J5GACTU,,Impedance,Ω,13182.5634765625,176863.4375
18,C0805C680J5GACTU,,Impedance,Ω,13803.8388671875,168903.25
18,C0805C680J5GACTU,,Impedance,Ω,14454.392578125,161301.375
18,C0805C680J5GACTU,,Impedance,Ω,15135.6064453125,154041.625
18,C0805C680J5GACTU,,Impedance,Ω,15848.9248046875,147108.609375
18,C0805C680J5GACTU,,Impedance,Ω,16595.861328125,140487.65625
18,C0805C680J5GACTU,,Impedance,Ω,17378,134164.671875
18,C0805C680J5GACTU,,Impedance,Ω,18197.017578125,128126.125
18,C0805C680J5GACTU,,Impedance,Ω,19054.6171875,122359.4921875
18,C0805C680J5GACTU,,Impedance,Ω,19952.6328125,116852.421875
18,C0805C680J5GACTU,,Impedance,Ω,20892.96875,111593.2109375
18,C0805C680J5GACTU,,Impedance,Ω,21877.623046875,106570.6953125
18,C0805C680J5GACTU,,Impedance,Ω,22908.68359375,101774.21875
18,C0805C680J5GACTU,,Impedance,Ω,23988.3359375,97193.625
18,C0805C680J5GACTU,,Impedance,Ω,25118.869140625,92819.203125
18,C0805C680J5GACTU,,Impedance,Ω,26302.68359375,88641.65625
18,C0805C680J5GACTU,,Impedance,Ω,27542.291015625,84652.125
18,C0805C680J5GACTU,,Impedance,Ω,28840.318359375,80842.15625
18,C0805C680J5GACTU,,Impedance,Ω,30199.517578125,77203.6640625
18,C0805C680J5GACTU,,Impedance,Ω,31622.77734375,73728.921875
18,C0805C680J5GACTU,,Impedance,Ω,33113.109375,70410.5859375
18,C0805C680J5GACTU,,Impedance,Ω,34673.68359375,67241.5859375
18,C0805C680J5GACTU,,Impedance,Ω,36307.80078125,64215.2265625
18,C0805C680J5GACTU,,Impedance,Ω,38018.93359375,61325.0625
18,C0805C680J5GACTU,,Impedance,Ω,39810.70703125,58564.98046875
18,C0805C680J5GACTU,,Impedance,Ω,41686.92578125,55929.12890625
18,C0805C680J5GACTU,,Impedance,Ω,43651.5703125,53411.90625
18,C0805C680J5GACTU,,Impedance,Ω,45708.8046875,51007.96875
18,C0805C680J5GACTU,,Impedance,Ω,47862.9921875,48712.234375
18,C0805C680J5GACTU,,Impedance,Ω,50118.703125,46519.828125
18,C0805C680J5GACTU,,Impedance,Ω,52480.71875,44426.09375
18,C0805C680J5GACTU,,Impedance,Ω,54954.05859375,42426.59765625
18,C0805C680J5GACTU,,Impedance,Ω,57544.0234375,40517.03515625
18,C0805C680J5GACTU,,Impedance,Ω,60255.98828125,38693.47265625
18,C0805C680J5GACTU,,Impedance,Ω,63095.76171875,36951.98046875
18,C0805C680J5GACTU,,Impedance,Ω,66069.3671875,35288.87109375
18,C0805C680J5GACTU,,Impedance,Ω,69183.125,33700.60546875
18,C0805C680J5GACTU,,Impedance,Ω,72443.6171875,32183.837890625
18,C0805C680J5GACTU,,Impedance,Ω,75857.78125,30735.32421875
18,C0805C680J5GACTU,,Impedance,Ω,79432.84375,29352.0078125
18,C0805C680J5GACTU,,Impedance,Ω,83176.390625,28030.951171875
18,C0805C680J5GACTU,,Impedance,Ω,87096.3671875,26769.3515625
18,C0805C680J5GACTU,,Impedance,Ω,91201.09375,25564.53515625
18,C0805C680J5GACTU,,Impedance,Ω,95499.265625,24413.939453125
18,C0805C680J5GACTU,,Impedance,Ω,100000,23315.1328125
18,C0805C680J5GACTU,,Impedance,Ω,104712.8515625,22265.779296875
18,C0805C680J5GACTU,,Impedance,Ω,109647.8125,21263.654296875
18,C0805C680J5GACTU,,Impedance,Ω,114815.34375,20306.63671875
18,C0805C680J5GACTU,,Impedance,Ω,120226.421875,19392.685546875
18,C0805C680J5GACTU,,Impedance,Ω,125892.515625,18519.875
18,C0805C680J5GACTU,,Impedance,Ω,131825.640625,17686.34375
18,C0805C680J5GACTU,,Impedance,Ω,138038.390625,16890.326171875
18,C0805C680J5GACTU,,Impedance,Ω,144543.921875,16130.1357421875
18,C0805C680J5GACTU,,Impedance,Ω,151356.0625,15404.1640625
18,C0805C680J5GACTU,,Impedance,Ω,158489.25,14710.859375
18,C0805C680J5GACTU,,Impedance,Ω,165958.609375,14048.763671875
18,C0805C680J5GACTU,,Impedance,Ω,173779.984375,13416.46484375
18,C0805C680J5GACTU,,Impedance,Ω,181970.1875,12812.609375
18,C0805C680J5GACTU,,Impedance,Ω,190546.15625,12235.9501953125
18,C0805C680J5GACTU,,Impedance,Ω,199526.3125,11685.2421875
18,C0805C680J5GACTU,,Impedance,Ω,208929.703125,11159.3193359375
18,C0805C680J5GACTU,,Impedance,Ω,218776.234375,10657.0673828125
18,C0805C680J5GACTU,,Impedance,Ω,229086.828125,10177.421875
18,C0805C680J5GACTU,,Impedance,Ω,239883.359375,9719.36328125
18,C0805C680J5GACTU,,Impedance,Ω,251188.703125,9281.9189453125
18,C0805C680J5GACTU,,Impedance,Ω,263026.84375,8864.1630859375
18,C0805C680J5GACTU,,Impedance,Ω,275422.90625,8465.2109375
18,C0805C680J5GACTU,,Impedance,Ω,288403.1875,8084.21435546875
18,C0805C680J5GACTU,,Impedance,Ω,301995.1875,7720.36474609375
18,C0805C680J5GACTU,,Impedance,Ω,316227.78125,7372.8916015625
18,C0805C680J5GACTU,,Impedance,Ω,331131.09375,7041.0576171875
18,C0805C680J5GACTU,,Impedance,Ω,346736.8125,6724.158203125
18,C0805C680J5GACTU,,Impedance,Ω,363078,6421.52001953125
18,C0805C680J5GACTU,,Impedance,Ω,380189.34375,6132.50439453125
18,C0805C680J5GACTU,,Impedance,Ω,398107.09375,5856.49658203125
18,C0805C680J5GACTU,,Impedance,Ω,416869.28125,5592.9111328125
18,C0805C680J5GACTU,,Impedance,Ω,436515.6875,5341.18896484375
18,C0805C680J5GACTU,,Impedance,Ω,457088.03125,5100.7958984375
18,C0805C680J5GACTU,,Impedance,Ω,478629.90625,4871.22216796875
18,C0805C680J5GACTU,,Impedance,Ω,501187,4651.9814453125
18,C0805C680J5GACTU,,Impedance,Ω,524807.1875,4442.607421875
18,C0805C680J5GACTU,,Impedance,Ω,549540.5625,4242.6572265625
18,C0805C680J5GACTU,,Impedance,Ω,575440.25,4051.70166015625
18,C0805C680J5GACTU,,Impedance,Ω,602559.875,3869.34521484375
18,C0805C680J5GACTU,,Impedance,Ω,630957.625,3695.1962890625
18,C0805C680J5GACTU,,Impedance,Ω,660693.6875,3528.884765625
18,C0805C680J5GACTU,,Impedance,Ω,691831.1875,3370.05859375
18,C0805C680J5GACTU,,Impedance,Ω,724436.1875,3218.380859375
18,C0805C680J5GACTU,,Impedance,Ω,758577.75,3073.52978515625
18,C0805C680J5GACTU,,Impedance,Ω,794328.4375,2935.197998046875
18,C0805C680J5GACTU,,Impedance,Ω,831763.9375,2803.092041015625
18,C0805C680J5GACTU,,Impedance,Ω,870963.6875,2676.93212890625
18,C0805C680J5GACTU,,Impedance,Ω,912010.9375,2556.4501953125
18,C0805C680J5GACTU,,Impedance,Ω,954992.625,2441.390625
18,C0805C680J5GACTU,,Impedance,Ω,1e+06,2331.509521484375
18,C0805C680J5GACTU,,Impedance,Ω,1.0471285e+06,2226.796142578125
18,C0805C680J5GACTU,,Impedance,Ω,1.096478125e+06,2126.785400390625
18,C0805C680J5GACTU,,Impedance,Ω,1.1481535e+06,2031.2664794921875
18,C0805C680J5GACTU,,Impedance,Ω,1.20226425e+06,1940.037109375
18,C0805C680J5GACTU,,Impedance,Ω,1.258925125e+06,1852.9058837890625
18,C0805C680J5GACTU,,Impedance,Ω,1.318256375e+06,1769.687255859375
18,C0805C680J5GACTU,,Impedance,Ω,1.380383875e+06,1690.206298828125
18,C0805C680J5GACTU,,Impedance,Ω,1.44543925e+06,1614.295166015625
18,C0805C680J5GACTU,,Impedance,Ω,1.513560625e+06,1541.7933349609375
18,C0805C680J5GACTU,,Impedance,Ω,1.5848925e+06,1472.54736328125
18,C0805C680J5GACTU,,Impedance,Ω,1.659586125e+06,1406.411865234375
18,C0805C680J5GACTU,,Impedance,Ω,1.737799875e+06,1343.2462158203125
18,C0805C680J5GACTU,,Impedance,Ω,1.819701875e+06,1282.9161376953125
18,C0805C680J5GACTU,,Impedance,Ω,1.905461625e+06,1225.2969970703125
18,C0805C680J5GACTU,,Impedance,Ω,1.99526325e+06,1170.265625
18,C0805C680J5GACTU,,Impedance,Ω,2.089297e+06,1117.7061767578125
18,C0805C680J5GACTU,,Impedance,Ω,2.1877625e+06,1067.5068359375
18,C0805C680J5GACTU,,Impedance,Ω,2.29086825e+06,1019.5624389648438
18,C0805C680J5GACTU,,Impedance,Ω,2.3988335e+06,973.7708129882812
18,C0805C680J5GACTU,,Impedance,Ω,2.511887e+06,930.0360107421875
18,C0805C680J5GACTU,,Impedance,Ω,2.6302685e+06,888.2653198242188
18,C0805C680J5GACTU,,Impedance,Ω,2.754229e+06,848.3707885742188
18,C0805C680J5GACTU,,Impedance,Ω,2.88403175e+06,810.2678833007812
18,C0805C680J5GACTU,,Impedance,Ω,3.01995175e+06,773.8761596679688
18,C0805C680J5GACTU,,Impedance,Ω,3.16227775e+06,739.1188354492188
18,C0805C680J5GACTU,,Impedance,Ω,3.311311e+06,705.9224243164062
18,C0805C680J5GACTU,,Impedance,Ω,3.46736825e+06,674.2169799804688
18,C0805C680J5GACTU,,Impedance,Ω,3.63078e+06,643.9354858398438
18,C0805C680J5GACTU,,Impedance,Ω,3.80189325e+06,615.0138549804688
18,C0805C680J5GACTU,,Impedance,Ω,3.98107075e+06,587.39111328125
18,C0805C680J5GACTU,,Impedance,Ω,4.16869275e+06,561.0089721679688
18,C0805C680J5GACTU,,Impedance,Ω,4.365157e+06,535.8115234375
18,C0805C680J5GACTU,,Impedance,Ω,4.5708805e+06,511.7458190917969
18,C0805C680J5GACTU,,Impedance,Ω,4.786299e+06,488.7608337402344
18,C0805C680J5GACTU,,Impedance,Ω,5.01187e+06,466.8081359863281
18,C0805C680J5GACTU,,Impedance,Ω,5.248072e+06,445.84124755859375
18,C0805C680J5GACTU,,Impedance,Ω,5.495406e+06,425.81591796875
18,C0805C680J5GACTU,,Impedance,Ω,5.7544025e+06,406.6895446777344
18,C0805C680J5GACTU,,Impedance,Ω,6.025599e+06,388.4225158691406
18,C0805C680J5GACTU,,Impedance,Ω,6.309576e+06,370.97576904296875
18,C0805C680J5GACTU,,Impedance,Ω,6.606937e+06,354.3123779296875
18,C0805C680J5GACTU,,Impedance,Ω,6.918312e+06,338.3974304199219
18,C0805C680J5GACTU,,Impedance,Ω,7.244362e+06,323.19708251953125
18,C0805C680J5GACTU,,Impedance,Ω,7.5857775e+06,308.67938232421875
18,C0805C680J5GACTU,,Impedance,Ω,7.943284e+06,294.8135681152344
18,C0805C680J5GACTU,,Impedance,Ω,8.317639e+06,281.57037353515625
18,C0805C680J5GACTU,,Impedance,Ω,8.709637e+06,268.9217834472656
18,C0805C680J5GACTU,,Impedance,Ω,9.120109e+06,256.8412170410156
18,C0805C680J5GACTU,,Impedance,Ω,9.549926e+06,245.30303955078125
18,C0805C680J5GACTU,,Impedance,Ω,1e+07,234.28294372558594
18,C0805C680J5GACTU,,Impedance,Ω,1.0471285e+07,223.7576141357422
18,C0805C680J5GACTU,,Impedance,Ω,1.0964781e+07,213.7047882080078
18,C0805C680J5GACTU,,Impedance,Ω,1.1481535e+07,204.1033477783203
18,C0805C680J5GACTU,,Impedance,Ω,1.2022642e+07,194.9329833984375
18,C0805C680J5GACTU,,Impedance,Ω,1.2589251e+07,186.17425537109375
18,C0805C680J5GACTU,,Impedance,Ω,1.3182564e+07,177.8087158203125
18,C0805C680J5GACTU,,Impedance,Ω,1.3803838e+07,169.8187713623047
18,C0805C680J5GACTU,,Impedance,Ω,1.4454393e+07,162.18736267089844
18,C0805C680J5GACTU,,Impedance,Ω,1.5135607e+07,154.8985137939453
18,C0805C680J5GACTU,,Impedance,Ω,1.5848925e+07,147.9368438720703
18,C0805C680J5GACTU,,Impedance,Ω,1.6595861e+07,141.28756713867188
18,C0805C680J5GACTU,,Impedance,Ω,1.7378e+07,134.9366455078125
18,C0805C680J5GACTU,,Impedance,Ω,1.8197018e+07,128.87062072753906
18,C0805C680J5GACTU,,Impedance,Ω,1.9054616e+07,123.07686614990234
18,C0805C680J5GACTU,,Impedance,Ω,1.9952632e+07,117.54306030273438
18,C0805C680J5GACTU,,Impedance,Ω,2.089297e+07,112.25747680664062
18,C0805C680J5GACTU,,Impedance,Ω,2.1877624e+07,107.2090072631836
18,C0805C680J5GACTU,,Impedance,Ω,2.2908684e+07,102.38690185546875
18,C0805C680J5GACTU,,Impedance,Ω,2.3988336e+07,97.78105163574219
18,C0805C680J5GACTU,,Impedance,Ω,2.511887e+07,93.38170623779297
18,C0805C680J5GACTU,,Impedance,Ω,2.6302684e+07,89.17957305908203
18,C0805C680J5GACTU,,Impedance,Ω,2.754229e+07,85.165771484375
18,C0805C680J5GACTU,,Impedance,Ω,2.8840318e+07,81.33184051513672
18,C0805C680J5GACTU,,Impedance,Ω,3.0199518e+07,77.6696548461914
18,C0805C680J5GACTU,,Impedance,Ω,3.1622776e+07,74.17152404785156
18,C0805C680J5GACTU,,Impedance,Ω,3.311311e+07,70.83001708984375
18,C0805C680J5GACTU,,Impedance,Ω,3.467368e+07,67.63810729980469
18,C0805C680J5GACTU,,Impedance,Ω,3.63078e+07,64.58903503417969
18,C0805C680J5GACTU,,Impedance,Ω,3.8018932e+07,61.67637252807617
18,C0805C680J5GACTU,,Impedance,Ω,3.9810708e+07,58.893951416015625
18,C0805C680J5GACTU,,Impedance,Ω,4.1686928e+07,56.23591613769531
18,C0805C680J5GACTU,,Impedance,Ω,4.3651568e+07,53.69664764404297
18,C0805C680J5GACTU,,Impedance,Ω,4.5708804e+07,51.27076721191406
18,C0805C680J5GACTU,,Impedance,Ω,4.7862992e+07,48.95317077636719
18,C0805C680J5GACTU,,Impedance,Ω,5.01187e+07,46.73896026611328
18,C0805C680J5GACTU,,Impedance,Ω,5.248072e+07,44.623451232910156
18,C0805C680J5GACTU,,Impedance,Ω,5.495406e+07,42.60218048095703
18,C0805C680J5GACTU,,Impedance,Ω,5.7544024e+07,40.67083740234375
18,C0805C680J5GACTU,,Impedance,Ω,6.0255988e+07,38.8254280090332
18,C0805C680J5GACTU,,Impedance,Ω,6.3095764e+07,37.06201934814453
18,C0805C680J5GACTU,,Impedance,Ω,6.6069372e+07,35.37687301635742
18,C0805C680J5GACTU,,Impedance,Ω,6.918312e+07,33.76643371582031
18,C0805C680J5GACTU,,Impedance,Ω,7.2443616e+07,32.22731018066406
18,C0805C680J5GACTU,,Impedance,Ω,7.5857776e+07,30.756244659423828
18,C0805C680J5GACTU,,Impedance,Ω,7.943284e+07,29.350126266479492
18,C0805C680J5GACTU,,Impedance,Ω,8.3176392e+07,28.005990982055664
18,C0805C680J5GACTU,,Impedance,Ω,8.7096368e+07,26.720996856689453
18,C0805C680J5GACTU,,Impedance,Ω,9.1201088e+07,25.49244499206543
18,C0805C680J5GACTU,,Impedance,Ω,9.5499264e+07,24.317705154418945
18,C0805C680J5GACTU,,Impedance,Ω,1e+08,23.194334030151367
18,C0805C680J5GACTU,,Impedance,Ω,1.04712968e+08,22.119911193847656
18,C0805C680J5GACTU,,Impedance,Ω,1.09647808e+08,21.092256546020508
18,C0805C680J5GACTU,,Impedance,Ω,1.14815472e+08,20.109092712402344
18,C0805C680J5GACTU,,Impedance,Ω,1.20226424e+08,19.168439865112305
18,C0805C680J5GACTU,,Impedance,Ω,1.25892648e+08,18.268218994140625
18,C0805C680J5GACTU,,Impedance,Ω,1.3182564e+08,17.406618118286133
18,C0805C680J5GACTU,,Impedance,Ω,1.38038528e+08,16.58173370361328
18,C0805C680J5GACTU,,Impedance,Ω,1.4454392e+08,15.791903495788574
18,C0805C680J5GACTU,,Impedance,Ω,1.51356224e+08,15.035379409790039
18,C0805C680J5GACTU,,Impedance,Ω,1.58489248e+08,14.310643196105957
18,C0805C680J5GACTU,,Impedance,Ω,1.659588e+08,13.616089820861816
18,C0805C680J5GACTU,,Impedance,Ω,1.73779984e+08,12.950323104858398
18,C0805C680J5GACTU,,Impedance,Ω,1.81970176e+08,12.311867713928223
18,C0805C680J5GACTU,,Impedance,Ω,1.90545952e+08,11.69943618774414
18,C0805C680J5GACTU,,Impedance,Ω,1.9952632e+08,11.111680030822754
18,C0805C680J5GACTU,,Impedance,Ω,2.08929472e+08,10.547194480895996
18,C0805C680J5GACTU,,Impedance,Ω,2.1877624e+08,10.005145072937012
18,C0805C680J5GACTU,,Impedance,Ω,2.29086592e+08,9.48424243927002
18,C0805C680J5GACTU,,Impedance,Ω,2.3988336e+08,8.9833345413208
18,C0805C680J5GACTU,,Impedance,Ω,2.51188416e+08,8.501416206359863
18,C0805C680J5GACTU,,Impedance,Ω,2.63026848e+08,8.0374174118042
18,C0805C680J5GACTU,,Impedance,Ω,2.75422592e+08,7.59040641784668
18,C0805C680J5GACTU,,Impedance,Ω,2.88403168e+08,7.159393787384033
18,C0805C680J5GACTU,,Impedance,Ω,3.01994848e+08,6.743509292602539
18,C0805C680J5GACTU,,Impedance,Ω,3.16227776e+08,6.3418354988098145
18,C0805C680J5GACTU,,Impedance,Ω,3.31131456e+08,5.95354700088501
18,C0805C680J5GACTU,,Impedance,Ω,3.46736832e+08,5.577836513519287
18,C0805C680J5GACTU,,Impedance,Ω,3.630784e+08,5.213874340057373
18,C0805C680J5GACTU,,Impedance,Ω,3.80189344e+08,4.860931873321533
18,C0805C680J5GACTU,,Impedance,Ω,3.9810752e+08,4.518226146697998
18,C0805C680J5GACTU,,Impedance,Ω,4.1686928e+08,4.185070991516113
18,C0805C680J5GACTU,,Impedance,Ω,4.36516192e+08,3.860732078552246
18,C0805C680J5GACTU,,Impedance,Ω,4.57088032e+08,3.5445587635040283
18,C0805C680J5GACTU,,Impedance,Ω,4.78630432e+08,3.23585844039917
18,C0805C680J5GACTU,,Impedance,Ω,5.01187008e+08,2.9340217113494873
18,C0805C680J5GACTU,,Impedance,Ω,5.24807776e+08,2.6383960247039795
18,C0805C680J5GACTU,,Impedance,Ω,5.49540608e+08,2.348412275314331
18,C0805C680J5GACTU,,Impedance,Ω,5.75440256e+08,2.063472032546997
18,C0805C680J5GACTU,,Impedance,Ω,6.02559232e+08,1.7830724716186523
18,C0805C680J5GACTU,,Impedance,Ω,6.30957632e+08,1.5067229270935059
18,C0805C680J5GACTU,,Impedance,Ω,6.60692992e+08,1.2341171503067017
18,C0805C680J5GACTU,,Impedance,Ω,6.91831232e+08,0.9651898145675659
18,C0805C680J5GACTU,,Impedance,Ω,7.24435392e+08,0.7007675766944885
18,C0805C680J5GACTU,,Impedance,Ω,7.58577792e+08,0.44488808512687683
18,C0805C680J5GACTU,,Impedance,Ω,7.94327552e+08,0.22342915832996368
18,C0805C680J5GACTU,,Impedance,Ω,8.31763904e+08,0.21462996304035187
18,C0805C680J5GACTU,,Impedance,Ω,8.70962752e+08,0.4212472140789032
18,C0805C680J5GACTU,,Impedance,Ω,9.12010944e+08,0.6677417159080505
18,C0805C680J5GACTU,,Impedance,Ω,9.54991552e+08,0.9230025410652161
18,C0805C680J5GACTU,,Impedance,Ω,1e+09,1.1824936866760254
18,C0805C680J5GACTU,,Impedance,Ω,1.047129664e+09,1.4452539682388306
18,C0805C680J5GACTU,,Impedance,Ω,1.09647808e+09,1.7112423181533813
18,C0805C680J5GACTU,,Impedance,Ω,1.148154752e+09,1.9807791709899902
18,C0805C680J5GACTU,,Impedance,Ω,1.202264192e+09,2.254274606704712
18,C0805C680J5GACTU,,Impedance,Ω,1.258926464e+09,2.532270908355713
18,C0805C680J5GACTU,,Impedance,Ω,1.318256384e+09,2.81530499458313
18,C0805C680J5GACTU,,Impedance,Ω,1.380385408e+09,3.104001522064209
18,C0805C680J5GACTU,,Impedance,Ω,1.445439232e+09,3.39896559715271
18,C0805C680J5GACTU,,Impedance,Ω,1.513562368e+09,3.700892210006714
18,C0805C680J5GACTU,,Impedance,Ω,1.584892544e+09,4.010441303253174
18,C0805C680J5GACTU,,Impedance,Ω,1.659587968e+09,4.328373908996582
18,C0805C680J5GACTU,,Impedance,Ω,1.737799936e+09,4.655419826507568
18,C0805C680J5GACTU,,Impedance,Ω,1.81970176e+09,4.9924116134643555
18,C0805C680J5GACTU,,Impedance,Ω,1.905459584e+09,5.3401618003845215
18,C0805C680J5GACTU,,Impedance,Ω,1.995263232e+09,5.699586868286133
18,C0805C680J5GACTU,,Impedance,Ω,2.08929472e+09,6.071588039398193
18,C0805C680J5GACTU,,Impedance,Ω,2.187762432e+09,6.457190990447998
18,C0805C680J5GACTU,,Impedance,Ω,2.29086592e+09,6.857397556304932
18,C0805C680J5GACTU,,Impedance,Ω,2.398833664e+09,7.273340702056885
18,C0805C680J5GACTU,,Impedance,Ω,2.511884288e+09,7.70613956451416
18,C0805C680J5GACTU,,Impedance,Ω,2.630268416e+09,8.157041549682617
18,C0805C680J5GACTU,,Impedance,Ω,2.75422592e+09,8.62726879119873
18,C0805C680J5GACTU,,Impedance,Ω,2.884031744e+09,9.118170738220215
18,C0805C680J5GACTU,,Impedance,Ω,3.019948544e+09,9.631038665771484
18,C0805C680J5GACTU,,Impedance,Ω,3.162277632e+09,10.167268753051758
18,C0805C680J5GACTU,,Impedance,Ω,3.311314688e+09,10.728166580200195
18,C0805C680J5GACTU,,Impedance,Ω,3.467368192e+09,11.314979553222656
18,C0805C680J5GACTU,,Impedance,Ω,3.630784e+09,11.928929328918457
18,C0805C680J5GACTU,,Impedance,Ω,3.801893376e+09,12.570966720581055
18,C0805C680J5GACTU,,Impedance,Ω,3.9810752e+09,13.241914749145508
18,C0805C680J5GACTU,,Impedance,Ω,4.168692736e+09,13.942155838012695
18,C0805C680J5GACTU,,Impedance,Ω,4.365161984e+09,14.671835899353027
18,C0805C680J5GACTU,,Impedance,Ω,4.570880512e+09,15.430501937866211
18,C0805C680J5GACTU,,Impedance,Ω,4.786304512e+09,16.217378616333008
18,C0805C680J5GACTU,,Impedance,Ω,5.011870208e+09,17.031095504760742
18,C0805C680J5GACTU,,Impedance,Ω,5.248077824e+09,17.870065689086914
18,C0805C680J5GACTU,,Impedance,Ω,5.49540608e+09,18.73232650756836
18,C0805C680J5GACTU,,Impedance,Ω,5.754402304e+09,19.616098403930664
18,C0805C680J5GACTU,,Impedance,Ω,6.02559232e+09,20.51968002319336
18,C0805C680J5GACTU,,Impedance,Ω,6.309576192e+09,21.442108154296875
18,C0805C680J5GACTU,,Impedance,Ω,6.60692992e+09,22.382978439331055
18,C0805C680J5GACTU,,Impedance,Ω,6.918311936e+09,23.3430118560791
18,C0805C680J5GACTU,,Impedance,Ω,7.244354048e+09,24.323713302612305
18,C0805C680J5GACTU,,Impedance,Ω,7.585777664e+09,25.32769012451172
18,C0805C680J5GACTU,,Impedance,Ω,7.94327552e+09,26.358156204223633
18,C0805C680J5GACTU,,Impedance,Ω,8.317639168e+09,27.454328536987305
18,C0805C680J5GACTU,,Impedance,Ω,8.709627904e+09,28.63045310974121
18,C0805C680J5GACTU,,Impedance,Ω,9.120109568e+09,29.851356506347656
18,C0805C680J5GACTU,,Impedance,Ω,9.54991616e+09,31.12178611755371
18,C0805C680J5GACTU,,Impedance,Ω,1e+10,32.44673156738281
19,C0805C680J5GACTU,,ESR,Ω,10000,30.896520614624023
19,C0805C680J5GACTU,,ESR,Ω,10471.28515625,29.479406356811523
19,C0805C680J5GACTU,,ESR,Ω,10964.78125,28.15261459350586
19,C0805C680J5GACTU,,ESR,Ω,11481.53515625,26.861331939697266
19,C0805C680J5GACTU,,ESR,Ω,12022.642578125,25.652376174926758
19,C0805C680J5GACTU,,ESR,Ω,12589.2509765625,24.475753784179688
19,C0805C680J5GACTU,,ESR,Ω,13182.5634765625,23.35308074951172
19,C0805C680J5GACTU,,ESR,Ω,13803.8388671875,22.30201530456543
19,C0805C680J5GACTU,,ESR,Ω,14454.392578125,21.279033660888672
19,C0805C680J5GACTU,,ESR,Ω,15135.6064453125,20.30295753479004
19,C0805C680J5GACTU,,ESR,Ω,15848.9248046875,19.38917350769043
19,C0805C680J5GACTU,,ESR,Ω,16595.861328125,18.516521453857422
19,C0805C680J5GACTU,,ESR,Ω,17378,17.68313980102539
19,C0805C680J5GACTU,,ESR,Ω,18197.017578125,16.87197494506836
19,C0805C680J5GACTU,,ESR,Ω,19054.6171875,16.11260986328125
19,C0805C680J5GACTU,,ESR,Ω,19952.6328125,15.373495101928711
19,C0805C680J5GACTU,,ESR,Ω,20892.96875,14.681575775146484
19,C0805C680J5GACTU,,ESR,Ω,21877.623046875,14.020796775817871
19,C0805C680J5GACTU,,ESR,Ω,22908.68359375,13.389756202697754
19,C0805C680J5GACTU,,ESR,Ω,23988.3359375,12.787117958068848
19,C0805C680J5GACTU,,ESR,Ω,25118.869140625,12.200539588928223
19,C0805C680J5GACTU,,ESR,Ω,26302.68359375,11.6514253616333
19,C0805C680J5GACTU,,ESR,Ω,27542.291015625,11.137116432189941
19,C0805C680J5GACTU,,ESR,Ω,28840.318359375,10.626227378845215
19,C0805C680J5GACTU,,ESR,Ω,30199.517578125,10.147969245910645
19,C0805C680J5GACTU,,ESR,Ω,31622.77734375,9.691234588623047
19,C0805C680J5GACTU,,ESR,Ω,33113.109375,9.255058288574219
19,C0805C680J5GACTU,,ESR,Ω,34673.68359375,8.838512420654297
19,C0805C680J5GACTU,,ESR,Ω,36307.80078125,8.440714836120605
19,C0805C680J5GACTU,,ESR,Ω,38018.93359375,8.060819625854492
19,C0805C680J5GACTU,,ESR,Ω,39810.70703125,7.698023319244385
19,C0805C680J5GACTU,,ESR,Ω,41686.92578125,7.351555824279785
19,C0805C680J5GACTU,,ESR,Ω,43651.5703125,7.0270490646362305
19,C0805C680J5GACTU,,ESR,Ω,45708.8046875,6.710778713226318
19,C0805C680J5GACTU,,ESR,Ω,47862.9921875,6.402937412261963
19,C0805C680J5GACTU,,ESR,Ω,50118.703125,6.120304107666016
19,C0805C680J5GACTU,,ESR,Ω,52480.71875,5.844845294952393
19,C0805C680J5GACTU,,ESR,Ω,54954.05859375,5.5868425369262695
19,C0805C680J5GACTU,,ESR,Ω,57544.0234375,5.335386753082275
19,C0805C680J5GACTU,,ESR,Ω,60255.98828125,5.099867820739746
19,C0805C680J5GACTU,,ESR,Ω,63095.76171875,4.865931034088135
19,C0805C680J5GACTU,,ESR,Ω,66069.3671875,4.651135444641113
19,C0805C680J5GACTU,,ESR,Ω,69183.125,4.441799163818359
19,C0805C680J5GACTU,,ESR,Ω,72443.6171875,4.245723247528076
19,C0805C680J5GACTU,,ESR,Ω,75857.78125,4.054633617401123
19,C0805C680J5GACTU,,ESR,Ω,79432.84375,3.8756444454193115
19,C0805C680J5GACTU,,ESR,Ω,83176.390625,3.7045533657073975
19,C0805C680J5GACTU,,ESR,Ω,87096.3671875,3.5378212928771973
19,C0805C680J5GACTU,,ESR,Ω,91201.09375,3.381640911102295
19,C0805C680J5GACTU,,ESR,Ω,95499.265625,3.2294416427612305
19,C0805C680J5GACTU,,ESR,Ω,100000,3.0868725776672363
19,C0805C680J5GACTU,,ESR,Ω,104712.8515625,2.950594663619995
19,C0805C680J5GACTU,,ESR,Ω,109647.8125,2.820330858230591
19,C0805C680J5GACTU,,ESR,Ω,114815.34375,2.6958165168762207
19,C0805C680J5GACTU,,ESR,Ω,120226.421875,2.576796293258667
19,C0805C680J5GACTU,,ESR,Ω,125892.515625,2.463029623031616
19,C0805C680J5GACTU,,ESR,Ω,131825.640625,2.354283332824707
19,C0805C680J5GACTU,,ESR,Ω,138038.390625,2.2503366470336914
19,C0805C680J5GACTU,,ESR,Ω,144543.921875,2.150977611541748
19,C0805C680J5GACTU,,ESR,Ω,151356.0625,2.056004524230957
19,C0805C680J5GACTU,,ESR,Ω,158489.25,1.9652222394943237
19,C0805C680J5GACTU,,ESR,Ω,165958.609375,1.880122423171997
19,C0805C680J5GACTU,,ESR,Ω,173779.984375,1.7955029010772705
19,C0805C680J5GACTU,,ESR,Ω,181970.1875,1.7177447080612183
19,C0805C680J5GACTU,,ESR,Ω,190546.15625,1.6418925523757935
19,C0805C680J5GACTU,,ESR,Ω,199526.3125,1.5707812309265137
19,C0805C680J5GACTU,,ESR,Ω,208929.703125,1.5027450323104858
19,C0805C680J5GACTU,,ESR,Ω,218776.234375,1.4363807439804077
19,C0805C680J5GACTU,,ESR,Ω,229086.828125,1.3741596937179565
19,C0805C680J5GACTU,,ESR,Ω,239883.359375,1.3146296739578247
19,C0805C680J5GACTU,,ESR,Ω,251188.703125,1.2576744556427002
19,C0805C680J5GACTU,,ESR,Ω,263026.84375,1.204239845275879
19,C0805C680J5GACTU,,ESR,Ω,275422.90625,1.152058482170105
19,C0805C680J5GACTU,,ESR,Ω,288403.1875,1.1021348237991333
19,C0805C680J5GACTU,,ESR,Ω,301995.1875,1.0552915334701538
19,C0805C680J5GACTU,,ESR,Ω,316227.78125,1.0095535516738892
19,C0805C680J5GACTU,,ESR,Ω,331131.09375,0.9666343331336975
19,C0805C680J5GACTU,,ESR,Ω,346736.8125,0.9255334138870239
19,C0805C680J5GACTU,,ESR,Ω,363078,0.8861739039421082
19,C0805C680J5GACTU,,ESR,Ω,380189.34375,0.8484827280044556
19,C0805C680J5GACTU,,ESR,Ω,398107.09375,0.8123891949653625
19,C0805C680J5GACTU,,ESR,Ω,416869.28125,0.7784926295280457
19,C0805C680J5GACTU,,ESR,Ω,436515.6875,0.7453649044036865
19,C0805C680J5GACTU,,ESR,Ω,457088.03125,0.7142502069473267
19,C0805C680J5GACTU,,ESR,Ω,478629.90625,0.6844263672828674
19,C0805C680J5GACTU,,ESR,Ω,501187,0.6558404564857483
19,C0805C680J5GACTU,,ESR,Ω,524807.1875,0.6284410953521729
19,C0805C680J5GACTU,,ESR,Ω,549540.5625,0.6026853919029236
19,C0805C680J5GACTU,,ESR,Ω,575440.25,0.5779744386672974
19,C0805C680J5GACTU,,ESR,Ω,602559.875,0.5538064241409302
19,C0805C680J5GACTU,,ESR,Ω,630957.625,0.5310835838317871
19,C0805C680J5GACTU,,ESR,Ω,660693.6875,0.5092841982841492
19,C0805C680J5GACTU,,ESR,Ω,691831.1875,0.48877307772636414
19,C0805C680J5GACTU,,ESR,Ω,724436.1875,0.46907663345336914
19,C0805C680J5GACTU,,ESR,Ω,758577.75,0.4501630663871765
19,C0805C680J5GACTU,,ESR,Ω,794328.4375,0.432351678609848
19,C0805C680J5GACTU,,ESR,Ω,831763.9375,0.41489753127098083
19,C0805C680J5GACTU,,ESR,Ω,870963.6875,0.3987770080566406
19,C0805C680J5GACTU,,ESR,Ω,912010.9375,0.38296231627464294
19,C0805C680J5GACTU,,ESR,Ω,954992.625,0.36805441975593567
19,C0805C680J5GACTU,,ESR,Ω,1e+06,0.35371267795562744
19,C0805C680J5GACTU,,ESR,Ω,1.0471285e+06,0.3402157425880432
19,C0805C680J5GACTU,,ESR,Ω,1.096478125e+06,0.3269641101360321
19,C0805C680J5GACTU,,ESR,Ω,1.1481535e+06,0.3147008419036865
19,C0805C680J5GACTU,,ESR,Ω,1.20226425e+06,0.30264824628829956
19,C0805C680J5GACTU,,ESR,Ω,1.258925125e+06,0.29148539900779724
19,C0805C680J5GACTU,,ESR,Ω,1.318256375e+06,0.28050369024276733
19,C0805C680J5GACTU,,ESR,Ω,1.380383875e+06,0.2703234553337097
19,C0805C680J5GACTU,,ESR,Ω,1.44543925e+06,0.260299414396286
19,C0805C680J5GACTU,,ESR,Ω,1.513560625e+06,0.2509981095790863
19,C0805C680J5GACTU,,ESR,Ω,1.5848925e+06,0.24183161556720734
19,C0805C680J5GACTU,,ESR,Ω,1.659586125e+06,0.23331761360168457
19,C0805C680J5GACTU,,ESR,Ω,1.737799875e+06,0.22508050501346588
19,C0805C680J5GACTU,,ESR,Ω,1.819701875e+06,0.21726535260677338
19,C0805C680J5GACTU,,ESR,Ω,1.905461625e+06,0.2096984088420868
19,C0805C680J5GACTU,,ESR,Ω,1.99526325e+06,0.20265190303325653
19,C0805C680J5GACTU,,ESR,Ω,2.089297e+06,0.19581541419029236
19,C0805C680J5GACTU,,ESR,Ω,2.1877625e+06,0.18918415904045105
19,C0805C680J5GACTU,,ESR,Ω,2.29086825e+06,0.1829967349767685
19,C0805C680J5GACTU,,ESR,Ω,2.3988335e+06,0.17686727643013
19,C0805C680J5GACTU,,ESR,Ω,2.511887e+06,0.17125192284584045
19,C0805C680J5GACTU,,ESR,Ω,2.6302685e+06,0.16578418016433716
19,C0805C680J5GACTU,,ESR,Ω,2.754229e+06,0.1606644243001938
19,C0805C680J5GACTU,,ESR,Ω,2.88403175e+06,0.15567010641098022
19,C0805C680J5GACTU,,ESR,Ω,3.01995175e+06,0.15098480880260468
19,C0805C680J5GACTU,,ESR,Ω,3.16227775e+06,0.14649444818496704
19,C0805C680J5GACTU,,ESR,Ω,3.311311e+06,0.14218701422214508
19,C0805C680J5GACTU,,ESR,Ω,3.46736825e+06,0.1380513459444046
19,C0805C680J5GACTU,,ESR,Ω,3.63078e+06,0.13407711684703827
19,C0805C680J5GACTU,,ESR,Ω,3.80189325e+06,0.130327969789505
19,C0805C680J5GACTU,,ESR,Ω,3.98107075e+06,0.12678518891334534
19,C0805C680J5GACTU,,ESR,Ω,4.16869275e+06,0.12336459010839462
19,C0805C680J5GACTU,,ESR,Ω,4.365157e+06,0.12005933374166489
19,C0805C680J5GACTU,,ESR,Ω,4.5708805e+06,0.11692412942647934
19,C0805C680J5GACTU,,ESR,Ω,4.786299e+06,0.11394483596086502
19,C0805C680J5GACTU,,ESR,Ω,5.01187e+06,0.11105294525623322
19,C0805C680J5GACTU,,ESR,Ω,5.248072e+06,0.10835035890340805
19,C0805C680J5GACTU,,ESR,Ω,5.495406e+06,0.10576798766851425
19,C0805C680J5GACTU,,ESR,Ω,5.7544025e+06,0.10329585522413254
19,C0805C680J5GACTU,,ESR,Ω,6.025599e+06,0.10092508047819138
19,C0805C680J5GACTU,,ESR,Ω,6.309576e+06,0.09864728152751923
19,C0805C680J5GACTU,,ESR,Ω,6.606937e+06,0.09649712592363358
19,C0805C680J5GACTU,,ESR,Ω,6.918312e+06,0.09442177414894104
19,C0805C680J5GACTU,,ESR,Ω,7.244362e+06,0.09245367348194122
19,C0805C680J5GACTU,,ESR,Ω,7.5857775e+06,0.0905454233288765
19,C0805C680J5GACTU,,ESR,Ω,7.943284e+06,0.08876258134841919
19,C0805C680J5GACTU,,ESR,Ω,8.317639e+06,0.08705785125494003
19,C0805C680J5GACTU,,ESR,Ω,8.709637e+06,0.08542323857545853
19,C0805C680J5GACTU,,ESR,Ω,9.120109e+06,0.08385161310434341
19,C0805C680J5GACTU,,ESR,Ω,9.549926e+06,0.08233644813299179
19,C0805C680J5GACTU,,ESR,Ω,1e+07,0.0809277594089508
19,C0805C680J5GACTU,,ESR,Ω,1.0471285e+07,0.07955938577651978
19,C0805C680J5GACTU,,ESR,Ω,1.0964781e+07,0.0782524049282074
19,C0805C680J5GACTU,,ESR,Ω,1.1481535e+07,0.07702384889125824
19,C0805C680J5GACTU,,ESR,Ω,1.2022642e+07,0.07581733167171478
19,C0805C680J5GACTU,,ESR,Ω,1.2589251e+07,0.0746745690703392
19,C0805C680J5GACTU,,ESR,Ω,1.3182564e+07,0.07360848039388657
19,C0805C680J5GACTU,,ESR,Ω,1.3803838e+07,0.07256828248500824
19,C0805C680J5GACTU,,ESR,Ω,1.4454393e+07,0.07156941294670105
19,C0805C680J5GACTU,,ESR,Ω,1.5135607e+07,0.0706428661942482
19,C0805C680J5GACTU,,ESR,Ω,1.5848925e+07,0.06974305957555771
19,C0805C680J5GACTU,,ESR,Ω,1.6595861e+07,0.06886544078588486
19,C0805C680J5GACTU,,ESR,Ω,1.7378e+07,0.06805427372455597
19,C0805C680J5GACTU,,ESR,Ω,1.8197018e+07,0.06726878136396408
19,C0805C680J5GACTU,,ESR,Ω,1.9054616e+07,0.06650420278310776
19,C0805C680J5GACTU,,ESR,Ω,1.9952632e+07,0.06579826772212982
19,C0805C680J5GACTU,,ESR,Ω,2.089297e+07,0.06511472165584564
19,C0805C680J5GACTU,,ESR,Ω,2.1877624e+07,0.06446154415607452
19,C0805C680J5GACTU,,ESR,Ω,2.2908684e+07,0.06384489685297012
19,C0805C680J5GACTU,,ESR,Ω,2.3988336e+07,0.06324618309736252
19,C0805C680J5GACTU,,ESR,Ω,2.511887e+07,0.06268303841352463
19,C0805C680J5GACTU,,ESR,Ω,2.6302684e+07,0.06212713569402695
19,C0805C680J5GACTU,,ESR,Ω,2.754229e+07,0.06161567196249962
19,C0805C680J5GACTU,,ESR,Ω,2.8840318e+07,0.06112082302570343
19,C0805C680J5GACTU,,ESR,Ω,3.0199518e+07,0.06063764914870262
19,C0805C680J5GACTU,,ESR,Ω,3.1622776e+07,0.06019723787903786
19,C0805C680J5GACTU,,ESR,Ω,3.311311e+07,0.05975722521543503
19,C0805C680J5GACTU,,ESR,Ω,3.467368e+07,0.05991129204630852
19,C0805C680J5GACTU,,ESR,Ω,3.63078e+07,0.060345105826854706
19,C0805C680J5GACTU,,ESR,Ω,3.8018932e+07,0.06080832704901695
19,C0805C680J5GACTU,,ESR,Ω,3.9810708e+07,0.06128857657313347
19,C0805C680J5GACTU,,ESR,Ω,4.1686928e+07,0.061795059591531754
19,C0805C680J5GACTU,,ESR,Ω,4.3651568e+07,0.062321797013282776
19,C0805C680J5GACTU,,ESR,Ω,4.5708804e+07,0.06287531554698944
19,C0805C680J5GACTU,,ESR,Ω,4.7862992e+07,0.06345438212156296
19,C0805C680J5GACTU,,ESR,Ω,5.01187e+07,0.06406271457672119
19,C0805C680J5GACTU,,ESR,Ω,5.248072e+07,0.06469181180000305
19,C0805C680J5GACTU,,ESR,Ω,5.495406e+07,0.06535924226045609
19,C0805C680J5GACTU,,ESR,Ω,5.7544024e+07,0.06605418771505356
19,C0805C680J5GACTU,,ESR,Ω,6.0255988e+07,0.06678079813718796
19,C0805C680J5GACTU,,ESR,Ω,6.3095764e+07,0.06754573434591293
19,C0805C680J5GACTU,,ESR,Ω,6.6069372e+07,0.06834495812654495
19,C0805C680J5GACTU,,ESR,Ω,6.918312e+07,0.0691780373454094
19,C0805C680J5GACTU,,ESR,Ω,7.2443616e+07,0.07005496323108673
19,C0805C680J5GACTU,,ESR,Ω,7.5857776e+07,0.07096800953149796
19,C0805C680J5GACTU,,ESR,Ω,7.943284e+07,0.07192698866128922
19,C0805C680J5GACTU,,ESR,Ω,8.3176392e+07,0.07293189316987991
19,C0805C680J5GACTU,,ESR,Ω,8.7096368e+07,0.07398756593465805
19,C0805C680J5GACTU,,ESR,Ω,9.1201088e+07,0.07509034126996994
19,C0805C680J5GACTU,,ESR,Ω,9.5499264e+07,0.07624409347772598
19,C0805C680J5GACTU,,ESR,Ω,1e+08,0.07745315134525299
19,C0805C680J5GACTU,,ESR,Ω,1.04712968e+08,0.07871896028518677
19,C0805C680J5GACTU,,ESR,Ω,1.09647808e+08,0.08004359155893326
19,C0805C680J5GACTU,,ESR,Ω,1.14815472e+08,0.08143073320388794
19,C0805C680J5GACTU,,ESR,Ω,1.20226424e+08,0.0828840434551239
19,C0805C680J5GACTU,,ESR,Ω,1.25892648e+08,0.08440547436475754
19,C0805C680J5GACTU,,ESR,Ω,1.3182564e+08,0.08599879592657089
19,C0805C680J5GACTU,,ESR,Ω,1.38038528e+08,0.08766737580299377
19,C0805C680J5GACTU,,ESR,Ω,1.4454392e+08,0.08941526710987091
19,C0805C680J5GACTU,,ESR,Ω,1.51356224e+08,0.09124516695737839
19,C0805C680J5GACTU,,ESR,Ω,1.58489248e+08,0.09316141903400421
19,C0805C680J5GACTU,,ESR,Ω,1.659588e+08,0.09516749531030655
19,C0805C680J5GACTU,,ESR,Ω,1.73779984e+08,0.09726870805025101
19,C0805C680J5GACTU,,ESR,Ω,1.81970176e+08,0.0994693860411644
19,C0805C680J5GACTU,,ESR,Ω,1.90545952e+08,0.1017753854393959
19,C0805C680J5GACTU,,ESR,Ω,1.9952632e+08,0.10418841242790222
19,C0805C680J5GACTU,,ESR,Ω,2.08929472e+08,0.08178500086069107
19,C0805C680J5GACTU,,ESR,Ω,2.1877624e+08,0.08325576037168503
19,C0805C680J5GACTU,,ESR,Ω,2.29086592e+08,0.0847964659333229
19,C0805C680J5GACTU,,ESR,Ω,2.3988336e+08,0.0864100232720375
19,C0805C680J5GACTU,,ESR,Ω,2.51188416e+08,0.08809961378574371
19,C0805C680J5GACTU,,ESR,Ω,2.63026848e+08,0.08987030386924744
19,C0805C680J5GACTU,,ESR,Ω,2.75422592e+08,0.0917239636182785
19,C0805C680J5GACTU,,ESR,Ω,2.88403168e+08,0.09366492927074432
19,C0805C680J5GACTU,,ESR,Ω,3.01994848e+08,0.09569790959358215
19,C0805C680J5GACTU,,ESR,Ω,3.16227776e+08,0.09782921522855759
19,C0805C680J5GACTU,,ESR,Ω,3.31131456e+08,0.10005983710289001
19,C0805C680J5GACTU,,ESR,Ω,3.46736832e+08,0.10239678621292114
19,C0805C680J5GACTU,,ESR,Ω,3.630784e+08,0.10484476387500763
19,C0805C680J5GACTU,,ESR,Ω,3.80189344e+08,0.10740894079208374
19,C0805C680J5GACTU,,ESR,Ω,3.9810752e+08,0.11009576171636581
19,C0805C680J5GACTU,,ESR,Ω,4.1686928e+08,0.11291005462408066
19,C0805C680J5GACTU,,ESR,Ω,4.36516192e+08,0.11585848033428192
19,C0805C680J5GACTU,,ESR,Ω,4.57088032e+08,0.11894818395376205
19,C0805C680J5GACTU,,ESR,Ω,4.78630432e+08,0.12218523770570755
19,C0805C680J5GACTU,,ESR,Ω,5.01187008e+08,0.1255776286125183
19,C0805C680J5GACTU,,ESR,Ω,5.24807776e+08,0.12913277745246887
19,C0805C680J5GACTU,,ESR,Ω,5.49540608e+08,0.13285930454730988
19,C0805C680J5GACTU,,ESR,Ω,5.75440256e+08,0.13676512241363525
19,C0805C680J5GACTU,,ESR,Ω,6.02559232e+08,0.14085982739925385
19,C0805C680J5GACTU,,ESR,Ω,6.30957632e+08,0.1451532542705536
19,C0805C680J5GACTU,,ESR,Ω,6.60692992e+08,0.14965543150901794
19,C0805C680J5GACTU,,ESR,Ω,6.91831232e+08,0.15437811613082886
19,C0805C680J5GACTU,,ESR,Ω,7.24435392e+08,0.15933234989643097
19,C0805C680J5GACTU,,ESR,Ω,7.58577792e+08,0.16453143954277039
19,C0805C680J5GACTU,,ESR,Ω,7.94327552e+08,0.16998861730098724
19,C0805C680J5GACTU,,ESR,Ω,8.31763904e+08,0.17571908235549927
19,C0805C680J5GACTU,,ESR,Ω,8.70962752e+08,0.1817321628332138
19,C0805C680J5GACTU,,ESR,Ω,9.12010944e+08,0.18805214762687683
19,C0805C680J5GACTU,,ESR,Ω,9.54991552e+08,0.1946953982114792
19,C0805C680J5GACTU,,ESR,Ω,1e+09,0.2016829550266266
19,C0805C680J5GACTU,,ESR,Ω,1.047129664e+09,0.20903685688972473
19,C0805C680J5GACTU,,ESR,Ω,1.09647808e+09,0.21678178012371063
19,C0805C680J5GACTU,,ESR,Ω,1.148154752e+09,0.22494624555110931
19,C0805C680J5GACTU,,ESR,Ω,1.202264192e+09,0.23356063663959503
19,C0805C680J5GACTU,,ESR,Ω,1.258926464e+09,0.24266095459461212
19,C0805C680J5GACTU,,ESR,Ω,1.318256384e+09,0.25228622555732727
19,C0805C680J5GACTU,,ESR,Ω,1.380385408e+09,0.2624830901622772
19,C0805C680J5GACTU,,ESR,Ω,1.445439232e+09,0.2733030319213867
19,C0805C680J5GACTU,,ESR,Ω,1.513562368e+09,0.28480833768844604
19,C0805C680J5GACTU,,ESR,Ω,1.584892544e+09,0.29706987738609314
19,C0805C680J5GACTU,,ESR,Ω,1.659587968e+09,0.31017187237739563
19,C0805C680J5GACTU,,ESR,Ω,1.737799936e+09,0.32421204447746277
19,C0805C680J5GACTU,,ESR,Ω,1.81970176e+09,0.3393086791038513
19,C0805C680J5GACTU,,ESR,Ω,1.905459584e+09,0.35560092329978943
19,C0805C680J5GACTU,,ESR,Ω,1.995263232e+09,0.3732573986053467
19,C0805C680J5GACTU,,ESR,Ω,2.08929472e+09,0.3924793004989624
19,C0805C680J5GACTU,,ESR,Ω,2.187762432e+09,0.4135086238384247
19,C0805C680J5GACTU,,ESR,Ω,2.29086592e+09,0.4366386830806732
19,C0805C680J5GACTU,,ESR,Ω,2.398833664e+09,0.46222302317619324
19,C0805C680J5GACTU,,ESR,Ω,2.511884288e+09,0.4906888008117676
19,C0805C680J5GACTU,,ESR,Ω,2.630268416e+09,0.522553026676178
19,C0805C680J5GACTU,,ESR,Ω,2.75422592e+09,0.5584350824356079
19,C0805C680J5GACTU,,ESR,Ω,2.884031744e+09,0.5990824103355408
19,C0805C680J5GACTU,,ESR,Ω,3.019948544e+09,0.6453834772109985
19,C0805C680J5GACTU,,ESR,Ω,3.162277632e+09,0.6983954906463623
19,C0805C680J5GACTU,,ESR,Ω,3.311314688e+09,0.7593538165092468
19,C0805C680J5GACTU,,ESR,Ω,3.467368192e+09,0.8296913504600525
19,C0805C680J5GACTU,,ESR,Ω,3.630784e+09,0.9110485911369324
19,C0805C680J5GACTU,,ESR,Ω,3.801893376e+09,1.0052499771118164
19,C0805C680J5GACTU,,ESR,Ω,3.9810752e+09,1.1142945289611816
19,C0805C680J5GACTU,,ESR,Ω,4.168692736e+09,1.24026358127594
19,C0805C680J5GACTU,,ESR,Ω,4.365161984e+09,1.3852657079696655
19,C0805C680J5GACTU,,ESR,Ω,4.570880512e+09,1.5512583255767822
19,C0805C680J5GACTU,,ESR,Ω,4.786304512e+09,1.7399319410324097
19,C0805C680J5GACTU,,ESR,Ω,5.011870208e+09,1.952461838722229
19,C0805C680J5GACTU,,ESR,Ω,5.248077824e+09,2.1893703937530518
19,C0805C680J5GACTU,,ESR,Ω,5.49540608e+09,2.45031476020813
19,C0805C680J5GACTU,,ESR,Ω,5.754402304e+09,2.7340617179870605
19,C0805C680J5GACTU,,ESR,Ω,6.02559232e+09,3.0384387969970703
19,C0805C680J5GACTU,,ESR,Ω,6.309576192e+09,3.360551595687866
19,C0805C680J5GACTU,,ESR,Ω,6.60692992e+09,3.6969170570373535
19,C0805C680J5GACTU,,ESR,Ω,6.918311936e+09,4.04391622543335
19,C0805C680J5GACTU,,ESR,Ω,7.244354048e+09,4.397983074188232
19,C0805C680J5GACTU,,ESR,Ω,7.585777664e+09,4.756036281585693
19,C0805C680J5GACTU,,ESR,Ω,7.94327552e+09,5.115575313568115
19,C0805C680J5GACTU,,ESR,Ω,8.317639168e+09,5.485454559326172
19,C0805C680J5GACTU,,ESR,Ω,8.709627904e+09,5.8688788414001465
19,C0805C680J5GACTU,,ESR,Ω,9.120109568e+09,6.254039764404297
19,C0805C680J5GACTU,,ESR,Ω,9.54991616e+09,6.64119291305542
19,C0805C680J5GACTU,,ESR,Ω,1e+10,7.0311713218688965
20,T520B106M016ATE100,,Impedance,Ω,10000,1.5936905145645142
20,T520B106M016ATE100,,Impedance,Ω,10471.28515625,1.5220617055892944
20,T520B106M016ATE100,,Impedance,Ω,10964.78125,1.453659176826477
20,T520B106M016ATE100,,Impedance,Ω,11481.53515625,1.3883371353149414
20,T520B106M016ATE100,,Impedance,Ω,12022.642578125,1.3259586095809937
20,T520B106M016ATE100,,Impedance,Ω,12589.2509765625,1.2663894891738892
20,T520B106M016ATE100,,Impedance,Ω,13182.5634765625,1.2095046043395996
20,T520B106M016ATE100,,Impedance,Ω,13803.8388671875,1.155182123184204
20,T520B106M016ATE100,,Impedance,Ω,14454.392578125,1.103308081626892
20,T520B106M016ATE100,,Impedance,Ω,15135.6064453125,1.05377197265625
20,T520B106M016ATE100,,Impedance,Ω,15848.9248046875,1.0064690113067627
20,T520B106M016ATE100,,Impedance,Ω,16595.861328125,0.9612982273101807
20,T520B106M016ATE100,,Impedance,Ω,17378,0.9181641340255737
20,T520B106M016ATE100,,Impedance,Ω,18197.017578125,0.8769745826721191
20,T520B106M016ATE100,,Impedance,Ω,19054.6171875,0.8376434445381165
20,T520B106M016ATE100,,Impedance,Ω,19952.6328125,0.8000869154930115
20,T520B106M016ATE100,,Impedance,Ω,20892.96875,0.7642250061035156
20,T520B106M016ATE100,,Impedance,Ω,21877.623046875,0.7299819588661194
20,T520B106M016ATE100,,Impedance,Ω,22908.68359375,0.6972845196723938
20,T520B106M016ATE100,,Impedance,Ω,23988.3359375,0.6660642027854919
20,T520B106M016ATE100,,Impedance,Ω,25118.869140625,0.6362541913986206
20,T520B106M016ATE100,,Impedance,Ω,26302.68359375,0.6077913641929626
20,T520B106M016ATE100,,Impedance,Ω,27542.291015625,0.5806154608726501
20,T520B106M016ATE100,,Impedance,Ω,28840.318359375,0.554668664932251
20,T520B106M016ATE100,,Impedance,Ω,30199.517578125,0.5298959016799927
20,T520B106M016ATE100,,Impedance,Ω,31622.77734375,0.506244957447052
20,T520B106M016ATE100,,Impedance,Ω,33113.109375,0.483665406703949
20,T520B106M016ATE100,,Impedance,Ω,34673.68359375,0.46210941672325134
20,T520B106M016ATE100,,Impedance,Ω,36307.80078125,0.4415314197540283
20,T520B106M016ATE100,,Impedance,Ω,38018.93359375,0.42188742756843567
20,T520B106M016ATE100,,Impedance,Ω,39810.70703125,0.4031359553337097
20,T520B106M016ATE100,,Impedance,Ω,41686.92578125,0.3852371573448181
20,T520B106M016ATE100,,Impedance,Ω,43651.5703125,0.36815306544303894
20,T520B106M016ATE100,,Impedance,Ω,45708.8046875,0.35184749960899353
20,T520B106M016ATE100,,Impedance,Ω,47862.9921875,0.33628588914871216
20,T520B106M016ATE100,,Impedance,Ω,50118.703125,0.32143518328666687
20,T520B106M016ATE100,,Impedance,Ω,52480.71875,0.30726388096809387
20,T520B106M016ATE100,,Impedance,Ω,54954.05859375,0.29374176263809204
20,T520B106M016ATE100,,Impedance,Ω,57544.0234375,0.2808398902416229
20,T520B106M016ATE100,,Impedance,Ω,60255.98828125,0.26853156089782715
20,T520B106M016ATE100,,Impedance,Ω,63095.76171875,0.25679025053977966
20,T520B106M016ATE100,,Impedance,Ω,66069.3671875,0.24559104442596436
20,T520B106M016ATE100,,Impedance,Ω,69183.125,0.234910249710083
20,T520B106M016ATE100,,Impedance,Ω,72443.6171875,0.22472505271434784
20,T520B106M016ATE100,,Impedance,Ω,75857.78125,0.21501374244689941
20,T520B106M016ATE100,,Impedance,Ω,79432.84375,0.2057558000087738
20,T520B106M016ATE100,,Impedance,Ω,83176.390625,0.1969314068555832
20,T520B106M016ATE100,,Impedance,Ω,87096.3671875,0.1885218620300293
20,T520B106M016ATE100,,Impedance,Ω,91201.09375,0.18050915002822876
20,T520B106M016ATE100,,Impedance,Ω,95499.265625,0.17287614941596985
20,T520B106M016ATE100,,Impedance,Ω,100000,0.16560669243335724
20,T520B106M016ATE100,,Impedance,Ω,104712.8515625,0.15868507325649261
20,T520B106M016ATE100,,Impedance,Ω,109647.8125,0.15209655463695526
20,T520B106M016ATE100,,Impedance,Ω,114815.34375,0.14582687616348267
20,T520B106M016ATE100,,Impedance,Ω,120226.421875,0.13986259698867798
20,T520B106M016ATE100,,Impedance,Ω,125892.515625,0.13419078290462494
20,T520B106M016ATE100,,Impedance,Ω,131825.640625,0.12879925966262817
20,T520B106M016ATE100,,Impedance,Ω,138038.390625,0.1236761212348938
20,T520B106M016ATE100,,Impedance,Ω,144543.921875,0.1188102439045906
20,T520B106M016ATE100,,Impedance,Ω,151356.0625,0.1141909584403038
20,T520B106M016ATE100,,Impedance,Ω,158489.25,0.10980793833732605
20,T520B106M016ATE100,,Impedance,Ω,165958.609375,0.10565143823623657
20,T520B106M016ATE100,,Impedance,Ω,173779.984375,0.10171214491128922
20,T520B106M016ATE100,,Impedance,Ω,181970.1875,0.09798095375299454
20,T520B106M016ATE100,,Impedance,Ω,190546.15625,0.0944494903087616
20,T520B106M016ATE100,,Impedance,Ω,199526.3125,0.09110938757658005
20,T520B106M016ATE100,,Impedance,Ω,208929.703125,0.08795275539159775
20,T520B106M016ATE100,,Impedance,Ω,218776.234375,0.08497203886508942
20,T520B106M016ATE100,,Impedance,Ω,229086.828125,0.08215989917516708
20,T520B106M016ATE100,,Impedance,Ω,239883.359375,0.07950927317142487
20,T520B106M016ATE100,,Impedance,Ω,251188.703125,0.07701336592435837
20,T520B106M016ATE100,,Impedance,Ω,263026.84375,0.07466563582420349
20,T520B106M016ATE100,,Impedance,Ω,275422.90625,0.07245974987745285
20,T520B106M016ATE100,,Impedance,Ω,288403.1875,0.070389524102211
20,T520B106M016ATE100,,Impedance,Ω,301995.1875,0.06844905018806458
20,T520B106M016ATE100,,Impedance,Ω,316227.78125,0.06663254648447037
20,T520B106M016ATE100,,Impedance,Ω,331131.09375,0.0649343803524971
20,T520B106M016ATE100,,Impedance,Ω,346736.8125,0.0633491650223732
20,T520B106M016ATE100,,Impedance,Ω,363078,0.061871547251939774
20,T520B106M016ATE100,,Impedance,Ω,380189.34375,0.06049646809697151
20,T520B106M016ATE100,,Impedance,Ω,398107.09375,0.05921889469027519
20,T520B106M016ATE100,,Impedance,Ω,416869.28125,0.05803400278091431
20,T520B106M016ATE100,,Impedance,Ω,436515.6875,0.05693709850311279
20,T520B106M016ATE100,,Impedance,Ω,457088.03125,0.05592365190386772
20,T520B106M016ATE100,,Impedance,Ω,478629.90625,0.054989252239465714
20,T520B106M016ATE100,,Impedance,Ω,501187,0.054129645228385925
20,T520B106M016ATE100,,Impedance,Ω,524807.1875,0.053340766578912735
20,T520B106M016ATE100,,Impedance,Ω,549540.5625,0.05261862650513649
20,T520B106M016ATE100,,Impedance,Ω,575440.25,0.051959436386823654
20,T520B106M016ATE100,,Impedance,Ω,602559.875,0.051359593868255615
20,T520B106M016ATE100,,Impedance,Ω,630957.625,0.05081558972597122
20,T520B106M016ATE100,,Impedance,Ω,660693.6875,0.05032409727573395
20,T520B106M016ATE100,,Impedance,Ω,691831.1875,0.049881964921951294
20,T520B106M016ATE100,,Impedance,Ω,724436.1875,0.04948614910244942
20,T520B106M016ATE100,,Impedance,Ω,758577.75,0.0491337925195694
20,T520B106M016ATE100,,Impedance,Ω,794328.4375,0.048822179436683655
20,T520B106M016ATE100,,Impedance,Ω,831763.9375,0.04854872450232506
20,T520B106M016ATE100,,Impedance,Ω,870963.6875,0.048310983926057816
20,T520B106M016ATE100,,Impedance,Ω,912010.9375,0.04810665547847748
20,T520B106M016ATE100,,Impedance,Ω,954992.625,0.04793357476592064
20,T520B106M016ATE100,,Impedance,Ω,1e+06,0.047789670526981354
20,T520B106M016ATE100,,Impedance,Ω,1.0471285e+06,0.04767300561070442
20,T520B106M016ATE100,,Impedance,Ω,1.096478125e+06,0.047581747174263
20,T520B106M016ATE100,,Impedance,Ω,1.1481535e+06,0.047514162957668304
20,T520B106M016ATE100,,Impedance,Ω,1.20226425e+06,0.04746862128376961
20,T520B106M016ATE100,,Impedance,Ω,1.258925125e+06,0.04744359105825424
20,T520B106M016ATE100,,Impedance,Ω,1.318256375e+06,0.04743760824203491
20,T520B106M016ATE100,,Impedance,Ω,1.380383875e+06,0.04744932800531387
20,T520B106M016ATE100,,Impedance,Ω,1.44543925e+06,0.04747748002409935
20,T520B106M016ATE100,,Impedance,Ω,1.513560625e+06,0.047520894557237625
20,T520B106M016ATE100,,Impedance,Ω,1.5848925e+06,0.04757847636938095
20,T520B106M016ATE100,,Impedance,Ω,1.659586125e+06,0.047649282962083817
20,T520B106M016ATE100,,Impedance,Ω,1.737799875e+06,0.04773247614502907
20,T520B106M016ATE100,,Impedance,Ω,1.819701875e+06,0.04782451316714287
20,T520B106M016ATE100,,Impedance,Ω,1.905461625e+06,0.04792559891939163
20,T520B106M016ATE100,,Impedance,Ω,1.99526325e+06,0.04803469404578209
20,T520B106M016ATE100,,Impedance,Ω,2.089297e+06,0.04815136268734932
20,T520B106M016ATE100,,Impedance,Ω,2.1877625e+06,0.04827539622783661
20,T520B106M016ATE100,,Impedance,Ω,2.29086825e+06,0.048406846821308136
20,T520B106M016ATE100,,Impedance,Ω,2.3988335e+06,0.048546161502599716
20,T520B106M016ATE100,,Impedance,Ω,2.511887e+06,0.04869411140680313
20,T520B106M016ATE100,,Impedance,Ω,2.6302685e+06,0.04885197430849075
20,T520B106M016ATE100,,Impedance,Ω,2.754229e+06,0.04902149364352226
20,T520B106M016ATE100,,Impedance,Ω,2.88403175e+06,0.0492049902677536
20,T520B106M016ATE100,,Impedance,Ω,3.01995175e+06,0.04940539598464966
20,T520B106M016ATE100,,Impedance,Ω,3.16227775e+06,0.049626272171735764
20,T520B106M016ATE100,,Impedance,Ω,3.311311e+06,0.049871861934661865
20,T520B106M016ATE100,,Impedance,Ω,3.46736825e+06,0.050147030502557755
20,T520B106M016ATE100,,Impedance,Ω,3.63078e+06,0.05045732855796814
20,T520B106M016ATE100,,Impedance,Ω,3.80189325e+06,0.050808802247047424
20,T520B106M016ATE100,,Impedance,Ω,3.98107075e+06,0.05120807886123657
20,T520B106M016ATE100,,Impedance,Ω,4.16869275e+06,0.05166210979223251
20,T520B106M016ATE100,,Impedance,Ω,4.365157e+06,0.05217811465263367
20,T520B106M016ATE100,,Impedance,Ω,4.5708805e+06,0.05276342108845711
20,T520B106M016ATE100,,Impedance,Ω,4.786299e+06,0.05342533439397812
20,T520B106M016ATE100,,Impedance,Ω,5.01187e+06,0.054170943796634674
20,T520B106M016ATE100,,Impedance,Ω,5.248072e+06,0.055007074028253555
20,T520B106M016ATE100,,Impedance,Ω,5.495406e+06,0.055940140038728714
20,T520B106M016ATE100,,Impedance,Ω,5.7544025e+06,0.05697609484195709
20,T520B106M016ATE100,,Impedance,Ω,6.025599e+06,0.058120399713516235
20,T520B106M016ATE100,,Impedance,Ω,6.309576e+06,0.05937810614705086
20,T520B106M016ATE100,,Impedance,Ω,6.606937e+06,0.060753852128982544
20,T520B106M016ATE100,,Impedance,Ω,6.918312e+06,0.06225199997425079
20,T520B106M016ATE100,,Impedance,Ω,7.244362e+06,0.0638766810297966
20,T520B106M016ATE100,,Impedance,Ω,7.5857775e+06,0.0656319409608841
20,T520B106M016ATE100,,Impedance,Ω,7.943284e+06,0.06752185523509979
20,T520B106M016ATE100,,Impedance,Ω,8.317639e+06,0.06955059617757797
20,T520B106M016ATE100,,Impedance,Ω,8.709637e+06,0.07172250002622604
20,T520B106M016ATE100,,Impedance,Ω,9.120109e+06,0.07404212653636932
20,T520B106M016ATE100,,Impedance,Ω,9.549926e+06,0.07651428133249283
20,T520B106M016ATE100,,Impedance,Ω,1e+07,0.07914405316114426
20,T520B106M016ATE100,,Impedance,Ω,1.0471285e+07,0.08193670213222504
20,T520B106M016ATE100,,Impedance,Ω,1.0964781e+07,0.08489781618118286
20,T520B106M016ATE100,,Impedance,Ω,1.1481535e+07,0.08803321421146393
20,T520B106M016ATE100,,Impedance,Ω,1.2022642e+07,0.09134889394044876
20,T520B106M016ATE100,,Impedance,Ω,1.2589251e+07,0.09485126286745071
20,T520B106M016ATE100,,Impedance,Ω,1.3182564e+07,0.09854692220687866
20,T520B106M016ATE100,,Impedance,Ω,1.3803838e+07,0.10244285315275192
20,T520B106M016ATE100,,Impedance,Ω,1.4454393e+07,0.10654643177986145
20,T520B106M016ATE100,,Impedance,Ω,1.5135607e+07,0.11086537688970566
20,T520B106M016ATE100,,Impedance,Ω,1.5848925e+07,0.11540784686803818
20,T520B106M016ATE100,,Impedance,Ω,1.6595861e+07,0.1201823428273201
20,T520B106M016ATE100,,Impedance,Ω,1.7378e+07,0.12546700239181519
20,T520B106M016ATE100,,Impedance,Ω,1.8197018e+07,0.13120873272418976
20,T520B106M016ATE100,,Impedance,Ω,1.9054616e+07,0.13725906610488892
20,T520B106M016ATE100,,Impedance,Ω,1.9952632e+07,0.14363132417201996
20,T520B106M016ATE100,,Impedance,Ω,2.089297e+07,0.15033945441246033
20,T520B106M016ATE100,,Impedance,Ω,2.1877624e+07,0.15739798545837402
20,T520B106M016ATE100,,Impedance,Ω,2.2908684e+07,0.16482248902320862
20,T520B106M016ATE100,,Impedance,Ω,2.3988336e+07,0.17262934148311615
20,T520B106M016ATE100,,Impedance,Ω,2.511887e+07,0.18083594739437103
20,T520B106M016ATE100,,Impedance,Ω,2.6302684e+07,0.18946070969104767
20,T520B106M016ATE100,,Impedance,Ω,2.754229e+07,0.19852301478385925
20,T520B106M016ATE100,,Impedance,Ω,2.8840318e+07,0.2080431878566742
20,T520B106M016ATE100,,Impedance,Ω,3.0199518e+07,0.21804232895374298
20,T520B106M016ATE100,,Impedance,Ω,3.1622776e+07,0.2285424768924713
20,T520B106M016ATE100,,Impedance,Ω,3.311311e+07,0.23956608772277832
20,T520B106M016ATE100,,Impedance,Ω,3.467368e+07,0.2511363923549652
20,T520B106M016ATE100,,Impedance,Ω,3.63078e+07,0.2632771134376526
20,T520B106M016ATE100,,Impedance,Ω,3.8018932e+07,0.2760125398635864
20,T520B106M016ATE100,,Impedance,Ω,3.9810708e+07,0.28936782479286194
20,T520B106M016ATE100,,Impedance,Ω,4.1686928e+07,0.30336877703666687
20,T520B106M016ATE100,,Impedance,Ω,4.3651568e+07,0.31804224848747253
20,T520B106M016ATE100,,Impedance,Ω,4.5708804e+07,0.33341628313064575
20,T520B106M016ATE100,,Impedance,Ω,4.7862992e+07,0.3495202958583832
20,T520B106M016ATE100,,Impedance,Ω,5.01187e+07,0.36638516187667847
20,T520B106M016ATE100,,Impedance,Ω,5.248072e+07,0.38404348492622375
20,T520B106M016ATE100,,Impedance,Ω,5.495406e+07,0.4025297164916992
20,T520B106M016ATE100,,Impedance,Ω,5.7544024e+07,0.42188069224357605
20,T520B106M016ATE100,,Impedance,Ω,6.0255988e+07,0.44213396310806274
20,T520B106M016ATE100,,Impedance,Ω,6.3095764e+07,0.4633306562900543
20,T520B106M016ATE100,,Impedance,Ω,6.6069372e+07,0.4855135381221771
20,T520B106M016ATE100,,Impedance,Ω,6.918312e+07,0.5087279677391052
20,T520B106M016ATE100,,Impedance,Ω,7.2443616e+07,0.5330213904380798
20,T520B106M016ATE100,,Impedance,Ω,7.5857776e+07,0.5584442019462585
20,T520B106M016ATE100,,Impedance,Ω,7.943284e+07,0.5850489139556885
20,T520B106M016ATE100,,Impedance,Ω,8.3176392e+07,0.6128910183906555
20,T520B106M016ATE100,,Impedance,Ω,8.7096368e+07,0.6420286893844604
20,T520B106M016ATE100,,Impedance,Ω,9.1201088e+07,0.6725229620933533
20,T520B106M016ATE100,,Impedance,Ω,9.5499264e+07,0.7044379711151123
20,T520B106M016ATE100,,Impedance,Ω,1e+08,0.7378406524658203
20,T520B106M016ATE100,,Impedance,Ω,1.04712968e+08,0.7728026509284973
20,T520B106M016ATE100,,Impedance,Ω,1.09647808e+08,0.8093948364257812
20,T520B106M016ATE100,,Impedance,Ω,1.14815472e+08,0.8476980328559875
20,T520B106M016ATE100,,Impedance,Ω,1.20226424e+08,0.887789785861969
20,T520B106M016ATE100,,Impedance,Ω,1.25892648e+08,0.9297584295272827
20,T520B106M016ATE100,,Impedance,Ω,1.3182564e+08,0.973689079284668
20,T520B106M016ATE100,,Impedance,Ω,1.38038528e+08,1.0196787118911743
20,T520B106M016ATE100,,Impedance,Ω,1.4454392e+08,1.06782066822052
20,T520B106M016ATE100,,Impedance,Ω,1.51356224e+08,1.1182210445404053
20,T520B106M016ATE100,,Impedance,Ω,1.58489248e+08,1.1709822416305542
20,T520B106M016ATE100,,Impedance,Ω,1.659588e+08,1.226220965385437
20,T520B106M016ATE100,,Impedance,Ω,1.73779984e+08,1.284049153327942
20,T520B106M016ATE100,,Impedance,Ω,1.81970176e+08,1.3445948362350464
20,T520B106M016ATE100,,Impedance,Ω,1.90545952e+08,1.4079806804656982
20,T520B106M016ATE100,,Impedance,Ω,1.9952632e+08,1.4743471145629883
20,T520B106M016ATE100,,Impedance,Ω,2.08929472e+08,1.5438283681869507
20,T520B106M016ATE100,,Impedance,Ω,2.1877624e+08,1.616578459739685
20,T520B106M016ATE100,,Impedance,Ω,2.29086592e+08,1.6927448511123657
20,T520B106M016ATE100,,Impedance,Ω,2.3988336e+08,1.7724964618682861
20,T520B106M016ATE100,,Impedance,Ω,2.51188416e+08,1.855994701385498
20,T520B106M016ATE100,,Impedance,Ω,2.63026848e+08,1.9434245824813843
20,T520B106M016ATE100,,Impedance,Ω,2.75422592e+08,2.0349631309509277
20,T520B106M016ATE100,,Impedance,Ω,2.88403168e+08,2.1308133602142334
20,T520B106M016ATE100,,Impedance,Ω,3.01994848e+08,2.2311694622039795
20,T520B106M016ATE100,,Impedance,Ω,3.16227776e+08,2.3362538814544678
20,T520B106M016ATE100,,Impedance,Ω,3.31131456e+08,2.446284770965576
20,T520B106M016ATE100,,Impedance,Ω,3.46736832e+08,2.5614895820617676
20,T520B106M016ATE100,,Impedance,Ω,3.630784e+08,2.6821248531341553
20,T520B106M016ATE100,,Impedance,Ω,3.80189344e+08,2.8084332942962646
20,T520B106M016ATE100,,Impedance,Ω,3.9810752e+08,2.9406957626342773
20,T520B106M016ATE100,,Impedance,Ω,4.1686928e+08,3.0791804790496826
20,T520B106M016ATE100,,Impedance,Ω,4.36516192e+08,3.224193811416626
20,T520B106M016ATE100,,Impedance,Ω,4.57088032e+08,3.3760290145874023
20,T520B106M016ATE100,,Impedance,Ω,4.78630432e+08,3.5350241661071777
20,T520B106M016ATE100,,Impedance,Ω,5.01187008e+08,3.701500177383423
20,T520B106M016ATE100,,Impedance,Ω,5.24807776e+08,3.875826358795166
20,T520B106M016ATE100,,Impedance,Ω,5.49540608e+08,4.058355808258057
20,T520B106M016ATE100,,Impedance,Ω,5.75440256e+08,4.249493598937988
20,T520B106M016ATE100,,Impedance,Ω,6.02559232e+08,4.4496259689331055
20,T520B106M016ATE100,,Impedance,Ω,6.30957632e+08,4.659197807312012
20,T520B106M016ATE100,,Impedance,Ω,6.60692992e+08,4.878631591796875
20,T520B106M016ATE100,,Impedance,Ω,6.91831232e+08,5.1084160804748535
20,T520B106M016ATE100,,Impedance,Ω,7.24435392e+08,5.349015235900879
20,T520B106M016ATE100,,Impedance,Ω,7.58577792e+08,5.6009626388549805
20,T520B106M016ATE100,,Impedance,Ω,7.94327552e+08,5.864768981933594
20,T520B106M016ATE100,,Impedance,Ω,8.31763904e+08,6.141018867492676
20,T520B106M016ATE100,,Impedance,Ω,8.70962752e+08,6.430272102355957
20,T520B106M016ATE100,,Impedance,Ω,9.12010944e+08,6.733168601989746
20,T520B106M016ATE100,,Impedance,Ω,9.54991552e+08,7.050323963165283
20,T520B106M016ATE100,,Impedance,Ω,1e+09,7.382440090179443
20,T520B106M016ATE100,,Impedance,Ω,1.047129664e+09,7.730206489562988
20,T520B106M016ATE100,,Impedance,Ω,1.09647808e+09,8.094342231750488
20,T520B106M016ATE100,,Impedance,Ω,1.148154752e+09,8.47565746307373
20,T520B106M016ATE100,,Impedance,Ω,1.202264192e+09,8.874922752380371
20,T520B106M016ATE100,,Impedance,Ω,1.258926464e+09,9.293021202087402
20,T520B106M016ATE100,,Impedance,Ω,1.318256384e+09,9.730803489685059
20,T520B106M016ATE100,,Impedance,Ω,1.380385408e+09,10.189237594604492
20,T520B106M016ATE100,,Impedance,Ω,1.445439232e+09,10.66925048828125
20,T520B106M016ATE100,,Impedance,Ω,1.513562368e+09,11.17191219329834
20,T520B106M016ATE100,,Impedance,Ω,1.584892544e+09,11.698235511779785
20,T520B106M016ATE100,,Impedance,Ω,1.659587968e+09,12.249388694763184
20,T520B106M016ATE100,,Impedance,Ω,1.737799936e+09,12.826486587524414
20,T520B106M016ATE100,,Impedance,Ω,1.81970176e+09,13.43080997467041
20,T520B106M016ATE100,,Impedance,Ω,1.905459584e+09,14.06358528137207
20,T520B106M016ATE100,,Impedance,Ω,1.995263232e+09,14.726212501525879
20,T520B106M016ATE100,,Impedance,Ω,2.08929472e+09,15.42003345489502
20,T520B106M016ATE100,,Impedance,Ω,2.187762432e+09,16.146587371826172
20,T520B106M016ATE100,,Impedance,Ω,2.29086592e+09,16.907344818115234
20,T520B106M016ATE100,,Impedance,Ω,2.398833664e+09,17.70399284362793
20,T520B106M016ATE100,,Impedance,Ω,2.511884288e+09,18.53814697265625
20,T520B106M016ATE100,,Impedance,Ω,2.630268416e+09,19.411653518676758
20,T520B106M016ATE100,,Impedance,Ω,2.75422592e+09,20.326278686523438
20,T520B106M016ATE100,,Impedance,Ω,2.884031744e+09,21.2840576171875
20,T520B106M016ATE100,,Impedance,Ω,3.019948544e+09,22.28692626953125
20,T520B106M016ATE100,,Impedance,Ω,3.162277632e+09,23.337108612060547
20,T520B106M016ATE100,,Impedance,Ω,3.311314688e+09,24.436784744262695
20,T520B106M016ATE100,,Impedance,Ω,3.467368192e+09,25.58823013305664
20,T520B106M016ATE100,,Impedance,Ω,3.630784e+09,26.79400062561035
20,T520B106M016ATE100,,Impedance,Ω,3.801893376e+09,28.056533813476562
20,T520B106M016ATE100,,Impedance,Ω,3.9810752e+09,29.378631591796875
20,T520B106M016ATE100,,Impedance,Ω,4.168692736e+09,30.762969970703125
20,T520B106M016ATE100,,Impedance,Ω,4.365161984e+09,32.212623596191406
20,T520B106M016ATE100,,Impedance,Ω,4.570880512e+09,33.730525970458984
20,T520B106M016ATE100,,Impedance,Ω,4.786304512e+09,35.320030212402344
20,T520B106M016ATE100,,Impedance,Ω,5.011870208e+09,36.984371185302734
20,T520B106M016ATE100,,Impedance,Ω,5.248077824e+09,38.72722625732422
20,T520B106M016ATE100,,Impedance,Ω,5.49540608e+09,40.55214309692383
20,T520B106M016ATE100,,Impedance,Ω,5.754402304e+09,42.46315002441406
20,T520B106M016ATE100,,Impedance,Ω,6.02559232e+09,44.46412658691406
20,T520B106M016ATE100,,Impedance,Ω,6.309576192e+09,46.559505462646484
20,T520B106M016ATE100,,Impedance,Ω,6.60692992e+09,48.75352478027344
20,T520B106M016ATE100,,Impedance,Ω,6.918311936e+09,51.05105972290039
20,T520B106M016ATE100,,Impedance,Ω,7.244354048e+09,53.456764221191406
20,T520B106M016ATE100,,Impedance,Ω,7.585777664e+09,55.97595977783203
20,T520B106M016ATE100,,Impedance,Ω,7.94327552e+09,58.6137580871582
20,T520B106M016ATE100,,Impedance,Ω,8.317639168e+09,61.37599563598633
20,T520B106M016ATE100,,Impedance,Ω,8.709627904e+09,64.26828002929688
20,T520B106M016ATE100,,Impedance,Ω,9.120109568e+09,67.29702758789062
20,T520B106M016ATE100,,Impedance,Ω,9.54991616e+09,70.46835327148438
20,T520B106M016ATE100,,Impedance,Ω,1e+10,73.78929138183594
21,T520B106M016ATE100,,ESR,Ω,10000,0.08217353373765945
21,T520B106M016ATE100,,ESR,Ω,10471.28515625,0.08043278753757477
21,T520B106M016ATE100,,ESR,Ω,10964.78125,0.07877056300640106
21,T520B106M016ATE100,,ESR,Ω,11481.53515625,0.07718349993228912
21,T520B106M016ATE100,,ESR,Ω,12022.642578125,0.0756678357720375
21,T520B106M016ATE100,,ESR,Ω,12589.2509765625,0.07422059029340744
21,T520B106M016ATE100,,ESR,Ω,13182.5634765625,0.07283870875835419
21,T520B106M016ATE100,,ESR,Ω,13803.8388671875,0.07151927798986435
21,T520B106M016ATE100,,ESR,Ω,14454.392578125,0.07025931030511856
21,T520B106M016ATE100,,ESR,Ω,15135.6064453125,0.06905648112297058
21,T520B106M016ATE100,,ESR,Ω,15848.9248046875,0.06790758669376373
21,T520B106M016ATE100,,ESR,Ω,16595.861328125,0.0668109729886055
21,T520B106M016ATE100,,ESR,Ω,17378,0.06576390564441681
21,T520B106M016ATE100,,ESR,Ω,18197.017578125,0.06476389616727829
21,T520B106M016ATE100,,ESR,Ω,19054.6171875,0.06380954384803772
21,T520B106M016ATE100,,ESR,Ω,19952.6328125,0.06289832293987274
21,T520B106M016ATE100,,ESR,Ω,20892.96875,0.06202833354473114
21,T520B106M016ATE100,,ESR,Ω,21877.623046875,0.06119800731539726
21,T520B106M016ATE100,,ESR,Ω,22908.68359375,0.060405049473047256
21,T520B106M016ATE100,,ESR,Ω,23988.3359375,0.059648264199495316
21,T520B106M016ATE100,,ESR,Ω,25118.869140625,0.0589258074760437
21,T520B106M016ATE100,,ESR,Ω,26302.68359375,0.05823640152812004
21,T520B106M016ATE100,,ESR,Ω,27542.291015625,0.057578302919864655
21,T520B106M016ATE100,,ESR,Ω,28840.318359375,0.056950174272060394
21,T520B106M016ATE100,,ESR,Ω,30199.517578125,0.056350644677877426
21,T520B106M016ATE100,,ESR,Ω,31622.77734375,0.05577873811125755
21,T520B106M016ATE100,,ESR,Ω,33113.109375,0.05523278936743736
21,T520B106M016ATE100,,ESR,Ω,34673.68359375,0.05471201613545418
21,T520B106M016ATE100,,ESR,Ω,36307.80078125,0.05421511456370354
21,T520B106M016ATE100,,ESR,Ω,38018.93359375,0.053741175681352615
21,T520B106M016ATE100,,ESR,Ω,39810.70703125,0.053288962692022324
21,T520B106M016ATE100,,ESR,Ω,41686.92578125,0.052857786417007446
21,T520B106M016ATE100,,ESR,Ω,43651.5703125,0.052446525543928146
21,T520B106M016ATE100,,ESR,Ω,45708.8046875,0.05205433443188667
21,T520B106M016ATE100,,ESR,Ω,47862.9921875,0.05168057978153229
21,T520B106M016ATE100,,ESR,Ω,50118.703125,0.051324181258678436
21,T520B106M016ATE100,,ESR,Ω,52480.71875,0.05098463222384453
21,T520B106M016ATE100,,ESR,Ω,54954.05859375,0.05066101998090744
21,T520B106M016ATE100,,ESR,Ω,57544.0234375,0.05035276338458061
21,T520B106M016ATE100,,ESR,Ω,60255.98828125,0.05005919933319092
21,T520B106M016ATE100,,ESR,Ω,63095.76171875,0.04977967590093613
21,T520B106M016ATE100,,ESR,Ω,66069.3671875,0.04951365292072296
21,T520B106M016ATE100,,ESR,Ω,69183.125,0.0492604523897171
21,T520B106M016ATE100,,ESR,Ω,72443.6171875,0.049019552767276764
21,T520B106M016ATE100,,ESR,Ω,75857.78125,0.048790574073791504
21,T520B106M016ATE100,,ESR,Ω,79432.84375,0.04857294633984566
21,T520B106M016ATE100,,ESR,Ω,83176.390625,0.04836622253060341
21,T520B106M016ATE100,,ESR,Ω,87096.3671875,0.04816991835832596
21,T520B106M016ATE100,,ESR,Ω,91201.09375,0.04798366129398346
21,T520B106M016ATE100,,ESR,Ω,95499.265625,0.0478069968521595
21,T520B106M016ATE100,,ESR,Ω,100000,0.04763961583375931
21,T520B106M016ATE100,,ESR,Ω,104712.8515625,0.04748109355568886
21,T520B106M016ATE100,,ESR,Ω,109647.8125,0.047331199049949646
21,T520B106M016ATE100,,ESR,Ω,114815.34375,0.047189515084028244
21,T520B106M016ATE100,,ESR,Ω,120226.421875,0.04705575108528137
21,T520B106M016ATE100,,ESR,Ω,125892.515625,0.04692964255809784
21,T520B106M016ATE100,,ESR,Ω,131825.640625,0.04681091755628586
21,T520B106M016ATE100,,ESR,Ω,138038.390625,0.046699270606040955
21,T520B106M016ATE100,,ESR,Ω,144543.921875,0.04659450054168701
21,T520B106M016ATE100,,ESR,Ω,151356.0625,0.04649640992283821
21,T520B106M016ATE100,,ESR,Ω,158489.25,0.046404726803302765
21,T520B106M016ATE100,,ESR,Ω,165958.609375,0.046319276094436646
21,T520B106M016ATE100,,ESR,Ω,173779.984375,0.04623987525701523
21,T520B106M016ATE100,,ESR,Ω,181970.1875,0.04616628959774971
21,T520B106M016ATE100,,ESR,Ω,190546.15625,0.04609844088554382
21,T520B106M016ATE100,,ESR,Ω,199526.3125,0.04603611305356026
21,T520B106M016ATE100,,ESR,Ω,208929.703125,0.04597918316721916
21,T520B106M016ATE100,,ESR,Ω,218776.234375,0.0459275059401989
21,T520B106M016ATE100,,ESR,Ω,229086.828125,0.04588095843791962
21,T520B106M016ATE100,,ESR,Ω,239883.359375,0.045839447528123856
21,T520B106M016ATE100,,ESR,Ω,251188.703125,0.045802827924489975
21,T520B106M016ATE100,,ESR,Ω,263026.84375,0.045771028846502304
21,T520B106M016ATE100,,ESR,Ω,275422.90625,0.045743972063064575
21,T520B106M016ATE100,,ESR,Ω,288403.1875,0.04572153091430664
21,T520B106M016ATE100,,ESR,Ω,301995.1875,0.04570365697145462
21,T520B106M016ATE100,,ESR,Ω,316227.78125,0.045690298080444336
21,T520B106M016ATE100,,ESR,Ω,331131.09375,0.04568135738372803
21,T520B106M016ATE100,,ESR,Ω,346736.8125,0.045676812529563904
21,T520B106M016ATE100,,ESR,Ω,363078,0.045676570385694504
21,T520B106M016ATE100,,ESR,Ω,380189.34375,0.04568062350153923
21,T520B106M016ATE100,,ESR,Ω,398107.09375,0.045688919723033905
21,T520B106M016ATE100,,ESR,Ω,416869.28125,0.04570139944553375
21,T520B106M016ATE100,,ESR,Ω,436515.6875,0.045718032866716385
21,T520B106M016ATE100,,ESR,Ω,457088.03125,0.04573880508542061
21,T520B106M016ATE100,,ESR,Ω,478629.90625,0.04576366767287254
21,T520B106M016ATE100,,ESR,Ω,501187,0.045792579650878906
21,T520B106M016ATE100,,ESR,Ω,524807.1875,0.0458255298435688
21,T520B106M016ATE100,,ESR,Ω,549540.5625,0.04586246237158775
21,T520B106M016ATE100,,ESR,Ω,575440.25,0.04590334743261337
21,T520B106M016ATE100,,ESR,Ω,602559.875,0.04594813659787178
21,T520B106M016ATE100,,ESR,Ω,630957.625,0.045996781438589096
21,T520B106M016ATE100,,ESR,Ω,660693.6875,0.046049222350120544
21,T520B106M016ATE100,,ESR,Ω,691831.1875,0.04610540717840195
21,T520B106M016ATE100,,ESR,Ω,724436.1875,0.04616524651646614
21,T520B106M016ATE100,,ESR,Ω,758577.75,0.04622865095734596
21,T520B106M016ATE100,,ESR,Ω,794328.4375,0.04629552364349365
21,T520B106M016ATE100,,ESR,Ω,831763.9375,0.046365734189748764
21,T520B106M016ATE100,,ESR,Ω,870963.6875,0.04643913358449936
21,T520B106M016ATE100,,ESR,Ω,912010.9375,0.0465155653655529
21,T520B106M016ATE100,,ESR,Ω,954992.625,0.04659483581781387
21,T520B106M016ATE100,,ESR,Ω,1e+06,0.046676721423864365
21,T520B106M016ATE100,,ESR,Ω,1.0471285e+06,0.046760961413383484
21,T520B106M016ATE100,,ESR,Ω,1.096478125e+06,0.04684727266430855
21,T520B106M016ATE100,,ESR,Ω,1.1481535e+06,0.046935323625802994
21,T520B106M016ATE100,,ESR,Ω,1.20226425e+06,0.047024745494127274
21,T520B106M016ATE100,,ESR,Ω,1.258925125e+06,0.04711512476205826
21,T520B106M016ATE100,,ESR,Ω,1.318256375e+06,0.04720598831772804
21,T520B106M016ATE100,,ESR,Ω,1.380383875e+06,0.047296833246946335
21,T520B106M016ATE100,,ESR,Ω,1.44543925e+06,0.047387104481458664
21,T520B106M016ATE100,,ESR,Ω,1.513560625e+06,0.04747619107365608
21,T520B106M016ATE100,,ESR,Ω,1.5848925e+06,0.047563422471284866
21,T520B106M016ATE100,,ESR,Ω,1.659586125e+06,0.0476481132209301
21,T520B106M016ATE100,,ESR,Ω,1.737799875e+06,0.047729529440402985
21,T520B106M016ATE100,,ESR,Ω,1.819701875e+06,0.04780689626932144
21,T520B106M016ATE100,,ESR,Ω,1.905461625e+06,0.0478794164955616
21,T520B106M016ATE100,,ESR,Ω,1.99526325e+06,0.047946300357580185
21,T520B106M016ATE100,,ESR,Ω,2.089297e+06,0.04800679162144661
21,T520B106M016ATE100,,ESR,Ω,2.1877625e+06,0.04806014522910118
21,T520B106M016ATE100,,ESR,Ω,2.29086825e+06,0.04810565710067749
21,T520B106M016ATE100,,ESR,Ω,2.3988335e+06,0.04814278334379196
21,T520B106M016ATE100,,ESR,Ω,2.511887e+06,0.0481710284948349
21,T520B106M016ATE100,,ESR,Ω,2.6302685e+06,0.048190124332904816
21,T520B106M016ATE100,,ESR,Ω,2.754229e+06,0.04819994419813156
21,T520B106M016ATE100,,ESR,Ω,2.88403175e+06,0.04820062592625618
21,T520B106M016ATE100,,ESR,Ω,3.01995175e+06,0.048192549496889114
21,T520B106M016ATE100,,ESR,Ω,3.16227775e+06,0.04817638173699379
21,T520B106M016ATE100,,ESR,Ω,3.311311e+06,0.0481531135737896
21,T520B106M016ATE100,,ESR,Ω,3.46736825e+06,0.04812401160597801
21,T520B106M016ATE100,,ESR,Ω,3.63078e+06,0.04809069633483887
21,T520B106M016ATE100,,ESR,Ω,3.80189325e+06,0.04805499687790871
21,T520B106M016ATE100,,ESR,Ω,3.98107075e+06,0.04801908880472183
21,T520B106M016ATE100,,ESR,Ω,4.16869275e+06,0.04798528924584389
21,T520B106M016ATE100,,ESR,Ω,4.365157e+06,0.04795607924461365
21,T520B106M016ATE100,,ESR,Ω,4.5708805e+06,0.047934021800756454
21,T520B106M016ATE100,,ESR,Ω,4.786299e+06,0.04792168736457825
21,T520B106M016ATE100,,ESR,Ω,5.01187e+06,0.0479215644299984
21,T520B106M016ATE100,,ESR,Ω,5.248072e+06,0.04793603718280792
21,T520B106M016ATE100,,ESR,Ω,5.495406e+06,0.04796728119254112
21,T520B106M016ATE100,,ESR,Ω,5.7544025e+06,0.0480172261595726
21,T520B106M016ATE100,,ESR,Ω,6.025599e+06,0.048087578266859055
21,T520B106M016ATE100,,ESR,Ω,6.309576e+06,0.0481797456741333
21,T520B106M016ATE100,,ESR,Ω,6.606937e+06,0.04829488322138786
21,T520B106M016ATE100,,ESR,Ω,6.918312e+06,0.048433948308229446
21,T520B106M016ATE100,,ESR,Ω,7.244362e+06,0.04859768599271774
21,T520B106M016ATE100,,ESR,Ω,7.5857775e+06,0.0487867072224617
21,T520B106M016ATE100,,ESR,Ω,7.943284e+06,0.04900157451629639
21,T520B106M016ATE100,,ESR,Ω,8.317639e+06,0.04924284294247627
21,T520B106M016ATE100,,ESR,Ω,8.709637e+06,0.04951106384396553
21,T520B106M016ATE100,,ESR,Ω,9.120109e+06,0.04980691522359848
21,T520B106M016ATE100,,ESR,Ω,9.549926e+06,0.05013114959001541
21,T520B106M016ATE100,,ESR,Ω,1e+07,0.05048466846346855
21,T520B106M016ATE100,,ESR,Ω,1.0471285e+07,0.05086848512291908
21,T520B106M016ATE100,,ESR,Ω,1.0964781e+07,0.05128373205661774
21,T520B106M016ATE100,,ESR,Ω,1.1481535e+07,0.0517316572368145
21,T520B106M016ATE100,,ESR,Ω,1.2022642e+07,0.05221359059214592
21,T520B106M016ATE100,,ESR,Ω,1.2589251e+07,0.052730970084667206
21,T520B106M016ATE100,,ESR,Ω,1.3182564e+07,0.05328531190752983
21,T520B106M016ATE100,,ESR,Ω,1.3803838e+07,0.05387825518846512
21,T520B106M016ATE100,,ESR,Ω,1.4454393e+07,0.05451152101159096
21,T520B106M016ATE100,,ESR,Ω,1.5135607e+07,0.05518702417612076
21,T520B106M016ATE100,,ESR,Ω,1.5848925e+07,0.055906809866428375
21,T520B106M016ATE100,,ESR,Ω,1.6595861e+07,0.0566730834543705
21,T520B106M016ATE100,,ESR,Ω,1.7378e+07,0.05748821422457695
21,T520B106M016ATE100,,ESR,Ω,1.8197018e+07,0.05835474282503128
21,T520B106M016ATE100,,ESR,Ω,1.9054616e+07,0.0592753104865551
21,T520B106M016ATE100,,ESR,Ω,1.9952632e+07,0.06025266647338867
21,T520B106M016ATE100,,ESR,Ω,2.089297e+07,0.06128978356719017
21,T520B106M016ATE100,,ESR,Ω,2.1877624e+07,0.06238964945077896
21,T520B106M016ATE100,,ESR,Ω,2.2908684e+07,0.0635555312037468
21,T520B106M016ATE100,,ESR,Ω,2.3988336e+07,0.06479088962078094
21,T520B106M016ATE100,,ESR,Ω,2.511887e+07,0.06609957665205002
21,T520B106M016ATE100,,ESR,Ω,2.6302684e+07,0.06748583912849426
21,T520B106M016ATE100,,ESR,Ω,2.754229e+07,0.06895443052053452
21,T520B106M016ATE100,,ESR,Ω,2.8840318e+07,0.07051067799329758
21,T520B106M016ATE100,,ESR,Ω,3.0199518e+07,0.07216043025255203
21,T520B106M016ATE100,,ESR,Ω,3.1622776e+07,0.07391010969877243
21,T520B106M016ATE100,,ESR,Ω,3.311311e+07,0.07576651126146317
21,T520B106M016ATE100,,ESR,Ω,3.467368e+07,0.07773687690496445
21,T520B106M016ATE100,,ESR,Ω,3.63078e+07,0.07982855290174484
21,T520B106M016ATE100,,ESR,Ω,3.8018932e+07,0.08204903453588486
21,T520B106M016ATE100,,ESR,Ω,3.9810708e+07,0.08440576493740082
21,T520B106M016ATE100,,ESR,Ω,4.1686928e+07,0.08690604567527771
21,T520B106M016ATE100,,ESR,Ω,4.3651568e+07,0.08955705165863037
21,T520B106M016ATE100,,ESR,Ω,4.5708804e+07,0.0923658236861229
21,T520B106M016ATE100,,ESR,Ω,4.7862992e+07,0.09533919394016266
21,T520B106M016ATE100,,ESR,Ω,5.01187e+07,0.09848397225141525
21,T520B106M016ATE100,,ESR,Ω,5.248072e+07,0.1018068790435791
21,T520B106M016ATE100,,ESR,Ω,5.495406e+07,0.10531477630138397
21,T520B106M016ATE100,,ESR,Ω,5.7544024e+07,0.10901466757059097
21,T520B106M016ATE100,,ESR,Ω,6.0255988e+07,0.11291354149580002
21,T520B106M016ATE100,,ESR,Ω,6.3095764e+07,0.11701897531747818
21,T520B106M016ATE100,,ESR,Ω,6.6069372e+07,0.12133876234292984
21,T520B106M016ATE100,,ESR,Ω,6.918312e+07,0.1258811503648758
21,T520B106M016ATE100,,ESR,Ω,7.2443616e+07,0.13065482676029205
21,T520B106M016ATE100,,ESR,Ω,7.5857776e+07,0.13566900789737701
21,T520B106M016ATE100,,ESR,Ω,7.943284e+07,0.14093340933322906
21,T520B106M016ATE100,,ESR,Ω,8.3176392e+07,0.14645838737487793
21,T520B106M016ATE100,,ESR,Ω,8.7096368e+07,0.1522548943758011
21,T520B106M016ATE100,,ESR,Ω,9.1201088e+07,0.15833444893360138
21,T520B106M016ATE100,,ESR,Ω,9.5499264e+07,0.16470927000045776
21,T520B106M016ATE100,,ESR,Ω,1e+08,0.17139235138893127
21,T520B106M016ATE100,,ESR,Ω,1.04712968e+08,0.17839744687080383
21,T520B106M016ATE100,,ESR,Ω,1.09647808e+08,0.18573838472366333
21,T520B106M016ATE100,,ESR,Ω,1.14815472e+08,0.19343101978302002
21,T520B106M016ATE100,,ESR,Ω,1.20226424e+08,0.20149052143096924
21,T520B106M016ATE100,,ESR,Ω,1.25892648e+08,0.20993442833423615
21,T520B106M016ATE100,,ESR,Ω,1.3182564e+08,0.218779519200325
21,T520B106M016ATE100,,ESR,Ω,1.38038528e+08,0.22804510593414307
21,T520B106M016ATE100,,ESR,Ω,1.4454392e+08,0.23774971067905426
21,T520B106M016ATE100,,ESR,Ω,1.51356224e+08,0.2479146420955658
21,T520B106M016ATE100,,ESR,Ω,1.58489248e+08,0.25856027007102966
21,T520B106M016ATE100,,ESR,Ω,1.659588e+08,0.26971012353897095
21,T520B106M016ATE100,,ESR,Ω,1.73779984e+08,0.28138646483421326
21,T520B106M016ATE100,,ESR,Ω,1.81970176e+08,0.2936151921749115
21,T520B106M016ATE100,,ESR,Ω,1.90545952e+08,0.3064209222793579
21,T520B106M016ATE100,,ESR,Ω,1.9952632e+08,0.31983187794685364
21,T520B106M016ATE100,,ESR,Ω,2.08929472e+08,0.33387526869773865
21,T520B106M016ATE100,,ESR,Ω,2.1877624e+08,0.3485819399356842
21,T520B106M016ATE100,,ESR,Ω,2.29086592e+08,0.36398178339004517
21,T520B106M016ATE100,,ESR,Ω,2.3988336e+08,0.3801088333129883
21,T520B106M016ATE100,,ESR,Ω,2.51188416e+08,0.3969956636428833
21,T520B106M016ATE100,,ESR,Ω,2.63026848e+08,0.41467973589897156
21,T520B106M016ATE100,,ESR,Ω,2.75422592e+08,0.4331967532634735
21,T520B106M016ATE100,,ESR,Ω,2.88403168e+08,0.4525878429412842
21,T520B106M016ATE100,,ESR,Ω,3.01994848e+08,0.47289201617240906
21,T520B106M016ATE100,,ESR,Ω,3.16227776e+08,0.4941544234752655
21,T520B106M016ATE100,,ESR,Ω,3.31131456e+08,0.5164194107055664
21,T520B106M016ATE100,,ESR,Ω,3.46736832e+08,0.5397326350212097
21,T520B106M016ATE100,,ESR,Ω,3.630784e+08,0.5641459822654724
21,T520B106M016ATE100,,ESR,Ω,3.80189344e+08,0.5897087454795837
21,T520B106M016ATE100,,ESR,Ω,3.9810752e+08,0.6164776682853699
21,T520B106M016ATE100,,ESR,Ω,4.1686928e+08,0.644507110118866
21,T520B106M016ATE100,,ESR,Ω,4.36516192e+08,0.6738589406013489
21,T520B106M016ATE100,,ESR,Ω,4.57088032e+08,0.704592764377594
21,T520B106M016ATE100,,ESR,Ω,4.78630432e+08,0.73677659034729
21,T520B106M016ATE100,,ESR,Ω,5.01187008e+08,0.7704756259918213
21,T520B106M016ATE100,,ESR,Ω,5.24807776e+08,0.8057647347450256
21,T520B106M016ATE100,,ESR,Ω,5.49540608e+08,0.8427152633666992
21,T520B106M016ATE100,,ESR,Ω,5.75440256e+08,0.8814089894294739
21,T520B106M016ATE100,,ESR,Ω,6.02559232e+08,0.9219244122505188
21,T520B106M016ATE100,,ESR,Ω,6.30957632e+08,0.9643514156341553
21,T520B106M016ATE100,,ESR,Ω,6.60692992e+08,1.0087755918502808
21,T520B106M016ATE100,,ESR,Ω,6.91831232e+08,1.0552959442138672
21,T520B106M016ATE100,,ESR,Ω,7.24435392e+08,1.104006290435791
21,T520B106M016ATE100,,ESR,Ω,7.58577792e+08,1.1550147533416748
21,T520B106M016ATE100,,ESR,Ω,7.94327552e+08,1.208424687385559
21,T520B106M016ATE100,,ESR,Ω,8.31763904e+08,1.2643544673919678
21,T520B106M016ATE100,,ESR,Ω,8.70962752e+08,1.3229173421859741
21,T520B106M016ATE100,,ESR,Ω,9.12010944e+08,1.3842430114746094
21,T520B106M016ATE100,,ESR,Ω,9.54991552e+08,1.448455810546875
21,T520B106M016ATE100,,ESR,Ω,1e+09,1.5156980752944946
21,T520B106M016ATE100,,ESR,Ω,1.047129664e+09,1.5861096382141113
21,T520B106M016ATE100,,ESR,Ω,1.09647808e+09,1.659835934638977
21,T520B106M016ATE100,,ESR,Ω,1.148154752e+09,1.7370402812957764
21,T520B106M016ATE100,,ESR,Ω,1.202264192e+09,1.8178797960281372
21,T520B106M016ATE100,,ESR,Ω,1.258926464e+09,1.9025328159332275
21,T520B106M016ATE100,,ESR,Ω,1.318256384e+09,1.9911713600158691
21,T520B106M016ATE100,,ESR,Ω,1.380385408e+09,2.083991527557373
21,T520B106M016ATE100,,ESR,Ω,1.445439232e+09,2.1811819076538086
21,T520B106M016ATE100,,ESR,Ω,1.513562368e+09,2.282957077026367
21,T520B106M016ATE100,,ESR,Ω,1.584892544e+09,2.389523983001709
21,T520B106M016ATE100,,ESR,Ω,1.659587968e+09,2.5011179447174072
21,T520B106M016ATE100,,ESR,Ω,1.737799936e+09,2.6179661750793457
21,T520B106M016ATE100,,ESR,Ω,1.81970176e+09,2.7403268814086914
21,T520B106M016ATE100,,ESR,Ω,1.905459584e+09,2.868448257446289
21,T520B106M016ATE100,,ESR,Ω,1.995263232e+09,3.0026140213012695
21,T520B106M016ATE100,,ESR,Ω,2.08929472e+09,3.1430962085723877
21,T520B106M016ATE100,,ESR,Ω,2.187762432e+09,3.29020619392395
21,T520B106M016ATE100,,ESR,Ω,2.29086592e+09,3.444241523742676
21,T520B106M016ATE100,,ESR,Ω,2.398833664e+09,3.605544328689575
21,T520B106M016ATE100,,ESR,Ω,2.511884288e+09,3.7744405269622803
21,T520B106M016ATE100,,ESR,Ω,2.630268416e+09,3.9513051509857178
21,T520B106M016ATE100,,ESR,Ω,2.75422592e+09,4.136496543884277
21,T520B106M016ATE100,,ESR,Ω,2.884031744e+09,4.330424785614014
21,T520B106M016ATE100,,ESR,Ω,3.019948544e+09,4.533483028411865
21,T520B106M016ATE100,,ESR,Ω,3.162277632e+09,4.746119976043701
21,T520B106M016ATE100,,ESR,Ω,3.311314688e+09,4.968779563903809
21,T520B106M016ATE100,,ESR,Ω,3.467368192e+09,5.201920986175537
21,T520B106M016ATE100,,ESR,Ω,3.630784e+09,5.446062088012695
21,T520B106M016ATE100,,ESR,Ω,3.801893376e+09,5.701696395874023
21,T520B106M016ATE100,,ESR,Ω,3.9810752e+09,5.969390869140625
21,T520B106M016ATE100,,ESR,Ω,4.168692736e+09,6.249688148498535
21,T520B106M016ATE100,,ESR,Ω,4.365161984e+09,6.543209552764893
21,T520B106M016ATE100,,ESR,Ω,4.570880512e+09,6.85054874420166
21,T520B106M016ATE100,,ESR,Ω,4.786304512e+09,7.17238712310791
21,T520B106M016ATE100,,ESR,Ω,5.011870208e+09,7.509377479553223
21,T520B106M016ATE100,,ESR,Ω,5.248077824e+09,7.862266540527344
21,T520B106M016ATE100,,ESR,Ω,5.49540608e+09,8.231768608093262
21,T520B106M016ATE100,,ESR,Ω,5.754402304e+09,8.618701934814453
21,T520B106M016ATE100,,ESR,Ω,6.02559232e+09,9.023852348327637
21,T520B106M016ATE100,,ESR,Ω,6.309576192e+09,9.44811725616455
21,T520B106M016ATE100,,ESR,Ω,6.60692992e+09,9.892354965209961
21,T520B106M016ATE100,,ESR,Ω,6.918311936e+09,10.357551574707031
21,T520B106M016ATE100,,ESR,Ω,7.244354048e+09,10.844647407531738
21,T520B106M016ATE100,,ESR,Ω,7.585777664e+09,11.354722023010254
21,T520B106M016ATE100,,ESR,Ω,7.94327552e+09,11.888812065124512
21,T520B106M016ATE100,,ESR,Ω,8.317639168e+09,12.448097229003906
21,T520B106M016ATE100,,ESR,Ω,8.709627904e+09,13.033712387084961
21,T520B106M016ATE100,,ESR,Ω,9.120109568e+09,13.646957397460938
21,T520B106M016ATE100,,ESR,Ω,9.54991616e+09,14.289071083068848
21,T520B106M016ATE100,,ESR,Ω,1e+10,14.96147632598877
